node_1,node_2
0,1
3,0
1,4
5,3
4,8
9,5
8,14
15,9
14,21
22,15
21,30
31,22
30,40
41,31
52,41
40,53
53,66
67,52
81,67
66,82
98,81
82,99
99,116
117,98
116,136
138,117
136,157
160,138
157,180
184,160
180,204
204,205
210,184
205,231
231,232
239,210
232,260
260,261
270,239
261,292
292,293
293,294
305,270
294,327
341,305
327,364
364,365
380,341
365,403
403,404
421,380
404,445
464,421
445,488
488,489
509,464
489,534
534,535
557,509
535,582
582,583
607,557
583,633
633,634
660,607
634,686
686,687
715,660
687,742
742,743
773,715
743,801
801,802
834,773
802,862
862,863
897,834
863,926
926,927
963,897
927,992
1030,963
992,1060
1060,1061
1100,1030
1061,1130
1130,1131
1171,1100
1131,1203
1203,1204
1246,1171
1204,1278
1278,1279
1322,1246
1279,1356
1356,1357
1402,1322
1357,1436
1436,1437
1484,1402
1437,1519
1519,1520
1568,1484
1520,1604
1604,1605
1655,1568
1605,1692
1692,1693
1745,1655
1782,1745
1693,1783
1783,1784
1875,1782
1877,1875
1784,1878
1972,1877
1974,1972
1878,1975
1975,1976
2074,1974
2076,2074
1976,2077
2077,2078
2179,2076
2181,2179
2078,2182
2182,2183
2287,2181
2289,2287
2183,2292
2398,2289
2292,2402
2507,2398
2510,2507
2402,2513
2620,2510
2622,2620
2513,2625
2731,2622
2733,2731
2625,2736
2844,2733
2846,2844
2736,2849
2958,2846
2960,2958
2849,2963
3071,2960
3073,3071
2963,3076
3184,3073
3186,3184
3076,3189
3299,3186
3301,3299
3189,3304
3413,3301
3415,3413
3304,3418
3529,3415
3531,3529
3418,3534
3645,3531
3534,3649
3759,3645
3762,3759
3649,3765
3875,3762
3877,3875
3765,3880
3992,3877
3994,3992
3880,3997
4109,3994
4111,4109
3997,4114
4227,4111
4229,4227
4114,4232
4346,4229
4348,4346
4232,4351
4466,4348
4468,4466
4351,4471
4587,4468
4589,4587
4471,4592
4709,4589
4711,4709
4592,4714
4833,4711
4714,4836
4955,4833
4956,4955
4836,4959
5078,4956
5080,5078
4959,5083
5203,5080
5205,5203
5083,5208
5330,5205
5331,5330
5208,5334
5457,5331
5334,5460
5581,5457
5460,5584
5703,5581
5584,5706
5823,5703
5706,5826
5941,5823
5826,5944
6057,5941
5944,6060
6172,6057
6060,6175
6284,6172
6175,6287
6394,6284
6287,6397
6502,6394
6397,6505
6608,6502
6505,6611
6713,6608
6611,6716
6815,6713
6716,6818
6915,6815
6818,6918
7013,6915
6918,7016
7109,7013
7016,7112
7203,7109
7112,7206
7296,7203
7206,7299
7387,7296
7299,7390
7477,7387
7390,7480
7565,7477
7480,7568
7652,7565
7568,7655
7737,7652
7655,7740
7821,7737
7740,7824
7903,7821
7824,7906
7984,7903
7906,7987
8063,7984
7987,8066
8141,8063
8066,8144
8217,8141
8144,8220
8291,8217
8220,8294
8365,8291
8294,8368
8437,8365
8368,8440
8507,8437
8440,8510
8575,8507
8510,8578
8642,8575
8578,8645
8707,8642
8645,8710
8771,8707
8710,8774
8833,8771
8774,8836
8894,8833
8836,8897
8953,8894
8897,8956
9011,8953
8956,9014
9067,9011
9014,9070
9122,9067
9070,9125
9175,9122
9125,9178
9227,9175
9178,9230
9277,9227
9230,9280
9326,9277
9280,9329
9373,9326
9329,9376
9419,9373
9376,9422
9463,9419
9422,9466
9505,9463
9466,9508
9546,9505
9508,9549
9585,9546
9549,9588
9623,9585
9588,9626
9659,9623
9626,9662
9694,9659
9662,9697
9727,9694
9697,9730
9759,9727
9730,9762
9789,9759
9762,9792
9818,9789
9792,9821
9845,9818
9821,9848
9871,9845
9848,9874
9895,9871
9874,9898
9918,9895
9898,9921
9939,9918
9921,9942
9959,9939
9942,9962
9977,9959
9962,9980
9994,9977
9980,9997
10009,9994
9997,10012
10023,10009
10012,10026
10035,10023
10026,10038
10045,10035
10038,10048
10054,10045
10048,10057
10061,10054
10057,10064
10067,10061
10064,10069
10071,10067
10069,10073
10074,10071
10073,10075
10075,10074
0,1
3,0
1,4
7,3
4,8
13,7
8,14
20,13
14,21
29,20
21,30
39,29
30,40
51,39
40,52
65,51
52,66
80,65
66,81
97,80
81,98
115,97
98,116
135,115
116,136
156,135
136,157
179,156
157,180
203,179
180,204
204,205
230,203
205,231
231,232
259,230
232,260
260,261
291,259
261,292
292,293
325,291
293,326
326,327
362,325
327,363
363,364
401,362
364,402
402,403
443,401
403,444
444,445
487,443
445,488
533,487
488,534
534,535
581,533
535,582
582,583
632,581
583,633
633,634
686,632
634,687
687,688
742,686
688,743
743,744
801,742
744,802
802,803
862,801
803,863
863,864
926,862
864,927
927,928
992,926
928,993
993,994
1061,992
994,1062
1131,1061
1062,1132
1132,1133
1204,1131
1133,1205
1205,1206
1279,1204
1206,1280
1280,1281
1357,1279
1281,1358
1358,1359
1437,1357
1359,1438
1438,1439
1520,1437
1439,1521
1521,1522
1605,1520
1522,1606
1606,1607
1693,1605
1607,1694
1694,1695
1783,1693
1695,1784
1784,1785
1876,1783
1785,1877
1970,1876
1877,1971
1971,1972
2067,1970
1972,2068
2068,2069
2167,2067
2069,2168
2168,2169
2269,2167
2169,2272
2374,2269
2272,2377
2478,2374
2377,2481
2581,2478
2481,2584
2683,2581
2584,2686
2785,2683
2686,2788
2887,2785
2788,2890
2988,2887
2890,2991
3088,2988
2991,3091
3188,3088
3091,3191
3288,3188
3191,3291
3388,3288
3291,3391
3486,3388
3391,3489
3584,3486
3489,3587
3681,3584
3587,3684
3778,3681
3684,3781
3874,3778
3781,3877
3970,3874
3877,3973
4066,3970
3973,4069
4162,4066
4069,4165
4258,4162
4165,4261
4354,4258
4261,4357
4450,4354
4357,4453
4546,4450
4453,4549
4642,4546
4549,4645
4738,4642
4645,4741
4834,4738
4741,4837
4930,4834
4837,4933
5026,4930
4933,5029
5122,5026
5029,5125
5218,5122
5125,5221
5314,5218
5221,5317
5410,5314
5317,5413
5506,5410
5413,5509
5602,5506
5509,5605
5698,5602
5605,5701
5794,5698
5701,5797
5890,5794
5797,5893
5986,5890
5893,5989
6082,5986
5989,6085
6178,6082
6085,6181
6274,6178
6181,6277
6370,6274
6277,6373
6466,6370
6373,6469
6562,6466
6469,6565
6658,6562
6565,6661
6754,6658
6661,6757
6850,6754
6757,6853
6946,6850
6853,6949
7042,6946
6949,7045
7138,7042
7045,7141
7234,7138
7141,7237
7330,7234
7237,7333
7426,7330
7333,7429
7522,7426
7429,7525
7618,7522
7525,7621
7714,7618
7621,7717
7810,7714
7717,7813
7906,7810
7813,7909
8002,7906
7909,8005
8098,8002
8005,8101
8194,8098
8101,8197
8290,8194
8197,8293
8386,8290
8293,8389
8482,8386
8389,8485
8578,8482
8485,8581
8674,8578
8581,8677
8770,8674
8677,8773
8866,8770
8773,8869
8962,8866
8869,8965
9058,8962
8965,9061
9154,9058
9061,9157
9250,9154
9157,9253
9346,9250
9253,9349
9442,9346
9349,9445
9538,9442
9445,9541
9634,9538
9541,9637
9730,9634
9637,9733
9826,9730
9733,9829
9922,9826
9829,9925
10018,9922
9925,10021
10114,10018
10021,10117
10210,10114
10117,10213
10306,10210
10213,10309
10402,10306
10309,10405
10498,10402
10405,10501
10594,10498
10501,10597
10690,10594
10597,10693
10786,10690
10693,10789
10882,10786
10789,10885
10978,10882
10885,10981
11074,10978
10981,11077
11170,11074
11077,11173
11266,11170
11173,11269
11362,11266
11269,11365
11458,11362
11365,11461
11554,11458
11461,11557
11650,11554
11557,11653
11746,11650
11653,11749
11842,11746
11749,11845
11938,11842
11845,11941
12034,11938
11941,12037
12130,12034
12037,12133
12226,12130
12133,12229
12322,12226
12229,12325
12418,12322
12325,12421
12514,12418
12421,12517
12610,12514
12517,12613
12706,12610
12613,12709
12802,12706
12709,12805
12898,12802
12805,12901
12994,12898
12901,12997
13090,12994
12997,13093
13186,13090
13093,13189
13282,13186
13189,13285
13378,13282
13285,13381
13474,13378
13381,13477
13570,13474
13477,13573
13666,13570
13573,13669
13762,13666
13669,13765
13858,13762
13765,13861
13954,13858
13861,13957
14050,13954
13957,14053
14146,14050
14053,14149
14242,14146
14149,14245
14338,14242
14245,14341
14434,14338
14341,14437
14530,14434
14437,14533
14626,14530
14533,14629
14722,14626
14629,14725
14818,14722
14725,14821
14914,14818
14821,14917
15010,14914
14917,15013
15106,15010
15013,15109
15202,15106
15109,15205
15298,15202
15205,15301
15394,15298
15301,15397
15490,15394
15397,15493
15586,15490
15493,15589
15682,15586
15589,15685
15778,15682
15685,15781
15874,15778
15781,15877
15970,15874
15877,15973
16066,15970
15973,16069
16162,16066
16069,16165
16258,16162
16165,16261
16354,16258
16261,16357
16450,16354
16357,16453
16546,16450
16453,16549
16642,16546
16549,16645
16738,16642
16645,16741
16834,16738
16741,16837
16930,16834
16837,16933
17026,16930
16933,17029
17122,17026
17029,17125
17218,17122
17125,17221
17314,17218
17221,17317
17410,17314
17317,17413
17506,17410
17413,17509
17602,17506
17509,17605
17698,17602
17605,17701
17794,17698
17701,17797
17890,17794
17797,17893
17986,17890
17893,17989
18082,17986
17989,18085
18178,18082
18085,18181
18274,18178
18181,18277
18370,18274
18277,18373
18466,18370
18373,18469
18562,18466
18469,18565
18658,18562
18565,18661
18754,18658
18661,18757
18850,18754
18757,18853
18946,18850
18853,18949
19042,18946
18949,19045
19138,19042
19045,19141
19234,19138
19141,19237
19330,19234
19237,19333
19426,19330
19333,19429
19522,19426
19429,19525
19618,19522
19525,19621
19714,19618
19621,19717
19810,19714
19717,19813
19906,19810
19813,19909
20002,19906
19909,20005
20098,20002
20005,20101
20194,20098
20101,20197
20290,20194
20197,20293
20386,20290
20293,20389
20482,20386
20389,20485
20578,20482
20485,20581
20674,20578
20581,20677
20770,20674
20677,20773
20866,20770
20773,20869
20962,20866
20869,20965
21058,20962
20965,21061
21154,21058
21061,21157
21250,21154
21157,21253
21346,21250
21253,21349
21442,21346
21349,21445
21538,21442
21445,21541
21634,21538
21541,21637
21730,21634
21637,21733
21826,21730
21733,21829
21922,21826
21829,21925
22018,21922
21925,22021
22114,22018
22021,22117
22210,22114
22117,22213
22306,22210
22213,22309
22402,22306
22309,22405
22498,22402
22405,22501
22594,22498
22501,22597
22690,22594
22597,22693
22786,22690
22693,22789
22882,22786
22789,22885
22978,22882
22885,22981
23074,22978
22981,23077
23170,23074
23077,23173
23266,23170
23173,23269
23362,23266
23269,23365
23458,23362
23365,23461
23554,23458
23461,23557
23650,23554
23557,23653
23746,23650
23653,23749
23842,23746
23749,23845
23938,23842
23845,23941
24034,23938
23941,24037
24130,24034
24037,24133
24226,24130
24133,24229
24322,24226
24229,24325
24418,24322
24325,24421
24514,24418
24421,24517
24610,24514
24517,24613
24706,24610
24613,24709
24802,24706
24709,24805
24898,24802
24805,24901
24994,24898
24901,24997
25090,24994
24997,25093
25186,25090
25093,25189
25282,25186
25189,25285
25378,25282
25285,25381
25474,25378
25381,25477
25570,25474
25477,25573
25666,25570
25573,25669
25762,25666
25669,25765
25858,25762
25765,25861
25954,25858
25861,25957
26050,25954
25957,26053
26146,26050
26053,26149
26242,26146
26149,26245
26338,26242
26245,26341
26434,26338
26341,26437
26530,26434
26437,26533
26626,26530
26533,26629
26722,26626
26629,26725
26818,26722
26725,26821
26914,26818
26821,26917
27010,26914
26917,27013
27106,27010
27013,27109
27202,27106
27109,27205
27298,27202
27205,27301
27394,27298
27301,27397
27490,27394
27397,27493
27586,27490
27493,27589
27682,27586
27589,27685
27778,27682
27685,27781
27874,27778
27781,27877
27970,27874
27877,27973
28066,27970
27973,28069
28162,28066
28069,28165
28258,28162
28165,28261
28354,28258
28261,28357
28450,28354
28357,28453
28546,28450
28453,28549
28642,28546
28549,28645
28738,28642
28645,28741
28834,28738
28741,28837
28930,28834
28837,28933
29026,28930
28933,29029
29122,29026
29029,29125
29218,29122
29125,29221
29314,29218
29221,29317
29410,29314
29317,29413
29506,29410
29413,29509
29602,29506
29509,29605
29698,29602
29605,29701
29794,29698
29701,29797
29890,29794
29797,29893
29986,29890
29893,29989
30082,29986
29989,30085
30178,30082
30085,30181
30274,30178
30181,30277
30370,30274
30277,30373
30466,30370
30373,30469
30562,30466
30469,30565
30658,30562
30565,30661
30754,30658
30661,30757
30850,30754
30757,30853
30946,30850
30853,30949
31042,30946
30949,31045
31138,31042
31045,31141
31234,31138
31141,31237
31330,31234
31237,31333
31426,31330
31333,31429
31522,31426
31429,31525
31618,31522
31525,31621
31714,31618
31621,31717
31810,31714
31717,31813
31906,31810
31813,31909
32002,31906
31909,32005
32098,32002
32005,32101
32194,32098
32101,32197
32290,32194
32197,32293
32386,32290
32293,32389
32482,32386
32389,32485
32578,32482
32485,32581
32674,32578
32581,32677
32770,32674
32677,32773
32866,32770
32773,32869
32962,32866
32869,32965
33058,32962
32965,33061
33154,33058
33061,33157
33250,33154
33157,33253
33346,33250
33253,33349
33442,33346
33349,33445
33538,33442
33445,33541
33634,33538
33541,33637
33730,33634
33637,33733
33826,33730
33733,33829
33922,33826
33829,33925
34018,33922
33925,34021
34114,34018
34021,34117
34210,34114
34117,34213
34306,34210
34213,34309
34402,34306
34309,34405
34498,34402
34405,34501
34594,34498
34501,34597
34690,34594
34597,34693
34786,34690
34693,34789
34882,34786
34789,34885
34978,34882
34885,34981
35074,34978
34981,35077
35170,35074
35077,35173
35266,35170
35173,35269
35362,35266
35269,35365
35458,35362
35365,35461
35554,35458
35461,35557
35650,35554
35557,35653
35746,35650
35653,35749
35842,35746
35749,35845
35938,35842
35845,35941
36034,35938
35941,36037
36130,36034
36037,36133
36226,36130
36133,36229
36322,36226
36229,36325
36418,36322
36325,36421
36514,36418
36421,36517
36610,36514
36517,36613
36706,36610
36613,36709
36802,36706
36709,36805
36898,36802
36805,36901
36994,36898
36901,36997
37090,36994
36997,37093
37186,37090
37093,37189
37282,37186
37189,37285
37378,37282
37285,37381
37474,37378
37381,37477
37570,37474
37477,37573
37666,37570
37573,37669
37762,37666
37669,37765
37858,37762
37765,37861
37954,37858
37861,37957
38050,37954
37957,38053
38146,38050
38053,38149
38242,38146
38149,38245
38338,38242
38245,38341
38434,38338
38341,38437
38530,38434
38437,38533
38626,38530
38533,38629
38722,38626
38629,38725
38818,38722
38725,38821
38914,38818
38821,38917
39010,38914
38917,39013
39106,39010
39013,39109
39202,39106
39109,39205
39298,39202
39205,39301
39394,39298
39301,39397
39490,39394
39397,39493
39586,39490
39493,39589
39682,39586
39589,39685
39778,39682
39685,39781
39874,39778
39781,39877
39970,39874
39877,39973
40066,39970
39973,40069
40162,40066
40069,40165
40253,40162
40165,40261
40349,40253
40261,40357
40445,40349
40357,40453
40541,40445
40453,40549
40637,40541
40549,40645
40733,40637
40645,40741
40829,40733
40741,40837
40925,40829
40837,40933
41021,40925
40933,41029
41115,41021
41029,41125
41211,41115
41125,41221
41307,41211
41221,41317
41403,41307
41317,41413
41488,41403
41413,41509
41584,41488
41509,41605
41680,41584
41605,41701
41776,41680
41701,41797
41872,41776
41797,41893
41968,41872
41893,41989
42064,41968
41989,42085
42160,42064
42085,42181
42256,42160
42181,42277
42352,42256
42277,42373
42448,42352
42373,42469
42544,42448
42469,42565
42640,42544
42565,42661
42736,42640
42661,42757
42832,42736
42757,42853
42928,42832
42853,42949
43024,42928
42949,43045
43120,43024
43045,43141
43216,43120
43141,43237
43312,43216
43237,43333
43408,43312
43333,43429
43504,43408
43429,43525
43600,43504
43525,43621
43696,43600
43621,43717
43792,43696
43717,43813
43888,43792
43813,43909
43984,43888
43909,44005
44080,43984
44005,44101
44176,44080
44101,44197
44272,44176
44197,44293
44368,44272
44293,44389
44464,44368
44389,44485
44560,44464
44485,44581
44656,44560
44581,44677
44752,44656
44677,44773
44848,44752
44773,44869
44944,44848
44869,44965
45037,44944
44965,45061
45133,45037
45061,45157
45229,45133
45157,45253
45325,45229
45253,45349
45421,45325
45349,45445
45517,45421
45445,45541
45613,45517
45541,45637
45709,45613
45637,45733
45805,45709
45733,45829
45901,45805
45829,45925
45997,45901
45925,46021
46093,45997
46021,46117
46189,46093
46117,46213
46285,46189
46213,46309
46381,46285
46309,46405
46477,46381
46405,46501
46573,46477
46501,46597
46669,46573
46597,46693
46763,46669
46693,46789
46859,46763
46789,46885
46955,46859
46885,46981
47051,46955
46981,47077
47147,47051
47077,47173
47243,47147
47173,47269
47339,47243
47269,47365
47435,47339
47365,47461
47529,47435
47461,47557
47625,47529
47557,47653
47721,47625
47653,47749
47817,47721
47749,47845
47913,47817
47845,47941
48009,47913
47941,48037
48097,48009
48037,48133
48193,48097
48133,48229
48289,48193
48229,48325
48385,48289
48325,48421
48481,48385
48421,48517
48577,48481
48517,48613
48673,48577
48613,48709
48769,48673
48709,48805
48865,48769
48805,48901
48961,48865
48901,48997
49057,48961
48997,49093
49153,49057
49093,49189
49249,49153
49189,49285
49345,49249
49285,49381
49441,49345
49381,49477
49537,49441
49477,49573
49633,49537
49573,49669
49729,49633
49669,49765
49823,49729
49765,49861
49919,49823
49861,49957
50015,49919
49957,50053
50111,50015
50053,50149
50207,50111
50149,50245
50303,50207
50245,50341
50399,50303
50341,50437
50495,50399
50437,50533
50591,50495
50533,50629
50687,50591
50629,50725
50783,50687
50725,50821
50879,50783
50821,50917
50975,50879
50917,51013
51071,50975
51107,51071
51013,51110
51203,51107
51205,51203
51110,51208
51302,51205
51304,51302
51208,51307
51402,51304
51404,51402
51307,51407
51503,51404
51505,51503
51407,51508
51605,51505
51607,51605
51508,51610
51708,51607
51710,51708
51610,51713
51812,51710
51814,51812
51713,51817
51917,51814
51817,51921
52020,51917
52023,52020
51921,52026
52127,52023
52129,52127
52026,52132
52234,52129
52236,52234
52132,52239
52342,52236
52344,52342
52239,52347
52451,52344
52453,52451
52347,52456
52561,52453
52563,52561
52456,52566
52672,52563
52674,52672
52566,52677
52784,52674
52786,52784
52677,52789
52897,52786
52789,52901
53008,52897
53011,53008
52901,53014
53123,53011
53125,53123
53014,53128
53238,53125
53240,53238
53128,53243
53354,53240
53356,53354
53243,53359
53471,53356
53473,53471
53359,53476
53589,53473
53591,53589
53476,53594
53708,53591
53710,53708
53594,53713
53828,53710
53830,53828
53713,53833
53949,53830
53951,53949
53833,53954
54071,53951
54073,54071
53954,54076
54195,54073
54076,54198
54317,54195
54318,54317
54198,54321
54441,54318
54442,54441
54321,54445
54566,54442
54567,54566
54445,54570
54692,54567
54570,54695
54815,54692
54695,54818
54936,54815
54818,54939
55055,54936
54939,55058
55172,55055
55058,55175
55287,55172
55175,55290
55401,55287
55290,55404
55512,55401
55404,55515
55621,55512
55515,55624
55728,55621
55624,55731
55833,55728
55731,55836
55936,55833
55836,55939
56037,55936
55939,56040
56136,56037
56040,56139
56233,56136
56139,56236
56329,56233
56236,56332
56423,56329
56332,56426
56516,56423
56426,56519
56607,56516
56519,56610
56697,56607
56610,56700
56785,56697
56700,56788
56872,56785
56788,56875
56957,56872
56875,56960
57041,56957
56960,57044
57123,57041
57044,57126
57204,57123
57126,57207
57283,57204
57207,57286
57361,57283
57286,57364
57437,57361
57364,57440
57512,57437
57440,57515
57585,57512
57515,57588
57657,57585
57588,57660
57727,57657
57660,57730
57795,57727
57730,57798
57862,57795
57798,57865
57927,57862
57865,57930
57991,57927
57930,57994
58053,57991
57994,58056
58114,58053
58056,58117
58173,58114
58117,58176
58231,58173
58176,58234
58287,58231
58234,58290
58342,58287
58290,58345
58395,58342
58345,58398
58447,58395
58398,58450
58497,58447
58450,58500
58546,58497
58500,58549
58593,58546
58549,58596
58639,58593
58596,58642
58684,58639
58642,58687
58726,58684
58687,58729
58767,58726
58729,58770
58806,58767
58770,58809
58844,58806
58809,58847
58880,58844
58847,58883
58915,58880
58883,58918
58948,58915
58918,58951
58980,58948
58951,58983
59010,58980
58983,59013
59039,59010
59013,59042
59066,59039
59042,59069
59092,59066
59069,59095
59116,59092
59095,59119
59139,59116
59119,59142
59160,59139
59142,59163
59180,59160
59163,59183
59198,59180
59183,59201
59215,59198
59201,59218
59230,59215
59218,59233
59244,59230
59233,59247
59256,59244
59247,59259
59266,59256
59259,59269
59275,59266
59269,59278
59282,59275
59278,59285
59288,59282
59285,59290
59292,59288
59290,59294
59295,59292
59294,59296
59296,59295
0,1
3,0
1,4
7,3
4,8
13,7
8,14
20,13
14,21
29,20
21,30
39,29
30,40
51,39
40,52
65,51
52,66
80,65
66,81
97,80
81,98
115,97
98,116
135,115
116,136
156,135
136,157
179,156
157,180
203,179
180,204
204,205
230,203
205,231
231,232
259,230
232,260
260,261
291,259
261,292
292,293
325,291
293,326
326,327
362,325
327,363
400,362
363,401
401,402
402,403
442,400
403,443
443,444
486,442
444,487
532,486
487,533
533,534
580,532
534,581
581,582
631,580
582,632
632,633
685,631
633,686
686,687
741,685
687,742
742,743
800,741
743,801
801,802
861,800
802,862
862,863
925,861
863,926
926,927
991,925
927,992
992,993
1060,991
993,1061
1130,1060
1061,1131
1131,1132
1203,1130
1132,1204
1204,1205
1278,1203
1205,1279
1279,1280
1356,1278
1280,1357
1357,1358
1436,1356
1358,1437
1437,1438
1519,1436
1438,1520
1520,1521
1604,1519
1521,1605
1691,1604
1605,1692
1692,1693
1693,1694
1781,1691
1694,1782
1782,1783
1874,1781
1783,1875
1968,1874
1875,1969
1969,1970
2065,1968
1970,2066
2066,2067
2165,2065
2067,2166
2166,2167
2267,2165
2167,2270
2372,2267
2270,2375
2476,2372
2375,2479
2580,2476
2479,2583
2682,2580
2583,2685
2780,2682
2685,2787
2882,2780
2787,2889
2983,2882
2889,2990
3083,2983
2990,3090
3181,3083
3090,3190
3281,3181
3190,3290
3381,3281
3290,3390
3480,3381
3390,3489
3578,3480
3489,3587
3675,3578
3587,3684
3772,3675
3684,3781
3867,3772
3781,3877
3961,3867
3877,3973
4057,3961
3973,4069
4152,4057
4069,4165
4248,4152
4165,4261
4343,4248
4261,4357
4439,4343
4357,4453
4535,4439
4453,4549
4631,4535
4549,4645
4727,4631
4645,4741
4818,4727
4741,4837
4913,4818
4837,4933
5009,4913
4933,5029
5105,5009
5029,5125
5197,5105
5125,5221
5293,5197
5221,5317
5389,5293
5317,5413
5485,5389
5413,5509
5581,5485
5509,5605
5677,5581
5605,5701
5764,5677
5701,5797
5860,5764
5797,5893
5956,5860
5893,5989
6052,5956
5989,6085
6148,6052
6085,6181
6244,6148
6181,6277
6340,6244
6277,6373
6431,6340
6373,6469
6525,6431
6469,6565
6621,6525
6565,6661
6716,6621
6755,6716
6661,6758
6851,6755
6853,6851
6758,6856
6950,6853
6952,6950
6856,6955
7050,6952
7052,7050
6955,7055
7151,7052
7153,7151
7055,7156
7253,7153
7255,7253
7156,7258
7356,7255
7358,7356
7258,7361
7460,7358
7462,7460
7361,7465
7565,7462
7465,7569
7668,7565
7671,7668
7569,7674
7775,7671
7777,7775
7674,7780
7882,7777
7884,7882
7780,7887
7990,7884
7992,7990
7887,7995
8099,7992
8101,8099
7995,8104
8209,8101
8211,8209
8104,8214
8320,8211
8322,8320
8214,8325
8432,8322
8434,8432
8325,8437
8545,8434
8437,8549
8656,8545
8659,8656
8549,8662
8771,8659
8773,8771
8662,8776
8886,8773
8888,8886
8776,8891
9002,8888
9004,9002
8891,9007
9119,9004
9121,9119
9007,9124
9237,9121
9239,9237
9124,9242
9356,9239
9358,9356
9242,9361
9476,9358
9478,9476
9361,9481
9597,9478
9599,9597
9481,9602
9719,9599
9721,9719
9602,9724
9842,9721
9724,9846
9963,9842
9966,9963
9846,9969
10089,9966
10090,10089
9969,10093
10214,10090
10215,10214
10093,10218
10340,10215
10218,10343
10463,10340
10343,10466
10584,10463
10466,10587
10703,10584
10587,10706
10820,10703
10706,10823
10935,10820
10823,10938
11049,10935
10938,11052
11160,11049
11052,11163
11269,11160
11163,11272
11376,11269
11272,11379
11481,11376
11379,11484
11584,11481
11484,11587
11685,11584
11587,11688
11784,11685
11688,11787
11881,11784
11787,11884
11977,11881
11884,11980
12071,11977
11980,12074
12164,12071
12074,12167
12255,12164
12167,12258
12345,12255
12258,12348
12433,12345
12348,12436
12520,12433
12436,12523
12605,12520
12523,12608
12689,12605
12608,12692
12771,12689
12692,12774
12852,12771
12774,12855
12931,12852
12855,12934
13009,12931
12934,13012
13085,13009
13012,13088
13160,13085
13088,13163
13233,13160
13163,13236
13305,13233
13236,13308
13375,13305
13308,13378
13443,13375
13378,13446
13510,13443
13446,13513
13575,13510
13513,13578
13639,13575
13578,13642
13701,13639
13642,13704
13762,13701
13704,13765
13821,13762
13765,13824
13879,13821
13824,13882
13935,13879
13882,13938
13990,13935
13938,13993
14043,13990
13993,14046
14095,14043
14046,14098
14145,14095
14098,14148
14194,14145
14148,14197
14241,14194
14197,14244
14287,14241
14244,14290
14332,14287
14290,14335
14374,14332
14335,14377
14415,14374
14377,14418
14454,14415
14418,14457
14492,14454
14457,14495
14528,14492
14495,14531
14563,14528
14531,14566
14596,14563
14566,14599
14628,14596
14599,14631
14658,14628
14631,14661
14687,14658
14661,14690
14714,14687
14690,14717
14740,14714
14717,14743
14764,14740
14743,14767
14787,14764
14767,14790
14808,14787
14790,14811
14828,14808
14811,14831
14846,14828
14831,14849
14863,14846
14849,14866
14878,14863
14866,14881
14892,14878
14881,14895
14904,14892
14895,14907
14914,14904
14907,14917
14923,14914
14917,14926
14930,14923
14926,14933
14936,14930
14933,14938
14940,14936
14938,14942
14943,14940
14942,14944
14944,14943
0,1
3,0
1,4
5,3
4,8
9,5
8,14
15,9
14,21
22,15
21,30
31,22
30,40
41,31
40,52
53,41
52,66
67,53
66,81
82,67
81,98
99,82
98,116
117,99
116,136
137,117
136,157
158,137
157,180
182,158
180,204
204,205
207,182
231,207
205,232
232,233
260,231
262,260
233,263
263,264
295,262
297,295
264,298
298,299
333,297
335,333
299,336
336,337
375,335
377,375
337,378
419,377
421,419
378,422
422,423
423,424
468,421
470,468
424,471
471,472
520,470
522,520
472,523
575,522
523,577
577,578
630,575
633,630
578,634
634,635
692,633
694,692
635,695
695,696
757,694
759,757
696,760
760,761
825,759
827,825
761,828
828,829
897,827
899,897
829,900
900,901
972,899
974,972
901,975
975,976
1051,974
1053,1051
976,1054
1054,1055
1133,1053
1135,1133
1055,1136
1136,1137
1219,1135
1137,1221
1304,1219
1307,1304
1221,1308
1308,1309
1396,1307
1398,1396
1309,1399
1399,1400
1490,1398
1492,1490
1400,1493
1493,1494
1588,1492
1590,1588
1494,1591
1591,1592
1689,1590
1691,1689
1592,1692
1692,1693
1794,1691
1796,1794
1693,1797
1797,1798
1902,1796
1904,1902
1798,1905
2013,1904
2015,2013
1905,2016
2016,2017
2017,2018
2128,2015
2130,2128
2018,2131
2131,2132
2247,2130
2249,2247
2132,2250
2368,2249
2250,2370
2370,2371
2490,2368
2493,2490
2371,2494
2494,2495
2619,2493
2621,2619
2495,2622
2622,2623
2751,2621
2752,2751
2623,2755
2886,2752
2755,2889
3017,2886
2889,3020
3146,3017
3020,3149
3271,3146
3149,3274
3394,3271
3274,3397
3515,3394
3397,3518
3634,3515
3518,3637
3749,3634
3637,3752
3862,3749
3752,3865
3973,3862
3865,3976
4082,3973
3976,4085
4188,4082
4085,4191
4291,4188
4191,4294
4391,4291
4294,4394
4489,4391
4394,4492
4585,4489
4492,4588
4679,4585
4588,4682
4772,4679
4682,4775
4863,4772
4775,4866
4953,4863
4866,4956
5041,4953
4956,5044
5128,5041
5044,5131
5213,5128
5131,5216
5297,5213
5216,5300
5379,5297
5300,5382
5460,5379
5382,5463
5539,5460
5463,5542
5617,5539
5542,5620
5693,5617
5620,5696
5768,5693
5696,5771
5841,5768
5771,5844
5913,5841
5844,5916
5983,5913
5916,5986
6051,5983
5986,6054
6118,6051
6054,6121
6183,6118
6121,6186
6247,6183
6186,6250
6309,6247
6250,6312
6370,6309
6312,6373
6429,6370
6373,6432
6487,6429
6432,6490
6543,6487
6490,6546
6598,6543
6546,6601
6651,6598
6601,6654
6703,6651
6654,6706
6753,6703
6706,6756
6802,6753
6756,6805
6849,6802
6805,6852
6895,6849
6852,6898
6940,6895
6898,6943
6982,6940
6943,6985
7023,6982
6985,7026
7062,7023
7026,7065
7100,7062
7065,7103
7136,7100
7103,7139
7171,7136
7139,7174
7204,7171
7174,7207
7236,7204
7207,7239
7266,7236
7239,7269
7295,7266
7269,7298
7322,7295
7298,7325
7348,7322
7325,7351
7372,7348
7351,7375
7395,7372
7375,7398
7416,7395
7398,7419
7436,7416
7419,7439
7454,7436
7439,7457
7471,7454
7457,7474
7486,7471
7474,7489
7500,7486
7489,7503
7512,7500
7503,7515
7522,7512
7515,7525
7531,7522
7525,7534
7538,7531
7534,7541
7544,7538
7541,7546
7548,7544
7546,7550
7551,7548
7550,7552
7552,7551
0,1
3,0
1,4
7,3
4,8
13,7
8,14
20,13
14,21
29,20
21,30
39,29
30,40
51,39
40,52
65,51
52,66
80,65
66,81
97,80
81,98
115,97
98,116
135,115
116,136
156,135
136,157
179,156
157,180
203,179
180,204
204,205
230,203
205,231
231,232
259,230
232,260
260,261
291,259
261,292
292,293
325,291
293,326
326,327
362,325
327,363
363,364
401,362
364,402
402,403
443,401
403,444
444,445
487,443
445,488
533,487
488,534
534,535
581,533
535,582
582,583
632,581
583,633
633,634
686,632
634,687
687,688
742,686
688,743
743,744
801,742
744,802
802,803
862,801
803,863
863,864
926,862
864,927
927,928
992,926
928,993
993,994
1061,992
994,1062
1131,1061
1062,1132
1132,1133
1204,1131
1133,1205
1205,1206
1279,1204
1206,1280
1280,1281
1357,1279
1281,1358
1358,1359
1437,1357
1359,1438
1438,1439
1520,1437
1439,1521
1521,1522
1605,1520
1522,1606
1606,1607
1693,1605
1607,1694
1694,1695
1783,1693
1695,1784
1784,1785
1876,1783
1785,1877
1971,1876
1877,1972
1972,1973
2068,1971
1973,2069
2069,2070
2168,2068
2070,2169
2169,2170
2270,2168
2170,2273
2375,2270
2273,2378
2479,2375
2378,2482
2582,2479
2482,2585
2684,2582
2585,2687
2786,2684
2687,2789
2888,2786
2789,2891
2989,2888
2891,2992
3089,2989
2992,3092
3189,3089
3092,3192
3289,3189
3192,3292
3389,3289
3292,3392
3487,3389
3392,3490
3585,3487
3490,3588
3682,3585
3588,3685
3779,3682
3685,3782
3875,3779
3782,3878
3971,3875
3878,3974
4067,3971
3974,4070
4163,4067
4070,4166
4259,4163
4166,4262
4355,4259
4262,4358
4451,4355
4358,4454
4547,4451
4454,4550
4643,4547
4550,4646
4739,4643
4646,4742
4835,4739
4742,4838
4931,4835
4838,4934
5027,4931
4934,5030
5123,5027
5030,5126
5219,5123
5126,5222
5315,5219
5222,5318
5411,5315
5318,5414
5507,5411
5414,5510
5603,5507
5510,5606
5699,5603
5606,5702
5795,5699
5702,5798
5891,5795
5798,5894
5987,5891
5894,5990
6083,5987
5990,6086
6179,6083
6086,6182
6275,6179
6182,6278
6371,6275
6278,6374
6467,6371
6374,6470
6563,6467
6470,6566
6659,6563
6566,6662
6755,6659
6662,6758
6851,6755
6758,6854
6947,6851
6854,6950
7043,6947
6950,7046
7139,7043
7046,7142
7235,7139
7142,7238
7331,7235
7238,7334
7427,7331
7334,7430
7523,7427
7430,7526
7619,7523
7526,7622
7715,7619
7622,7718
7811,7715
7718,7814
7907,7811
7814,7910
8003,7907
7910,8006
8099,8003
8006,8102
8195,8099
8102,8198
8291,8195
8198,8294
8387,8291
8294,8390
8483,8387
8390,8486
8579,8483
8486,8582
8675,8579
8582,8678
8771,8675
8678,8774
8867,8771
8774,8870
8963,8867
8870,8966
9059,8963
8966,9062
9155,9059
9062,9158
9251,9155
9158,9254
9347,9251
9254,9350
9443,9347
9350,9446
9539,9443
9446,9542
9635,9539
9542,9638
9731,9635
9638,9734
9827,9731
9734,9830
9923,9827
9830,9926
10019,9923
9926,10022
10115,10019
10022,10118
10211,10115
10118,10214
10307,10211
10214,10310
10403,10307
10310,10406
10499,10403
10406,10502
10595,10499
10502,10598
10691,10595
10598,10694
10787,10691
10694,10790
10883,10787
10790,10886
10979,10883
10886,10982
11075,10979
10982,11078
11171,11075
11078,11174
11267,11171
11174,11270
11363,11267
11270,11366
11459,11363
11366,11462
11555,11459
11462,11558
11651,11555
11558,11654
11747,11651
11654,11750
11843,11747
11750,11846
11939,11843
11846,11942
12035,11939
11942,12038
12131,12035
12038,12134
12227,12131
12134,12230
12323,12227
12230,12326
12419,12323
12326,12422
12515,12419
12422,12518
12611,12515
12518,12614
12707,12611
12614,12710
12803,12707
12710,12806
12899,12803
12806,12902
12995,12899
12902,12998
13091,12995
12998,13094
13187,13091
13094,13190
13283,13187
13190,13286
13379,13283
13286,13382
13475,13379
13382,13478
13571,13475
13478,13574
13667,13571
13574,13670
13763,13667
13670,13766
13859,13763
13766,13862
13955,13859
13862,13958
14051,13955
13958,14054
14147,14051
14054,14150
14243,14147
14150,14246
14339,14243
14246,14342
14435,14339
14342,14438
14531,14435
14438,14534
14627,14531
14534,14630
14723,14627
14630,14726
14819,14723
14726,14822
14915,14819
14822,14918
15011,14915
14918,15014
15107,15011
15014,15110
15203,15107
15110,15206
15299,15203
15206,15302
15395,15299
15302,15398
15491,15395
15398,15494
15587,15491
15494,15590
15683,15587
15590,15686
15779,15683
15686,15782
15875,15779
15782,15878
15971,15875
15878,15974
16067,15971
15974,16070
16163,16067
16070,16166
16259,16163
16166,16262
16355,16259
16262,16358
16451,16355
16358,16454
16547,16451
16454,16550
16643,16547
16550,16646
16739,16643
16646,16742
16835,16739
16742,16838
16931,16835
16838,16934
17027,16931
16934,17030
17123,17027
17030,17126
17219,17123
17126,17222
17315,17219
17222,17318
17411,17315
17318,17414
17507,17411
17414,17510
17603,17507
17510,17606
17699,17603
17606,17702
17795,17699
17702,17798
17891,17795
17798,17894
17987,17891
17894,17990
18083,17987
17990,18086
18179,18083
18086,18182
18275,18179
18182,18278
18371,18275
18278,18374
18467,18371
18374,18470
18563,18467
18470,18566
18659,18563
18566,18662
18755,18659
18662,18758
18851,18755
18758,18854
18947,18851
18854,18950
19043,18947
18950,19046
19139,19043
19046,19142
19235,19139
19142,19238
19331,19235
19238,19334
19427,19331
19334,19430
19523,19427
19430,19526
19619,19523
19526,19622
19715,19619
19622,19718
19811,19715
19718,19814
19907,19811
19814,19910
20003,19907
19910,20006
20099,20003
20006,20102
20195,20099
20102,20198
20291,20195
20198,20294
20387,20291
20294,20390
20483,20387
20390,20486
20579,20483
20486,20582
20675,20579
20582,20678
20771,20675
20678,20774
20867,20771
20774,20870
20963,20867
20870,20966
21059,20963
20966,21062
21155,21059
21062,21158
21251,21155
21158,21254
21347,21251
21254,21350
21443,21347
21350,21446
21539,21443
21446,21542
21635,21539
21542,21638
21731,21635
21638,21734
21827,21731
21734,21830
21923,21827
21830,21926
22019,21923
21926,22022
22115,22019
22022,22118
22211,22115
22118,22214
22307,22211
22214,22310
22403,22307
22310,22406
22499,22403
22406,22502
22595,22499
22502,22598
22691,22595
22598,22694
22787,22691
22694,22790
22883,22787
22790,22886
22979,22883
22886,22982
23075,22979
22982,23078
23171,23075
23078,23174
23267,23171
23174,23270
23363,23267
23270,23366
23459,23363
23366,23462
23555,23459
23462,23558
23651,23555
23558,23654
23747,23651
23654,23750
23843,23747
23750,23846
23939,23843
23846,23942
24035,23939
23942,24038
24131,24035
24038,24134
24227,24131
24134,24230
24323,24227
24230,24326
24419,24323
24326,24422
24515,24419
24422,24518
24611,24515
24518,24614
24707,24611
24614,24710
24803,24707
24710,24806
24899,24803
24806,24902
24995,24899
24902,24998
25091,24995
24998,25094
25187,25091
25094,25190
25283,25187
25190,25286
25379,25283
25286,25382
25475,25379
25382,25478
25571,25475
25478,25574
25667,25571
25574,25670
25763,25667
25670,25766
25859,25763
25766,25862
25955,25859
25862,25958
26051,25955
25958,26054
26147,26051
26054,26150
26243,26147
26150,26246
26339,26243
26246,26342
26435,26339
26342,26438
26531,26435
26438,26534
26627,26531
26534,26630
26723,26627
26630,26726
26819,26723
26726,26822
26915,26819
26822,26918
27011,26915
26918,27014
27107,27011
27014,27110
27203,27107
27110,27206
27299,27203
27206,27302
27395,27299
27302,27398
27491,27395
27398,27494
27587,27491
27494,27590
27683,27587
27590,27686
27779,27683
27686,27782
27875,27779
27782,27878
27971,27875
27878,27974
28067,27971
27974,28070
28163,28067
28070,28166
28259,28163
28166,28262
28355,28259
28262,28358
28451,28355
28358,28454
28547,28451
28454,28550
28643,28547
28550,28646
28739,28643
28646,28742
28835,28739
28742,28838
28931,28835
28838,28934
29027,28931
28934,29030
29123,29027
29030,29126
29219,29123
29126,29222
29315,29219
29222,29318
29411,29315
29318,29414
29507,29411
29414,29510
29603,29507
29510,29606
29699,29603
29606,29702
29795,29699
29702,29798
29891,29795
29798,29894
29987,29891
29894,29990
30083,29987
29990,30086
30179,30083
30086,30182
30275,30179
30182,30278
30371,30275
30278,30374
30467,30371
30374,30470
30563,30467
30470,30566
30659,30563
30566,30662
30755,30659
30662,30758
30851,30755
30758,30854
30947,30851
30854,30950
31043,30947
30950,31046
31139,31043
31046,31142
31235,31139
31142,31238
31331,31235
31238,31334
31427,31331
31334,31430
31523,31427
31430,31526
31619,31523
31526,31622
31715,31619
31622,31718
31811,31715
31718,31814
31907,31811
31814,31910
32003,31907
31910,32006
32099,32003
32006,32102
32195,32099
32102,32198
32291,32195
32198,32294
32387,32291
32294,32390
32483,32387
32390,32486
32579,32483
32486,32582
32675,32579
32582,32678
32771,32675
32678,32774
32867,32771
32774,32870
32963,32867
32870,32966
33059,32963
32966,33062
33155,33059
33062,33158
33251,33155
33158,33254
33347,33251
33254,33350
33443,33347
33350,33446
33539,33443
33446,33542
33635,33539
33542,33638
33731,33635
33638,33734
33827,33731
33734,33830
33923,33827
33830,33926
34019,33923
33926,34022
34115,34019
34022,34118
34211,34115
34118,34214
34307,34211
34214,34310
34403,34307
34310,34406
34499,34403
34406,34502
34595,34499
34502,34598
34691,34595
34598,34694
34787,34691
34694,34790
34883,34787
34790,34886
34979,34883
34886,34982
35075,34979
34982,35078
35171,35075
35078,35174
35267,35171
35174,35270
35363,35267
35270,35366
35459,35363
35366,35462
35555,35459
35462,35558
35651,35555
35558,35654
35747,35651
35654,35750
35843,35747
35750,35846
35939,35843
35846,35942
36035,35939
35942,36038
36131,36035
36038,36134
36227,36131
36134,36230
36323,36227
36230,36326
36419,36323
36326,36422
36515,36419
36422,36518
36611,36515
36518,36614
36707,36611
36614,36710
36803,36707
36710,36806
36899,36803
36806,36902
36995,36899
36902,36998
37091,36995
36998,37094
37187,37091
37094,37190
37283,37187
37190,37286
37379,37283
37286,37382
37475,37379
37382,37478
37571,37475
37478,37574
37667,37571
37574,37670
37763,37667
37670,37766
37859,37763
37766,37862
37955,37859
37862,37958
38051,37955
37958,38054
38147,38051
38054,38150
38243,38147
38150,38246
38339,38243
38246,38342
38435,38339
38342,38438
38531,38435
38438,38534
38627,38531
38534,38630
38723,38627
38630,38726
38819,38723
38726,38822
38915,38819
38822,38918
39011,38915
38918,39014
39107,39011
39014,39110
39203,39107
39110,39206
39299,39203
39206,39302
39395,39299
39302,39398
39491,39395
39398,39494
39587,39491
39494,39590
39683,39587
39590,39686
39779,39683
39686,39782
39875,39779
39782,39878
39971,39875
39878,39974
40067,39971
39974,40070
40163,40067
40070,40166
40259,40163
40166,40262
40355,40259
40262,40358
40451,40355
40358,40454
40547,40451
40454,40550
40643,40547
40550,40646
40739,40643
40646,40742
40835,40739
40742,40838
40931,40835
40838,40934
41027,40931
40934,41030
41123,41027
41030,41126
41219,41123
41126,41222
41315,41219
41222,41318
41411,41315
41318,41414
41507,41411
41414,41510
41603,41507
41510,41606
41699,41603
41606,41702
41795,41699
41702,41798
41891,41795
41798,41894
41987,41891
41894,41990
42083,41987
41990,42086
42179,42083
42086,42182
42275,42179
42182,42278
42371,42275
42278,42374
42467,42371
42374,42470
42563,42467
42470,42566
42659,42563
42566,42662
42755,42659
42662,42758
42851,42755
42758,42854
42947,42851
42854,42950
43043,42947
42950,43046
43139,43043
43046,43142
43235,43139
43142,43238
43331,43235
43238,43334
43427,43331
43334,43430
43523,43427
43430,43526
43619,43523
43526,43622
43715,43619
43622,43718
43811,43715
43718,43814
43907,43811
43814,43910
44003,43907
43910,44006
44099,44003
44006,44102
44195,44099
44102,44198
44291,44195
44198,44294
44387,44291
44294,44390
44483,44387
44390,44486
44579,44483
44486,44582
44675,44579
44582,44678
44771,44675
44678,44774
44867,44771
44774,44870
44963,44867
44870,44966
45059,44963
44966,45062
45155,45059
45062,45158
45251,45155
45158,45254
45347,45251
45254,45350
45443,45347
45350,45446
45539,45443
45446,45542
45635,45539
45542,45638
45731,45635
45638,45734
45827,45731
45734,45830
45923,45827
45830,45926
46019,45923
45926,46022
46115,46019
46022,46118
46211,46115
46118,46214
46307,46211
46214,46310
46403,46307
46310,46406
46499,46403
46406,46502
46595,46499
46502,46598
46691,46595
46598,46694
46787,46691
46694,46790
46883,46787
46790,46886
46979,46883
46886,46982
47075,46979
46982,47078
47171,47075
47078,47174
47267,47171
47174,47270
47363,47267
47270,47366
47459,47363
47366,47462
47555,47459
47462,47558
47651,47555
47558,47654
47747,47651
47654,47750
47843,47747
47750,47846
47939,47843
47846,47942
48035,47939
47942,48038
48131,48035
48038,48134
48227,48131
48134,48230
48323,48227
48230,48326
48419,48323
48326,48422
48515,48419
48422,48518
48611,48515
48518,48614
48707,48611
48614,48710
48803,48707
48710,48806
48899,48803
48806,48902
48995,48899
48902,48998
49091,48995
48998,49094
49187,49091
49094,49190
49283,49187
49190,49286
49379,49283
49286,49382
49475,49379
49382,49478
49571,49475
49478,49574
49667,49571
49574,49670
49763,49667
49670,49766
49859,49763
49766,49862
49955,49859
49862,49958
50051,49955
49958,50054
50147,50051
50054,50150
50243,50147
50150,50246
50339,50243
50246,50342
50435,50339
50342,50438
50531,50435
50438,50534
50627,50531
50534,50630
50723,50627
50630,50726
50819,50723
50726,50822
50915,50819
50822,50918
51011,50915
50918,51014
51107,51011
51014,51110
51203,51107
51110,51206
51299,51203
51206,51302
51395,51299
51302,51398
51491,51395
51398,51494
51587,51491
51494,51590
51683,51587
51590,51686
51779,51683
51686,51782
51875,51779
51782,51878
51971,51875
51878,51974
52067,51971
51974,52070
52163,52067
52070,52166
52259,52163
52166,52262
52355,52259
52262,52358
52451,52355
52358,52454
52547,52451
52454,52550
52643,52547
52550,52646
52739,52643
52646,52742
52835,52739
52742,52838
52931,52835
52838,52934
53027,52931
52934,53030
53123,53027
53030,53126
53219,53123
53126,53222
53315,53219
53222,53318
53411,53315
53318,53414
53507,53411
53414,53510
53603,53507
53510,53606
53699,53603
53606,53702
53795,53699
53702,53798
53891,53795
53798,53894
53987,53891
53894,53990
54083,53987
53990,54086
54179,54083
54086,54182
54275,54179
54182,54278
54371,54275
54278,54374
54467,54371
54374,54470
54563,54467
54470,54566
54659,54563
54566,54662
54755,54659
54662,54758
54851,54755
54758,54854
54947,54851
54854,54950
55043,54947
54950,55046
55139,55043
55046,55142
55235,55139
55142,55238
55331,55235
55238,55334
55427,55331
55334,55430
55523,55427
55430,55526
55619,55523
55526,55622
55715,55619
55622,55718
55811,55715
55718,55814
55907,55811
55814,55910
56003,55907
55910,56006
56099,56003
56006,56102
56195,56099
56102,56198
56291,56195
56198,56294
56387,56291
56294,56390
56483,56387
56390,56486
56579,56483
56486,56582
56675,56579
56582,56678
56771,56675
56678,56774
56867,56771
56774,56870
56963,56867
56870,56966
57059,56963
56966,57062
57155,57059
57062,57158
57251,57155
57158,57254
57347,57251
57254,57350
57443,57347
57350,57446
57539,57443
57446,57542
57635,57539
57542,57638
57731,57635
57638,57734
57827,57731
57734,57830
57923,57827
57830,57926
58019,57923
57926,58022
58115,58019
58022,58118
58211,58115
58118,58214
58307,58211
58214,58310
58403,58307
58310,58406
58499,58403
58406,58502
58595,58499
58502,58598
58691,58595
58598,58694
58787,58691
58694,58790
58883,58787
58790,58886
58979,58883
58886,58982
59075,58979
58982,59078
59171,59075
59078,59174
59267,59171
59174,59270
59363,59267
59270,59366
59459,59363
59366,59462
59555,59459
59462,59558
59651,59555
59558,59654
59747,59651
59654,59750
59843,59747
59750,59846
59939,59843
59846,59942
60035,59939
59942,60038
60131,60035
60038,60134
60227,60131
60134,60230
60323,60227
60230,60326
60419,60323
60326,60422
60515,60419
60422,60518
60611,60515
60518,60614
60707,60611
60614,60710
60803,60707
60710,60806
60899,60803
60806,60902
60995,60899
60902,60998
61091,60995
60998,61094
61187,61091
61094,61190
61283,61187
61190,61286
61379,61283
61286,61382
61475,61379
61382,61478
61571,61475
61478,61574
61667,61571
61574,61670
61763,61667
61670,61766
61859,61763
61766,61862
61955,61859
61862,61958
62051,61955
61958,62054
62147,62051
62054,62150
62243,62147
62150,62246
62339,62243
62246,62342
62435,62339
62342,62438
62531,62435
62438,62534
62627,62531
62534,62630
62723,62627
62630,62726
62819,62723
62726,62822
62915,62819
62822,62918
63011,62915
62918,63014
63107,63011
63014,63110
63203,63107
63110,63206
63299,63203
63206,63302
63395,63299
63302,63398
63491,63395
63398,63494
63587,63491
63494,63590
63683,63587
63590,63686
63779,63683
63686,63782
63875,63779
63782,63878
63971,63875
63878,63974
64067,63971
63974,64070
64163,64067
64070,64166
64259,64163
64166,64262
64355,64259
64262,64358
64451,64355
64358,64454
64547,64451
64454,64550
64643,64547
64550,64646
64739,64643
64646,64742
64835,64739
64742,64838
64931,64835
64838,64934
65027,64931
64934,65030
65123,65027
65030,65126
65219,65123
65126,65222
65315,65219
65222,65318
65411,65315
65318,65414
65507,65411
65414,65510
65603,65507
65510,65606
65699,65603
65606,65702
65795,65699
65702,65798
65891,65795
65798,65894
65987,65891
65894,65990
66083,65987
65990,66086
66179,66083
66086,66182
66275,66179
66182,66278
66371,66275
66278,66374
66467,66371
66374,66470
66563,66467
66470,66566
66659,66563
66566,66662
66755,66659
66662,66758
66851,66755
66758,66854
66947,66851
66854,66950
67043,66947
66950,67046
67139,67043
67046,67142
67235,67139
67142,67238
67331,67235
67238,67334
67427,67331
67334,67430
67523,67427
67430,67526
67619,67523
67526,67622
67715,67619
67622,67718
67811,67715
67718,67814
67907,67811
67814,67910
68003,67907
67910,68006
68099,68003
68006,68102
68195,68099
68102,68198
68291,68195
68198,68294
68387,68291
68294,68390
68483,68387
68390,68486
68579,68483
68486,68582
68675,68579
68582,68678
68771,68675
68678,68774
68867,68771
68774,68870
68963,68867
68870,68966
69059,68963
68966,69062
69155,69059
69062,69158
69251,69155
69158,69254
69347,69251
69254,69350
69443,69347
69350,69446
69539,69443
69446,69542
69635,69539
69542,69638
69731,69635
69638,69734
69827,69731
69734,69830
69923,69827
69830,69926
70019,69923
69926,70022
70115,70019
70022,70118
70211,70115
70118,70214
70307,70211
70214,70310
70403,70307
70310,70406
70499,70403
70406,70502
70595,70499
70502,70598
70691,70595
70598,70694
70787,70691
70694,70790
70883,70787
70790,70886
70979,70883
70886,70982
71075,70979
70982,71078
71171,71075
71078,71174
71267,71171
71174,71270
71363,71267
71270,71366
71459,71363
71366,71462
71555,71459
71462,71558
71651,71555
71558,71654
71747,71651
71654,71750
71843,71747
71750,71846
71939,71843
71846,71942
72035,71939
71942,72038
72131,72035
72038,72134
72227,72131
72134,72230
72323,72227
72230,72326
72419,72323
72326,72422
72515,72419
72422,72518
72611,72515
72518,72614
72707,72611
72614,72710
72803,72707
72710,72806
72899,72803
72806,72902
72995,72899
72902,72998
73091,72995
72998,73094
73187,73091
73094,73190
73283,73187
73190,73286
73379,73283
73286,73382
73475,73379
73382,73478
73571,73475
73478,73574
73667,73571
73574,73670
73763,73667
73670,73766
73859,73763
73766,73862
73955,73859
73862,73958
74051,73955
73958,74054
74147,74051
74054,74150
74243,74147
74150,74246
74339,74243
74246,74342
74435,74339
74342,74438
74531,74435
74438,74534
74627,74531
74534,74630
74723,74627
74630,74726
74819,74723
74726,74822
74915,74819
74822,74918
75011,74915
74918,75014
75107,75011
75014,75110
75203,75107
75110,75206
75299,75203
75206,75302
75395,75299
75302,75398
75491,75395
75398,75494
75587,75491
75494,75590
75683,75587
75590,75686
75779,75683
75686,75782
75875,75779
75782,75878
75971,75875
75878,75974
76067,75971
75974,76070
76163,76067
76070,76166
76259,76163
76166,76262
76355,76259
76262,76358
76451,76355
76358,76454
76547,76451
76454,76550
76643,76547
76550,76646
76739,76643
76646,76742
76835,76739
76742,76838
76931,76835
76838,76934
77027,76931
76934,77030
77123,77027
77030,77126
77219,77123
77126,77222
77315,77219
77222,77318
77411,77315
77318,77414
77507,77411
77414,77510
77603,77507
77510,77606
77699,77603
77606,77702
77795,77699
77702,77798
77891,77795
77798,77894
77987,77891
77894,77990
78083,77987
77990,78086
78179,78083
78086,78182
78275,78179
78182,78278
78371,78275
78278,78374
78467,78371
78374,78470
78563,78467
78470,78566
78659,78563
78566,78662
78755,78659
78662,78758
78851,78755
78758,78854
78947,78851
78854,78950
79043,78947
78950,79046
79139,79043
79046,79142
79235,79139
79142,79238
79331,79235
79238,79334
79427,79331
79334,79430
79523,79427
79430,79526
79619,79523
79526,79622
79715,79619
79622,79718
79811,79715
79718,79814
79907,79811
79814,79910
80003,79907
79910,80006
80099,80003
80006,80102
80195,80099
80102,80198
80291,80195
80198,80294
80387,80291
80294,80390
80483,80387
80390,80486
80579,80483
80486,80582
80675,80579
80582,80678
80771,80675
80678,80774
80867,80771
80774,80870
80963,80867
80870,80966
81059,80963
80966,81062
81155,81059
81062,81158
81251,81155
81158,81254
81347,81251
81254,81350
81443,81347
81350,81446
81539,81443
81446,81542
81635,81539
81542,81638
81731,81635
81638,81734
81827,81731
81734,81830
81923,81827
81830,81926
82019,81923
81926,82022
82115,82019
82022,82118
82211,82115
82118,82214
82307,82211
82214,82310
82403,82307
82310,82406
82499,82403
82406,82502
82595,82499
82502,82598
82691,82595
82598,82694
82787,82691
82694,82790
82883,82787
82790,82886
82979,82883
82886,82982
83075,82979
82982,83078
83171,83075
83078,83174
83267,83171
83174,83270
83363,83267
83270,83366
83459,83363
83366,83462
83555,83459
83462,83558
83651,83555
83558,83654
83747,83651
83654,83750
83843,83747
83750,83846
83939,83843
83846,83942
84035,83939
83942,84038
84131,84035
84038,84134
84227,84131
84134,84230
84323,84227
84230,84326
84419,84323
84326,84422
84515,84419
84422,84518
84611,84515
84518,84614
84707,84611
84614,84710
84803,84707
84710,84806
84899,84803
84806,84902
84995,84899
84902,84998
85091,84995
84998,85094
85187,85091
85094,85190
85283,85187
85190,85286
85379,85283
85286,85382
85475,85379
85382,85478
85571,85475
85478,85574
85667,85571
85574,85670
85763,85667
85670,85766
85859,85763
85766,85862
85955,85859
85862,85958
86051,85955
85958,86054
86135,86051
86054,86150
86231,86135
86150,86246
86327,86231
86246,86342
86423,86327
86342,86438
86519,86423
86438,86534
86615,86519
86534,86630
86711,86615
86630,86726
86807,86711
86726,86822
86903,86807
86822,86918
86999,86903
86918,87014
87095,86999
87014,87110
87191,87095
87110,87206
87287,87191
87206,87302
87383,87287
87302,87398
87479,87383
87398,87494
87575,87479
87494,87590
87671,87575
87590,87686
87767,87671
87686,87782
87863,87767
87782,87878
87959,87863
87878,87974
88055,87959
87974,88070
88151,88055
88070,88166
88247,88151
88166,88262
88343,88247
88262,88358
88439,88343
88358,88454
88535,88439
88454,88550
88631,88535
88550,88646
88727,88631
88646,88742
88823,88727
88742,88838
88919,88823
88838,88934
89015,88919
88934,89030
89111,89015
89030,89126
89207,89111
89126,89222
89303,89207
89222,89318
89399,89303
89318,89414
89495,89399
89414,89510
89591,89495
89510,89606
89687,89591
89606,89702
89783,89687
89702,89798
89879,89783
89798,89894
89975,89879
89894,89990
90071,89975
89990,90086
90167,90071
90086,90182
90263,90167
90182,90278
90359,90263
90278,90374
90455,90359
90374,90470
90551,90455
90470,90566
90647,90551
90566,90662
90743,90647
90662,90758
90839,90743
90758,90854
90935,90839
90854,90950
91031,90935
90950,91046
91127,91031
91046,91142
91223,91127
91142,91238
91319,91223
91238,91334
91415,91319
91334,91430
91511,91415
91430,91526
91607,91511
91526,91622
91703,91607
91622,91718
91799,91703
91718,91814
91895,91799
91814,91910
91991,91895
91910,92006
92087,91991
92006,92102
92183,92087
92102,92198
92279,92183
92198,92294
92375,92279
92294,92390
92471,92375
92390,92486
92567,92471
92486,92582
92663,92567
92582,92678
92759,92663
92678,92774
92855,92759
92774,92870
92951,92855
92870,92966
93047,92951
92966,93062
93143,93047
93062,93158
93239,93143
93158,93254
93335,93239
93254,93350
93431,93335
93350,93446
93527,93431
93446,93542
93623,93527
93542,93638
93719,93623
93638,93734
93815,93719
93734,93830
93911,93815
93830,93926
94007,93911
93926,94022
94103,94007
94022,94118
94199,94103
94118,94214
94295,94199
94214,94310
94391,94295
94310,94406
94487,94391
94406,94502
94583,94487
94502,94598
94679,94583
94598,94694
94775,94679
94694,94790
94871,94775
94790,94886
94967,94871
94886,94982
95063,94967
94982,95078
95159,95063
95078,95174
95255,95159
95174,95270
95351,95255
95270,95366
95447,95351
95366,95462
95543,95447
95462,95558
95639,95543
95558,95654
95735,95639
95654,95750
95831,95735
95750,95846
95927,95831
95846,95942
96023,95927
95942,96038
96119,96023
96038,96134
96215,96119
96134,96230
96311,96215
96230,96326
96407,96311
96326,96422
96503,96407
96422,96518
96599,96503
96518,96614
96695,96599
96614,96710
96791,96695
96710,96806
96887,96791
96806,96902
96983,96887
96902,96998
97079,96983
96998,97094
97175,97079
97094,97190
97271,97175
97190,97286
97367,97271
97286,97382
97463,97367
97382,97478
97559,97463
97478,97574
97655,97559
97574,97670
97751,97655
97670,97766
97847,97751
97766,97862
97943,97847
97862,97958
98039,97943
97958,98054
98135,98039
98054,98150
98231,98135
98150,98246
98327,98231
98246,98342
98423,98327
98342,98438
98519,98423
98438,98534
98615,98519
98534,98630
98711,98615
98630,98726
98807,98711
98726,98822
98903,98807
98822,98918
98999,98903
98918,99014
99095,98999
99014,99110
99191,99095
99110,99206
99287,99191
99206,99302
99383,99287
99302,99398
99479,99383
99398,99494
99575,99479
99494,99590
99671,99575
99590,99686
99767,99671
99686,99782
99842,99767
99782,99878
99938,99842
99878,99974
100034,99938
99974,100070
100130,100034
100070,100166
100226,100130
100166,100262
100322,100226
100262,100358
100418,100322
100358,100454
100514,100418
100454,100550
100610,100514
100550,100646
100706,100610
100646,100742
100802,100706
100742,100838
100898,100802
100838,100934
100994,100898
100934,101030
101090,100994
101030,101126
101186,101090
101126,101222
101282,101186
101222,101318
101378,101282
101318,101414
101474,101378
101414,101510
101570,101474
101510,101606
101666,101570
101606,101702
101762,101666
101702,101798
101858,101762
101798,101894
101954,101858
101894,101990
102050,101954
101990,102086
102146,102050
102086,102182
102242,102146
102182,102278
102338,102242
102278,102374
102434,102338
102374,102470
102530,102434
102470,102566
102626,102530
102566,102662
102722,102626
102662,102758
102818,102722
102758,102854
102914,102818
102854,102950
103010,102914
102950,103046
103106,103010
103046,103142
103202,103106
103142,103238
103298,103202
103238,103334
103392,103298
103334,103430
103488,103392
103430,103526
103584,103488
103526,103622
103680,103584
103622,103718
103776,103680
103718,103814
103872,103776
103814,103910
103968,103872
103910,104006
104064,103968
104006,104102
104160,104064
104102,104198
104256,104160
104198,104294
104352,104256
104294,104390
104448,104352
104390,104486
104544,104448
104486,104582
104640,104544
104582,104678
104736,104640
104678,104774
104832,104736
104774,104870
104928,104832
104870,104966
105024,104928
104966,105062
105120,105024
105062,105158
105216,105120
105158,105254
105312,105216
105254,105350
105408,105312
105350,105446
105504,105408
105446,105542
105600,105504
105542,105638
105696,105600
105638,105734
105792,105696
105734,105830
105888,105792
105830,105926
105984,105888
105926,106022
106080,105984
106022,106118
106176,106080
106118,106214
106272,106176
106214,106310
106368,106272
106310,106406
106464,106368
106406,106502
106560,106464
106502,106598
106646,106560
106598,106694
106742,106646
106694,106790
106838,106742
106790,106886
106934,106838
106886,106982
107030,106934
106982,107078
107126,107030
107078,107174
107222,107126
107174,107270
107318,107222
107270,107366
107414,107318
107366,107462
107510,107414
107462,107558
107606,107510
107558,107654
107702,107606
107654,107750
107798,107702
107750,107846
107894,107798
107846,107942
107990,107894
107942,108038
108086,107990
108038,108134
108182,108086
108134,108230
108278,108182
108230,108326
108374,108278
108326,108422
108469,108374
108422,108518
108565,108469
108518,108614
108661,108565
108614,108710
108757,108661
108710,108806
108853,108757
108806,108902
108949,108853
108902,108998
109045,108949
108998,109094
109141,109045
109094,109190
109237,109141
109190,109286
109333,109237
109286,109382
109429,109333
109382,109478
109525,109429
109478,109574
109621,109525
109574,109670
109717,109621
109670,109766
109813,109717
109766,109862
109909,109813
109862,109958
110005,109909
109958,110054
110101,110005
110148,110101
110054,110151
110244,110148
110246,110244
110151,110249
110343,110246
110345,110343
110249,110348
110443,110345
110445,110443
110348,110448
110544,110445
110546,110544
110448,110549
110646,110546
110648,110646
110549,110651
110749,110648
110751,110749
110651,110754
110853,110751
110855,110853
110754,110858
110958,110855
110858,110962
111061,110958
111064,111061
110962,111067
111168,111064
111170,111168
111067,111173
111275,111170
111277,111275
111173,111280
111383,111277
111385,111383
111280,111388
111492,111385
111494,111492
111388,111497
111602,111494
111604,111602
111497,111607
111713,111604
111715,111713
111607,111718
111825,111715
111827,111825
111718,111830
111938,111827
111830,111942
112049,111938
112052,112049
111942,112055
112164,112052
112166,112164
112055,112169
112279,112166
112281,112279
112169,112284
112395,112281
112397,112395
112284,112400
112512,112397
112514,112512
112400,112517
112630,112514
112632,112630
112517,112635
112749,112632
112751,112749
112635,112754
112869,112751
112871,112869
112754,112874
112990,112871
112992,112990
112874,112995
113113,112992
113114,113113
112995,113117
113236,113114
113117,113239
113358,113236
113359,113358
113239,113362
113482,113359
113483,113482
113362,113486
113607,113483
113608,113607
113486,113611
113733,113608
113611,113736
113856,113733
113736,113859
113977,113856
113859,113980
114096,113977
113980,114099
114213,114096
114099,114216
114328,114213
114216,114331
114442,114328
114331,114445
114553,114442
114445,114556
114662,114553
114556,114665
114769,114662
114665,114772
114874,114769
114772,114877
114977,114874
114877,114980
115078,114977
114980,115081
115178,115078
115081,115181
115276,115178
115181,115279
115372,115276
115279,115375
115466,115372
115375,115469
115559,115466
115469,115562
115650,115559
115562,115653
115740,115650
115653,115743
115828,115740
115743,115831
115915,115828
115831,115918
116000,115915
115918,116003
116084,116000
116003,116087
116166,116084
116087,116169
116247,116166
116169,116250
116326,116247
116250,116329
116404,116326
116329,116407
116480,116404
116407,116483
116555,116480
116483,116558
116628,116555
116558,116631
116700,116628
116631,116703
116771,116700
116703,116774
116839,116771
116774,116842
116906,116839
116842,116909
116971,116906
116909,116974
117035,116971
116974,117038
117097,117035
117038,117100
117158,117097
117100,117161
117217,117158
117161,117220
117275,117217
117220,117278
117331,117275
117278,117334
117386,117331
117334,117389
117439,117386
117389,117442
117491,117439
117442,117494
117541,117491
117494,117544
117590,117541
117544,117593
117637,117590
117593,117640
117683,117637
117640,117686
117728,117683
117686,117731
117770,117728
117731,117773
117811,117770
117773,117814
117850,117811
117814,117853
117888,117850
117853,117891
117924,117888
117891,117927
117959,117924
117927,117962
117992,117959
117962,117995
118024,117992
117995,118027
118054,118024
118027,118057
118083,118054
118057,118086
118110,118083
118086,118113
118136,118110
118113,118139
118160,118136
118139,118163
118183,118160
118163,118186
118204,118183
118186,118207
118224,118204
118207,118227
118242,118224
118227,118245
118259,118242
118245,118262
118274,118259
118262,118277
118288,118274
118277,118291
118300,118288
118291,118303
118310,118300
118303,118313
118319,118310
118313,118322
118326,118319
118322,118329
118332,118326
118329,118334
118336,118332
118334,118338
118339,118336
118338,118340
118340,118339
0,1
3,0
1,4
7,3
4,8
13,7
8,14
20,13
14,21
29,20
21,30
39,29
30,40
51,39
40,52
65,51
52,66
80,65
66,81
97,80
81,98
115,97
98,116
135,115
116,136
156,135
136,157
179,156
157,180
203,179
180,204
204,205
230,203
205,231
231,232
259,230
232,260
260,261
291,259
261,292
292,293
325,291
293,326
326,327
362,325
327,363
363,364
401,362
364,402
402,403
443,401
403,444
444,445
487,443
445,488
533,487
488,534
534,535
581,533
535,582
582,583
632,581
583,633
633,634
686,632
634,687
687,688
742,686
688,743
743,744
801,742
744,802
802,803
862,801
803,863
863,864
926,862
864,927
927,928
992,926
928,993
993,994
1061,992
994,1062
1131,1061
1062,1132
1132,1133
1204,1131
1133,1205
1205,1206
1279,1204
1206,1280
1280,1281
1357,1279
1281,1358
1358,1359
1437,1357
1359,1438
1438,1439
1520,1437
1439,1521
1521,1522
1605,1520
1522,1606
1606,1607
1693,1605
1607,1694
1694,1695
1783,1693
1695,1784
1784,1785
1876,1783
1785,1877
1970,1876
1877,1971
1971,1972
2067,1970
1972,2068
2068,2069
2167,2067
2069,2168
2168,2169
2269,2167
2169,2272
2374,2269
2272,2377
2478,2374
2377,2481
2581,2478
2481,2584
2683,2581
2584,2686
2785,2683
2686,2788
2887,2785
2788,2890
2988,2887
2890,2991
3088,2988
2991,3091
3188,3088
3091,3191
3288,3188
3191,3291
3388,3288
3291,3391
3486,3388
3391,3489
3584,3486
3489,3587
3681,3584
3587,3684
3778,3681
3684,3781
3874,3778
3781,3877
3970,3874
3877,3973
4066,3970
3973,4069
4162,4066
4069,4165
4258,4162
4165,4261
4354,4258
4261,4357
4450,4354
4357,4453
4546,4450
4453,4549
4642,4546
4549,4645
4738,4642
4645,4741
4834,4738
4741,4837
4930,4834
4837,4933
5026,4930
4933,5029
5122,5026
5029,5125
5218,5122
5125,5221
5314,5218
5221,5317
5410,5314
5317,5413
5506,5410
5413,5509
5602,5506
5509,5605
5698,5602
5605,5701
5794,5698
5701,5797
5890,5794
5797,5893
5986,5890
5893,5989
6082,5986
5989,6085
6178,6082
6085,6181
6274,6178
6181,6277
6370,6274
6277,6373
6466,6370
6373,6469
6562,6466
6469,6565
6658,6562
6565,6661
6754,6658
6661,6757
6850,6754
6757,6853
6946,6850
6853,6949
7042,6946
6949,7045
7138,7042
7045,7141
7234,7138
7141,7237
7330,7234
7237,7333
7426,7330
7333,7429
7522,7426
7429,7525
7618,7522
7525,7621
7714,7618
7621,7717
7810,7714
7717,7813
7906,7810
7813,7909
8002,7906
7909,8005
8098,8002
8005,8101
8194,8098
8101,8197
8290,8194
8197,8293
8386,8290
8293,8389
8482,8386
8389,8485
8578,8482
8485,8581
8674,8578
8581,8677
8770,8674
8677,8773
8866,8770
8773,8869
8962,8866
8869,8965
9058,8962
8965,9061
9154,9058
9061,9157
9250,9154
9157,9253
9346,9250
9253,9349
9442,9346
9349,9445
9538,9442
9445,9541
9634,9538
9541,9637
9730,9634
9637,9733
9826,9730
9733,9829
9922,9826
9829,9925
10018,9922
9925,10021
10114,10018
10021,10117
10210,10114
10117,10213
10306,10210
10213,10309
10402,10306
10309,10405
10498,10402
10405,10501
10594,10498
10501,10597
10690,10594
10597,10693
10786,10690
10693,10789
10882,10786
10789,10885
10978,10882
10885,10981
11074,10978
10981,11077
11170,11074
11077,11173
11266,11170
11173,11269
11362,11266
11269,11365
11458,11362
11365,11461
11554,11458
11461,11557
11650,11554
11557,11653
11746,11650
11653,11749
11842,11746
11749,11845
11938,11842
11845,11941
12034,11938
11941,12037
12130,12034
12037,12133
12226,12130
12133,12229
12322,12226
12229,12325
12418,12322
12325,12421
12514,12418
12421,12517
12610,12514
12517,12613
12706,12610
12613,12709
12802,12706
12709,12805
12898,12802
12805,12901
12994,12898
12901,12997
13090,12994
12997,13093
13186,13090
13093,13189
13282,13186
13189,13285
13378,13282
13285,13381
13474,13378
13381,13477
13570,13474
13477,13573
13666,13570
13573,13669
13762,13666
13669,13765
13858,13762
13765,13861
13954,13858
13861,13957
14050,13954
13957,14053
14146,14050
14053,14149
14242,14146
14149,14245
14338,14242
14245,14341
14434,14338
14341,14437
14530,14434
14437,14533
14626,14530
14533,14629
14722,14626
14629,14725
14818,14722
14725,14821
14914,14818
14821,14917
15010,14914
14917,15013
15106,15010
15013,15109
15202,15106
15109,15205
15298,15202
15205,15301
15394,15298
15301,15397
15490,15394
15397,15493
15586,15490
15493,15589
15682,15586
15589,15685
15778,15682
15685,15781
15874,15778
15781,15877
15970,15874
15877,15973
16066,15970
15973,16069
16162,16066
16069,16165
16258,16162
16165,16261
16354,16258
16261,16357
16450,16354
16357,16453
16546,16450
16453,16549
16642,16546
16549,16645
16738,16642
16645,16741
16834,16738
16741,16837
16930,16834
16837,16933
17026,16930
16933,17029
17122,17026
17029,17125
17218,17122
17125,17221
17314,17218
17221,17317
17410,17314
17317,17413
17506,17410
17413,17509
17602,17506
17509,17605
17698,17602
17605,17701
17794,17698
17701,17797
17890,17794
17797,17893
17986,17890
17893,17989
18082,17986
17989,18085
18178,18082
18085,18181
18274,18178
18181,18277
18370,18274
18277,18373
18466,18370
18373,18469
18562,18466
18469,18565
18658,18562
18565,18661
18754,18658
18661,18757
18850,18754
18757,18853
18946,18850
18853,18949
19042,18946
18949,19045
19138,19042
19045,19141
19234,19138
19141,19237
19330,19234
19237,19333
19426,19330
19333,19429
19522,19426
19429,19525
19618,19522
19525,19621
19714,19618
19621,19717
19810,19714
19717,19813
19906,19810
19813,19909
20002,19906
19909,20005
20098,20002
20005,20101
20194,20098
20101,20197
20290,20194
20197,20293
20386,20290
20293,20389
20482,20386
20389,20485
20578,20482
20485,20581
20674,20578
20581,20677
20770,20674
20677,20773
20866,20770
20773,20869
20962,20866
20869,20965
21058,20962
20965,21061
21154,21058
21061,21157
21250,21154
21157,21253
21346,21250
21253,21349
21442,21346
21349,21445
21538,21442
21445,21541
21634,21538
21541,21637
21730,21634
21637,21733
21826,21730
21733,21829
21922,21826
21829,21925
22018,21922
21925,22021
22114,22018
22021,22117
22210,22114
22117,22213
22306,22210
22213,22309
22402,22306
22309,22405
22498,22402
22405,22501
22594,22498
22501,22597
22690,22594
22597,22693
22786,22690
22693,22789
22882,22786
22789,22885
22978,22882
22885,22981
23074,22978
22981,23077
23170,23074
23077,23173
23266,23170
23173,23269
23362,23266
23269,23365
23458,23362
23365,23461
23554,23458
23461,23557
23650,23554
23557,23653
23746,23650
23653,23749
23842,23746
23749,23845
23938,23842
23845,23941
24034,23938
23941,24037
24130,24034
24037,24133
24226,24130
24133,24229
24322,24226
24229,24325
24418,24322
24325,24421
24514,24418
24421,24517
24610,24514
24517,24613
24706,24610
24613,24709
24802,24706
24709,24805
24898,24802
24805,24901
24994,24898
24901,24997
25090,24994
24997,25093
25186,25090
25093,25189
25282,25186
25189,25285
25378,25282
25285,25381
25474,25378
25381,25477
25570,25474
25477,25573
25666,25570
25573,25669
25762,25666
25669,25765
25858,25762
25765,25861
25954,25858
25861,25957
26050,25954
25957,26053
26146,26050
26053,26149
26242,26146
26149,26245
26338,26242
26245,26341
26434,26338
26341,26437
26530,26434
26437,26533
26626,26530
26533,26629
26722,26626
26629,26725
26818,26722
26725,26821
26914,26818
26821,26917
27010,26914
26917,27013
27106,27010
27013,27109
27202,27106
27109,27205
27298,27202
27205,27301
27394,27298
27301,27397
27490,27394
27397,27493
27586,27490
27493,27589
27682,27586
27589,27685
27778,27682
27685,27781
27874,27778
27781,27877
27970,27874
27877,27973
28066,27970
27973,28069
28162,28066
28069,28165
28258,28162
28165,28261
28354,28258
28261,28357
28450,28354
28357,28453
28546,28450
28453,28549
28642,28546
28549,28645
28738,28642
28645,28741
28834,28738
28741,28837
28930,28834
28837,28933
29026,28930
28933,29029
29122,29026
29029,29125
29218,29122
29125,29221
29314,29218
29221,29317
29410,29314
29317,29413
29506,29410
29413,29509
29602,29506
29509,29605
29698,29602
29605,29701
29794,29698
29701,29797
29890,29794
29797,29893
29986,29890
29893,29989
30082,29986
29989,30085
30178,30082
30085,30181
30274,30178
30181,30277
30370,30274
30277,30373
30466,30370
30373,30469
30562,30466
30469,30565
30658,30562
30565,30661
30754,30658
30661,30757
30850,30754
30757,30853
30946,30850
30853,30949
31042,30946
30949,31045
31138,31042
31045,31141
31234,31138
31141,31237
31330,31234
31237,31333
31426,31330
31333,31429
31522,31426
31429,31525
31618,31522
31525,31621
31714,31618
31621,31717
31810,31714
31717,31813
31906,31810
31813,31909
32002,31906
31909,32005
32098,32002
32005,32101
32194,32098
32101,32197
32290,32194
32197,32293
32386,32290
32293,32389
32482,32386
32389,32485
32578,32482
32485,32581
32674,32578
32581,32677
32770,32674
32677,32773
32866,32770
32773,32869
32962,32866
32869,32965
33058,32962
32965,33061
33154,33058
33061,33157
33250,33154
33157,33253
33346,33250
33253,33349
33442,33346
33349,33445
33538,33442
33445,33541
33634,33538
33541,33637
33730,33634
33637,33733
33826,33730
33733,33829
33922,33826
33829,33925
34018,33922
33925,34021
34114,34018
34021,34117
34210,34114
34117,34213
34306,34210
34213,34309
34402,34306
34309,34405
34498,34402
34405,34501
34594,34498
34501,34597
34690,34594
34597,34693
34786,34690
34693,34789
34882,34786
34789,34885
34978,34882
34885,34981
35074,34978
34981,35077
35170,35074
35077,35173
35266,35170
35173,35269
35362,35266
35269,35365
35458,35362
35365,35461
35554,35458
35461,35557
35650,35554
35557,35653
35746,35650
35653,35749
35842,35746
35749,35845
35938,35842
35845,35941
36034,35938
35941,36037
36130,36034
36037,36133
36226,36130
36133,36229
36322,36226
36229,36325
36418,36322
36325,36421
36514,36418
36421,36517
36610,36514
36517,36613
36706,36610
36613,36709
36802,36706
36709,36805
36898,36802
36805,36901
36994,36898
36901,36997
37090,36994
36997,37093
37186,37090
37093,37189
37282,37186
37189,37285
37378,37282
37285,37381
37474,37378
37381,37477
37570,37474
37477,37573
37666,37570
37573,37669
37762,37666
37669,37765
37858,37762
37765,37861
37954,37858
37861,37957
38050,37954
37957,38053
38146,38050
38053,38149
38242,38146
38149,38245
38338,38242
38245,38341
38434,38338
38341,38437
38530,38434
38437,38533
38626,38530
38533,38629
38722,38626
38629,38725
38818,38722
38725,38821
38914,38818
38821,38917
39010,38914
38917,39013
39106,39010
39013,39109
39202,39106
39109,39205
39298,39202
39205,39301
39394,39298
39301,39397
39490,39394
39397,39493
39586,39490
39493,39589
39682,39586
39589,39685
39778,39682
39685,39781
39874,39778
39781,39877
39970,39874
39877,39973
40066,39970
39973,40069
40162,40066
40069,40165
40253,40162
40165,40261
40349,40253
40261,40357
40445,40349
40357,40453
40541,40445
40453,40549
40637,40541
40549,40645
40733,40637
40645,40741
40829,40733
40741,40837
40925,40829
40837,40933
41021,40925
40933,41029
41115,41021
41029,41125
41211,41115
41125,41221
41307,41211
41221,41317
41403,41307
41317,41413
41488,41403
41413,41509
41584,41488
41509,41605
41680,41584
41605,41701
41776,41680
41701,41797
41872,41776
41797,41893
41968,41872
41893,41989
42064,41968
41989,42085
42160,42064
42085,42181
42256,42160
42181,42277
42352,42256
42277,42373
42448,42352
42373,42469
42544,42448
42469,42565
42640,42544
42565,42661
42736,42640
42661,42757
42832,42736
42757,42853
42928,42832
42853,42949
43024,42928
42949,43045
43120,43024
43045,43141
43216,43120
43141,43237
43312,43216
43237,43333
43408,43312
43333,43429
43504,43408
43429,43525
43600,43504
43525,43621
43696,43600
43621,43717
43792,43696
43717,43813
43888,43792
43813,43909
43984,43888
43909,44005
44080,43984
44005,44101
44176,44080
44101,44197
44272,44176
44197,44293
44368,44272
44293,44389
44464,44368
44389,44485
44560,44464
44485,44581
44656,44560
44581,44677
44752,44656
44677,44773
44848,44752
44773,44869
44944,44848
44869,44965
45037,44944
44965,45061
45133,45037
45061,45157
45229,45133
45157,45253
45325,45229
45253,45349
45421,45325
45349,45445
45517,45421
45445,45541
45613,45517
45541,45637
45709,45613
45637,45733
45805,45709
45733,45829
45901,45805
45829,45925
45997,45901
45925,46021
46093,45997
46021,46117
46189,46093
46117,46213
46285,46189
46213,46309
46381,46285
46309,46405
46477,46381
46405,46501
46573,46477
46501,46597
46669,46573
46597,46693
46763,46669
46693,46789
46859,46763
46789,46885
46955,46859
46885,46981
47051,46955
46981,47077
47147,47051
47077,47173
47243,47147
47173,47269
47339,47243
47269,47365
47435,47339
47365,47461
47529,47435
47461,47557
47625,47529
47557,47653
47721,47625
47653,47749
47817,47721
47749,47845
47913,47817
47845,47941
48009,47913
47941,48037
48097,48009
48037,48133
48193,48097
48133,48229
48289,48193
48229,48325
48385,48289
48325,48421
48481,48385
48421,48517
48577,48481
48517,48613
48673,48577
48613,48709
48769,48673
48709,48805
48865,48769
48805,48901
48961,48865
48901,48997
49057,48961
48997,49093
49153,49057
49093,49189
49249,49153
49189,49285
49345,49249
49285,49381
49441,49345
49381,49477
49537,49441
49477,49573
49633,49537
49573,49669
49729,49633
49669,49765
49823,49729
49765,49861
49919,49823
49861,49957
50015,49919
49957,50053
50111,50015
50053,50149
50207,50111
50149,50245
50303,50207
50245,50341
50399,50303
50341,50437
50495,50399
50437,50533
50591,50495
50533,50629
50687,50591
50629,50725
50783,50687
50725,50821
50879,50783
50821,50917
50975,50879
50917,51013
51071,50975
51107,51071
51013,51110
51203,51107
51205,51203
51110,51208
51302,51205
51304,51302
51208,51307
51402,51304
51404,51402
51307,51407
51503,51404
51505,51503
51407,51508
51605,51505
51607,51605
51508,51610
51708,51607
51710,51708
51610,51713
51812,51710
51814,51812
51713,51817
51917,51814
51817,51921
52020,51917
52023,52020
51921,52026
52127,52023
52129,52127
52026,52132
52234,52129
52236,52234
52132,52239
52342,52236
52344,52342
52239,52347
52451,52344
52453,52451
52347,52456
52561,52453
52563,52561
52456,52566
52672,52563
52674,52672
52566,52677
52784,52674
52786,52784
52677,52789
52897,52786
52789,52901
53008,52897
53011,53008
52901,53014
53123,53011
53125,53123
53014,53128
53238,53125
53240,53238
53128,53243
53354,53240
53356,53354
53243,53359
53471,53356
53473,53471
53359,53476
53589,53473
53591,53589
53476,53594
53708,53591
53710,53708
53594,53713
53828,53710
53830,53828
53713,53833
53949,53830
53951,53949
53833,53954
54071,53951
54073,54071
53954,54076
54195,54073
54076,54198
54317,54195
54318,54317
54198,54321
54441,54318
54442,54441
54321,54445
54566,54442
54567,54566
54445,54570
54692,54567
54570,54695
54815,54692
54695,54818
54936,54815
54818,54939
55055,54936
54939,55058
55172,55055
55058,55175
55287,55172
55175,55290
55401,55287
55290,55404
55512,55401
55404,55515
55621,55512
55515,55624
55728,55621
55624,55731
55833,55728
55731,55836
55936,55833
55836,55939
56037,55936
55939,56040
56136,56037
56040,56139
56233,56136
56139,56236
56329,56233
56236,56332
56423,56329
56332,56426
56516,56423
56426,56519
56607,56516
56519,56610
56697,56607
56610,56700
56785,56697
56700,56788
56872,56785
56788,56875
56957,56872
56875,56960
57041,56957
56960,57044
57123,57041
57044,57126
57204,57123
57126,57207
57283,57204
57207,57286
57361,57283
57286,57364
57437,57361
57364,57440
57512,57437
57440,57515
57585,57512
57515,57588
57657,57585
57588,57660
57727,57657
57660,57730
57795,57727
57730,57798
57862,57795
57798,57865
57927,57862
57865,57930
57991,57927
57930,57994
58053,57991
57994,58056
58114,58053
58056,58117
58173,58114
58117,58176
58231,58173
58176,58234
58287,58231
58234,58290
58342,58287
58290,58345
58395,58342
58345,58398
58447,58395
58398,58450
58497,58447
58450,58500
58546,58497
58500,58549
58593,58546
58549,58596
58639,58593
58596,58642
58684,58639
58642,58687
58726,58684
58687,58729
58767,58726
58729,58770
58806,58767
58770,58809
58844,58806
58809,58847
58880,58844
58847,58883
58915,58880
58883,58918
58948,58915
58918,58951
58980,58948
58951,58983
59010,58980
58983,59013
59039,59010
59013,59042
59066,59039
59042,59069
59092,59066
59069,59095
59116,59092
59095,59119
59139,59116
59119,59142
59160,59139
59142,59163
59180,59160
59163,59183
59198,59180
59183,59201
59215,59198
59201,59218
59230,59215
59218,59233
59244,59230
59233,59247
59256,59244
59247,59259
59266,59256
59259,59269
59275,59266
59269,59278
59282,59275
59278,59285
59288,59282
59285,59290
59292,59288
59290,59294
59295,59292
59294,59296
59296,59295
0,1
3,0
1,4
7,3
4,8
13,7
8,14
20,13
14,21
29,20
21,30
39,29
30,40
51,39
40,52
65,51
52,66
80,65
66,81
97,80
81,98
115,97
98,116
135,115
116,136
156,135
136,157
179,156
157,180
203,179
180,204
204,205
230,203
205,231
231,232
259,230
232,260
260,261
291,259
261,292
292,293
325,291
293,326
326,327
362,325
327,363
400,362
363,401
401,402
402,403
442,400
403,443
443,444
486,442
444,487
532,486
487,533
533,534
580,532
534,581
581,582
631,580
582,632
632,633
685,631
633,686
686,687
741,685
687,742
742,743
800,741
743,801
801,802
861,800
802,862
862,863
925,861
863,926
926,927
991,925
927,992
992,993
1060,991
993,1061
1130,1060
1061,1131
1131,1132
1203,1130
1132,1204
1204,1205
1278,1203
1205,1279
1279,1280
1356,1278
1280,1357
1357,1358
1436,1356
1358,1437
1437,1438
1519,1436
1438,1520
1520,1521
1604,1519
1521,1605
1691,1604
1605,1692
1692,1693
1693,1694
1781,1691
1694,1782
1782,1783
1874,1781
1783,1875
1968,1874
1875,1969
1969,1970
2065,1968
1970,2066
2066,2067
2165,2065
2067,2166
2166,2167
2267,2165
2167,2270
2372,2267
2270,2375
2476,2372
2375,2479
2580,2476
2479,2583
2682,2580
2583,2685
2780,2682
2685,2787
2882,2780
2787,2889
2983,2882
2889,2990
3083,2983
2990,3090
3181,3083
3090,3190
3281,3181
3190,3290
3381,3281
3290,3390
3480,3381
3390,3489
3578,3480
3489,3587
3675,3578
3587,3684
3772,3675
3684,3781
3867,3772
3781,3877
3961,3867
3877,3973
4057,3961
3973,4069
4152,4057
4069,4165
4248,4152
4165,4261
4343,4248
4261,4357
4439,4343
4357,4453
4535,4439
4453,4549
4631,4535
4549,4645
4727,4631
4645,4741
4818,4727
4741,4837
4913,4818
4837,4933
5009,4913
4933,5029
5105,5009
5029,5125
5197,5105
5125,5221
5293,5197
5221,5317
5389,5293
5317,5413
5485,5389
5413,5509
5581,5485
5509,5605
5677,5581
5605,5701
5764,5677
5701,5797
5860,5764
5797,5893
5956,5860
5893,5989
6052,5956
5989,6085
6148,6052
6085,6181
6244,6148
6181,6277
6340,6244
6277,6373
6431,6340
6373,6469
6525,6431
6469,6565
6621,6525
6565,6661
6716,6621
6755,6716
6661,6758
6851,6755
6853,6851
6758,6856
6950,6853
6952,6950
6856,6955
7050,6952
7052,7050
6955,7055
7151,7052
7153,7151
7055,7156
7253,7153
7255,7253
7156,7258
7356,7255
7358,7356
7258,7361
7460,7358
7462,7460
7361,7465
7565,7462
7465,7569
7668,7565
7671,7668
7569,7674
7775,7671
7777,7775
7674,7780
7882,7777
7884,7882
7780,7887
7990,7884
7992,7990
7887,7995
8099,7992
8101,8099
7995,8104
8209,8101
8211,8209
8104,8214
8320,8211
8322,8320
8214,8325
8432,8322
8434,8432
8325,8437
8545,8434
8437,8549
8656,8545
8659,8656
8549,8662
8771,8659
8773,8771
8662,8776
8886,8773
8888,8886
8776,8891
9002,8888
9004,9002
8891,9007
9119,9004
9121,9119
9007,9124
9237,9121
9239,9237
9124,9242
9356,9239
9358,9356
9242,9361
9476,9358
9478,9476
9361,9481
9597,9478
9599,9597
9481,9602
9719,9599
9721,9719
9602,9724
9842,9721
9724,9846
9963,9842
9966,9963
9846,9969
10089,9966
10090,10089
9969,10093
10214,10090
10215,10214
10093,10218
10340,10215
10218,10343
10463,10340
10343,10466
10584,10463
10466,10587
10703,10584
10587,10706
10820,10703
10706,10823
10935,10820
10823,10938
11049,10935
10938,11052
11160,11049
11052,11163
11269,11160
11163,11272
11376,11269
11272,11379
11481,11376
11379,11484
11584,11481
11484,11587
11685,11584
11587,11688
11784,11685
11688,11787
11881,11784
11787,11884
11977,11881
11884,11980
12071,11977
11980,12074
12164,12071
12074,12167
12255,12164
12167,12258
12345,12255
12258,12348
12433,12345
12348,12436
12520,12433
12436,12523
12605,12520
12523,12608
12689,12605
12608,12692
12771,12689
12692,12774
12852,12771
12774,12855
12931,12852
12855,12934
13009,12931
12934,13012
13085,13009
13012,13088
13160,13085
13088,13163
13233,13160
13163,13236
13305,13233
13236,13308
13375,13305
13308,13378
13443,13375
13378,13446
13510,13443
13446,13513
13575,13510
13513,13578
13639,13575
13578,13642
13701,13639
13642,13704
13762,13701
13704,13765
13821,13762
13765,13824
13879,13821
13824,13882
13935,13879
13882,13938
13990,13935
13938,13993
14043,13990
13993,14046
14095,14043
14046,14098
14145,14095
14098,14148
14194,14145
14148,14197
14241,14194
14197,14244
14287,14241
14244,14290
14332,14287
14290,14335
14374,14332
14335,14377
14415,14374
14377,14418
14454,14415
14418,14457
14492,14454
14457,14495
14528,14492
14495,14531
14563,14528
14531,14566
14596,14563
14566,14599
14628,14596
14599,14631
14658,14628
14631,14661
14687,14658
14661,14690
14714,14687
14690,14717
14740,14714
14717,14743
14764,14740
14743,14767
14787,14764
14767,14790
14808,14787
14790,14811
14828,14808
14811,14831
14846,14828
14831,14849
14863,14846
14849,14866
14878,14863
14866,14881
14892,14878
14881,14895
14904,14892
14895,14907
14914,14904
14907,14917
14923,14914
14917,14926
14930,14923
14926,14933
14936,14930
14933,14938
14940,14936
14938,14942
14943,14940
14942,14944
14944,14943
0,1
3,0
1,4
7,3
4,8
13,7
8,14
20,13
14,21
29,20
21,30
39,29
30,40
51,39
40,52
65,51
52,66
80,65
66,81
97,80
81,98
115,97
98,116
135,115
116,136
156,135
136,157
179,156
157,180
203,179
180,204
204,205
230,203
205,231
231,232
259,230
232,260
260,261
291,259
261,292
292,293
325,291
293,326
326,327
362,325
327,363
363,364
401,362
364,402
402,403
443,401
403,444
444,445
487,443
445,488
533,487
488,534
534,535
581,533
535,582
582,583
632,581
583,633
633,634
686,632
634,687
687,688
742,686
688,743
743,744
801,742
744,802
802,803
862,801
803,863
863,864
926,862
864,927
927,928
992,926
928,993
993,994
1061,992
994,1062
1131,1061
1062,1132
1132,1133
1204,1131
1133,1205
1205,1206
1279,1204
1206,1280
1280,1281
1357,1279
1281,1358
1358,1359
1437,1357
1359,1438
1438,1439
1520,1437
1439,1521
1521,1522
1605,1520
1522,1606
1606,1607
1693,1605
1607,1694
1694,1695
1783,1693
1695,1784
1784,1785
1876,1783
1785,1877
1970,1876
1877,1971
1971,1972
2067,1970
1972,2068
2068,2069
2167,2067
2069,2168
2168,2169
2269,2167
2169,2272
2374,2269
2272,2377
2478,2374
2377,2481
2581,2478
2481,2584
2683,2581
2584,2686
2785,2683
2686,2788
2887,2785
2788,2890
2988,2887
2890,2991
3088,2988
2991,3091
3188,3088
3091,3191
3288,3188
3191,3291
3388,3288
3291,3391
3486,3388
3391,3489
3584,3486
3489,3587
3681,3584
3587,3684
3778,3681
3684,3781
3874,3778
3781,3877
3970,3874
3877,3973
4066,3970
3973,4069
4162,4066
4069,4165
4258,4162
4165,4261
4354,4258
4261,4357
4450,4354
4357,4453
4546,4450
4453,4549
4642,4546
4549,4645
4738,4642
4645,4741
4834,4738
4741,4837
4930,4834
4837,4933
5026,4930
4933,5029
5122,5026
5029,5125
5218,5122
5125,5221
5314,5218
5221,5317
5410,5314
5317,5413
5506,5410
5413,5509
5602,5506
5509,5605
5698,5602
5605,5701
5794,5698
5701,5797
5890,5794
5797,5893
5986,5890
5893,5989
6082,5986
5989,6085
6178,6082
6085,6181
6274,6178
6181,6277
6370,6274
6277,6373
6466,6370
6373,6469
6562,6466
6469,6565
6658,6562
6565,6661
6754,6658
6661,6757
6850,6754
6757,6853
6946,6850
6853,6949
7042,6946
6949,7045
7138,7042
7045,7141
7234,7138
7141,7237
7330,7234
7237,7333
7426,7330
7333,7429
7522,7426
7429,7525
7618,7522
7525,7621
7714,7618
7621,7717
7810,7714
7717,7813
7906,7810
7813,7909
8002,7906
7909,8005
8098,8002
8005,8101
8194,8098
8101,8197
8290,8194
8197,8293
8386,8290
8293,8389
8482,8386
8389,8485
8578,8482
8485,8581
8674,8578
8581,8677
8770,8674
8677,8773
8866,8770
8773,8869
8962,8866
8869,8965
9058,8962
8965,9061
9154,9058
9061,9157
9246,9154
9157,9253
9338,9246
9253,9349
9434,9338
9349,9445
9528,9434
9445,9541
9624,9528
9541,9637
9715,9624
9637,9733
9811,9715
9733,9829
9907,9811
9829,9925
10003,9907
9925,10021
10094,10003
10021,10117
10190,10094
10117,10213
10281,10190
10213,10309
10372,10281
10309,10405
10468,10372
10405,10501
10564,10468
10501,10597
10660,10564
10597,10693
10756,10660
10693,10789
10852,10756
10789,10885
10948,10852
10885,10981
11044,10948
10981,11077
11140,11044
11077,11173
11236,11140
11173,11269
11332,11236
11269,11365
11428,11332
11365,11461
11524,11428
11461,11557
11617,11524
11557,11653
11713,11617
11653,11749
11809,11713
11749,11845
11905,11809
11845,11941
11996,11905
11941,12037
12092,11996
12037,12133
12188,12092
12133,12229
12282,12188
12229,12325
12378,12282
12325,12421
12472,12378
12421,12517
12568,12472
12517,12613
12664,12568
12613,12709
12760,12664
12709,12805
12856,12760
12805,12901
12952,12856
12901,12997
13048,12952
12997,13093
13144,13048
13093,13189
13240,13144
13189,13285
13336,13240
13285,13381
13432,13336
13381,13477
13527,13432
13477,13573
13623,13527
13573,13669
13717,13623
13669,13765
13813,13717
13765,13861
13909,13813
13861,13957
14005,13909
13957,14053
14100,14005
14147,14100
14053,14150
14243,14147
14245,14243
14150,14248
14342,14245
14344,14342
14248,14347
14442,14344
14444,14442
14347,14447
14543,14444
14545,14543
14447,14548
14645,14545
14647,14645
14548,14650
14748,14647
14750,14748
14650,14753
14852,14750
14854,14852
14753,14857
14957,14854
14857,14961
15060,14957
15063,15060
14961,15066
15167,15063
15169,15167
15066,15172
15274,15169
15276,15274
15172,15279
15382,15276
15384,15382
15279,15387
15491,15384
15493,15491
15387,15496
15601,15493
15603,15601
15496,15606
15712,15603
15714,15712
15606,15717
15824,15714
15826,15824
15717,15829
15937,15826
15829,15941
16048,15937
16051,16048
15941,16054
16163,16051
16165,16163
16054,16168
16278,16165
16280,16278
16168,16283
16394,16280
16396,16394
16283,16399
16511,16396
16513,16511
16399,16516
16629,16513
16631,16629
16516,16634
16748,16631
16750,16748
16634,16753
16868,16750
16870,16868
16753,16873
16989,16870
16991,16989
16873,16994
17111,16991
17113,17111
16994,17116
17234,17113
17116,17238
17355,17234
17358,17355
17238,17361
17480,17358
17482,17480
17361,17485
17606,17482
17607,17606
17485,17610
17732,17607
17610,17735
17855,17732
17735,17858
17976,17855
17858,17979
18095,17976
17979,18098
18212,18095
18098,18215
18327,18212
18215,18330
18441,18327
18330,18444
18552,18441
18444,18555
18661,18552
18555,18664
18768,18661
18664,18771
18873,18768
18771,18876
18976,18873
18876,18979
19077,18976
18979,19080
19176,19077
19080,19179
19273,19176
19179,19276
19369,19273
19276,19372
19463,19369
19372,19466
19556,19463
19466,19559
19647,19556
19559,19650
19737,19647
19650,19740
19825,19737
19740,19828
19912,19825
19828,19915
19997,19912
19915,20000
20081,19997
20000,20084
20163,20081
20084,20166
20244,20163
20166,20247
20323,20244
20247,20326
20401,20323
20326,20404
20477,20401
20404,20480
20552,20477
20480,20555
20625,20552
20555,20628
20697,20625
20628,20700
20767,20697
20700,20770
20835,20767
20770,20838
20902,20835
20838,20905
20967,20902
20905,20970
21031,20967
20970,21034
21093,21031
21034,21096
21154,21093
21096,21157
21213,21154
21157,21216
21271,21213
21216,21274
21327,21271
21274,21330
21382,21327
21330,21385
21435,21382
21385,21438
21487,21435
21438,21490
21537,21487
21490,21540
21586,21537
21540,21589
21633,21586
21589,21636
21679,21633
21636,21682
21724,21679
21682,21727
21766,21724
21727,21769
21807,21766
21769,21810
21846,21807
21810,21849
21884,21846
21849,21887
21920,21884
21887,21923
21955,21920
21923,21958
21988,21955
21958,21991
22020,21988
21991,22023
22050,22020
22023,22053
22079,22050
22053,22082
22106,22079
22082,22109
22132,22106
22109,22135
22156,22132
22135,22159
22179,22156
22159,22182
22200,22179
22182,22203
22220,22200
22203,22223
22238,22220
22223,22241
22255,22238
22241,22258
22270,22255
22258,22273
22284,22270
22273,22287
22296,22284
22287,22299
22306,22296
22299,22309
22315,22306
22309,22318
22322,22315
22318,22325
22328,22322
22325,22330
22332,22328
22330,22334
22335,22332
22334,22336
22336,22335
0,1
3,0
1,4
7,3
4,8
13,7
8,14
20,13
14,21
29,20
21,30
39,29
30,40
51,39
40,52
65,51
52,66
80,65
66,81
97,80
81,98
115,97
98,116
135,115
116,136
156,135
136,157
179,156
157,180
203,179
180,204
204,205
230,203
205,231
231,232
259,230
232,260
260,261
291,259
261,292
292,293
325,291
293,326
326,327
362,325
327,363
363,364
401,362
364,402
402,403
443,401
403,444
444,445
487,443
445,488
533,487
488,534
534,535
581,533
535,582
582,583
632,581
583,633
633,634
686,632
634,687
687,688
742,686
688,743
743,744
801,742
744,802
802,803
862,801
803,863
863,864
926,862
864,927
927,928
992,926
928,993
993,994
1061,992
994,1062
1131,1061
1062,1132
1132,1133
1204,1131
1133,1205
1205,1206
1279,1204
1206,1280
1280,1281
1357,1279
1281,1358
1358,1359
1437,1357
1359,1438
1438,1439
1520,1437
1439,1521
1521,1522
1605,1520
1522,1606
1606,1607
1693,1605
1607,1694
1694,1695
1783,1693
1695,1784
1784,1785
1876,1783
1785,1877
1970,1876
1877,1971
1971,1972
2067,1970
1972,2068
2068,2069
2167,2067
2069,2168
2168,2169
2269,2167
2169,2272
2374,2269
2272,2377
2478,2374
2377,2481
2581,2478
2481,2584
2683,2581
2584,2686
2785,2683
2686,2788
2887,2785
2788,2890
2988,2887
2890,2991
3088,2988
2991,3091
3188,3088
3091,3191
3288,3188
3191,3291
3388,3288
3291,3391
3486,3388
3391,3489
3584,3486
3489,3587
3681,3584
3587,3684
3778,3681
3684,3781
3874,3778
3781,3877
3970,3874
3877,3973
4066,3970
3973,4069
4162,4066
4069,4165
4258,4162
4165,4261
4354,4258
4261,4357
4450,4354
4357,4453
4546,4450
4453,4549
4642,4546
4549,4645
4738,4642
4645,4741
4834,4738
4741,4837
4930,4834
4837,4933
5026,4930
4933,5029
5122,5026
5029,5125
5218,5122
5125,5221
5314,5218
5221,5317
5410,5314
5317,5413
5506,5410
5413,5509
5602,5506
5509,5605
5698,5602
5605,5701
5794,5698
5701,5797
5890,5794
5797,5893
5986,5890
5893,5989
6082,5986
5989,6085
6178,6082
6085,6181
6274,6178
6181,6277
6370,6274
6277,6373
6466,6370
6373,6469
6562,6466
6469,6565
6658,6562
6565,6661
6754,6658
6661,6757
6850,6754
6757,6853
6946,6850
6853,6949
7042,6946
6949,7045
7138,7042
7045,7141
7234,7138
7141,7237
7330,7234
7237,7333
7426,7330
7333,7429
7522,7426
7429,7525
7618,7522
7525,7621
7714,7618
7621,7717
7810,7714
7717,7813
7906,7810
7813,7909
8002,7906
7909,8005
8098,8002
8005,8101
8194,8098
8101,8197
8290,8194
8197,8293
8386,8290
8293,8389
8482,8386
8389,8485
8578,8482
8485,8581
8674,8578
8581,8677
8770,8674
8677,8773
8866,8770
8773,8869
8962,8866
8869,8965
9058,8962
8965,9061
9154,9058
9061,9157
9250,9154
9157,9253
9346,9250
9253,9349
9442,9346
9349,9445
9538,9442
9445,9541
9634,9538
9541,9637
9730,9634
9637,9733
9826,9730
9733,9829
9922,9826
9829,9925
10018,9922
9925,10021
10114,10018
10021,10117
10210,10114
10117,10213
10306,10210
10213,10309
10402,10306
10309,10405
10498,10402
10405,10501
10594,10498
10501,10597
10690,10594
10597,10693
10786,10690
10693,10789
10882,10786
10789,10885
10978,10882
10885,10981
11074,10978
10981,11077
11170,11074
11077,11173
11266,11170
11173,11269
11362,11266
11269,11365
11458,11362
11365,11461
11554,11458
11461,11557
11650,11554
11557,11653
11746,11650
11653,11749
11842,11746
11749,11845
11938,11842
11845,11941
12034,11938
11941,12037
12130,12034
12037,12133
12226,12130
12133,12229
12322,12226
12229,12325
12418,12322
12325,12421
12514,12418
12421,12517
12610,12514
12517,12613
12706,12610
12613,12709
12802,12706
12709,12805
12898,12802
12805,12901
12994,12898
12901,12997
13090,12994
12997,13093
13186,13090
13093,13189
13274,13186
13189,13285
13370,13274
13285,13381
13466,13370
13381,13477
13562,13466
13477,13573
13656,13562
13573,13669
13752,13656
13669,13765
13843,13752
13765,13861
13939,13843
13861,13957
14035,13939
13957,14053
14131,14035
14053,14149
14227,14131
14149,14245
14323,14227
14245,14341
14419,14323
14341,14437
14510,14419
14437,14533
14606,14510
14533,14629
14702,14606
14629,14725
14793,14702
14725,14821
14889,14793
14821,14917
14980,14889
14917,15013
15076,14980
15013,15109
15172,15076
15109,15205
15268,15172
15205,15301
15364,15268
15301,15397
15460,15364
15397,15493
15556,15460
15493,15589
15652,15556
15589,15685
15748,15652
15685,15781
15844,15748
15781,15877
15940,15844
15877,15973
16036,15940
15973,16069
16132,16036
16069,16165
16228,16132
16165,16261
16324,16228
16261,16357
16420,16324
16357,16453
16516,16420
16453,16549
16612,16516
16549,16645
16705,16612
16645,16741
16801,16705
16741,16837
16897,16801
16837,16933
16993,16897
16933,17029
17089,16993
17029,17125
17185,17089
17125,17221
17281,17185
17221,17317
17377,17281
17317,17413
17473,17377
17413,17509
17567,17473
17509,17605
17663,17567
17605,17701
17759,17663
17701,17797
17853,17759
17797,17893
17949,17853
17893,17989
18040,17949
17989,18085
18136,18040
18085,18181
18232,18136
18181,18277
18328,18232
18277,18373
18424,18328
18373,18469
18520,18424
18469,18565
18616,18520
18565,18661
18712,18616
18661,18757
18808,18712
18757,18853
18904,18808
18853,18949
19000,18904
18949,19045
19096,19000
19045,19141
19192,19096
19141,19237
19288,19192
19237,19333
19384,19288
19333,19429
19480,19384
19429,19525
19576,19480
19525,19621
19672,19576
19621,19717
19765,19672
19717,19813
19861,19765
19813,19909
19957,19861
19909,20005
20053,19957
20005,20101
20149,20053
20101,20197
20245,20149
20197,20293
20341,20245
20293,20389
20437,20341
20389,20485
20533,20437
20485,20581
20629,20533
20581,20677
20725,20629
20677,20773
20821,20725
20773,20869
20917,20821
20869,20965
21013,20917
20965,21061
21109,21013
21061,21157
21204,21109
21157,21253
21300,21204
21253,21349
21396,21300
21349,21445
21492,21396
21539,21492
21445,21542
21635,21539
21637,21635
21542,21640
21734,21637
21736,21734
21640,21739
21834,21736
21836,21834
21739,21839
21935,21836
21937,21935
21839,21940
22037,21937
22039,22037
21940,22042
22140,22039
22142,22140
22042,22145
22244,22142
22246,22244
22145,22249
22349,22246
22249,22353
22452,22349
22455,22452
22353,22458
22559,22455
22561,22559
22458,22564
22666,22561
22668,22666
22564,22671
22774,22668
22776,22774
22671,22779
22883,22776
22885,22883
22779,22888
22993,22885
22995,22993
22888,22998
23104,22995
23106,23104
22998,23109
23216,23106
23218,23216
23109,23221
23329,23218
23221,23333
23440,23329
23443,23440
23333,23446
23555,23443
23557,23555
23446,23560
23670,23557
23672,23670
23560,23675
23786,23672
23788,23786
23675,23791
23903,23788
23905,23903
23791,23908
24021,23905
24023,24021
23908,24026
24140,24023
24142,24140
24026,24145
24260,24142
24262,24260
24145,24265
24381,24262
24383,24381
24265,24386
24503,24383
24505,24503
24386,24508
24627,24505
24508,24630
24749,24627
24750,24749
24630,24753
24872,24750
24874,24872
24753,24877
24998,24874
24999,24998
24877,25002
25124,24999
25002,25127
25247,25124
25127,25250
25368,25247
25250,25371
25487,25368
25371,25490
25604,25487
25490,25607
25719,25604
25607,25722
25833,25719
25722,25836
25944,25833
25836,25947
26053,25944
25947,26056
26160,26053
26056,26163
26265,26160
26163,26268
26368,26265
26268,26371
26469,26368
26371,26472
26568,26469
26472,26571
26665,26568
26571,26668
26761,26665
26668,26764
26855,26761
26764,26858
26948,26855
26858,26951
27039,26948
26951,27042
27129,27039
27042,27132
27217,27129
27132,27220
27304,27217
27220,27307
27389,27304
27307,27392
27473,27389
27392,27476
27555,27473
27476,27558
27636,27555
27558,27639
27715,27636
27639,27718
27793,27715
27718,27796
27869,27793
27796,27872
27944,27869
27872,27947
28017,27944
27947,28020
28089,28017
28020,28092
28159,28089
28092,28162
28227,28159
28162,28230
28294,28227
28230,28297
28359,28294
28297,28362
28423,28359
28362,28426
28485,28423
28426,28488
28546,28485
28488,28549
28605,28546
28549,28608
28663,28605
28608,28666
28719,28663
28666,28722
28774,28719
28722,28777
28827,28774
28777,28830
28879,28827
28830,28882
28929,28879
28882,28932
28978,28929
28932,28981
29025,28978
28981,29028
29071,29025
29028,29074
29116,29071
29074,29119
29158,29116
29119,29161
29199,29158
29161,29202
29238,29199
29202,29241
29276,29238
29241,29279
29312,29276
29279,29315
29347,29312
29315,29350
29380,29347
29350,29383
29412,29380
29383,29415
29442,29412
29415,29445
29471,29442
29445,29474
29498,29471
29474,29501
29524,29498
29501,29527
29548,29524
29527,29551
29571,29548
29551,29574
29592,29571
29574,29595
29612,29592
29595,29615
29630,29612
29615,29633
29647,29630
29633,29650
29662,29647
29650,29665
29676,29662
29665,29679
29688,29676
29679,29691
29698,29688
29691,29701
29707,29698
29701,29710
29714,29707
29710,29717
29720,29714
29717,29722
29724,29720
29722,29726
29727,29724
29726,29728
29728,29727
0,1
3,0
1,4
7,3
4,8
13,7
8,14
20,13
14,21
29,20
21,30
39,29
30,40
51,39
40,52
65,51
52,66
80,65
66,81
97,80
81,98
115,97
98,116
135,115
116,136
156,135
136,157
179,156
157,180
203,179
180,204
204,205
230,203
205,231
231,232
259,230
232,260
260,261
291,259
261,292
292,293
325,291
293,326
326,327
362,325
327,363
363,364
401,362
364,402
402,403
443,401
403,444
444,445
487,443
445,488
533,487
488,534
534,535
581,533
535,582
582,583
632,581
583,633
633,634
686,632
634,687
687,688
742,686
688,743
743,744
801,742
744,802
802,803
862,801
803,863
863,864
926,862
864,927
927,928
992,926
928,993
993,994
1061,992
994,1062
1131,1061
1062,1132
1132,1133
1204,1131
1133,1205
1205,1206
1279,1204
1206,1280
1280,1281
1357,1279
1281,1358
1358,1359
1437,1357
1359,1438
1438,1439
1520,1437
1439,1521
1521,1522
1605,1520
1522,1606
1606,1607
1693,1605
1607,1694
1694,1695
1783,1693
1695,1784
1784,1785
1876,1783
1785,1877
1970,1876
1877,1971
1971,1972
2067,1970
1972,2068
2068,2069
2167,2067
2069,2168
2168,2169
2269,2167
2169,2272
2374,2269
2272,2377
2478,2374
2377,2481
2581,2478
2481,2584
2683,2581
2584,2686
2785,2683
2686,2788
2887,2785
2788,2890
2988,2887
2890,2991
3088,2988
2991,3091
3188,3088
3091,3191
3288,3188
3191,3291
3388,3288
3291,3391
3486,3388
3391,3489
3584,3486
3489,3587
3681,3584
3587,3684
3778,3681
3684,3781
3874,3778
3781,3877
3970,3874
3877,3973
4066,3970
3973,4069
4162,4066
4069,4165
4258,4162
4165,4261
4354,4258
4261,4357
4450,4354
4357,4453
4546,4450
4453,4549
4642,4546
4549,4645
4738,4642
4645,4741
4834,4738
4741,4837
4930,4834
4837,4933
5026,4930
4933,5029
5122,5026
5029,5125
5218,5122
5125,5221
5314,5218
5221,5317
5410,5314
5317,5413
5506,5410
5413,5509
5602,5506
5509,5605
5698,5602
5605,5701
5794,5698
5701,5797
5890,5794
5797,5893
5986,5890
5893,5989
6082,5986
5989,6085
6178,6082
6085,6181
6274,6178
6181,6277
6370,6274
6277,6373
6466,6370
6373,6469
6562,6466
6469,6565
6658,6562
6565,6661
6754,6658
6661,6757
6850,6754
6757,6853
6946,6850
6853,6949
7042,6946
6949,7045
7138,7042
7045,7141
7234,7138
7141,7237
7330,7234
7237,7333
7426,7330
7333,7429
7522,7426
7429,7525
7618,7522
7525,7621
7714,7618
7621,7717
7810,7714
7717,7813
7906,7810
7813,7909
8002,7906
7909,8005
8098,8002
8005,8101
8194,8098
8101,8197
8290,8194
8197,8293
8386,8290
8293,8389
8482,8386
8389,8485
8578,8482
8485,8581
8674,8578
8581,8677
8770,8674
8677,8773
8866,8770
8773,8869
8962,8866
8869,8965
9058,8962
8965,9061
9154,9058
9061,9157
9250,9154
9157,9253
9346,9250
9253,9349
9442,9346
9349,9445
9538,9442
9445,9541
9634,9538
9541,9637
9730,9634
9637,9733
9826,9730
9733,9829
9922,9826
9829,9925
10018,9922
9925,10021
10114,10018
10021,10117
10210,10114
10117,10213
10306,10210
10213,10309
10402,10306
10309,10405
10498,10402
10405,10501
10594,10498
10501,10597
10690,10594
10597,10693
10786,10690
10693,10789
10882,10786
10789,10885
10978,10882
10885,10981
11074,10978
10981,11077
11170,11074
11077,11173
11266,11170
11173,11269
11362,11266
11269,11365
11458,11362
11365,11461
11554,11458
11461,11557
11650,11554
11557,11653
11746,11650
11653,11749
11842,11746
11749,11845
11938,11842
11845,11941
12034,11938
11941,12037
12130,12034
12037,12133
12226,12130
12133,12229
12322,12226
12229,12325
12418,12322
12325,12421
12514,12418
12421,12517
12610,12514
12517,12613
12706,12610
12613,12709
12802,12706
12709,12805
12898,12802
12805,12901
12994,12898
12901,12997
13090,12994
12997,13093
13186,13090
13093,13189
13274,13186
13189,13285
13370,13274
13285,13381
13466,13370
13381,13477
13562,13466
13477,13573
13656,13562
13573,13669
13752,13656
13669,13765
13843,13752
13765,13861
13939,13843
13861,13957
14035,13939
13957,14053
14131,14035
14053,14149
14227,14131
14149,14245
14323,14227
14245,14341
14419,14323
14341,14437
14510,14419
14437,14533
14606,14510
14533,14629
14702,14606
14629,14725
14793,14702
14725,14821
14889,14793
14821,14917
14980,14889
14917,15013
15076,14980
15013,15109
15172,15076
15109,15205
15268,15172
15205,15301
15364,15268
15301,15397
15460,15364
15397,15493
15556,15460
15493,15589
15652,15556
15589,15685
15748,15652
15685,15781
15844,15748
15781,15877
15940,15844
15877,15973
16036,15940
15973,16069
16132,16036
16069,16165
16228,16132
16165,16261
16324,16228
16261,16357
16420,16324
16357,16453
16516,16420
16453,16549
16612,16516
16549,16645
16705,16612
16645,16741
16801,16705
16741,16837
16897,16801
16837,16933
16993,16897
16933,17029
17089,16993
17029,17125
17185,17089
17125,17221
17281,17185
17221,17317
17377,17281
17317,17413
17473,17377
17413,17509
17567,17473
17509,17605
17663,17567
17605,17701
17759,17663
17701,17797
17853,17759
17797,17893
17949,17853
17893,17989
18040,17949
17989,18085
18136,18040
18085,18181
18232,18136
18181,18277
18328,18232
18277,18373
18424,18328
18373,18469
18520,18424
18469,18565
18616,18520
18565,18661
18712,18616
18661,18757
18808,18712
18757,18853
18904,18808
18853,18949
19000,18904
18949,19045
19096,19000
19045,19141
19192,19096
19141,19237
19288,19192
19237,19333
19384,19288
19333,19429
19480,19384
19429,19525
19576,19480
19525,19621
19672,19576
19621,19717
19765,19672
19717,19813
19861,19765
19813,19909
19957,19861
19909,20005
20053,19957
20005,20101
20149,20053
20101,20197
20245,20149
20197,20293
20341,20245
20293,20389
20437,20341
20389,20485
20533,20437
20485,20581
20629,20533
20581,20677
20725,20629
20677,20773
20821,20725
20773,20869
20917,20821
20869,20965
21013,20917
20965,21061
21109,21013
21061,21157
21204,21109
21157,21253
21300,21204
21253,21349
21396,21300
21349,21445
21492,21396
21539,21492
21445,21542
21635,21539
21637,21635
21542,21640
21734,21637
21736,21734
21640,21739
21834,21736
21836,21834
21739,21839
21935,21836
21937,21935
21839,21940
22037,21937
22039,22037
21940,22042
22140,22039
22142,22140
22042,22145
22244,22142
22246,22244
22145,22249
22349,22246
22249,22353
22452,22349
22455,22452
22353,22458
22559,22455
22561,22559
22458,22564
22666,22561
22668,22666
22564,22671
22774,22668
22776,22774
22671,22779
22883,22776
22885,22883
22779,22888
22993,22885
22995,22993
22888,22998
23104,22995
23106,23104
22998,23109
23216,23106
23218,23216
23109,23221
23329,23218
23221,23333
23440,23329
23443,23440
23333,23446
23555,23443
23557,23555
23446,23560
23670,23557
23672,23670
23560,23675
23786,23672
23788,23786
23675,23791
23903,23788
23905,23903
23791,23908
24021,23905
24023,24021
23908,24026
24140,24023
24142,24140
24026,24145
24260,24142
24262,24260
24145,24265
24381,24262
24383,24381
24265,24386
24503,24383
24505,24503
24386,24508
24627,24505
24508,24630
24749,24627
24750,24749
24630,24753
24872,24750
24874,24872
24753,24877
24998,24874
24999,24998
24877,25002
25124,24999
25002,25127
25247,25124
25127,25250
25368,25247
25250,25371
25487,25368
25371,25490
25604,25487
25490,25607
25719,25604
25607,25722
25833,25719
25722,25836
25944,25833
25836,25947
26053,25944
25947,26056
26160,26053
26056,26163
26265,26160
26163,26268
26368,26265
26268,26371
26469,26368
26371,26472
26568,26469
26472,26571
26665,26568
26571,26668
26761,26665
26668,26764
26855,26761
26764,26858
26948,26855
26858,26951
27039,26948
26951,27042
27129,27039
27042,27132
27217,27129
27132,27220
27304,27217
27220,27307
27389,27304
27307,27392
27473,27389
27392,27476
27555,27473
27476,27558
27636,27555
27558,27639
27715,27636
27639,27718
27793,27715
27718,27796
27869,27793
27796,27872
27944,27869
27872,27947
28017,27944
27947,28020
28089,28017
28020,28092
28159,28089
28092,28162
28227,28159
28162,28230
28294,28227
28230,28297
28359,28294
28297,28362
28423,28359
28362,28426
28485,28423
28426,28488
28546,28485
28488,28549
28605,28546
28549,28608
28663,28605
28608,28666
28719,28663
28666,28722
28774,28719
28722,28777
28827,28774
28777,28830
28879,28827
28830,28882
28929,28879
28882,28932
28978,28929
28932,28981
29025,28978
28981,29028
29071,29025
29028,29074
29116,29071
29074,29119
29158,29116
29119,29161
29199,29158
29161,29202
29238,29199
29202,29241
29276,29238
29241,29279
29312,29276
29279,29315
29347,29312
29315,29350
29380,29347
29350,29383
29412,29380
29383,29415
29442,29412
29415,29445
29471,29442
29445,29474
29498,29471
29474,29501
29524,29498
29501,29527
29548,29524
29527,29551
29571,29548
29551,29574
29592,29571
29574,29595
29612,29592
29595,29615
29630,29612
29615,29633
29647,29630
29633,29650
29662,29647
29650,29665
29676,29662
29665,29679
29688,29676
29679,29691
29698,29688
29691,29701
29707,29698
29701,29710
29714,29707
29710,29717
29720,29714
29717,29722
29724,29720
29722,29726
29727,29724
29726,29728
29728,29727
0,1
3,0
1,4
7,3
4,8
13,7
8,14
20,13
14,21
29,20
21,30
39,29
30,40
51,39
40,52
65,51
52,66
80,65
66,81
97,80
81,98
115,97
98,116
135,115
116,136
156,135
136,157
179,156
157,180
203,179
180,204
204,205
230,203
205,231
231,232
259,230
232,260
260,261
291,259
261,292
292,293
325,291
293,326
326,327
362,325
327,363
363,364
401,362
364,402
402,403
443,401
403,444
444,445
487,443
445,488
533,487
488,534
534,535
581,533
535,582
582,583
632,581
583,633
633,634
686,632
634,687
687,688
742,686
688,743
743,744
801,742
744,802
802,803
862,801
803,863
863,864
926,862
864,927
927,928
992,926
928,993
993,994
1061,992
994,1062
1062,1063
1132,1061
1063,1133
1205,1132
1133,1206
1206,1207
1280,1205
1207,1281
1281,1282
1358,1280
1282,1359
1359,1360
1438,1358
1360,1439
1439,1440
1521,1438
1440,1522
1522,1523
1606,1521
1523,1607
1607,1608
1694,1606
1608,1695
1695,1696
1784,1694
1696,1785
1785,1786
1877,1784
1786,1878
1972,1877
1878,1973
1973,1974
2069,1972
1974,2070
2070,2071
2169,2069
2071,2170
2170,2171
2271,2169
2171,2274
2376,2271
2274,2379
2480,2376
2379,2483
2583,2480
2483,2586
2685,2583
2586,2688
2787,2685
2688,2790
2889,2787
2790,2892
2990,2889
2892,2993
3090,2990
2993,3093
3190,3090
3093,3193
3290,3190
3193,3293
3390,3290
3293,3393
3488,3390
3393,3491
3586,3488
3491,3589
3683,3586
3589,3686
3780,3683
3686,3783
3876,3780
3783,3879
3972,3876
3879,3975
4068,3972
3975,4071
4164,4068
4071,4167
4260,4164
4167,4263
4356,4260
4263,4359
4452,4356
4359,4455
4548,4452
4455,4551
4644,4548
4551,4647
4740,4644
4647,4743
4836,4740
4743,4839
4932,4836
4839,4935
5028,4932
4935,5031
5124,5028
5031,5127
5220,5124
5127,5223
5316,5220
5223,5319
5412,5316
5319,5415
5508,5412
5415,5511
5604,5508
5511,5607
5700,5604
5607,5703
5796,5700
5703,5799
5892,5796
5799,5895
5988,5892
5895,5991
6084,5988
5991,6087
6180,6084
6087,6183
6276,6180
6183,6279
6372,6276
6279,6375
6468,6372
6375,6471
6564,6468
6471,6567
6660,6564
6567,6663
6756,6660
6663,6759
6852,6756
6759,6855
6948,6852
6855,6951
7044,6948
6951,7047
7140,7044
7047,7143
7236,7140
7143,7239
7332,7236
7239,7335
7428,7332
7335,7431
7524,7428
7431,7527
7620,7524
7527,7623
7716,7620
7623,7719
7812,7716
7719,7815
7908,7812
7815,7911
8004,7908
7911,8007
8100,8004
8007,8103
8196,8100
8103,8199
8292,8196
8199,8295
8388,8292
8295,8391
8484,8388
8391,8487
8580,8484
8487,8583
8676,8580
8583,8679
8772,8676
8679,8775
8868,8772
8775,8871
8964,8868
8871,8967
9060,8964
8967,9063
9156,9060
9063,9159
9252,9156
9159,9255
9348,9252
9255,9351
9444,9348
9351,9447
9540,9444
9447,9543
9636,9540
9543,9639
9732,9636
9639,9735
9828,9732
9735,9831
9924,9828
9831,9927
10020,9924
9927,10023
10116,10020
10023,10119
10212,10116
10119,10215
10308,10212
10215,10311
10404,10308
10311,10407
10500,10404
10407,10503
10596,10500
10503,10599
10692,10596
10599,10695
10788,10692
10695,10791
10884,10788
10791,10887
10980,10884
10887,10983
11076,10980
10983,11079
11172,11076
11079,11175
11268,11172
11175,11271
11364,11268
11271,11367
11460,11364
11367,11463
11556,11460
11463,11559
11652,11556
11559,11655
11748,11652
11655,11751
11844,11748
11751,11847
11940,11844
11847,11943
12036,11940
11943,12039
12132,12036
12039,12135
12228,12132
12135,12231
12324,12228
12231,12327
12420,12324
12327,12423
12516,12420
12423,12519
12612,12516
12519,12615
12708,12612
12615,12711
12804,12708
12711,12807
12900,12804
12807,12903
12996,12900
12903,12999
13092,12996
12999,13095
13188,13092
13095,13191
13284,13188
13191,13287
13380,13284
13287,13383
13476,13380
13383,13479
13572,13476
13479,13575
13668,13572
13575,13671
13764,13668
13671,13767
13860,13764
13767,13863
13956,13860
13863,13959
14052,13956
13959,14055
14148,14052
14055,14151
14244,14148
14151,14247
14340,14244
14247,14343
14436,14340
14343,14439
14532,14436
14439,14535
14628,14532
14535,14631
14724,14628
14631,14727
14820,14724
14727,14823
14916,14820
14823,14919
15012,14916
14919,15015
15108,15012
15015,15111
15204,15108
15111,15207
15300,15204
15207,15303
15396,15300
15303,15399
15492,15396
15399,15495
15588,15492
15495,15591
15684,15588
15591,15687
15780,15684
15687,15783
15876,15780
15783,15879
15972,15876
15879,15975
16068,15972
15975,16071
16164,16068
16071,16167
16260,16164
16167,16263
16356,16260
16263,16359
16452,16356
16359,16455
16548,16452
16455,16551
16644,16548
16551,16647
16740,16644
16647,16743
16836,16740
16743,16839
16932,16836
16839,16935
17028,16932
16935,17031
17124,17028
17031,17127
17220,17124
17127,17223
17316,17220
17223,17319
17412,17316
17319,17415
17508,17412
17415,17511
17604,17508
17511,17607
17700,17604
17607,17703
17796,17700
17703,17799
17892,17796
17799,17895
17988,17892
17895,17991
18084,17988
17991,18087
18180,18084
18087,18183
18276,18180
18183,18279
18372,18276
18279,18375
18468,18372
18375,18471
18564,18468
18471,18567
18660,18564
18567,18663
18756,18660
18663,18759
18852,18756
18759,18855
18948,18852
18855,18951
19044,18948
18951,19047
19140,19044
19047,19143
19236,19140
19143,19239
19332,19236
19239,19335
19428,19332
19335,19431
19524,19428
19431,19527
19620,19524
19527,19623
19716,19620
19623,19719
19812,19716
19719,19815
19908,19812
19815,19911
20004,19908
19911,20007
20100,20004
20007,20103
20196,20100
20103,20199
20292,20196
20199,20295
20388,20292
20295,20391
20484,20388
20391,20487
20580,20484
20487,20583
20676,20580
20583,20679
20772,20676
20679,20775
20868,20772
20775,20871
20964,20868
20871,20967
21060,20964
20967,21063
21156,21060
21063,21159
21252,21156
21159,21255
21348,21252
21255,21351
21444,21348
21351,21447
21540,21444
21447,21543
21636,21540
21543,21639
21732,21636
21639,21735
21828,21732
21735,21831
21924,21828
21831,21927
22020,21924
21927,22023
22116,22020
22023,22119
22212,22116
22119,22215
22308,22212
22215,22311
22404,22308
22311,22407
22500,22404
22407,22503
22596,22500
22503,22599
22692,22596
22599,22695
22788,22692
22695,22791
22884,22788
22791,22887
22980,22884
22887,22983
23076,22980
22983,23079
23172,23076
23079,23175
23268,23172
23175,23271
23364,23268
23271,23367
23460,23364
23367,23463
23556,23460
23463,23559
23652,23556
23559,23655
23748,23652
23655,23751
23844,23748
23751,23847
23940,23844
23847,23943
24036,23940
23943,24039
24132,24036
24039,24135
24228,24132
24135,24231
24324,24228
24231,24327
24420,24324
24327,24423
24516,24420
24423,24519
24612,24516
24519,24615
24708,24612
24615,24711
24804,24708
24711,24807
24900,24804
24807,24903
24996,24900
24903,24999
25092,24996
24999,25095
25188,25092
25095,25191
25284,25188
25191,25287
25380,25284
25287,25383
25476,25380
25383,25479
25572,25476
25479,25575
25668,25572
25575,25671
25764,25668
25671,25767
25860,25764
25767,25863
25956,25860
25863,25959
26052,25956
25959,26055
26148,26052
26055,26151
26244,26148
26151,26247
26340,26244
26247,26343
26436,26340
26343,26439
26532,26436
26439,26535
26628,26532
26535,26631
26724,26628
26631,26727
26820,26724
26727,26823
26916,26820
26823,26919
27012,26916
26919,27015
27108,27012
27015,27111
27204,27108
27111,27207
27300,27204
27207,27303
27396,27300
27303,27399
27492,27396
27399,27495
27588,27492
27495,27591
27684,27588
27591,27687
27780,27684
27687,27783
27876,27780
27783,27879
27972,27876
27879,27975
28068,27972
27975,28071
28164,28068
28071,28167
28260,28164
28167,28263
28356,28260
28263,28359
28452,28356
28359,28455
28548,28452
28455,28551
28644,28548
28551,28647
28740,28644
28647,28743
28836,28740
28743,28839
28932,28836
28839,28935
29028,28932
28935,29031
29124,29028
29031,29127
29220,29124
29127,29223
29316,29220
29223,29319
29412,29316
29319,29415
29508,29412
29415,29511
29604,29508
29511,29607
29700,29604
29607,29703
29796,29700
29703,29799
29892,29796
29799,29895
29988,29892
29895,29991
30084,29988
29991,30087
30180,30084
30087,30183
30276,30180
30183,30279
30372,30276
30279,30375
30468,30372
30375,30471
30564,30468
30471,30567
30660,30564
30567,30663
30756,30660
30663,30759
30852,30756
30759,30855
30948,30852
30855,30951
31044,30948
30951,31047
31140,31044
31047,31143
31236,31140
31143,31239
31332,31236
31239,31335
31428,31332
31335,31431
31524,31428
31431,31527
31620,31524
31527,31623
31716,31620
31623,31719
31812,31716
31719,31815
31908,31812
31815,31911
32004,31908
31911,32007
32100,32004
32007,32103
32196,32100
32103,32199
32292,32196
32199,32295
32388,32292
32295,32391
32484,32388
32391,32487
32580,32484
32487,32583
32676,32580
32583,32679
32772,32676
32679,32775
32868,32772
32775,32871
32964,32868
32871,32967
33060,32964
32967,33063
33156,33060
33063,33159
33252,33156
33159,33255
33348,33252
33255,33351
33444,33348
33351,33447
33540,33444
33447,33543
33636,33540
33543,33639
33732,33636
33639,33735
33828,33732
33735,33831
33924,33828
33831,33927
34020,33924
33927,34023
34116,34020
34023,34119
34212,34116
34119,34215
34308,34212
34215,34311
34404,34308
34311,34407
34500,34404
34407,34503
34596,34500
34503,34599
34692,34596
34599,34695
34788,34692
34695,34791
34884,34788
34791,34887
34980,34884
34887,34983
35076,34980
34983,35079
35172,35076
35079,35175
35268,35172
35175,35271
35364,35268
35271,35367
35460,35364
35367,35463
35556,35460
35463,35559
35652,35556
35559,35655
35748,35652
35655,35751
35844,35748
35751,35847
35940,35844
35847,35943
36036,35940
35943,36039
36132,36036
36039,36135
36228,36132
36135,36231
36324,36228
36231,36327
36420,36324
36327,36423
36516,36420
36423,36519
36612,36516
36519,36615
36708,36612
36615,36711
36804,36708
36711,36807
36900,36804
36807,36903
36996,36900
36903,36999
37092,36996
36999,37095
37188,37092
37095,37191
37284,37188
37191,37287
37380,37284
37287,37383
37476,37380
37383,37479
37572,37476
37479,37575
37668,37572
37575,37671
37764,37668
37671,37767
37860,37764
37767,37863
37956,37860
37863,37959
38052,37956
37959,38055
38148,38052
38055,38151
38244,38148
38151,38247
38340,38244
38247,38343
38436,38340
38343,38439
38532,38436
38439,38535
38628,38532
38535,38631
38724,38628
38631,38727
38820,38724
38727,38823
38916,38820
38823,38919
39012,38916
38919,39015
39108,39012
39015,39111
39204,39108
39111,39207
39300,39204
39207,39303
39396,39300
39303,39399
39492,39396
39399,39495
39588,39492
39495,39591
39684,39588
39591,39687
39780,39684
39687,39783
39876,39780
39783,39879
39972,39876
39879,39975
40068,39972
39975,40071
40164,40068
40071,40167
40260,40164
40167,40263
40356,40260
40263,40359
40452,40356
40359,40455
40548,40452
40455,40551
40644,40548
40551,40647
40740,40644
40647,40743
40836,40740
40743,40839
40932,40836
40839,40935
41028,40932
40935,41031
41124,41028
41031,41127
41220,41124
41127,41223
41316,41220
41223,41319
41412,41316
41319,41415
41508,41412
41415,41511
41604,41508
41511,41607
41700,41604
41607,41703
41796,41700
41703,41799
41892,41796
41799,41895
41988,41892
41895,41991
42084,41988
41991,42087
42180,42084
42087,42183
42276,42180
42183,42279
42372,42276
42279,42375
42468,42372
42375,42471
42564,42468
42471,42567
42660,42564
42567,42663
42756,42660
42663,42759
42852,42756
42759,42855
42948,42852
42855,42951
43044,42948
42951,43047
43140,43044
43047,43143
43236,43140
43143,43239
43332,43236
43239,43335
43428,43332
43335,43431
43524,43428
43431,43527
43620,43524
43527,43623
43716,43620
43623,43719
43812,43716
43719,43815
43908,43812
43815,43911
44004,43908
43911,44007
44100,44004
44007,44103
44196,44100
44103,44199
44292,44196
44199,44295
44388,44292
44295,44391
44484,44388
44391,44487
44580,44484
44487,44583
44676,44580
44583,44679
44772,44676
44679,44775
44868,44772
44775,44871
44964,44868
44871,44967
45060,44964
44967,45063
45156,45060
45063,45159
45252,45156
45159,45255
45348,45252
45255,45351
45444,45348
45351,45447
45540,45444
45447,45543
45636,45540
45543,45639
45732,45636
45639,45735
45828,45732
45735,45831
45924,45828
45831,45927
46020,45924
45927,46023
46116,46020
46023,46119
46212,46116
46119,46215
46308,46212
46215,46311
46404,46308
46311,46407
46500,46404
46407,46503
46596,46500
46503,46599
46692,46596
46599,46695
46788,46692
46695,46791
46884,46788
46791,46887
46980,46884
46887,46983
47076,46980
46983,47079
47172,47076
47079,47175
47268,47172
47175,47271
47364,47268
47271,47367
47460,47364
47367,47463
47556,47460
47463,47559
47652,47556
47559,47655
47748,47652
47655,47751
47844,47748
47751,47847
47940,47844
47847,47943
48036,47940
47943,48039
48132,48036
48039,48135
48228,48132
48135,48231
48324,48228
48231,48327
48420,48324
48327,48423
48516,48420
48423,48519
48612,48516
48519,48615
48708,48612
48615,48711
48804,48708
48711,48807
48900,48804
48807,48903
48996,48900
48903,48999
49092,48996
48999,49095
49188,49092
49095,49191
49284,49188
49191,49287
49380,49284
49287,49383
49476,49380
49383,49479
49572,49476
49479,49575
49668,49572
49575,49671
49764,49668
49671,49767
49860,49764
49767,49863
49956,49860
49863,49959
50052,49956
49959,50055
50148,50052
50055,50151
50244,50148
50151,50247
50340,50244
50247,50343
50436,50340
50343,50439
50532,50436
50439,50535
50628,50532
50535,50631
50724,50628
50631,50727
50820,50724
50727,50823
50916,50820
50823,50919
51012,50916
50919,51015
51108,51012
51015,51111
51204,51108
51111,51207
51300,51204
51207,51303
51396,51300
51303,51399
51492,51396
51399,51495
51588,51492
51495,51591
51684,51588
51591,51687
51780,51684
51687,51783
51876,51780
51783,51879
51972,51876
51879,51975
52068,51972
51975,52071
52164,52068
52071,52167
52260,52164
52167,52263
52356,52260
52263,52359
52452,52356
52359,52455
52548,52452
52455,52551
52644,52548
52551,52647
52740,52644
52647,52743
52836,52740
52743,52839
52932,52836
52839,52935
53028,52932
52935,53031
53124,53028
53031,53127
53220,53124
53127,53223
53316,53220
53223,53319
53412,53316
53319,53415
53508,53412
53415,53511
53604,53508
53511,53607
53700,53604
53607,53703
53796,53700
53703,53799
53892,53796
53799,53895
53988,53892
53895,53991
54084,53988
53991,54087
54180,54084
54087,54183
54276,54180
54183,54279
54372,54276
54279,54375
54468,54372
54375,54471
54564,54468
54471,54567
54660,54564
54567,54663
54756,54660
54663,54759
54852,54756
54759,54855
54948,54852
54855,54951
55044,54948
54951,55047
55140,55044
55047,55143
55236,55140
55143,55239
55332,55236
55239,55335
55428,55332
55335,55431
55524,55428
55431,55527
55620,55524
55527,55623
55716,55620
55623,55719
55812,55716
55719,55815
55908,55812
55815,55911
56004,55908
55911,56007
56100,56004
56007,56103
56196,56100
56103,56199
56292,56196
56199,56295
56388,56292
56295,56391
56484,56388
56391,56487
56580,56484
56487,56583
56676,56580
56583,56679
56772,56676
56679,56775
56868,56772
56775,56871
56964,56868
56871,56967
57060,56964
56967,57063
57156,57060
57063,57159
57252,57156
57159,57255
57348,57252
57255,57351
57444,57348
57351,57447
57540,57444
57447,57543
57636,57540
57543,57639
57732,57636
57639,57735
57828,57732
57735,57831
57924,57828
57831,57927
58020,57924
57927,58023
58116,58020
58023,58119
58212,58116
58119,58215
58308,58212
58215,58311
58404,58308
58311,58407
58500,58404
58407,58503
58596,58500
58503,58599
58692,58596
58599,58695
58788,58692
58695,58791
58884,58788
58791,58887
58980,58884
58887,58983
59076,58980
58983,59079
59172,59076
59079,59175
59268,59172
59175,59271
59364,59268
59271,59367
59460,59364
59367,59463
59556,59460
59463,59559
59652,59556
59559,59655
59748,59652
59655,59751
59844,59748
59751,59847
59940,59844
59847,59943
60036,59940
59943,60039
60132,60036
60039,60135
60228,60132
60135,60231
60324,60228
60231,60327
60420,60324
60327,60423
60516,60420
60423,60519
60612,60516
60519,60615
60708,60612
60615,60711
60804,60708
60711,60807
60900,60804
60807,60903
60996,60900
60903,60999
61092,60996
60999,61095
61188,61092
61095,61191
61284,61188
61191,61287
61380,61284
61287,61383
61476,61380
61383,61479
61572,61476
61479,61575
61668,61572
61575,61671
61764,61668
61671,61767
61860,61764
61767,61863
61956,61860
61863,61959
62052,61956
61959,62055
62148,62052
62055,62151
62244,62148
62151,62247
62340,62244
62247,62343
62436,62340
62343,62439
62532,62436
62439,62535
62628,62532
62535,62631
62724,62628
62631,62727
62820,62724
62727,62823
62916,62820
62823,62919
63012,62916
62919,63015
63108,63012
63015,63111
63204,63108
63111,63207
63300,63204
63207,63303
63396,63300
63303,63399
63492,63396
63399,63495
63588,63492
63495,63591
63684,63588
63591,63687
63780,63684
63687,63783
63864,63780
63783,63879
63960,63864
63879,63975
64056,63960
63975,64071
64152,64056
64071,64167
64248,64152
64167,64263
64344,64248
64263,64359
64440,64344
64359,64455
64536,64440
64455,64551
64632,64536
64551,64647
64728,64632
64647,64743
64824,64728
64743,64839
64920,64824
64839,64935
65016,64920
64935,65031
65112,65016
65031,65127
65208,65112
65127,65223
65304,65208
65223,65319
65400,65304
65319,65415
65496,65400
65415,65511
65592,65496
65511,65607
65688,65592
65607,65703
65784,65688
65703,65799
65880,65784
65799,65895
65976,65880
65895,65991
66072,65976
65991,66087
66168,66072
66087,66183
66264,66168
66183,66279
66360,66264
66279,66375
66456,66360
66375,66471
66552,66456
66471,66567
66648,66552
66567,66663
66744,66648
66663,66759
66840,66744
66759,66855
66936,66840
66855,66951
67032,66936
66951,67047
67128,67032
67047,67143
67224,67128
67143,67239
67320,67224
67239,67335
67416,67320
67335,67431
67512,67416
67431,67527
67608,67512
67527,67623
67704,67608
67623,67719
67800,67704
67719,67815
67896,67800
67815,67911
67992,67896
67911,68007
68088,67992
68007,68103
68184,68088
68103,68199
68280,68184
68199,68295
68376,68280
68295,68391
68472,68376
68391,68487
68568,68472
68487,68583
68664,68568
68583,68679
68760,68664
68679,68775
68856,68760
68775,68871
68952,68856
68871,68967
69048,68952
68967,69063
69144,69048
69063,69159
69240,69144
69159,69255
69336,69240
69255,69351
69432,69336
69351,69447
69528,69432
69447,69543
69624,69528
69543,69639
69720,69624
69639,69735
69816,69720
69735,69831
69912,69816
69831,69927
70008,69912
69927,70023
70104,70008
70023,70119
70200,70104
70119,70215
70296,70200
70215,70311
70392,70296
70311,70407
70488,70392
70407,70503
70584,70488
70503,70599
70680,70584
70599,70695
70776,70680
70695,70791
70872,70776
70791,70887
70968,70872
70887,70983
71064,70968
70983,71079
71160,71064
71079,71175
71256,71160
71175,71271
71352,71256
71271,71367
71448,71352
71367,71463
71544,71448
71463,71559
71640,71544
71559,71655
71736,71640
71655,71751
71832,71736
71751,71847
71923,71832
71847,71943
72019,71923
71943,72039
72115,72019
72039,72135
72211,72115
72135,72231
72307,72211
72231,72327
72403,72307
72327,72423
72499,72403
72423,72519
72595,72499
72519,72615
72691,72595
72615,72711
72787,72691
72711,72807
72883,72787
72807,72903
72979,72883
72903,72999
73075,72979
72999,73095
73171,73075
73095,73191
73265,73171
73191,73287
73361,73265
73287,73383
73457,73361
73383,73479
73553,73457
73479,73575
73649,73553
73575,73671
73745,73649
73671,73767
73841,73745
73767,73863
73923,73841
73863,73959
74019,73923
73959,74055
74115,74019
74055,74151
74211,74115
74151,74247
74307,74211
74247,74343
74403,74307
74343,74439
74499,74403
74439,74535
74595,74499
74535,74631
74691,74595
74631,74727
74787,74691
74727,74823
74883,74787
74823,74919
74979,74883
74919,75015
75075,74979
75015,75111
75171,75075
75111,75207
75267,75171
75207,75303
75363,75267
75303,75399
75459,75363
75399,75495
75555,75459
75495,75591
75651,75555
75591,75687
75747,75651
75687,75783
75843,75747
75783,75879
75939,75843
75879,75975
76035,75939
75975,76071
76131,76035
76071,76167
76227,76131
76167,76263
76323,76227
76263,76359
76419,76323
76359,76455
76515,76419
76455,76551
76609,76515
76551,76647
76705,76609
76647,76743
76801,76705
76743,76839
76897,76801
76839,76935
76993,76897
76935,77031
77089,76993
77031,77127
77185,77089
77127,77223
77281,77185
77223,77319
77377,77281
77319,77415
77473,77377
77415,77511
77569,77473
77511,77607
77665,77569
77607,77703
77761,77665
77703,77799
77857,77761
77799,77895
77953,77857
77895,77991
78049,77953
77991,78087
78145,78049
78087,78183
78241,78145
78183,78279
78337,78241
78279,78375
78433,78337
78375,78471
78529,78433
78471,78567
78625,78529
78567,78663
78721,78625
78663,78759
78817,78721
78759,78855
78903,78817
78855,78951
78999,78903
78951,79047
79095,78999
79047,79143
79191,79095
79143,79239
79287,79191
79239,79335
79383,79287
79335,79431
79479,79383
79431,79527
79575,79479
79527,79623
79671,79575
79623,79719
79767,79671
79719,79815
79863,79767
79815,79911
79959,79863
79911,80007
80055,79959
80007,80103
80151,80055
80103,80199
80246,80151
80199,80295
80342,80246
80295,80391
80438,80342
80391,80487
80534,80438
80581,80534
80487,80584
80677,80581
80679,80677
80584,80682
80776,80679
80778,80776
80682,80781
80876,80778
80878,80876
80781,80881
80977,80878
80979,80977
80881,80982
81079,80979
81081,81079
80982,81084
81182,81081
81184,81182
81084,81187
81286,81184
81288,81286
81187,81291
81391,81288
81291,81395
81494,81391
81497,81494
81395,81500
81601,81497
81603,81601
81500,81606
81708,81603
81710,81708
81606,81713
81816,81710
81818,81816
81713,81821
81925,81818
81927,81925
81821,81930
82035,81927
82037,82035
81930,82040
82146,82037
82148,82146
82040,82151
82258,82148
82260,82258
82151,82263
82371,82260
82263,82375
82482,82371
82485,82482
82375,82488
82597,82485
82599,82597
82488,82602
82712,82599
82714,82712
82602,82717
82828,82714
82830,82828
82717,82833
82945,82830
82947,82945
82833,82950
83063,82947
83065,83063
82950,83068
83182,83065
83184,83182
83068,83187
83302,83184
83304,83302
83187,83307
83423,83304
83425,83423
83307,83428
83545,83425
83547,83545
83428,83550
83669,83547
83550,83672
83791,83669
83792,83791
83672,83795
83915,83792
83916,83915
83795,83919
84040,83916
84041,84040
83919,84044
84166,84041
84044,84169
84289,84166
84169,84292
84410,84289
84292,84413
84529,84410
84413,84532
84646,84529
84532,84649
84761,84646
84649,84764
84875,84761
84764,84878
84986,84875
84878,84989
85095,84986
84989,85098
85202,85095
85098,85205
85307,85202
85205,85310
85410,85307
85310,85413
85511,85410
85413,85514
85611,85511
85514,85614
85709,85611
85614,85712
85805,85709
85712,85808
85899,85805
85808,85902
85992,85899
85902,85995
86083,85992
85995,86086
86173,86083
86086,86176
86261,86173
86176,86264
86348,86261
86264,86351
86433,86348
86351,86436
86517,86433
86436,86520
86599,86517
86520,86602
86680,86599
86602,86683
86759,86680
86683,86762
86837,86759
86762,86840
86913,86837
86840,86916
86988,86913
86916,86991
87061,86988
86991,87064
87133,87061
87064,87136
87204,87133
87136,87207
87272,87204
87207,87275
87339,87272
87275,87342
87404,87339
87342,87407
87468,87404
87407,87471
87530,87468
87471,87533
87591,87530
87533,87594
87650,87591
87594,87653
87708,87650
87653,87711
87764,87708
87711,87767
87819,87764
87767,87822
87872,87819
87822,87875
87924,87872
87875,87927
87974,87924
87927,87977
88023,87974
87977,88026
88070,88023
88026,88073
88116,88070
88073,88119
88161,88116
88119,88164
88203,88161
88164,88206
88244,88203
88206,88247
88283,88244
88247,88286
88321,88283
88286,88324
88357,88321
88324,88360
88392,88357
88360,88395
88425,88392
88395,88428
88457,88425
88428,88460
88487,88457
88460,88490
88516,88487
88490,88519
88543,88516
88519,88546
88569,88543
88546,88572
88593,88569
88572,88596
88616,88593
88596,88619
88637,88616
88619,88640
88657,88637
88640,88660
88675,88657
88660,88678
88692,88675
88678,88695
88707,88692
88695,88710
88721,88707
88710,88724
88733,88721
88724,88736
88743,88733
88736,88746
88752,88743
88746,88755
88759,88752
88755,88762
88765,88759
88762,88767
88769,88765
88767,88771
88772,88769
88771,88773
88773,88772
0,1
3,0
1,4
7,3
4,8
13,7
8,14
20,13
14,21
29,20
21,30
39,29
30,40
51,39
40,52
65,51
52,66
80,65
66,81
97,80
81,98
115,97
98,116
135,115
116,136
156,135
136,157
179,156
157,180
203,179
180,204
204,205
230,203
205,231
231,232
259,230
232,260
260,261
291,259
261,292
292,293
325,291
293,326
326,327
362,325
327,363
363,364
401,362
364,402
402,403
443,401
403,444
444,445
487,443
445,488
533,487
488,534
534,535
581,533
535,582
582,583
632,581
583,633
633,634
686,632
634,687
687,688
742,686
688,743
743,744
801,742
744,802
802,803
862,801
803,863
863,864
926,862
864,927
927,928
992,926
928,993
993,994
1061,992
994,1062
1131,1061
1062,1132
1132,1133
1204,1131
1133,1205
1205,1206
1279,1204
1206,1280
1280,1281
1357,1279
1281,1358
1358,1359
1437,1357
1359,1438
1438,1439
1520,1437
1439,1521
1521,1522
1605,1520
1522,1606
1606,1607
1693,1605
1607,1694
1694,1695
1783,1693
1695,1784
1784,1785
1876,1783
1785,1877
1970,1876
1877,1971
1971,1972
2067,1970
1972,2068
2068,2069
2167,2067
2069,2168
2168,2169
2269,2167
2169,2272
2374,2269
2272,2377
2478,2374
2377,2481
2581,2478
2481,2584
2683,2581
2584,2686
2785,2683
2686,2788
2887,2785
2788,2890
2988,2887
2890,2991
3088,2988
2991,3091
3188,3088
3091,3191
3288,3188
3191,3291
3388,3288
3291,3391
3486,3388
3391,3489
3584,3486
3489,3587
3681,3584
3587,3684
3778,3681
3684,3781
3874,3778
3781,3877
3970,3874
3877,3973
4066,3970
3973,4069
4162,4066
4069,4165
4258,4162
4165,4261
4354,4258
4261,4357
4450,4354
4357,4453
4546,4450
4453,4549
4642,4546
4549,4645
4738,4642
4645,4741
4834,4738
4741,4837
4930,4834
4837,4933
5026,4930
4933,5029
5122,5026
5029,5125
5218,5122
5125,5221
5314,5218
5221,5317
5410,5314
5317,5413
5506,5410
5413,5509
5602,5506
5509,5605
5698,5602
5605,5701
5794,5698
5701,5797
5890,5794
5797,5893
5986,5890
5893,5989
6082,5986
5989,6085
6178,6082
6085,6181
6274,6178
6181,6277
6370,6274
6277,6373
6466,6370
6373,6469
6562,6466
6469,6565
6658,6562
6565,6661
6754,6658
6661,6757
6850,6754
6757,6853
6946,6850
6853,6949
7042,6946
6949,7045
7138,7042
7045,7141
7234,7138
7141,7237
7330,7234
7237,7333
7426,7330
7333,7429
7522,7426
7429,7525
7618,7522
7525,7621
7714,7618
7621,7717
7810,7714
7717,7813
7906,7810
7813,7909
8002,7906
7909,8005
8098,8002
8005,8101
8194,8098
8101,8197
8290,8194
8197,8293
8386,8290
8293,8389
8482,8386
8389,8485
8578,8482
8485,8581
8674,8578
8581,8677
8770,8674
8677,8773
8866,8770
8773,8869
8962,8866
8869,8965
9058,8962
8965,9061
9154,9058
9061,9157
9250,9154
9157,9253
9346,9250
9253,9349
9442,9346
9349,9445
9538,9442
9445,9541
9634,9538
9541,9637
9730,9634
9637,9733
9826,9730
9733,9829
9922,9826
9829,9925
10018,9922
9925,10021
10114,10018
10021,10117
10210,10114
10117,10213
10306,10210
10213,10309
10402,10306
10309,10405
10498,10402
10405,10501
10594,10498
10501,10597
10690,10594
10597,10693
10786,10690
10693,10789
10882,10786
10789,10885
10978,10882
10885,10981
11074,10978
10981,11077
11170,11074
11077,11173
11266,11170
11173,11269
11362,11266
11269,11365
11458,11362
11365,11461
11554,11458
11461,11557
11650,11554
11557,11653
11746,11650
11653,11749
11842,11746
11749,11845
11938,11842
11845,11941
12034,11938
11941,12037
12130,12034
12037,12133
12226,12130
12133,12229
12322,12226
12229,12325
12418,12322
12325,12421
12514,12418
12421,12517
12610,12514
12517,12613
12706,12610
12613,12709
12802,12706
12709,12805
12898,12802
12805,12901
12994,12898
12901,12997
13090,12994
12997,13093
13186,13090
13093,13189
13282,13186
13189,13285
13378,13282
13285,13381
13474,13378
13381,13477
13570,13474
13477,13573
13666,13570
13573,13669
13762,13666
13669,13765
13858,13762
13765,13861
13954,13858
13861,13957
14050,13954
13957,14053
14146,14050
14053,14149
14242,14146
14149,14245
14338,14242
14245,14341
14434,14338
14341,14437
14530,14434
14437,14533
14626,14530
14533,14629
14722,14626
14629,14725
14818,14722
14725,14821
14914,14818
14821,14917
15010,14914
14917,15013
15106,15010
15013,15109
15202,15106
15109,15205
15298,15202
15205,15301
15394,15298
15301,15397
15490,15394
15397,15493
15586,15490
15493,15589
15682,15586
15589,15685
15778,15682
15685,15781
15874,15778
15781,15877
15970,15874
15877,15973
16066,15970
15973,16069
16162,16066
16069,16165
16258,16162
16165,16261
16354,16258
16261,16357
16450,16354
16357,16453
16546,16450
16453,16549
16642,16546
16549,16645
16738,16642
16645,16741
16834,16738
16741,16837
16930,16834
16837,16933
17026,16930
16933,17029
17122,17026
17029,17125
17218,17122
17125,17221
17314,17218
17221,17317
17410,17314
17317,17413
17506,17410
17413,17509
17602,17506
17509,17605
17698,17602
17605,17701
17794,17698
17701,17797
17890,17794
17797,17893
17986,17890
17893,17989
18082,17986
17989,18085
18178,18082
18085,18181
18274,18178
18181,18277
18370,18274
18277,18373
18466,18370
18373,18469
18562,18466
18469,18565
18658,18562
18565,18661
18754,18658
18661,18757
18850,18754
18757,18853
18946,18850
18853,18949
19042,18946
18949,19045
19138,19042
19045,19141
19234,19138
19141,19237
19330,19234
19237,19333
19426,19330
19333,19429
19522,19426
19429,19525
19618,19522
19525,19621
19714,19618
19621,19717
19810,19714
19717,19813
19906,19810
19813,19909
20002,19906
19909,20005
20098,20002
20005,20101
20194,20098
20101,20197
20290,20194
20197,20293
20386,20290
20293,20389
20482,20386
20389,20485
20578,20482
20485,20581
20674,20578
20581,20677
20770,20674
20677,20773
20866,20770
20773,20869
20962,20866
20869,20965
21058,20962
20965,21061
21154,21058
21061,21157
21250,21154
21157,21253
21346,21250
21253,21349
21442,21346
21349,21445
21538,21442
21445,21541
21634,21538
21541,21637
21730,21634
21637,21733
21826,21730
21733,21829
21922,21826
21829,21925
22018,21922
21925,22021
22114,22018
22021,22117
22210,22114
22117,22213
22306,22210
22213,22309
22402,22306
22309,22405
22498,22402
22405,22501
22594,22498
22501,22597
22690,22594
22597,22693
22786,22690
22693,22789
22882,22786
22789,22885
22978,22882
22885,22981
23074,22978
22981,23077
23170,23074
23077,23173
23266,23170
23173,23269
23362,23266
23269,23365
23458,23362
23365,23461
23554,23458
23461,23557
23650,23554
23557,23653
23746,23650
23653,23749
23842,23746
23749,23845
23938,23842
23845,23941
24034,23938
23941,24037
24130,24034
24037,24133
24226,24130
24133,24229
24322,24226
24229,24325
24418,24322
24325,24421
24514,24418
24421,24517
24610,24514
24517,24613
24706,24610
24613,24709
24802,24706
24709,24805
24898,24802
24805,24901
24994,24898
24901,24997
25090,24994
24997,25093
25186,25090
25093,25189
25282,25186
25189,25285
25378,25282
25285,25381
25474,25378
25381,25477
25570,25474
25477,25573
25666,25570
25573,25669
25762,25666
25669,25765
25858,25762
25765,25861
25954,25858
25861,25957
26050,25954
25957,26053
26146,26050
26053,26149
26242,26146
26149,26245
26338,26242
26245,26341
26434,26338
26341,26437
26530,26434
26437,26533
26626,26530
26533,26629
26722,26626
26629,26725
26818,26722
26725,26821
26914,26818
26821,26917
27010,26914
26917,27013
27106,27010
27013,27109
27202,27106
27109,27205
27298,27202
27205,27301
27394,27298
27301,27397
27490,27394
27397,27493
27586,27490
27493,27589
27682,27586
27589,27685
27778,27682
27685,27781
27874,27778
27781,27877
27970,27874
27877,27973
28066,27970
27973,28069
28162,28066
28069,28165
28258,28162
28165,28261
28354,28258
28261,28357
28450,28354
28357,28453
28546,28450
28453,28549
28642,28546
28549,28645
28738,28642
28645,28741
28834,28738
28741,28837
28930,28834
28837,28933
29026,28930
28933,29029
29122,29026
29029,29125
29218,29122
29125,29221
29314,29218
29221,29317
29410,29314
29317,29413
29506,29410
29413,29509
29597,29506
29509,29605
29693,29597
29605,29701
29789,29693
29701,29797
29885,29789
29797,29893
29981,29885
29893,29989
30077,29981
29989,30085
30173,30077
30085,30181
30267,30173
30181,30277
30352,30267
30277,30373
30448,30352
30373,30469
30544,30448
30469,30565
30640,30544
30565,30661
30736,30640
30661,30757
30832,30736
30757,30853
30928,30832
30853,30949
31024,30928
30949,31045
31120,31024
31045,31141
31216,31120
31141,31237
31312,31216
31237,31333
31408,31312
31333,31429
31504,31408
31429,31525
31600,31504
31525,31621
31696,31600
31621,31717
31792,31696
31717,31813
31888,31792
31813,31909
31984,31888
31909,32005
32080,31984
32005,32101
32176,32080
32101,32197
32272,32176
32197,32293
32368,32272
32293,32389
32464,32368
32389,32485
32560,32464
32485,32581
32656,32560
32581,32677
32752,32656
32677,32773
32848,32752
32773,32869
32944,32848
32869,32965
33037,32944
32965,33061
33133,33037
33061,33157
33229,33133
33157,33253
33325,33229
33253,33349
33421,33325
33349,33445
33517,33421
33445,33541
33613,33517
33541,33637
33709,33613
33637,33733
33805,33709
33733,33829
33901,33805
33829,33925
33997,33901
33925,34021
34093,33997
34021,34117
34189,34093
34117,34213
34283,34189
34213,34309
34379,34283
34309,34405
34475,34379
34405,34501
34571,34475
34501,34597
34667,34571
34597,34693
34763,34667
34693,34789
34857,34763
34789,34885
34953,34857
34885,34981
35049,34953
34981,35077
35137,35049
35077,35173
35233,35137
35173,35269
35329,35233
35269,35365
35425,35329
35365,35461
35521,35425
35461,35557
35617,35521
35557,35653
35713,35617
35653,35749
35808,35713
35749,35845
35904,35808
35845,35941
36000,35904
35941,36037
36086,36000
36037,36133
36182,36086
36133,36229
36278,36182
36323,36278
36229,36326
36419,36323
36421,36419
36326,36424
36518,36421
36520,36518
36424,36523
36618,36520
36620,36618
36523,36623
36719,36620
36721,36719
36623,36724
36821,36721
36823,36821
36724,36826
36924,36823
36926,36924
36826,36929
37028,36926
37030,37028
36929,37033
37133,37030
37033,37137
37236,37133
37239,37236
37137,37242
37343,37239
37345,37343
37242,37348
37450,37345
37452,37450
37348,37455
37558,37452
37560,37558
37455,37563
37667,37560
37669,37667
37563,37672
37777,37669
37779,37777
37672,37782
37888,37779
37890,37888
37782,37893
38000,37890
38002,38000
37893,38005
38113,38002
38005,38117
38224,38113
38227,38224
38117,38230
38339,38227
38341,38339
38230,38344
38454,38341
38456,38454
38344,38459
38570,38456
38572,38570
38459,38575
38687,38572
38689,38687
38575,38692
38805,38689
38807,38805
38692,38810
38924,38807
38926,38924
38810,38929
39044,38926
39046,39044
38929,39049
39165,39046
39167,39165
39049,39170
39287,39167
39289,39287
39170,39292
39411,39289
39292,39414
39533,39411
39534,39533
39414,39537
39656,39534
39658,39656
39537,39661
39782,39658
39783,39782
39661,39786
39908,39783
39786,39911
40031,39908
39911,40034
40152,40031
40034,40155
40271,40152
40155,40274
40388,40271
40274,40391
40503,40388
40391,40506
40617,40503
40506,40620
40728,40617
40620,40731
40837,40728
40731,40840
40944,40837
40840,40947
41049,40944
40947,41052
41152,41049
41052,41155
41253,41152
41155,41256
41352,41253
41256,41355
41449,41352
41355,41452
41545,41449
41452,41548
41639,41545
41548,41642
41732,41639
41642,41735
41823,41732
41735,41826
41913,41823
41826,41916
42001,41913
41916,42004
42088,42001
42004,42091
42173,42088
42091,42176
42257,42173
42176,42260
42339,42257
42260,42342
42420,42339
42342,42423
42499,42420
42423,42502
42577,42499
42502,42580
42653,42577
42580,42656
42728,42653
42656,42731
42801,42728
42731,42804
42873,42801
42804,42876
42943,42873
42876,42946
43011,42943
42946,43014
43078,43011
43014,43081
43143,43078
43081,43146
43207,43143
43146,43210
43269,43207
43210,43272
43330,43269
43272,43333
43389,43330
43333,43392
43447,43389
43392,43450
43503,43447
43450,43506
43558,43503
43506,43561
43611,43558
43561,43614
43663,43611
43614,43666
43713,43663
43666,43716
43762,43713
43716,43765
43809,43762
43765,43812
43855,43809
43812,43858
43900,43855
43858,43903
43942,43900
43903,43945
43983,43942
43945,43986
44022,43983
43986,44025
44060,44022
44025,44063
44096,44060
44063,44099
44131,44096
44099,44134
44164,44131
44134,44167
44196,44164
44167,44199
44226,44196
44199,44229
44255,44226
44229,44258
44282,44255
44258,44285
44308,44282
44285,44311
44332,44308
44311,44335
44355,44332
44335,44358
44376,44355
44358,44379
44396,44376
44379,44399
44414,44396
44399,44417
44431,44414
44417,44434
44446,44431
44434,44449
44460,44446
44449,44463
44472,44460
44463,44475
44482,44472
44475,44485
44491,44482
44485,44494
44498,44491
44494,44501
44504,44498
44501,44506
44508,44504
44506,44510
44511,44508
44510,44512
44512,44511
0,1
3,0
1,4
7,3
4,8
13,7
8,14
20,13
14,21
29,20
21,30
40,29
30,41
52,40
41,53
66,52
53,67
81,66
67,82
98,81
82,99
116,98
99,117
136,116
117,137
157,136
137,158
180,157
158,181
204,180
181,205
205,206
231,204
206,232
232,233
260,231
233,261
261,262
292,260
262,293
293,294
326,292
294,327
327,328
363,326
328,364
364,365
402,363
365,403
403,404
444,402
404,445
445,446
488,444
446,489
534,488
489,535
535,536
582,534
536,583
583,584
633,582
584,634
634,635
687,633
635,688
688,689
743,687
689,744
744,745
802,743
745,803
803,804
863,802
804,864
864,865
927,863
865,928
928,929
993,927
929,994
994,995
1062,993
995,1063
1063,1064
1133,1062
1064,1134
1206,1133
1134,1207
1207,1208
1281,1206
1208,1282
1282,1283
1359,1281
1283,1360
1360,1361
1439,1359
1361,1440
1440,1441
1522,1439
1441,1523
1523,1524
1607,1522
1524,1608
1608,1609
1695,1607
1609,1696
1696,1697
1785,1695
1697,1786
1786,1787
1878,1785
1787,1879
1973,1878
1879,1974
1974,1975
2070,1973
1975,2071
2071,2072
2170,2070
2072,2171
2171,2172
2272,2170
2172,2275
2377,2272
2275,2380
2481,2377
2380,2484
2584,2481
2484,2587
2686,2584
2587,2689
2788,2686
2689,2791
2889,2788
2791,2892
2990,2889
2892,2993
3090,2990
2993,3093
3190,3090
3093,3193
3289,3190
3193,3292
3389,3289
3292,3392
3487,3389
3392,3490
3585,3487
3490,3588
3682,3585
3588,3685
3779,3682
3685,3782
3875,3779
3782,3878
3971,3875
3878,3974
4067,3971
3974,4070
4163,4067
4070,4166
4259,4163
4166,4262
4355,4259
4262,4358
4451,4355
4358,4454
4547,4451
4454,4550
4643,4547
4550,4646
4739,4643
4646,4742
4835,4739
4742,4838
4931,4835
4838,4934
5027,4931
4934,5030
5123,5027
5030,5126
5219,5123
5126,5222
5315,5219
5222,5318
5411,5315
5318,5414
5507,5411
5414,5510
5603,5507
5510,5606
5699,5603
5606,5702
5795,5699
5702,5798
5891,5795
5798,5894
5987,5891
5894,5990
6083,5987
5990,6086
6179,6083
6086,6182
6275,6179
6182,6278
6371,6275
6278,6374
6467,6371
6374,6470
6563,6467
6470,6566
6659,6563
6566,6662
6755,6659
6662,6758
6851,6755
6758,6854
6947,6851
6854,6950
7043,6947
6950,7046
7139,7043
7046,7142
7235,7139
7142,7238
7331,7235
7238,7334
7427,7331
7334,7430
7523,7427
7430,7526
7619,7523
7526,7622
7715,7619
7622,7718
7811,7715
7718,7814
7907,7811
7814,7910
8003,7907
7910,8006
8091,8003
8006,8102
8185,8091
8102,8198
8276,8185
8198,8294
8372,8276
8294,8390
8468,8372
8390,8486
8564,8468
8486,8582
8655,8564
8582,8678
8746,8655
8678,8774
8837,8746
8774,8870
8933,8837
8870,8966
9029,8933
8966,9062
9125,9029
9062,9158
9221,9125
9158,9254
9317,9221
9254,9350
9413,9317
9350,9446
9509,9413
9446,9542
9605,9509
9542,9638
9701,9605
9638,9734
9797,9701
9734,9830
9890,9797
9830,9926
9986,9890
9926,10022
10082,9986
10022,10118
10178,10082
10118,10214
10274,10178
10214,10310
10368,10274
10310,10406
10464,10368
10406,10502
10558,10464
10502,10598
10649,10558
10598,10694
10745,10649
10694,10790
10841,10745
10790,10886
10937,10841
10886,10982
11033,10937
10982,11078
11129,11033
11078,11174
11225,11129
11174,11270
11321,11225
11270,11366
11417,11321
11366,11462
11512,11417
11462,11558
11608,11512
11652,11608
11558,11655
11748,11652
11750,11748
11655,11753
11847,11750
11849,11847
11753,11852
11947,11849
11949,11947
11852,11952
12048,11949
12050,12048
11952,12053
12150,12050
12152,12150
12053,12155
12253,12152
12255,12253
12155,12258
12357,12255
12359,12357
12258,12362
12462,12359
12362,12466
12565,12462
12568,12565
12466,12571
12672,12568
12674,12672
12571,12677
12779,12674
12781,12779
12677,12784
12887,12781
12889,12887
12784,12892
12996,12889
12998,12996
12892,13001
13106,12998
13108,13106
13001,13111
13217,13108
13219,13217
13111,13222
13329,13219
13331,13329
13222,13334
13442,13331
13334,13446
13553,13442
13556,13553
13446,13559
13668,13556
13670,13668
13559,13673
13783,13670
13785,13783
13673,13788
13899,13785
13901,13899
13788,13904
14016,13901
14018,14016
13904,14021
14134,14018
14136,14134
14021,14139
14253,14136
14255,14253
14139,14258
14373,14255
14375,14373
14258,14378
14494,14375
14496,14494
14378,14499
14616,14496
14618,14616
14499,14621
14739,14618
14621,14743
14860,14739
14863,14860
14743,14866
14985,14863
14987,14985
14866,14990
15111,14987
15112,15111
14990,15115
15237,15112
15115,15240
15360,15237
15240,15363
15481,15360
15363,15484
15600,15481
15484,15603
15717,15600
15603,15720
15832,15717
15720,15835
15946,15832
15835,15949
16057,15946
15949,16060
16166,16057
16060,16169
16273,16166
16169,16276
16378,16273
16276,16381
16481,16378
16381,16484
16582,16481
16484,16585
16682,16582
16585,16685
16780,16682
16685,16783
16876,16780
16783,16879
16970,16876
16879,16973
17063,16970
16973,17066
17154,17063
17066,17157
17244,17154
17157,17247
17332,17244
17247,17335
17419,17332
17335,17422
17504,17419
17422,17507
17588,17504
17507,17591
17670,17588
17591,17673
17751,17670
17673,17754
17830,17751
17754,17833
17908,17830
17833,17911
17984,17908
17911,17987
18059,17984
17987,18062
18132,18059
18062,18135
18204,18132
18135,18207
18275,18204
18207,18278
18343,18275
18278,18346
18410,18343
18346,18413
18475,18410
18413,18478
18539,18475
18478,18542
18601,18539
18542,18604
18662,18601
18604,18665
18721,18662
18665,18724
18779,18721
18724,18782
18835,18779
18782,18838
18890,18835
18838,18893
18943,18890
18893,18946
18995,18943
18946,18998
19045,18995
18998,19048
19094,19045
19048,19097
19141,19094
19097,19144
19187,19141
19144,19190
19232,19187
19190,19235
19274,19232
19235,19277
19315,19274
19277,19318
19354,19315
19318,19357
19392,19354
19357,19395
19428,19392
19395,19431
19463,19428
19431,19466
19496,19463
19466,19499
19528,19496
19499,19531
19558,19528
19531,19561
19587,19558
19561,19590
19614,19587
19590,19617
19640,19614
19617,19643
19664,19640
19643,19667
19687,19664
19667,19690
19708,19687
19690,19711
19728,19708
19711,19731
19746,19728
19731,19749
19763,19746
19749,19766
19778,19763
19766,19781
19792,19778
19781,19795
19805,19792
19795,19808
19815,19805
19808,19818
19824,19815
19818,19827
19831,19824
19827,19834
19837,19831
19834,19839
19841,19837
19839,19843
19844,19841
19843,19845
19845,19844
0,1
3,0
1,4
7,3
4,8
13,7
8,14
20,13
14,21
29,20
21,30
39,29
30,40
51,39
40,52
65,51
52,66
80,65
66,81
97,80
81,98
115,97
98,116
135,115
116,136
156,135
136,157
179,156
157,180
203,179
180,204
204,205
230,203
205,231
231,232
259,230
232,260
260,261
291,259
261,292
292,293
325,291
293,326
326,327
362,325
327,363
363,364
401,362
364,402
402,403
443,401
403,444
444,445
487,443
445,488
533,487
488,534
534,535
581,533
535,582
582,583
632,581
583,633
633,634
686,632
634,687
687,688
742,686
688,743
743,744
801,742
744,802
802,803
862,801
803,863
863,864
926,862
864,927
927,928
992,926
928,993
993,994
1061,992
994,1062
1131,1061
1062,1132
1132,1133
1204,1131
1133,1205
1205,1206
1279,1204
1206,1280
1280,1281
1357,1279
1281,1358
1358,1359
1437,1357
1359,1438
1438,1439
1520,1437
1439,1521
1521,1522
1605,1520
1522,1606
1606,1607
1693,1605
1607,1694
1694,1695
1783,1693
1695,1784
1784,1785
1876,1783
1785,1877
1970,1876
1877,1971
1971,1972
2067,1970
1972,2068
2068,2069
2167,2067
2069,2168
2168,2169
2269,2167
2169,2272
2374,2269
2272,2377
2478,2374
2377,2481
2581,2478
2481,2584
2683,2581
2584,2686
2785,2683
2686,2788
2887,2785
2788,2890
2988,2887
2890,2991
3088,2988
2991,3091
3188,3088
3091,3191
3288,3188
3191,3291
3388,3288
3291,3391
3486,3388
3391,3489
3584,3486
3489,3587
3681,3584
3587,3684
3778,3681
3684,3781
3874,3778
3781,3877
3970,3874
3877,3973
4066,3970
3973,4069
4162,4066
4069,4165
4258,4162
4165,4261
4354,4258
4261,4357
4450,4354
4357,4453
4546,4450
4453,4549
4642,4546
4549,4645
4738,4642
4645,4741
4834,4738
4741,4837
4930,4834
4837,4933
5026,4930
4933,5029
5122,5026
5029,5125
5218,5122
5125,5221
5314,5218
5221,5317
5410,5314
5317,5413
5506,5410
5413,5509
5602,5506
5509,5605
5698,5602
5605,5701
5794,5698
5701,5797
5890,5794
5797,5893
5986,5890
5893,5989
6082,5986
5989,6085
6178,6082
6085,6181
6274,6178
6181,6277
6370,6274
6277,6373
6466,6370
6373,6469
6562,6466
6469,6565
6658,6562
6565,6661
6754,6658
6661,6757
6850,6754
6757,6853
6946,6850
6853,6949
7042,6946
6949,7045
7138,7042
7045,7141
7234,7138
7141,7237
7330,7234
7237,7333
7426,7330
7333,7429
7522,7426
7429,7525
7618,7522
7525,7621
7714,7618
7621,7717
7810,7714
7717,7813
7906,7810
7813,7909
8002,7906
7909,8005
8098,8002
8005,8101
8194,8098
8101,8197
8290,8194
8197,8293
8386,8290
8293,8389
8482,8386
8389,8485
8578,8482
8485,8581
8674,8578
8581,8677
8770,8674
8677,8773
8866,8770
8773,8869
8962,8866
8869,8965
9058,8962
8965,9061
9154,9058
9061,9157
9250,9154
9157,9253
9346,9250
9253,9349
9442,9346
9349,9445
9538,9442
9445,9541
9634,9538
9541,9637
9730,9634
9637,9733
9826,9730
9733,9829
9922,9826
9829,9925
10018,9922
9925,10021
10114,10018
10021,10117
10210,10114
10117,10213
10306,10210
10213,10309
10402,10306
10309,10405
10498,10402
10405,10501
10594,10498
10501,10597
10690,10594
10597,10693
10786,10690
10693,10789
10882,10786
10789,10885
10978,10882
10885,10981
11074,10978
10981,11077
11170,11074
11077,11173
11266,11170
11173,11269
11362,11266
11269,11365
11458,11362
11365,11461
11554,11458
11461,11557
11650,11554
11557,11653
11746,11650
11653,11749
11842,11746
11749,11845
11938,11842
11845,11941
12034,11938
11941,12037
12130,12034
12037,12133
12226,12130
12133,12229
12322,12226
12229,12325
12418,12322
12325,12421
12514,12418
12421,12517
12610,12514
12517,12613
12706,12610
12613,12709
12802,12706
12709,12805
12898,12802
12805,12901
12994,12898
12901,12997
13090,12994
12997,13093
13186,13090
13093,13189
13274,13186
13189,13285
13370,13274
13285,13381
13466,13370
13381,13477
13562,13466
13477,13573
13656,13562
13573,13669
13752,13656
13669,13765
13843,13752
13765,13861
13939,13843
13861,13957
14035,13939
13957,14053
14131,14035
14053,14149
14227,14131
14149,14245
14323,14227
14245,14341
14419,14323
14341,14437
14510,14419
14437,14533
14606,14510
14533,14629
14702,14606
14629,14725
14793,14702
14725,14821
14889,14793
14821,14917
14980,14889
14917,15013
15076,14980
15013,15109
15172,15076
15109,15205
15268,15172
15205,15301
15364,15268
15301,15397
15460,15364
15397,15493
15556,15460
15493,15589
15652,15556
15589,15685
15748,15652
15685,15781
15844,15748
15781,15877
15940,15844
15877,15973
16036,15940
15973,16069
16132,16036
16069,16165
16228,16132
16165,16261
16324,16228
16261,16357
16420,16324
16357,16453
16516,16420
16453,16549
16612,16516
16549,16645
16705,16612
16645,16741
16801,16705
16741,16837
16897,16801
16837,16933
16993,16897
16933,17029
17089,16993
17029,17125
17185,17089
17125,17221
17281,17185
17221,17317
17377,17281
17317,17413
17473,17377
17413,17509
17567,17473
17509,17605
17663,17567
17605,17701
17759,17663
17701,17797
17853,17759
17797,17893
17949,17853
17893,17989
18040,17949
17989,18085
18136,18040
18085,18181
18232,18136
18181,18277
18328,18232
18277,18373
18424,18328
18373,18469
18520,18424
18469,18565
18616,18520
18565,18661
18712,18616
18661,18757
18808,18712
18757,18853
18904,18808
18853,18949
19000,18904
18949,19045
19096,19000
19045,19141
19192,19096
19141,19237
19288,19192
19237,19333
19384,19288
19333,19429
19480,19384
19429,19525
19576,19480
19525,19621
19672,19576
19621,19717
19765,19672
19717,19813
19861,19765
19813,19909
19957,19861
19909,20005
20053,19957
20005,20101
20149,20053
20101,20197
20245,20149
20197,20293
20341,20245
20293,20389
20437,20341
20389,20485
20533,20437
20485,20581
20629,20533
20581,20677
20725,20629
20677,20773
20821,20725
20773,20869
20917,20821
20869,20965
21013,20917
20965,21061
21109,21013
21061,21157
21204,21109
21157,21253
21300,21204
21253,21349
21396,21300
21349,21445
21492,21396
21539,21492
21445,21542
21635,21539
21637,21635
21542,21640
21734,21637
21736,21734
21640,21739
21834,21736
21836,21834
21739,21839
21935,21836
21937,21935
21839,21940
22037,21937
22039,22037
21940,22042
22140,22039
22142,22140
22042,22145
22244,22142
22246,22244
22145,22249
22349,22246
22249,22353
22452,22349
22455,22452
22353,22458
22559,22455
22561,22559
22458,22564
22666,22561
22668,22666
22564,22671
22774,22668
22776,22774
22671,22779
22883,22776
22885,22883
22779,22888
22993,22885
22995,22993
22888,22998
23104,22995
23106,23104
22998,23109
23216,23106
23218,23216
23109,23221
23329,23218
23221,23333
23440,23329
23443,23440
23333,23446
23555,23443
23557,23555
23446,23560
23670,23557
23672,23670
23560,23675
23786,23672
23788,23786
23675,23791
23903,23788
23905,23903
23791,23908
24021,23905
24023,24021
23908,24026
24140,24023
24142,24140
24026,24145
24260,24142
24262,24260
24145,24265
24381,24262
24383,24381
24265,24386
24503,24383
24505,24503
24386,24508
24627,24505
24508,24630
24749,24627
24750,24749
24630,24753
24872,24750
24874,24872
24753,24877
24998,24874
24999,24998
24877,25002
25124,24999
25002,25127
25247,25124
25127,25250
25368,25247
25250,25371
25487,25368
25371,25490
25604,25487
25490,25607
25719,25604
25607,25722
25833,25719
25722,25836
25944,25833
25836,25947
26053,25944
25947,26056
26160,26053
26056,26163
26265,26160
26163,26268
26368,26265
26268,26371
26469,26368
26371,26472
26568,26469
26472,26571
26665,26568
26571,26668
26761,26665
26668,26764
26855,26761
26764,26858
26948,26855
26858,26951
27039,26948
26951,27042
27129,27039
27042,27132
27217,27129
27132,27220
27304,27217
27220,27307
27389,27304
27307,27392
27473,27389
27392,27476
27555,27473
27476,27558
27636,27555
27558,27639
27715,27636
27639,27718
27793,27715
27718,27796
27869,27793
27796,27872
27944,27869
27872,27947
28017,27944
27947,28020
28089,28017
28020,28092
28159,28089
28092,28162
28227,28159
28162,28230
28294,28227
28230,28297
28359,28294
28297,28362
28423,28359
28362,28426
28485,28423
28426,28488
28546,28485
28488,28549
28605,28546
28549,28608
28663,28605
28608,28666
28719,28663
28666,28722
28774,28719
28722,28777
28827,28774
28777,28830
28879,28827
28830,28882
28929,28879
28882,28932
28978,28929
28932,28981
29025,28978
28981,29028
29071,29025
29028,29074
29116,29071
29074,29119
29158,29116
29119,29161
29199,29158
29161,29202
29238,29199
29202,29241
29276,29238
29241,29279
29312,29276
29279,29315
29347,29312
29315,29350
29380,29347
29350,29383
29412,29380
29383,29415
29442,29412
29415,29445
29471,29442
29445,29474
29498,29471
29474,29501
29524,29498
29501,29527
29548,29524
29527,29551
29571,29548
29551,29574
29592,29571
29574,29595
29612,29592
29595,29615
29630,29612
29615,29633
29647,29630
29633,29650
29662,29647
29650,29665
29676,29662
29665,29679
29688,29676
29679,29691
29698,29688
29691,29701
29707,29698
29701,29710
29714,29707
29710,29717
29720,29714
29717,29722
29724,29720
29722,29726
29727,29724
29726,29728
29728,29727
0,1
3,0
1,4
7,3
4,8
13,7
8,14
20,13
14,21
29,20
21,30
39,29
30,40
51,39
40,52
65,51
52,66
80,65
66,81
97,80
81,98
115,97
98,116
135,115
116,136
156,135
136,157
179,156
157,180
203,179
180,204
204,205
230,203
205,231
231,232
259,230
232,260
260,261
291,259
261,292
292,293
325,291
293,326
326,327
362,325
327,363
363,364
401,362
364,402
402,403
443,401
403,444
444,445
487,443
445,488
533,487
488,534
534,535
581,533
535,582
582,583
632,581
583,633
633,634
686,632
634,687
687,688
742,686
688,743
743,744
801,742
744,802
802,803
862,801
803,863
863,864
926,862
864,927
927,928
992,926
928,993
993,994
1061,992
994,1062
1131,1061
1062,1132
1132,1133
1204,1131
1133,1205
1205,1206
1279,1204
1206,1280
1280,1281
1357,1279
1281,1358
1358,1359
1437,1357
1359,1438
1438,1439
1520,1437
1439,1521
1521,1522
1605,1520
1522,1606
1606,1607
1693,1605
1607,1694
1694,1695
1783,1693
1695,1784
1784,1785
1876,1783
1785,1877
1970,1876
1877,1971
1971,1972
2067,1970
1972,2068
2068,2069
2167,2067
2069,2168
2168,2169
2269,2167
2169,2272
2374,2269
2272,2377
2478,2374
2377,2481
2581,2478
2481,2584
2683,2581
2584,2686
2785,2683
2686,2788
2887,2785
2788,2890
2988,2887
2890,2991
3088,2988
2991,3091
3188,3088
3091,3191
3288,3188
3191,3291
3388,3288
3291,3391
3486,3388
3391,3489
3584,3486
3489,3587
3681,3584
3587,3684
3778,3681
3684,3781
3874,3778
3781,3877
3970,3874
3877,3973
4066,3970
3973,4069
4162,4066
4069,4165
4258,4162
4165,4261
4354,4258
4261,4357
4450,4354
4357,4453
4546,4450
4453,4549
4642,4546
4549,4645
4738,4642
4645,4741
4834,4738
4741,4837
4930,4834
4837,4933
5026,4930
4933,5029
5122,5026
5029,5125
5218,5122
5125,5221
5314,5218
5221,5317
5410,5314
5317,5413
5506,5410
5413,5509
5602,5506
5509,5605
5698,5602
5605,5701
5794,5698
5701,5797
5890,5794
5797,5893
5986,5890
5893,5989
6082,5986
5989,6085
6178,6082
6085,6181
6274,6178
6181,6277
6370,6274
6277,6373
6466,6370
6373,6469
6562,6466
6469,6565
6658,6562
6565,6661
6754,6658
6661,6757
6850,6754
6757,6853
6946,6850
6853,6949
7042,6946
6949,7045
7138,7042
7045,7141
7234,7138
7141,7237
7330,7234
7237,7333
7426,7330
7333,7429
7522,7426
7429,7525
7618,7522
7525,7621
7714,7618
7621,7717
7810,7714
7717,7813
7906,7810
7813,7909
8002,7906
7909,8005
8098,8002
8005,8101
8194,8098
8101,8197
8290,8194
8197,8293
8386,8290
8293,8389
8482,8386
8389,8485
8578,8482
8485,8581
8674,8578
8581,8677
8770,8674
8677,8773
8866,8770
8773,8869
8962,8866
8869,8965
9058,8962
8965,9061
9154,9058
9061,9157
9250,9154
9157,9253
9346,9250
9253,9349
9442,9346
9349,9445
9538,9442
9445,9541
9634,9538
9541,9637
9730,9634
9637,9733
9826,9730
9733,9829
9922,9826
9829,9925
10018,9922
9925,10021
10114,10018
10021,10117
10210,10114
10117,10213
10306,10210
10213,10309
10402,10306
10309,10405
10498,10402
10405,10501
10594,10498
10501,10597
10690,10594
10597,10693
10786,10690
10693,10789
10882,10786
10789,10885
10978,10882
10885,10981
11074,10978
10981,11077
11170,11074
11077,11173
11266,11170
11173,11269
11362,11266
11269,11365
11458,11362
11365,11461
11554,11458
11461,11557
11650,11554
11557,11653
11746,11650
11653,11749
11842,11746
11749,11845
11938,11842
11845,11941
12034,11938
11941,12037
12130,12034
12037,12133
12226,12130
12133,12229
12322,12226
12229,12325
12418,12322
12325,12421
12514,12418
12421,12517
12610,12514
12517,12613
12706,12610
12613,12709
12802,12706
12709,12805
12898,12802
12805,12901
12994,12898
12901,12997
13090,12994
12997,13093
13186,13090
13093,13189
13274,13186
13189,13285
13370,13274
13285,13381
13466,13370
13381,13477
13562,13466
13477,13573
13656,13562
13573,13669
13752,13656
13669,13765
13843,13752
13765,13861
13939,13843
13861,13957
14035,13939
13957,14053
14131,14035
14053,14149
14227,14131
14149,14245
14323,14227
14245,14341
14419,14323
14341,14437
14510,14419
14437,14533
14606,14510
14533,14629
14702,14606
14629,14725
14793,14702
14725,14821
14889,14793
14821,14917
14980,14889
14917,15013
15076,14980
15013,15109
15172,15076
15109,15205
15268,15172
15205,15301
15364,15268
15301,15397
15460,15364
15397,15493
15556,15460
15493,15589
15652,15556
15589,15685
15748,15652
15685,15781
15844,15748
15781,15877
15940,15844
15877,15973
16036,15940
15973,16069
16132,16036
16069,16165
16228,16132
16165,16261
16324,16228
16261,16357
16420,16324
16357,16453
16516,16420
16453,16549
16612,16516
16549,16645
16705,16612
16645,16741
16801,16705
16741,16837
16897,16801
16837,16933
16993,16897
16933,17029
17089,16993
17029,17125
17185,17089
17125,17221
17281,17185
17221,17317
17377,17281
17317,17413
17473,17377
17413,17509
17567,17473
17509,17605
17663,17567
17605,17701
17759,17663
17701,17797
17853,17759
17797,17893
17949,17853
17893,17989
18040,17949
17989,18085
18136,18040
18085,18181
18232,18136
18181,18277
18328,18232
18277,18373
18424,18328
18373,18469
18520,18424
18469,18565
18616,18520
18565,18661
18712,18616
18661,18757
18808,18712
18757,18853
18904,18808
18853,18949
19000,18904
18949,19045
19096,19000
19045,19141
19192,19096
19141,19237
19288,19192
19237,19333
19384,19288
19333,19429
19480,19384
19429,19525
19576,19480
19525,19621
19672,19576
19621,19717
19765,19672
19717,19813
19861,19765
19813,19909
19957,19861
19909,20005
20053,19957
20005,20101
20149,20053
20101,20197
20245,20149
20197,20293
20341,20245
20293,20389
20437,20341
20389,20485
20533,20437
20485,20581
20629,20533
20581,20677
20725,20629
20677,20773
20821,20725
20773,20869
20917,20821
20869,20965
21013,20917
20965,21061
21109,21013
21061,21157
21204,21109
21157,21253
21300,21204
21253,21349
21396,21300
21349,21445
21492,21396
21539,21492
21445,21542
21635,21539
21637,21635
21542,21640
21734,21637
21736,21734
21640,21739
21834,21736
21836,21834
21739,21839
21935,21836
21937,21935
21839,21940
22037,21937
22039,22037
21940,22042
22140,22039
22142,22140
22042,22145
22244,22142
22246,22244
22145,22249
22349,22246
22249,22353
22452,22349
22455,22452
22353,22458
22559,22455
22561,22559
22458,22564
22666,22561
22668,22666
22564,22671
22774,22668
22776,22774
22671,22779
22883,22776
22885,22883
22779,22888
22993,22885
22995,22993
22888,22998
23104,22995
23106,23104
22998,23109
23216,23106
23218,23216
23109,23221
23329,23218
23221,23333
23440,23329
23443,23440
23333,23446
23555,23443
23557,23555
23446,23560
23670,23557
23672,23670
23560,23675
23786,23672
23788,23786
23675,23791
23903,23788
23905,23903
23791,23908
24021,23905
24023,24021
23908,24026
24140,24023
24142,24140
24026,24145
24260,24142
24262,24260
24145,24265
24381,24262
24383,24381
24265,24386
24503,24383
24505,24503
24386,24508
24627,24505
24508,24630
24749,24627
24750,24749
24630,24753
24872,24750
24874,24872
24753,24877
24998,24874
24999,24998
24877,25002
25124,24999
25002,25127
25247,25124
25127,25250
25368,25247
25250,25371
25487,25368
25371,25490
25604,25487
25490,25607
25719,25604
25607,25722
25833,25719
25722,25836
25944,25833
25836,25947
26053,25944
25947,26056
26160,26053
26056,26163
26265,26160
26163,26268
26368,26265
26268,26371
26469,26368
26371,26472
26568,26469
26472,26571
26665,26568
26571,26668
26761,26665
26668,26764
26855,26761
26764,26858
26948,26855
26858,26951
27039,26948
26951,27042
27129,27039
27042,27132
27217,27129
27132,27220
27304,27217
27220,27307
27389,27304
27307,27392
27473,27389
27392,27476
27555,27473
27476,27558
27636,27555
27558,27639
27715,27636
27639,27718
27793,27715
27718,27796
27869,27793
27796,27872
27944,27869
27872,27947
28017,27944
27947,28020
28089,28017
28020,28092
28159,28089
28092,28162
28227,28159
28162,28230
28294,28227
28230,28297
28359,28294
28297,28362
28423,28359
28362,28426
28485,28423
28426,28488
28546,28485
28488,28549
28605,28546
28549,28608
28663,28605
28608,28666
28719,28663
28666,28722
28774,28719
28722,28777
28827,28774
28777,28830
28879,28827
28830,28882
28929,28879
28882,28932
28978,28929
28932,28981
29025,28978
28981,29028
29071,29025
29028,29074
29116,29071
29074,29119
29158,29116
29119,29161
29199,29158
29161,29202
29238,29199
29202,29241
29276,29238
29241,29279
29312,29276
29279,29315
29347,29312
29315,29350
29380,29347
29350,29383
29412,29380
29383,29415
29442,29412
29415,29445
29471,29442
29445,29474
29498,29471
29474,29501
29524,29498
29501,29527
29548,29524
29527,29551
29571,29548
29551,29574
29592,29571
29574,29595
29612,29592
29595,29615
29630,29612
29615,29633
29647,29630
29633,29650
29662,29647
29650,29665
29676,29662
29665,29679
29688,29676
29679,29691
29698,29688
29691,29701
29707,29698
29701,29710
29714,29707
29710,29717
29720,29714
29717,29722
29724,29720
29722,29726
29727,29724
29726,29728
29728,29727
0,1
3,0
1,4
7,3
4,8
13,7
8,14
20,13
14,21
29,20
21,30
39,29
30,40
51,39
40,52
65,51
52,66
80,65
66,81
97,80
81,98
115,97
98,116
135,115
116,136
156,135
136,157
179,156
157,180
203,179
180,204
204,206
230,203
206,231
231,232
259,230
232,260
260,261
291,259
261,292
292,293
325,291
293,326
326,327
362,325
327,363
363,364
401,362
364,402
402,403
443,401
403,444
444,445
487,443
445,488
533,487
488,534
534,535
581,533
535,582
582,583
632,581
583,633
633,634
686,632
634,687
687,688
742,686
688,743
743,744
801,742
744,802
802,803
862,801
803,863
863,864
926,862
864,927
991,926
927,992
992,993
993,994
1060,991
994,1061
1130,1060
1061,1131
1131,1132
1203,1130
1132,1204
1204,1205
1278,1203
1205,1279
1279,1280
1356,1278
1280,1357
1357,1358
1436,1356
1358,1437
1437,1438
1519,1436
1438,1520
1520,1521
1604,1519
1521,1605
1605,1606
1692,1604
1606,1693
1693,1694
1782,1692
1694,1783
1783,1784
1875,1782
1784,1876
1969,1875
1876,1970
1970,1971
2066,1969
1971,2067
2067,2068
2166,2066
2068,2167
2167,2168
2268,2166
2168,2271
2373,2268
2271,2376
2477,2373
2376,2480
2580,2477
2480,2583
2682,2580
2583,2685
2785,2682
2685,2788
2888,2785
2788,2891
2989,2888
2891,2992
3089,2989
2992,3092
3189,3089
3092,3192
3289,3189
3192,3292
3389,3289
3292,3392
3487,3389
3392,3490
3585,3487
3490,3588
3684,3585
3588,3687
3781,3684
3687,3784
3878,3781
3784,3881
3974,3878
3881,3977
4070,3974
3977,4073
4166,4070
4073,4169
4262,4166
4169,4265
4358,4262
4265,4361
4454,4358
4361,4457
4550,4454
4457,4553
4646,4550
4553,4649
4742,4646
4649,4745
4838,4742
4745,4841
4934,4838
4841,4937
5030,4934
4937,5033
5126,5030
5033,5129
5222,5126
5129,5225
5318,5222
5225,5321
5414,5318
5321,5417
5510,5414
5417,5513
5606,5510
5513,5609
5702,5606
5609,5705
5798,5702
5705,5801
5894,5798
5801,5897
5990,5894
5897,5993
6086,5990
5993,6089
6182,6086
6089,6185
6278,6182
6185,6281
6374,6278
6281,6377
6470,6374
6377,6473
6566,6470
6473,6569
6662,6566
6569,6665
6758,6662
6665,6761
6854,6758
6761,6857
6950,6854
6857,6953
7046,6950
6953,7049
7142,7046
7049,7145
7238,7142
7145,7241
7334,7238
7241,7337
7430,7334
7337,7433
7526,7430
7433,7529
7622,7526
7529,7625
7718,7622
7625,7721
7814,7718
7721,7817
7910,7814
7817,7913
8006,7910
7913,8009
8102,8006
8009,8105
8198,8102
8105,8201
8294,8198
8201,8297
8390,8294
8297,8393
8486,8390
8393,8489
8582,8486
8489,8585
8678,8582
8585,8681
8774,8678
8681,8777
8870,8774
8777,8873
8966,8870
8873,8969
9062,8966
8969,9065
9158,9062
9065,9161
9254,9158
9161,9257
9350,9254
9257,9353
9446,9350
9353,9449
9542,9446
9449,9545
9638,9542
9545,9641
9734,9638
9641,9737
9830,9734
9737,9833
9926,9830
9833,9929
10022,9926
9929,10025
10118,10022
10025,10121
10214,10118
10121,10217
10310,10214
10217,10313
10406,10310
10313,10409
10502,10406
10409,10505
10598,10502
10505,10601
10694,10598
10601,10697
10790,10694
10697,10793
10886,10790
10793,10889
10982,10886
10889,10985
11078,10982
10985,11081
11174,11078
11081,11177
11270,11174
11177,11273
11366,11270
11273,11369
11462,11366
11369,11465
11558,11462
11465,11561
11654,11558
11561,11657
11750,11654
11657,11753
11846,11750
11753,11849
11942,11846
11849,11945
12038,11942
11945,12041
12134,12038
12041,12137
12230,12134
12137,12233
12326,12230
12233,12329
12422,12326
12329,12425
12518,12422
12425,12521
12614,12518
12521,12617
12710,12614
12617,12713
12806,12710
12713,12809
12902,12806
12809,12905
12998,12902
12905,13001
13094,12998
13001,13097
13190,13094
13097,13193
13286,13190
13193,13289
13382,13286
13289,13385
13478,13382
13385,13481
13574,13478
13481,13577
13670,13574
13577,13673
13766,13670
13673,13769
13862,13766
13769,13865
13958,13862
13865,13961
14054,13958
13961,14057
14150,14054
14057,14153
14246,14150
14153,14249
14342,14246
14249,14345
14438,14342
14345,14441
14534,14438
14441,14537
14630,14534
14537,14633
14726,14630
14633,14729
14822,14726
14729,14825
14918,14822
14825,14921
15014,14918
14921,15017
15110,15014
15017,15113
15206,15110
15113,15209
15302,15206
15209,15305
15398,15302
15305,15401
15494,15398
15401,15497
15590,15494
15497,15593
15686,15590
15593,15689
15782,15686
15689,15785
15878,15782
15785,15881
15974,15878
15881,15977
16070,15974
15977,16073
16166,16070
16073,16169
16262,16166
16169,16265
16358,16262
16265,16361
16454,16358
16361,16457
16550,16454
16457,16553
16646,16550
16553,16649
16742,16646
16649,16745
16838,16742
16745,16841
16934,16838
16841,16937
17030,16934
16937,17033
17126,17030
17033,17129
17222,17126
17129,17225
17318,17222
17225,17321
17414,17318
17321,17417
17510,17414
17417,17513
17606,17510
17513,17609
17702,17606
17609,17705
17798,17702
17705,17801
17894,17798
17801,17897
17990,17894
17897,17993
18086,17990
17993,18089
18182,18086
18089,18185
18278,18182
18185,18281
18374,18278
18281,18377
18470,18374
18377,18473
18566,18470
18473,18569
18662,18566
18569,18665
18758,18662
18665,18761
18854,18758
18761,18857
18950,18854
18857,18953
19046,18950
18953,19049
19142,19046
19049,19145
19238,19142
19145,19241
19334,19238
19241,19337
19430,19334
19337,19433
19526,19430
19433,19529
19622,19526
19529,19625
19718,19622
19625,19721
19814,19718
19721,19817
19910,19814
19817,19913
20006,19910
19913,20009
20102,20006
20009,20105
20198,20102
20105,20201
20294,20198
20201,20297
20390,20294
20297,20393
20486,20390
20393,20489
20582,20486
20489,20585
20678,20582
20585,20681
20774,20678
20681,20777
20870,20774
20777,20873
20966,20870
20873,20969
21062,20966
20969,21065
21158,21062
21065,21161
21254,21158
21161,21257
21350,21254
21257,21353
21446,21350
21353,21449
21542,21446
21449,21545
21638,21542
21545,21641
21734,21638
21641,21737
21830,21734
21737,21833
21926,21830
21833,21929
22022,21926
21929,22025
22118,22022
22025,22121
22214,22118
22121,22217
22310,22214
22217,22313
22406,22310
22313,22409
22502,22406
22409,22505
22598,22502
22505,22601
22694,22598
22601,22697
22790,22694
22697,22793
22886,22790
22793,22889
22982,22886
22889,22985
23078,22982
22985,23081
23174,23078
23081,23177
23270,23174
23177,23273
23366,23270
23273,23369
23462,23366
23369,23465
23558,23462
23465,23561
23654,23558
23561,23657
23750,23654
23657,23753
23846,23750
23753,23849
23942,23846
23849,23945
24038,23942
23945,24041
24134,24038
24041,24137
24230,24134
24137,24233
24326,24230
24233,24329
24422,24326
24329,24425
24518,24422
24425,24521
24614,24518
24521,24617
24710,24614
24617,24713
24806,24710
24713,24809
24902,24806
24809,24905
24998,24902
24905,25001
25094,24998
25001,25097
25190,25094
25097,25193
25286,25190
25193,25289
25382,25286
25289,25385
25478,25382
25385,25481
25574,25478
25481,25577
25670,25574
25577,25673
25766,25670
25673,25769
25862,25766
25769,25865
25958,25862
25865,25961
26049,25958
25961,26057
26145,26049
26057,26153
26241,26145
26153,26249
26337,26241
26249,26345
26433,26337
26345,26441
26529,26433
26441,26537
26623,26529
26537,26633
26708,26623
26633,26729
26804,26708
26729,26825
26900,26804
26825,26921
26996,26900
26921,27017
27092,26996
27017,27113
27188,27092
27113,27209
27284,27188
27209,27305
27380,27284
27305,27401
27476,27380
27401,27497
27572,27476
27497,27593
27668,27572
27593,27689
27764,27668
27689,27785
27860,27764
27785,27881
27956,27860
27881,27977
28052,27956
27977,28073
28148,28052
28073,28169
28244,28148
28169,28265
28340,28244
28265,28361
28436,28340
28361,28457
28532,28436
28457,28553
28628,28532
28553,28649
28724,28628
28649,28745
28820,28724
28745,28841
28916,28820
28841,28937
29009,28916
28937,29033
29105,29009
29033,29129
29201,29105
29129,29225
29297,29201
29225,29321
29393,29297
29321,29417
29489,29393
29417,29513
29585,29489
29513,29609
29681,29585
29609,29705
29777,29681
29705,29801
29873,29777
29801,29897
29964,29873
29897,29993
30060,29964
29993,30089
30156,30060
30089,30185
30252,30156
30185,30281
30348,30252
30281,30377
30444,30348
30377,30473
30538,30444
30473,30569
30634,30538
30569,30665
30723,30634
30665,30761
30819,30723
30761,30857
30915,30819
30857,30953
31011,30915
30953,31049
31107,31011
31049,31145
31198,31107
31145,31241
31294,31198
31241,31337
31390,31294
31431,31390
31337,31434
31527,31431
31529,31527
31434,31532
31626,31529
31628,31626
31532,31631
31726,31628
31728,31726
31631,31731
31827,31728
31829,31827
31731,31832
31929,31829
31931,31929
31832,31934
32032,31931
32034,32032
31934,32037
32136,32034
32037,32140
32238,32136
32241,32238
32140,32244
32344,32241
32346,32344
32244,32349
32450,32346
32452,32450
32349,32455
32557,32452
32559,32557
32455,32562
32665,32559
32667,32665
32562,32670
32774,32667
32776,32774
32670,32779
32884,32776
32886,32884
32779,32889
32995,32886
32997,32995
32889,33000
33107,32997
33109,33107
33000,33112
33220,33109
33112,33224
33331,33220
33334,33331
33224,33337
33446,33334
33448,33446
33337,33451
33561,33448
33563,33561
33451,33566
33677,33563
33679,33677
33566,33682
33794,33679
33796,33794
33682,33799
33912,33796
33914,33912
33799,33917
34031,33914
34033,34031
33917,34036
34151,34033
34153,34151
34036,34156
34272,34153
34274,34272
34156,34277
34394,34274
34277,34398
34514,34394
34517,34514
34398,34520
34639,34517
34640,34639
34520,34643
34762,34640
34764,34762
34643,34767
34888,34764
34889,34888
34767,34892
35014,34889
34892,35017
35137,35014
35017,35140
35258,35137
35140,35261
35377,35258
35261,35380
35494,35377
35380,35497
35609,35494
35497,35612
35723,35609
35612,35726
35834,35723
35726,35837
35943,35834
35837,35946
36050,35943
35946,36053
36155,36050
36053,36158
36259,36155
36158,36262
36360,36259
36262,36363
36459,36360
36363,36462
36556,36459
36462,36559
36652,36556
36559,36655
36746,36652
36655,36749
36839,36746
36749,36842
36930,36839
36842,36933
37020,36930
36933,37023
37108,37020
37023,37111
37195,37108
37111,37198
37280,37195
37198,37283
37364,37280
37283,37367
37446,37364
37367,37449
37527,37446
37449,37530
37606,37527
37530,37609
37684,37606
37609,37687
37760,37684
37687,37763
37835,37760
37763,37838
37908,37835
37838,37911
37980,37908
37911,37983
38050,37980
37983,38053
38118,38050
38053,38121
38185,38118
38121,38188
38250,38185
38188,38253
38314,38250
38253,38317
38376,38314
38317,38379
38437,38376
38379,38440
38496,38437
38440,38499
38554,38496
38499,38557
38610,38554
38557,38613
38665,38610
38613,38668
38718,38665
38668,38721
38770,38718
38721,38773
38820,38770
38773,38823
38869,38820
38823,38872
38916,38869
38872,38919
38962,38916
38919,38965
39007,38962
38965,39010
39049,39007
39010,39052
39090,39049
39052,39093
39129,39090
39093,39132
39167,39129
39132,39170
39203,39167
39170,39206
39238,39203
39206,39241
39271,39238
39241,39274
39303,39271
39274,39306
39333,39303
39306,39336
39362,39333
39336,39365
39389,39362
39365,39392
39415,39389
39392,39418
39439,39415
39418,39442
39462,39439
39442,39465
39483,39462
39465,39486
39503,39483
39486,39506
39521,39503
39506,39524
39538,39521
39524,39541
39553,39538
39541,39556
39567,39553
39556,39570
39579,39567
39570,39582
39589,39579
39582,39592
39598,39589
39592,39601
39605,39598
39601,39608
39611,39605
39608,39613
39615,39611
39613,39617
39618,39615
39617,39619
39619,39618
