% Model:              Simple_2D_Model_Laminar_SS_Model.mph
% Version:            COMSOL 6.2.0.415
% Date:               Mar 15 2025, 23:46
% Dimension:          2
% Nodes:              14945
% Expressions:        1
% Description:        Velocity magnitude
% Length unit:        m
% x	y	spf.U (m/s) @ H=1, L=2
0.00850722022100779	0.008777001191226468	7.8397984159480645
0	0.01298701298701298	9
0	0	4.5
0.012987012987013102	0	0
0.009683589032990969	0.01956268292481382	9.128374307088698
0	0.02597402597402596	9
0.025974025974025983	0	0
0.019865499085034877	0.011335310044305547	8.814981361293057
0.010111635270175055	0.03236593511738218	9.06709668895675
0	0.03896103896103893	9
0.03323722133114302	0.010437808915624486	8.450879540906838
0.03896103896103886	0	0
0.010364084976126202	0.045343421072138256	9.026504344329437
0	0.05194805194805192	9
0.04579833148291185	0.010546046305664141	8.325965342168518
0.05194805194805174	0	0
0.010406482276402784	0.05836613372555551	9.011308892300704
0	0.0649350649350649	9
0.058573527686335024	0.010603925540068185	8.145529563011605
0.06493506493506485	0	0
0.010434868313456337	0.07137802143433307	9.006318098394756
0	0.07792207792207786	9
0.07153485277232904	0.01058474788886451	7.951659211632374
0.07792207792207795	0	0
0.010470106626664666	0.08437778454195592	9.003579929643093
0	0.09090909090909087	9
0.08449335253927581	0.010554852370809454	7.803533925757321
0.09090909090909083	0	0
0.010495786473497186	0.09737997845151149	9.0022222583366
0	0.10389610389610383	9
0.09743438582131601	0.010535657527705992	7.70223126124752
0.10389610389610371	0	0
0.010512610063191909	0.11037917817487684	9.001437973573319
0	0.11688311688311684	8.999999999999998
0.11040721643839524	0.010527362968210047	7.635100068594789
0.11688311688311681	0	0
0.010520167296579987	0.12337385577517362	9.000968328644431
0	0.12987012987012977	9
0.12338454416558614	0.010524105283984115	7.5894660783378844
0.1298701298701297	0	0
0.01052242970528282	0.13636332179530455	9.0006736524023
0	0.14285714285714274	9
0.1363662949504185	0.010522986084243137	7.556891685368224
0.14285714285714302	0	0
0.01052260230389168	0.14935064935064923	9.000482078791267
0	0.15584415584415573	9
0.14935064935064932	0.010522602303891763	7.5324152529743715
0.15584415584415567	0	0
0.01052260230389168	0.1623376623376622	9.00035371147145
0	0.16883116883116867	9
0.16233766233766228	0.01052260230389179	7.513382569760389
0.168831168831169	0	0
0.010522602303891689	0.17532467532467516	9.000265268681032
0	0.18181818181818168	9
0.17532467532467536	0.010522602303891758	7.498261995852304
0.18181818181818188	0	0
0.010522602303891692	0.18831168831168818	9.000202808551377
0	0.19480519480519465	9
0.18831168831168843	0.010522602303891742	7.485964871092961
0.19480519480519498	0	0
0.010522602303891685	0.20129870129870114	9.000157718492312
0	0.2077922077922076	9
0.20129870129870145	0.010522602303891746	7.475839960964527
0.20779220779220808	0	0
0.0105226023038917	0.21428571428571408	9.000124536369102
0	0.2207792207792206	9
0.010522602303891718	0.2272727272727271	9.00009969517515
0	0.2337662337662336	9
0.2142857142857145	0.010522602303891744	7.467426674744799
0.22077922077922096	0	0
0.010522602303891723	0.24025974025974006	9.00008081144888
0	0.24675324675324659	9
0.010522602303891722	0.25324675324675305	9.000066258828303
0	0.25974025974025955	9
0.22727272727272751	0.010522602303891746	7.460382973810936
0.23376623376623407	0	0
0.010522602303891713	0.26623376623376604	9.00005490594012
0	0.27272727272727254	9
0.010522602303891723	0.2792207792207791	9.000045951836055
0	0.2857142857142856	9
0.24025974025974062	0.010522602303891746	7.454438754006502
0.24675324675324717	0	0
0.010522602303891723	0.2922077922077921	9.00003882045385
0	0.2987012987012986	9
0.010522602303891708	0.3051948051948051	9.00003309148851
0	0.3116883116883115	9
0.2532467532467537	0.010522602303891746	7.449376721529646
0.25974025974026027	0	0
0.010522602303891689	0.318181818181818	9.000028454252318
0	0.3246753246753245	9
0.010522602303891695	0.331168831168831	9.000024676358613
0	0.3376623376623375	9
0.26623376623376677	0.010522602303891746	7.445035702474455
0.2727272727272734	0	0
0.010522602303891704	0.34415584415584405	9.000021582132447
0	0.3506493506493506	9
0.27922077922077987	0.01052260230389174	7.441303801593965
0.28571428571428625	0	0
0.010522602303891694	0.35714285714285704	9.0000190375142
0	0.36363636363636354	9
0.010522602303891678	0.37012987012987003	9.000016939366816
0	0.3766233766233765	9
0.010522602303891682	0.383116883116883	9.000015207816487
0	0.3896103896103895	9
0.29220779220779286	0.010522602303891723	7.438077184821686
0.29870129870129936	0	0
0.010522602303891702	0.39610389610389607	9.000013780715618
0	0.4025974025974025	9
0.010522602303891694	0.4090909090909091	9.00001260961877
0	0.41558441558441556	9
0.3051948051948058	0.010522602303891702	7.435279577617209
0.31168831168831224	0	0
0.01052260230389168	0.422077922077922	9.000011656870813
0	0.4285714285714285	9
0.31818181818181873	0.0105226023038917	7.432844352275594
0.32467532467532534	0	0
0.01052260230389167	0.43506493506493493	9.000010893585475
0	0.4415584415584415	9
0.010522602303891663	0.4480519480519478	9.000010298685554
0	0.4545454545454544	8.999999999999998
0.33116883116883167	0.010522602303891697	7.430708722011622
0.337662337662338	0	0
0.010522602303891666	0.46103896103896075	9.000009860391353
0	0.46753246753246736	8.999999999999998
0.010522602303891673	0.4740259740259738	9.000009585959523
0	0.4805194805194803	9
0.3441558441558446	0.010522602303891702	7.428824930324301
0.3506493506493511	0	0
0.010522602303891678	0.4870129870129869	9.000009457685083
0	0.49350649350649334	9
0.010522602303891678	0.4999999999999999	9.000009421003666
0	0.5064935064935063	9
0.3571428571428576	0.010522602303891697	7.427151836822913
0.363636363636364	0	0
0.010522602303891682	0.5129870129870128	9.000009461581405
0	0.5194805194805192	9
0.010522602303891682	0.5259740259740256	9.000009534827585
0	0.5324675324675322	9
0.3701298701298705	0.01052260230389171	7.425655842736087
0.37662337662337686	0	0
0.01052260230389167	0.5389610389610386	9.000009729860153
0	0.5454545454545452	9
0.010522602303891668	0.5519480519480516	9.00001009449912
0	0.5584415584415582	9
0.3831168831168834	0.010522602303891715	7.424313182116726
0.38961038961038996	0	0
0.010522602303891675	0.5649350649350647	9.000010620990603
0	0.5714285714285712	9
0.010522602303891683	0.5779220779220777	9.00001131267413
0	0.5844155844155843	9
0.3961038961038965	0.010522602303891716	7.423108857662609
0.40259740259740306	0	0
0.010522602303891682	0.5909090909090907	9.000012187174116
0	0.5974025974025972	9
0.010522602303891675	0.6038961038961037	9.000013270840396
0	0.6103896103896101	9
0.40909090909090945	0.010522602303891716	7.422031569446063
0.41558441558441594	0	0
0.010522602303891702	0.6168831168831167	9.000014598667699
0	0.6233766233766231	9
0.010522602303891843	0.6298701298701299	9.000016215968353
0	0.6363636363636361	9
0.42207792207792233	0.010522602303891718	7.421068489541965
0.4285714285714288	0	0
0.010522602303892315	0.642857142857144	9.000018181047194
0	0.6493506493506492	9
0.010522602303894145	0.6558441558441616	9.000020568960112
0	0.6623376623376621	9
0.4350649350649354	0.010522602303891734	7.42020517926936
0.4415584415584419	0	0
0.010522602303901002	0.6688311688311908	9.00002347670988
0	0.6753246753246751	9
0.4480519480519485	0.010522602303891737	7.419428447184104
0.45454545454545503	0	0
0.010522602303925469	0.6818181818182606	9.000027030446198
0	0.688311688311688	9
0.010522602304007827	0.694805194805462	9.000031395524859
0	0.7012987012987012	9
0.4610389610389616	0.010522602303891725	7.418727994041871
0.46753246753246813	0	0
0.010522602304266852	0.7077922077930651	9.000036790714631
0	0.7142857142857143	9
0.010522602305029312	0.7207792207818233	9.000043508519587
0	0.7272727272727272	9
0.47402597402597463	0.010522602303891711	7.418093246971897
0.480519480519481	0	0
0.010522602307248677	0.7337662337739301	9.000051944670021
0	0.7402597402597402	9
0.010522602356197654	0.746753246732928	9.00006264151409
0	0.7532467532467532	9
0.48701298701298756	0.010522602303891704	7.417513979736499
0.4935064935064939	0	0
0.010522602517480882	0.7597402595804277	9.000076353247037
0	0.7662337662337662	9
0.010522603119859293	0.7727272718250022	9.000094145126967
0	0.7792207792207791	9
0.5000000000000006	0.010522602303891706	7.416980460905552
0.506493506493507	0	0
0.010522605401449399	0.7857142813791831	9.000117549263491
0	0.7922077922077921	9
0.010522613840171032	0.7987012801435834	9.000148812235352
0	0.805194805194805	9
0.5129870129870135	0.010522602303891716	7.416484155795139
0.5194805194805199	0	0
0.010522642797801074	0.8116882407041671	9.0001913021173
0	0.8181818181818181	9
0.010522737539834523	0.8246750807330961	9.000250198200908
0	0.8311688311688311	9
0.5259740259740265	0.010522602303891718	7.41601758774356
0.5324675324675332	0	0
0.010523023363926997	0.8376616024732622	9.000333665608713
0	0.8441558441558441	9
0.5389610389610395	0.010522602303891694	7.415574636218527
0.5454545454545461	0	0
0.010523820254137279	0.8506474885010107	9.000455037480023
0	0.857142857142857	9
0.010525768194634041	0.8636328775501544	9.000636665778982
0	0.87012987012987	9
0.010529567851886568	0.8766210060345622	9.000916299036247
0	0.883116883116883	9
0.5519480519480524	0.010522602303891689	7.415151478172388
0.558441558441559	0	0
0.010542142002422282	0.8896099538317053	9.001369323183852
0	0.896103896103896	9
0.01056749948658279	0.9026117765128013	9.002135267085462
0	0.909090909090909	9
0.5649350649350655	0.010522602303891704	7.414746879103375
0.5714285714285721	0	0
0.010620642526994462	0.9156302217605029	9.003550723723295
0	0.9220779220779219	9
0.5779220779220785	0.010522602303891704	7.4143606564720494
0.5844155844155849	0	0
0.010692893977226031	0.9287125808333316	9.006485150592537
0	0.9350649350649349	9
0.010735667226485335	0.9419880483886851	9.01241070406936
0	0.9480519480519479	9
0.5909090909090915	0.010522602303891708	7.413991586245417
0.5974025974025978	0	0
0.01073235046549946	0.9547369796923056	9.022620965938584
0	0.961038961038961	9
0.01053821404550189	0.9669973916705166	9.037458314369301
0	0.9740259740259739	9
0.6038961038961044	0.010522602303891715	7.413638271058659
0.6103896103896109	0	0
0.011559515730736769	0.9803205510109114	9.199586615931262
0	0.987012987012987	9
0.008907767440564023	0.9916035406812826	7.82090909985659
0	1	4.5
0.6168831168831174	0.010522602303891715	7.413299992854253
0.623376623376624	0	0
0.01298701298701297	1	0
0.6298701298701302	0.010522602303891708	7.412974373647304
0.6363636363636367	0	0
0.019992308485070387	0.9906841653825149	8.15743416376187
0.02597402597402594	1	0
0.6428571428571431	0.010522602303891694	7.4126611931085185
0.6493506493506496	0	0
0.03217290545615459	0.9896822628888449	8.56555348919359
0.03896103896103891	1	0
0.6558441558441561	0.010522602303891722	7.412360123377257
0.6623376623376624	0	0
0.04520658254515178	0.9895082915939293	8.500606306583679
0.05194805194805188	1	0
0.6688311688311691	0.010522602303891734	7.412070530415554
0.6753246753246755	0	0
0.05831272206519453	0.989472894085933	8.297454514713536
0.06493506493506485	1	0
0.6818181818181822	0.010522602303891742	7.411791645018781
0.6883116883116887	0	0
0.07139227599441852	0.9895748220283248	8.072596379309623
0.07792207792207782	1	0
0.6948051948051952	0.010522602303891742	7.411522616438359
0.7012987012987018	0	0
0.08437834095757918	0.989579107355033	7.93303034251269
0.0909090909090908	1	0
0.7077922077922082	0.010522602303891742	7.411262591085317
0.7142857142857146	0	0
0.09736231734702121	0.9895409644072642	7.856834782570016
0.10389610389610378	1	0
0.7207792207792211	0.010522602303891739	7.411010814142116
0.7272727272727275	0	0
0.11036283433581745	0.9895183128805342	7.805539331930306
0.11688311688311674	1	0
0.7337662337662341	0.010522602303891737	7.410766680743245
0.7402597402597406	0	0
0.12336111821531544	0.9894981530909653	7.7707306776918985
0.1298701298701297	1	0
0.7467532467532472	0.010522602303891737	7.410529704628678
0.7532467532467537	0	0
0.13635465947172185	0.9894850483048468	7.74453627129959
0.14285714285714263	1	0
0.7597402597402603	0.010522602303891742	7.410299354270003
0.7662337662337666	0	0
0.14934624683863992	0.9894794393670902	7.7228094580463
0.15584415584415562	1	0
0.7727272727272733	0.010522602303891742	7.410074696346666
0.7792207792207797	0	0
0.16233613481402526	0.9894778508207263	7.704567985466781
0.16883116883116858	1	0
0.7857142857142861	0.010522602303891744	7.409853816368488
0.7922077922077926	0	0
0.17532441693793177	0.9894774586593645	7.689753494414396
0.18181818181818155	1	0
0.7987012987012991	0.010522602303891742	7.409636105913655
0.8051948051948057	0	0
0.18831168831168799	0.9894773976961083	7.6777686002363685
0.19480519480519454	1	0
0.8116883116883119	0.010522602303891744	7.409421222092525
0.8181818181818186	0	0
0.20129870129870098	0.9894773976961082	7.668005106451331
0.2077922077922075	1	0
0.8246753246753249	0.01052260230389175	7.40920905982651
0.8311688311688314	0	0
0.21428571428571397	0.9894773976961083	7.659982833752813
0.2207792207792204	1	0
0.837662337662338	0.010522602303891746	7.408999659264123
0.8441558441558445	0	0
0.22727272727272693	0.9894773976961082	7.653331069109627
0.2337662337662334	1	0
0.850649350649351	0.010522602303891742	7.408792772633249
0.8571428571428577	0	0
0.24025974025973987	0.9894773976961083	7.6477634281336835
0.2467532467532464	1	0
0.8636363636363639	0.010522602303891744	7.408588169571661
0.8701298701298705	0	0
0.2532467532467529	0.9894773976961083	7.643059706340568
0.2597402597402594	1	0
0.876623376623377	0.010522602303891744	7.408385913841591
0.8831168831168834	0	0
0.2662337662337659	0.9894773976961083	7.6390660171861855
0.2727272727272724	1	0
0.8896103896103901	0.010522602303891744	7.408186136033591
0.8961038961038965	0	0
0.27922077922077887	0.9894773976961083	7.635662419061345
0.28571428571428537	1	0
0.9025974025974032	0.010522602303891744	7.407988858752067
0.9090909090909096	0	0
0.2922077922077918	0.9894773976961083	7.632740020346623
0.2987012987012983	1	0
0.9155844155844162	0.010522602303891742	7.40779389769046
0.9220779220779227	0	0
0.30519480519480485	0.9894773976961084	7.630231923794418
0.3116883116883113	1	0
0.9285714285714292	0.01052260230389175	7.407601362532312
0.9350649350649356	0	0
0.3181818181818178	0.9894773976961083	7.628057428364322
0.3246753246753243	1	0
0.941558441558442	0.010522602303891751	7.407411178137218
0.9480519480519485	0	0
0.3311688311688307	0.9894773976961084	7.626160385442449
0.3376623376623373	1	0
0.954545454545455	0.010522602303891756	7.407223026723542
0.9610389610389614	0	0
0.34415584415584366	0.9894773976961081	7.624496368816133
0.35064935064935016	1	0
0.9675324675324681	0.010522602303891768	7.407036721495076
0.9740259740259747	0	0
0.35714285714285676	0.9894773976961082	7.623028823579447
0.3636363636363632	1	0
0.9805194805194812	0.010522602303891751	7.406852217660762
0.9870129870129876	0	0
0.3701298701298697	0.9894773976961083	7.621727369765725
0.37662337662337614	1	0
0.993506493506494	0.010522602303891746	7.406669446194514
1.0000000000000004	0	0
0.38311688311688263	0.9894773976961083	7.620566718001398
0.3896103896103891	1	0
1.006493506493507	0.010522602303891746	7.406488303904754
1.0129870129870135	0	0
0.39610389610389557	0.9894773976961084	7.619525810017173
0.40259740259740207	1	0
1.01948051948052	0.010522602303891746	7.406308681310878
1.0259740259740266	0	0
0.4090909090909085	0.9894773976961082	7.61858665664398
0.4155844155844151	1	0
1.0324675324675332	0.010522602303891742	7.406130457720368
1.0389610389610395	0	0
0.42207792207792144	0.9894773976961081	7.617733140601607
0.428571428571428	1	0
1.045454545454546	0.010522602303891742	7.40595350211549
1.0519480519480526	0	0
0.4350649350649345	0.9894773976961083	7.616953574146187
0.441558441558441	1	0
1.0584415584415592	0.010522602303891748	7.405777685805
1.0649350649350657	0	0
0.4480519480519475	0.9894773976961082	7.616238837683327
0.454545454545454	1	0
1.0714285714285723	0.01052260230389175	7.405602908577619
1.0779220779220786	0	0
0.46103896103896047	0.9894773976961083	7.615580986644383
0.4675324675324669	1	0
1.0844155844155854	0.01052260230389175	7.405429122720798
1.0909090909090917	0	0
0.47402597402597335	0.9894773976961083	7.61497330455398
0.48051948051947985	1	0
1.0974025974025985	0.010522602303891746	7.40525630118661
1.1038961038961048	0	0
0.48701298701298634	0.9894773976961083	7.614410082963105
0.49350649350649284	1	0
1.1103896103896111	0.01052260230389175	7.4050844118835135
1.1168831168831177	0	0
0.4999999999999993	0.9894773976961084	7.61388644148071
0.5064935064935058	1	0
1.1233766233766243	0.010522602303891746	7.404913384155047
1.1298701298701306	0	0
0.5129870129870123	0.9894773976961083	7.613398168718903
0.5194805194805188	1	0
1.1363636363636374	0.010522602303891739	7.404743077171557
1.1428571428571437	0	0
0.5259740259740253	0.9894773976961083	7.612941554412134
0.5324675324675318	1	0
1.1493506493506505	0.010522602303891725	7.404573264469675
1.1558441558441568	0	0
0.5389610389610383	0.9894773976961083	7.612513213852943
0.5454545454545447	1	0
1.1623376623376633	0.010522602303891725	7.4044036372927176
1.1688311688311694	0	0
0.5519480519480512	0.9894773976961083	7.612110307823056
0.5584415584415576	1	0
1.175324675324676	0.010522602303891725	7.404233791213753
1.1818181818181825	0	0
0.5649350649350642	0.9894773976961083	7.611730179247772
0.5714285714285707	1	0
1.188311688311689	0.010522602303891737	7.4040632491624345
1.1948051948051956	0	0
0.5779220779220773	0.9894773976961083	7.6113703069160294
0.5844155844155838	1	0
1.201298701298702	0.010522602303891742	7.403891547719444
1.2077922077922085	0	0
0.5909090909090902	0.9894773976961081	7.6110280241942805
0.5974025974025968	1	0
1.2142857142857149	0.010522602303891744	7.403718301606449
1.2207792207792214	0	0
1.227272727272728	0.010522602303891744	7.403543156238456
1.2337662337662345	0	0
0.6038961038961033	0.9894773976961083	7.6107006784238935
0.6103896103896097	1	0
1.240259740259741	0.010522602303891742	7.403365721004346
1.2467532467532474	0	0
1.253246753246754	0.010522602303891742	7.403185537634127
1.2597402597402605	0	0
0.6168831168831163	0.9894773976961084	7.610386283077452
0.6233766233766227	1	0
1.266233766233767	0.010522602303891739	7.40300203416206
1.2727272727272734	0	0
1.2792207792207801	0.010522602303891739	7.402814475982379
1.2857142857142865	0	0
0.6298701298701292	0.9894773976961083	7.6100834886838
0.6363636363636357	1	0
1.2922077922077932	0.010522602303891725	7.402621899190771
1.2987012987012996	0	0
1.305194805194806	0.010522602303891725	7.402423039076793
1.3116883116883122	0	0
0.6428571428571422	0.9894773976961083	7.609791144297198
0.6493506493506487	1	0
1.318181818181819	0.010522602303891732	7.402216292916612
1.3246753246753253	0	0
1.3311688311688321	0.010522602303891737	7.401999694925245
1.3376623376623384	0	0
0.6558441558441551	0.9894773976961082	7.609508174369542
0.6623376623376616	1	0
1.3441558441558448	0.010522602303891739	7.4017710179004075
1.3506493506493513	0	0
1.3571428571428577	0.010522602303891742	7.401528092559443
1.3636363636363642	0	0
0.6688311688311681	0.9894773976961082	7.609233601147429
0.6753246753246746	1	0
1.3701298701298708	0.010522602303891737	7.40126918445413
1.3766233766233773	0	0
1.3831168831168839	0.010522602303891725	7.400992721085363
1.3896103896103904	0	0
0.681818181818181	0.9894773976961082	7.60896655297168
0.6883116883116877	1	0
1.3961038961038967	0.010522602303891699	7.4006971270751265
1.402597402597403	0	0
1.4090909090909096	0.010522602303891735	7.400380441175725
1.4155844155844162	0	0
0.694805194805194	0.9894773976961081	7.6087062397569225
0.7012987012987005	1	0
1.4220779220779227	0.010522602303891737	7.400041195303204
1.4285714285714293	0	0
0.707792207792207	0.9894773976961083	7.608451926404794
0.7142857142857135	1	0
1.4350649350649358	0.010522602303891732	7.399678802711134
1.4415584415584424	0	0
1.4480519480519487	0.010522602303891722	7.399293870451302
1.4545454545454553	0	0
0.7207792207792201	0.9894773976961081	7.608202911797554
0.7272727272727265	1	0
1.4610389610389616	0.010522602303891722	7.398887677726187
1.4675324675324681	0	0
1.4740259740259747	0.010522602303891725	7.398460141989969
1.4805194805194812	0	0
0.7337662337662332	0.9894773976961081	7.607958631166333
0.7402597402597395	1	0
1.4870129870129878	0.010522602303891725	7.398008701561274
1.4935064935064943	0	0
1.5000000000000009	0.010522602303891711	7.397530005572759
1.5064935064935072	0	0
0.7467532467532462	0.9894773976961081	7.607718631896744
0.7532467532467526	1	0
1.5129870129870138	0.010522602303891708	7.397021794073637
1.51948051948052	0	0
1.5259740259740269	0.010522602303891702	7.396482336240024
1.5324675324675332	0	0
0.759740259740259	0.9894773976961083	7.607482519573407
0.7662337662337655	1	0
1.5389610389610398	0.010522602303891692	7.395909921066326
1.545454545454546	0	0
1.5519480519480526	0.0105226023038917	7.39530273386585
1.558441558441559	0	0
0.772727272727272	0.9894773976961082	7.6072499348879346
0.7792207792207785	1	0
1.5649350649350655	0.010522602303891711	7.394658254148484
1.571428571428572	0	0
1.5779220779220784	0.0105226023038917	7.393972355602478
1.584415584415585	0	0
0.785714285714285	0.9894773976961083	7.60702054365752
0.7922077922077915	1	0
1.590909090909091	0.010522602303891702	7.393238282981479
1.5974025974025978	0	0
1.6038961038961042	0.010522602303891702	7.3924465115344224
1.610389610389611	0	0
0.7987012987012979	0.9894773976961083	7.606794024645553
0.8051948051948045	1	0
1.6168831168831173	0.010522602303891708	7.391585515343185
1.6233766233766238	0	0
1.6298701298701301	0.010522602303891715	7.390642367403907
1.6363636363636367	0	0
0.811688311688311	0.9894773976961082	7.60657006061306
0.8181818181818176	1	0
1.6428571428571432	0.010522602303891732	7.389602336318021
1.6493506493506498	0	0
0.824675324675324	0.9894773976961083	7.6063483435000405
0.8311688311688306	1	0
1.6558441558441561	0.01052260230389173	7.388447389239228
1.6623376623376627	0	0
1.6688311688311692	0.01052260230389172	7.387154557004695
1.6753246753246758	0	0
0.8376623376623369	0.9894773976961084	7.60612857685502
0.8441558441558433	1	0
1.681818181818182	0.010522602303891702	7.385694528325348
1.6883116883116887	0	0
1.6948051948051952	0.0105226023038917	7.384029255788968
1.7012987012987018	0	0
0.8506493506493497	0.9894773976961084	7.605910474885314
0.8571428571428562	1	0
1.707792207792208	0.010522602303891689	7.382105807430393
1.7142857142857146	0	0
1.720779220779221	0.010522602303891713	7.3798579113066785
1.7272727272727275	0	0
0.8636363636363628	0.9894773976961081	7.60569376334568
0.8701298701298693	1	0
1.733766233766234	0.010522602303891725	7.377211581736723
1.7402597402597406	0	0
1.7467532467532472	0.010522602303891722	7.374100437181444
1.7532467532467537	0	0
0.8766233766233757	0.9894773976961082	7.605478179307599
0.8831168831168823	1	0
1.75974025974026	0.010522602303891694	7.370468619252726
1.7662337662337666	0	0
1.772727272727273	0.010522602303891689	7.366253918887668
1.7792207792207795	0	0
0.8896103896103886	0.9894773976961083	7.605263469505353
0.8961038961038953	1	0
1.785714285714286	0.010522602303891704	7.361391725700941
1.7922077922077926	0	0
1.798701298701299	0.010522602303891718	7.355807270173208
1.8051948051948055	0	0
0.9025974025974017	0.9894773976961083	7.605049388636298
0.9090909090909083	1	0
1.811688311688312	0.010522602303891727	7.349419825040896
1.8181818181818183	0	0
1.8246753246753247	0.010522602303891735	7.342142149789853
1.8311688311688314	0	0
0.9155844155844147	0.9894773976961081	7.604835698026197
0.9220779220779213	1	0
1.8376623376623378	0.010522602303891735	7.333876601959268
1.8441558441558443	0	0
1.8506493506493509	0.010522602303891728	7.324518492208214
1.8571428571428574	0	0
0.9285714285714278	0.9894773976961083	7.604622164832491
0.9350649350649343	1	0
1.8636365788706943	0.010522557672514933	7.313939294291415
1.8701298701298703	0	0
1.876625633993868	0.01052093837481162	7.30128525084024
1.8831168831168832	0	0
0.9415584415584409	0.9894773976961081	7.604408561710829
0.9480519480519474	1	0
1.8896199573367787	0.010513891680509951	7.284772537342152
1.8961038961038963	0	0
1.9026214790134777	0.010496077156385517	7.2617893757587
1.9090909090909092	0	0
0.954545454545454	0.9894773976961081	7.6041946666887705
0.9610389610389605	1	0
1.9156299005737578	0.010468197876917567	7.2312288434819285
1.9220779220779223	0	0
0.967532467532467	0.9894773976961082	7.603980262725147
0.9740259740259734	1	0
1.9286481247230851	0.010435545667366259	7.194142110103577
1.9350649350649352	0	0
1.9416751170057103	0.010398433058092888	7.150318663731677
1.948051948051948	0	0
0.9805194805194799	0.9894773976961082	7.603765135815195
0.9870129870129863	1	0
1.954698985580922	0.01035288824735146	7.1002699269886875
1.9610389610389611	0	0
1.9676292697499087	0.01017881729455268	6.98076921810564
1.974025974025974	0	0
0.9935064935064929	0.9894773976961081	7.603549070111343
0.9999999999999994	1	0
1.980431571354609	0.009693642497048556	6.700518620854787
1.9870129870129871	0	0
1.9912173280302348	0.008461640498008613	6.115866651582522
2	0	0
1.0064935064935059	0.9894773976961082	7.603331841269406
1.0129870129870124	1	0
2	0.012987012987012991	8.044644422623614
1.0194805194805188	0.9894773976961082	7.603113214642684
1.0259740259740253	1	0
2	0.025974025974026094	9.389618904035713
1.988642081783578	0.019627547005981516	8.982132515401629
1.0324675324675319	0.9894773976961081	7.60289295871155
1.0389610389610386	1	0
1.9895482213260969	0.03317343833776216	9.446014835523213
2	0.038961038961038974	9.493113246086438
1.045454545454545	0.9894773976961083	7.6026708708583906
1.0519480519480515	1	0
1.9895047593460264	0.045746986319847284	9.4256550328856
2	0.051948051948052076	9.380383456049913
1.0584415584415579	0.9894773976961082	7.602446765935439
1.0649350649350644	1	0
1.9894435744337493	0.05856192774781785	9.288645905001035
2	0.06493506493506507	9.247192253524585
1.0714285714285707	0.9894773976961082	7.60222044554459
1.0779220779220773	1	0
1.989457347885136	0.07152048975081951	9.195040524468773
2	0.07792207792207806	9.176855651219501
1.0844155844155836	0.9894773976961083	7.601991680890918
1.0909090909090904	1	0
1.989470371353408	0.08447081219222426	9.1491337531248
2	0.09090909090909105	9.140289184114405
1.0974025974025967	0.9894773976961083	7.6017602259264345
1.1038961038961035	1	0
1.9894756827328928	0.097422335226646	9.121524072895935
2	0.10389610389610404	9.115964664201316
1.1103896103896098	0.9894773976961083	7.6015258420081
1.1168831168831166	1	0
1.9894773976961082	0.11038961038961055	9.101910748166206
2	0.11688311688311703	9.098432099130607
1.123376623376623	0.9894773976961083	7.601288282443112
1.1298701298701295	1	0
1.9894773976961082	0.12337662337662354	9.087823578763603
2	0.12987012987013002	9.085638403214066
1.1363636363636358	0.9894773976961082	7.601047287011227
1.1428571428571423	1	0
1.9894773976961082	0.1363636363636365	9.077312160971745
2	0.14285714285714302	9.07595610725235
1.149350649350649	0.9894773976961082	7.60080258115766
1.1558441558441555	1	0
1.9894773976961084	0.14935064935064946	9.069271126611367
2	0.1558441558441559	9.068467007518716
1.1623376623376618	0.9894773976961081	7.600553876438698
1.1688311688311686	1	0
1.9894773976961082	0.16233766233766242	9.062981222511
2	0.1688311688311689	9.062559821977052
1.1753246753246749	0.9894773976961083	7.600300858713017
1.1818181818181814	1	0
1.9894773976961082	0.1753246753246754	9.057981866013842
2	0.18181818181818188	9.057826507259378
1.188311688311688	0.9894773976961081	7.600043184993839
1.1948051948051943	1	0
1.9894773976961082	0.18831168831168843	9.053943017934055
2	0.19480519480519498	9.053974306882486
1.2012987012987009	0.9894773976961081	7.599780482636615
1.2077922077922074	1	0
1.9894773976961084	0.20129870129870142	9.050633488647877
2	0.20779220779220786	9.050799051091959
1.214285714285714	0.9894773976961083	7.599512346792811
1.2207792207792203	1	0
1.9894773976961082	0.21428571428571436	9.04789099190637
2	0.22077922077922085	9.04815563230334
1.227272727272727	0.9894773976961082	7.599238335838564
1.2337662337662334	1	0
1.9894773976961082	0.22727272727272738	9.045598215941537
2	0.23376623376623384	9.045936717172859
1.24025974025974	0.9894773976961083	7.598957962174431
1.2467532467532463	1	0
1.9894773976961084	0.24025974025974034	9.043665867281861
2	0.24675324675324684	9.044059557122674
1.2532467532467528	0.9894773976961083	7.598670683504348
1.2597402597402594	1	0
1.9894773976961082	0.25324675324675333	9.042025331675683
2	0.2597402597402598	9.042460226753482
1.266233766233766	0.9894773976961083	7.598375895721844
1.2727272727272725	1	0
1.9894773976961082	0.2662337662337663	9.040622797673185
2	0.2727272727272728	9.041088639338628
1.2792207792207788	0.9894773976961082	7.598072920700223
1.2857142857142854	1	0
1.9894773976961084	0.27922077922077926	9.039416349134626
2	0.2857142857142857	9.039906028513293
1.2922077922077917	0.9894773976961083	7.597760968837625
1.2987012987012982	1	0
1.9894773976961082	0.2922077922077922	9.038373820831685
2	0.2987012987012988	9.038882413454301
1.3051948051948046	0.9894773976961083	7.597438965876557
1.3116883116883113	1	0
1.9894773976961082	0.3051948051948053	9.037469900550937
2	0.311688311688312	9.037993933411856
1.3181818181818177	0.9894773976961083	7.597105270538478
1.3246753246753245	1	0
1.9894773976961082	0.3181818181818184	9.036684281361515
2	0.3246753246753249	9.03722129906399
1.3311688311688308	0.9894773976961083	7.596757811928099
1.3376623376623376	1	0
1.9894773976961084	0.3311688311688314	9.036000438192195
2	0.3376623376623379	9.036548667329628
1.3441558441558439	0.9894773976961083	7.596394884221788
1.3506493506493504	1	0
1.9894773976961084	0.3441558441558443	9.035404653065635
2	0.35064935064935077	9.035962808079535
1.3571428571428568	0.9894773976961083	7.596015103872319
1.3636363636363633	1	0
1.9894773976961082	0.3571428571428574	9.034885439519078
2	0.36363636363636387	9.035452720912872
1.3701298701298696	0.9894773976961083	7.595616909545494
1.376623376623376	1	0
1.9894773976961082	0.37012987012987036	9.034433357234862
2	0.37662337662337686	9.03500950614024
1.3831168831168825	0.9894773976961083	7.595198675500025
1.389610389610389	1	0
1.9894773976961084	0.3831168831168834	9.034040876787598
2	0.38961038961038985	9.034626090227592
1.3961038961038956	0.9894773976961083	7.594758798812536
1.4025974025974022	1	0
1.9894773976961084	0.39610389610389635	9.033701970476296
2	0.40259740259740284	9.03429670550808
1.4090909090909087	0.9894773976961084	7.594295503621175
1.415584415584415	1	0
1.9894773976961084	0.4090909090909093	9.033411619590709
2	0.4155844155844157	9.034016498771823
1.4220779220779216	0.9894773976961084	7.593806681563841
1.428571428571428	1	0
1.9894773976961082	0.4220779220779223	9.03316564069646
2	0.4285714285714288	9.03378154866092
1.4350649350649345	0.9894773976961083	7.59328994024733
1.441558441558441	1	0
1.9894773976961082	0.4350649350649353	9.032960838792961
2	0.4415584415584418	9.033589038401475
1.4480519480519476	0.9894773976961083	7.592742651605751
1.454545454545454	1	0
1.9894773976961084	0.44805194805194837	9.03279504841796
2	0.4545454545454548	9.033437083087138
1.4610389610389605	0.9894773976961084	7.592161967637831
1.4675324675324668	1	0
1.9894773976961082	0.46103896103896136	9.032666702268157
2	0.4675324675324678	9.033324085544471
1.4740259740259731	0.9894773976961081	7.591544817373875
1.4805194805194801	1	0
1.9894773976961084	0.4740259740259743	9.03257413767656
2	0.4805194805194808	9.033248095494887
1.4870129870129865	0.9894773976961083	7.59088787422911
1.493506493506493	1	0
1.9894773976961082	0.48701298701298734	9.032515234639474
2	0.49350649350649367	9.033206747539257
1.4999999999999996	0.9894773976961083	7.5901875275894986
1.506493506493506	1	0
1.9894773976961082	0.5000000000000001	9.032487720644944
2	0.5064935064935067	9.033197929649818
1.5129870129870124	0.9894773976961084	7.589439814818891
1.519480519480519	1	0
1.9894773976961082	0.5129870129870131	9.032490001274207
2	0.5194805194805197	9.03322078136497
1.5259740259740253	0.9894773976961084	7.588640254161304
1.5324675324675319	1	0
1.9894773976961082	0.5259740259740261	9.032521988253043
2	0.5324675324675326	9.033276190266726
1.5389610389610384	0.9894773976961082	7.587783458179476
1.545454545454545	1	0
1.9894773976961084	0.5389610389610391	9.03258519438583
2	0.5454545454545456	9.033366342952332
1.5519480519480515	0.9894773976961082	7.586862670731187
1.558441558441558	1	0
1.9894773976961082	0.5519480519480522	9.032681956680802
2	0.5584415584415585	9.033493753203729
1.5649350649350646	0.9894773976961082	7.585869639146318
1.5714285714285712	1	0
1.9894773976961082	0.564935064935065	9.03281454354678
2	0.5714285714285715	9.03366065115068
1.5779220779220777	0.9894773976961083	7.584795296898123
1.584415584415584	1	0
1.9894773976961082	0.5779220779220778	9.03298491998875
2	0.5844155844155845	9.03386916996737
1.5909090909090906	0.9894773976961083	7.583628796558492
1.597402597402597	1	0
1.9894773976961082	0.5909090909090908	9.033195203981506
2	0.5974025974025975	9.034121957860233
1.6038961038961035	0.9894773976961083	7.582357365688609
1.61038961038961	1	0
1.9894773976961084	0.6038961038961039	9.033448223743148
2	0.6103896103896105	9.034422577999754
1.6168831168831166	0.9894773976961083	7.5809658934423085
1.6233766233766231	1	0
1.9894773976961087	0.6168831168831169	9.033747708581274
2	0.6233766233766235	9.034775539006185
1.6298701298701297	0.9894773976961084	7.579436424024251
1.636363636363636	1	0
1.9894773976961084	0.6298701298701299	9.03409825225616
2	0.6363636363636365	9.03518631144886
1.6428571428571426	0.9894773976961084	7.577747542667531
1.649350649350649	1	0
1.9894773976961084	0.642857142857143	9.034505432287595
2	0.6493506493506493	9.035661579695944
1.6558441558441555	0.9894773976961083	7.575873961793845
1.662337662337662	1	0
1.9894773976961082	0.655844155844156	9.034976115230721
2	0.6623376623376624	9.036209558062785
1.6688311688311683	0.9894773976961083	7.573786256738784
1.6753246753246747	1	0
1.9894773976961082	0.668831168831169	9.035518702338749
2	0.6753246753246755	9.036840211461056
1.6818181818181814	0.9894773976961081	7.571450684114514
1.6883116883116878	1	0
1.9894773976961084	0.6818181818181821	9.03614335370831
2	0.6883116883116884	9.037565643021967
1.6948051948051943	0.9894773976961083	7.568830094295549
1.7012987012987006	1	0
1.9894773976961082	0.6948051948051949	9.036862551610055
2	0.7012987012987014	9.038400931532323
1.7077922077922074	0.9894773976961083	7.5658891877669925
1.7142857142857137	1	0
1.9894773976961082	0.7077922077922079	9.037692012784033
2	0.7142857142857144	9.039365025973828
1.72077922077922	0.9894773976961081	7.562595265787317
1.7272727272727266	1	0
1.9894773976961082	0.720779220779221	9.038651327656419
2	0.7272727272727275	9.0404811837569
1.7337662337662332	0.9894773976961082	7.558891904728207
1.7402597402597397	1	0
1.9894773976961082	0.7337662337662341	9.039764236539147
2	0.7402597402597404	9.04177761109001
1.7467532467532463	0.9894773976961083	7.554717982541384
1.7532467532467528	1	0
1.9894773976961082	0.7467532467532468	9.041059826499845
2	0.7532467532467534	9.043289647643558
1.7597402597402594	0.9894773976961082	7.55000098304165
1.766233766233766	1	0
1.9894773976961082	0.7597402597402598	9.042575785685834
2	0.7662337662337664	9.045064700662428
1.7727272727272723	0.9894773976961083	7.544655225171078
1.779220779220779	1	0
1.9894773976961082	0.7727272727272728	9.044363588618252
2	0.7792207792207794	9.047166767022821
1.7857142857142854	0.9894773976961082	7.538575960469456
1.792207792207792	1	0
1.9894773976961084	0.7857142857142858	9.046491050585203
2	0.7922077922077924	9.0496767152563
1.7987012987012985	0.9894773976961083	7.531637953077875
1.805194805194805	1	0
1.9894773976961087	0.7987012987012988	9.049041839826073
2	0.8051948051948054	9.05269666467159
1.8116883116883116	0.9894773976961082	7.5236853089188935
1.8181818181818181	1	0
1.9894773976961082	0.8116883116883118	9.052122874774158
2	0.8181818181818183	9.05635792204822
1.8246753246753247	0.9894773976961082	7.514532181237677
1.831168831168831	1	0
1.9894773976961082	0.8246753246753248	9.055875548728261
2	0.8311688311688313	9.060842890667075
1.8376623376623378	0.9894773976961082	7.5039424350859365
1.8441558441558443	1	0
1.9894773976961084	0.8376623376623378	9.060507294827637
2	0.8441558441558443	9.066432750708035
1.850647650092221	0.9894769169549078	7.491920761082192
1.857142857142857	1	0
1.9894773976961082	0.8506493506493508	9.066338392738198
2	0.8571428571428572	9.073535662143179
1.8636308709982214	0.989475594570138	7.478427744834165
1.8701298701298703	1	0
1.98947807509489	0.8636365540240194	9.073827188417182
2	0.8701298701298702	9.08276550930889
1.876611048983481	0.9894722201592194	7.464044666023761
1.8831168831168832	1	0
1.9894815909672738	0.8766242829315262	9.083670811931583
2	0.8831168831168832	9.095000576721397
1.8895877043279652	0.9894645464318708	7.450445749650698
1.8961038961038963	1	0
1.9894925530490033	0.8896182452076111	9.096873490521874
2	0.8961038961038962	9.111678634953872
1.9025596240993174	0.989451605587583	7.438890286103498
1.9090909090909092	1	0
1.9895109222227834	0.9026151326540677	9.115133323683125
2	0.9090909090909092	9.134764869329757
1.9155421016243928	0.9894378943386162	7.428188713509125
1.922077922077922	1	0
1.989541772500676	0.9156086173217176	9.141242000465732
2	0.9220779220779222	9.170465436430204
1.9284686710635237	0.9894277512189182	7.41662157215935
1.9350649350649352	1	0
1.9895782314421948	0.9286050327431482	9.18506838897344
2	0.9350649350649352	9.233316842555798
1.9413884071119343	0.9894497515989359	7.398182125248154
1.9480519480519483	1	0
1.9896094838794125	0.9416132927005494	9.264655506097332
2	0.948051948051948	9.354027541045593
1.9542310425406748	0.9895164136315436	7.377514499806938
1.9610389610389611	1	0
1.989653532603797	0.954623922203878	9.393885863751194
2	0.961038961038961	9.47372617551719
1.966766872212938	0.9895337327987198	7.3457566038188675
1.974025974025974	1	0
1.9898741836547689	0.9675870408768227	9.398068254719833
2	0.974025974025974	9.26662937027934
1.9800436566939177	0.9884124743827281	7.773779184533661
1.987012987012987	1	0
1.9902518787221937	0.9803965899463797	8.776908695108068
2	0.987012987012987	8.060181614353068
1.991463162100978	0.991160449439447	6.467820186478173
2	1	0
0.019790844367324034	0.025693792112550184	9.40459032476781
0.029255482104593583	0.01995947319281187	9.543041932410796
0.020831293244609122	0.038660649659725946	9.143405274140731
0.03253332897015334	0.03194685909096778	9.5088913657998
0.03985250915139045	0.020985632017268857	9.670893893094467
0.020810625419328457	0.05176433572329806	9.063964561333735
0.031079022377088372	0.045184163980484526	9.161104732433857
0.04083585103672216	0.041261783577329514	9.343112955374357
0.04612219812076702	0.03194195851207051	9.634593429467778
0.05233323821923903	0.02122784901231134	9.692513756124761
0.02081346729923141	0.06483746020378542	9.034286691587782
0.031147575196024957	0.058329443899964174	9.092067938467425
0.04163924245416148	0.05211345718390537	9.176926046679066
0.05236302522383507	0.04422478259728335	9.36856214193672
0.058815236123262046	0.03200484477726219	9.676632233936887
0.0652192742786724	0.021216312725979177	9.663640796241468
0.020870643447351633	0.0778575528546597	9.019496452129701
0.031185849493812864	0.07134762845200719	9.051673421385841
0.04135724413252717	0.06472961785630449	9.104105870404956
0.05157537976723836	0.05821752650026096	9.165407709445569
0.062317294318612014	0.05428063904935529	9.246629042735067
0.06627308072290988	0.0423570936804456	9.466867256078048
0.07195512475794538	0.03174229545747886	9.683065521622156
0.07815866573924449	0.02113130272967413	9.617246872702468
0.02094314819757673	0.0908648291449427	9.011901419072347
0.031307982626429816	0.08438476184440903	9.031521920525035
0.04159100690578454	0.07796961422113281	9.063030134076199
0.051857747117408794	0.07177565467856935	9.107764684920154
0.06216297995352826	0.06649495481924478	9.152209335067097
0.07017463123195689	0.06114631589024888	9.204943368060055
0.07398601657915964	0.05240994661122634	9.302883662151016
0.07895256974449075	0.04205524546538939	9.499274477796517
0.0847729606005792	0.031612531046035196	9.666574575708522
0.0910573693793197	0.021077678790090617	9.5751918488116
0.02099836255851072	0.10386534394270679	9.007661180891432
0.031420366958563095	0.09737565787915646	9.020154290038208
0.04175484373791518	0.09095713767818624	9.040412201804015
0.052065648839354176	0.08464056688097259	9.0688136458836
0.06238256102072112	0.07861272473445081	9.10525129655366
0.07348643957304973	0.0724696275336487	9.146025504924035
0.08035806617964374	0.062297034004447645	9.213749264058796
0.0858496760302579	0.052323953647997704	9.320153253541044
0.09148414580852894	0.04201267219254839	9.512086008095208
0.09754163111172813	0.03157572959326732	9.643580556057389
0.10394488217417816	0.021055977931506174	9.54411725329886
0.021029205279711957	0.11686599047350212	9.005126842049279
0.031500918604691	0.11036029689296371	9.01343639807748
0.04188947170828671	0.10390202585979517	9.026899172290989
0.05218114818240883	0.09752866372052621	9.046003208113605
0.06236689899442136	0.09127087910315658	9.070286446780988
0.07235565164656443	0.08502466539111292	9.099547600412249
0.08146659592168537	0.08144109017771273	9.12273499373911
0.08678803152780848	0.07291234232801193	9.160482630873998
0.09233536780614636	0.06272332649092632	9.223108080471471
0.09804830147270441	0.052448508691852164	9.326444208200199
0.10411057672874649	0.042075677629742646	9.515968815529504
0.1104732393942417	0.031568837848670435	9.620494103631934
0.11690500483637874	0.02104866212200346	9.522246311491607
0.021041478392786875	0.1298643900740276	9.00354733037693
0.03154449111724448	0.12335427843819813	9.009251431658008
0.041994429411648354	0.11685955727249782	9.018516760075805
0.052338986866673494	0.11042533430649844	9.031735761520167
0.06257483789743387	0.10406131711118899	9.048954348507293
0.07261417852038198	0.09778175532607962	9.06947004447418
0.08211551565903762	0.09167712775270337	9.092774365085916
0.09263180288403132	0.0848590517004777	9.121855434127086
0.09878702948646985	0.07342851247862281	9.167854802997004
0.10457177519330314	0.06293853186186948	9.228074600571448
0.11064312450430253	0.052549571393100764	9.328037682908773
0.11699540716671437	0.04207393495504553	9.51740592313215
0.12342076150477871	0.03156503052020809	9.600236343146406
0.12987816060185994	0.021046004309799426	9.506999702439636
0.021044827314003256	0.14285630938778662	9.00252530143161
0.03156090928319015	0.13635312175812742	9.006550257411007
0.042052749444632824	0.12984295323547165	9.013084247613307
0.052474691090909666	0.12335747982835528	9.022477746335262
0.06279456339256337	0.11692612182614243	9.034824848309384
0.07307579135811812	0.1105034367143774	9.050096583035812
0.08319637556671645	0.10415310588393835	9.06762362669358
0.09300334725492253	0.09812234003335196	9.086396701835648
0.10152400306638332	0.09278117147581944	9.105177808053078
0.10525205193906159	0.08372093891617038	9.133916845549846
0.11115020055492758	0.07341624427361407	9.173960038694675
0.1171926000232377	0.06303187608774731	9.230351421081773
0.12350366786100654	0.05257690455849282	9.327937618973964
0.1299264079476479	0.04207892805401451	9.517315969137327
0.13637341845099377	0.031567151451071175	9.58335058682029
0.14286055475812112	0.02104529261141071	9.496083989808504
0.021045204607783356	0.15584415584415573	9.001843834315721
0.03156543043826265	0.14934736862860382	9.004755100715593
0.04207530660020075	0.142840476573856	9.009468431518494
0.05255196668877462	0.1363308548448758	9.016271013558042
0.0629523921129589	0.1298500673919233	9.02530014764001
0.07329431612851531	0.12340006349665872	9.03652537959075
0.08352164025823744	0.11704446703973252	9.049697258877126
0.09385707754252359	0.11069319530917222	9.06461046212313
0.10469530881084288	0.10457038807800079	9.080828276230234
0.11180246182102628	0.09397361066083976	9.107629260100877
0.1176562171443799	0.08383978642683135	9.138745657985282
0.12373775497440272	0.0735109692424322	9.176736634113277
0.1300308601004587	0.06307549785536858	9.2307339023009
0.13643022634500201	0.05259161959842162	9.32669332809818
0.1428690577539037	0.0420877883388143	9.516671702448749
0.14935483416483208	0.03156727552272032	9.569491216480827
0.1558441558441558	0.02104520460778352	9.487954816406438
0.021045110922018596	0.16883104763786946	9.001376578400825
0.03156668939126871	0.16233645301758784	9.00353069215734
0.04208303988369309	0.15583653317013868	9.007003015113002
0.0525848210682256	0.1493277324065381	9.012020601973047
0.06304892578306831	0.14281652329834307	9.01872713381889
0.07344399412233682	0.136334436697182	9.027137951211984
0.08374416268448703	0.12992407671751913	9.03709968316638
0.09393011588106642	0.12363188539052977	9.04837253576204
0.1039923993409185	0.1175003364464342	9.060479138187445
0.11293707064212491	0.11343236776977725	9.070316355936274
0.1180646802909094	0.1046107656498723	9.086536884334718
0.12407712070722735	0.09432162577347308	9.111338432732252
0.13027438067231514	0.08398618635503634	9.141543716056104
0.13655023253922774	0.0735762292954749	9.177840825531291
0.14293758706776374	0.06310331165362405	9.230046206937034
0.14936295294687144	0.05260869736509446	9.324908653521932
0.1558488897286834	0.04208916481222167	9.515971694948652
0.1623376623376623	0.03156780691167525	9.558170152410353
0.1688311688311688	0.021045204607783512	9.481645956973681
0.02104519150858868	0.1818181627886926	9.001048052175163
0.03156728859649809	0.17532404552395794	9.002674349862454
0.04208695071630083	0.16882765075671988	9.005283766326423
0.052599374850248785	0.1623264299225522	9.009049957705932
0.06309470139651413	0.1558145153659885	9.014103971110051
0.07355629381136268	0.14929856029158398	9.020500819992487
0.08392706251486363	0.14283846902080752	9.028168783355268
0.09418744822530987	0.13645919803333828	9.036947000695827
0.10426257997108722	0.1301872322695871	9.046620547169189
0.11386584938566881	0.12401615960033686	9.056899546927859
0.12417068508531015	0.11648646475860511	9.069974327881711
0.1306065093427136	0.10494136076316196	9.089866948388748
0.1367976074778449	0.09449866372094252	9.113971719743388
0.1430697432283489	0.08407879837021175	9.143024732684252
0.14944458220221524	0.07361527756110507	9.17791819552327
0.15585844405550156	0.06312932372303937	9.228800255620849
0.16234288328634486	0.052611036743121946	9.32317647228298
0.1688311688311688	0.04209040921556698	9.51523704825773
0.17532467532467536	0.03156780691167525	9.548879516229457
0.1818181818181819	0.021045204607783502	9.476558735910617
0.021045204607783377	0.19480519480519465	9.000811871731289
0.031567730499706036	0.18831157730633527	9.00206173826595
0.042089178848437575	0.18181672884359568	9.004057921151157
0.05260756975481562	0.17531958568742265	9.00693317252035
0.06311706891194976	0.16881763861252028	9.010795223657894
0.07360979354883115	0.16230195102856912	9.015709382555878
0.08406485483157859	0.15579306698774445	9.021672871228892
0.09444891805210712	0.1493285960939681	9.028604447869567
0.10474671076719588	0.14291403369702121	9.036362261307977
0.11485295622636386	0.13660178044986232	9.044776071036559
0.12481141137317331	0.13037157884440015	9.053582321263944
0.13372882621288276	0.12475810355758869	9.062349207388188
0.13748609014065652	0.11531472984408797	9.075264128043878
0.14335208737997582	0.10499673273467004	9.09257290688793
0.14959396060929092	0.09458652751898193	9.115649049696474
0.15594910820575272	0.08413039906099513	9.143641695970144
0.16235567854064067	0.07364949664477023	9.177382897970352
0.1688374230583366	0.0631327830968305	9.227461950154888
0.17532467532467533	0.05261301151945873	9.321468338545609
0.1818181818181819	0.042090409215567	9.514502916432058
0.18831168831168843	0.031567806911675246	9.541225119958414
0.19480519480519498	0.02104520460778349	9.472337884174612
0.021045204607783388	0.2077922077922076	9.00063872086814
0.03156780691167508	0.20129870129870112	9.00161470805309
0.04209022073270983	0.19480492099199076	9.00316631182775
0.0526114151032769	0.188309769769637	9.005395796348118
0.06312936367346882	0.1818128451340472	9.00839031973999
0.07363662763538827	0.1753081383954305	9.012209526935948
0.08412754406728296	0.16879091130619692	9.016876042031825
0.09456465742445357	0.16229141020221832	9.022350991519216
0.10497820141941043	0.1558106920626887	9.028577515774394
0.11541527651911232	0.14934700111924878	9.035469536154084
0.12568841626796057	0.14306576750877203	9.042788717104942
0.13719717769924747	0.13656575597104958	9.050973224339979
0.14424854566695064	0.1257933022666984	9.063609899129935
0.14991252209356226	0.11545165674439772	9.077470998048929
0.15607429185992583	0.10510627537861413	9.094203117723874
0.16244725482582942	0.09464912264752436	9.116547025102834
0.16884887411963714	0.08417177447460421	9.143647496924098
0.1753316712777778	0.07365478376632194	9.176626810008083
0.18181818181818182	0.06313561382335048	9.226066093103412
0.1883116883116884	0.052613011519458734	9.319864355688509
0.19480519480519498	0.042090409215567	9.513759136899859
0.20129870129870145	0.031567806911675246	9.534902779544138
0.207792207792208	0.02104520460778349	9.468762848070563
0.02104520460778342	0.2207792207792206	9.000509549567049
0.021045204607783453	0.23376623376623362	9.000411674142718
0.03156780691167511	0.21428571428571408	9.001282690063555
0.0420904092155668	0.20779220779220756	9.002506253086027
0.05261275766191692	0.2012983325142508	9.004259614801216
0.06313411349661106	0.19480323538301922	9.006613161823052
0.07365085505079069	0.18830438905973232	9.009619135547409
0.08415554779849839	0.18179456686595644	9.013305211081253
0.09463811368337359	0.1752748615618995	9.017667474624512
0.10505880489521946	0.16876642073960937	9.022656624072127
0.11545330117205156	0.16226891300169285	9.028218881492988
0.1257795318604055	0.15582799480541945	9.034249396309916
0.13596518356543483	0.14981948283850413	9.04038029613809
0.14527317977205556	0.14556744878453345	9.045428122716388
0.15066468103627462	0.13658460799685024	9.053631674711717
0.15649061999636346	0.12610687819417507	9.065418166545301
0.16260216444339515	0.11564725279492852	9.07895954857158
0.16895384540077943	0.10517349730513949	9.095256993181318
0.17534175726463433	0.09469484254232098	9.11691810664204
0.1818251456817701	0.08417730934610819	9.143371553446764
0.1883116883116884	0.07365821612724223	9.175719858310009
0.1948051948051949	0.06313561382335048	9.224711200426578
0.20129870129870145	0.05261301151945874	9.31837014617989
0.207792207792208	0.042090409215567	9.513011450276084
0.2142857142857145	0.031567806911675246	9.529674099411425
0.220779220779221	0.02104520460778349	9.46569120064492
0.021045204607783446	0.24675324675324659	9.000336470701116
0.021045204607783436	0.25974025974025955	9.000277961089587
0.03156780691167515	0.2272727272727271	9.001032154339354
0.03156780691167518	0.24025974025974006	9.000840393495094
0.042090409215566844	0.22077922077922055	9.002009780396634
0.052613011519458526	0.21428571428571405	9.003406666473309
0.06313533115831903	0.20779178324953806	9.005279537292198
0.07365626775910074	0.20129544215592746	9.007673394860449
0.08417089971232576	0.19479110829533983	9.010616399559543
0.09467070645140618	0.1882737924993605	9.014115695804806
0.10513675611067323	0.18174533942164017	9.018153626901139
0.11555165535131327	0.17521005559875646	9.022689094898622
0.12593633698684842	0.16865131368443442	9.027685721772947
0.13613874879453994	0.16236008499621846	9.03291676947365
0.14616534209606416	0.15629549702383772	9.038321192007983
0.1563994483082014	0.14869060702239117	9.045064659488498
0.1629190307088996	0.13693594196284575	9.055226574056386
0.16913181074367273	0.12624789775159106	9.06688924705746
0.17546714115902481	0.11571520249932904	9.080061128492064
0.18184335279997613	0.10521733129087897	9.09584482854972
0.18831989110924527	0.09469995756406425	9.11699394623217
0.19480519480519487	0.08418081843113401	9.142875482573773
0.2012987012987014	0.07365821612724223	9.174765254293932
0.20779220779220794	0.06313561382335049	9.223416376406142
0.2142857142857145	0.052613011519458734	9.316992738846414
0.220779220779221	0.042090409215567	9.512268178086316
0.22727272727272751	0.031567806911675246	9.525346005097132
0.23376623376623407	0.02104520460778349	9.463026131562074
0.021045204607783446	0.27272727272727254	9.000231926893065
0.021045204607783457	0.2857142857142856	9.00019534329284
0.03156780691167516	0.25324675324675305	9.000691730734992
0.03156780691167518	0.266233766233766	9.00057514820361
0.0420904092155669	0.2337662337662336	9.001630950832903
0.0420904092155669	0.24675324675324659	9.001338122728242
0.0526130115194586	0.22727272727272707	9.002757156943323
0.063135602483397	0.22077920201281728	9.004264811832686
0.07365772268201792	0.21428472849805189	9.006191926098763
0.08417769253246526	0.20778497595885936	9.008565182414118
0.0946898606832663	0.20127376698437316	9.011396573196448
0.10518218924983742	0.1947476658325887	9.01468082386827
0.1156369254538459	0.18820472089931148	9.018396620899482
0.12607719656276664	0.18162462384161335	9.022520245475397
0.1363931881133231	0.17519754147472447	9.026921759524322
0.1466034331886541	0.16883029248340414	9.031582934619221
0.15660779594750862	0.1625350836066562	9.036388631367757
0.16574199972637482	0.1567858936138567	9.041135408898109
0.1694394562165522	0.14719368771138708	9.04797409170309
0.17560927684695204	0.1367860450426655	9.05687669306515
0.18197550781633653	0.126256985418114	9.068057495316383
0.18834833835518697	0.11574208604990192	9.08078605178653
0.19481686544233653	0.10522290733693297	9.096144487294422
0.2012987012987013	0.09470342073502576	9.11682021877767
0.20779220779220792	0.084180818431134	9.142271864413788
0.21428571428571444	0.07365821612724224	9.173807586936098
0.220779220779221	0.06313561382335048	9.222203029081369
0.22727272727272751	0.052613011519458734	9.315731479795874
0.23376623376623407	0.042090409215567	9.51153802538113
0.24025974025974062	0.031567806911675246	9.521758333297704
0.24675324675324717	0.02104520460778349	9.460698696209162
0.021045204607783433	0.29870129870129863	9.00016600950523
0.02104520460778341	0.31168831168831157	9.000142302901493
0.03156780691167519	0.2792207792207791	9.000482775451163
0.03156780691167518	0.29220779220779214	9.000408906751415
0.04209040921556688	0.25974025974025955	9.001109115300496
0.04209040921556691	0.27272727272727254	9.000928126226386
0.05261301151945863	0.24025974025974006	9.00225612872495
0.05261301151945862	0.25324675324675305	9.001865086748124
0.06313561382335033	0.2337662337662336	9.003482866053895
0.07365816118591383	0.22727259854448245	9.005050208073728
0.08418002608800061	0.2207767920185847	9.00698212429734
0.09469938706337139	0.21427320213897852	9.009292460233674
0.105208840423484	0.2077565068057298	9.011982530448956
0.11569353637702318	0.2012238025216857	9.015040328934036
0.12614520371465474	0.19467697245948223	9.018442665922608
0.13658050629152013	0.18814094592355884	9.022155730771969
0.1469131832434691	0.1816513364887086	9.026111998017113
0.1573767629370769	0.1751223168423682	9.030351066093068
0.16906113270585513	0.1685704142892636	9.03495062579873
0.17627398908502903	0.15773649770590406	9.04186205073753
0.182140744881945	0.14726059143328615	9.049291426158199
0.1884555114389127	0.1367841404920595	9.058000449026581
0.1948511091070171	0.12626708570839087	9.06884812625952
0.20131440712911186	0.11574632585394229	9.081220439646087
0.2077922077922079	0.10522602303891755	9.096197100812702
0.2142857142857144	0.09470342073502575	9.116495413936763
0.22077922077922096	0.084180818431134	9.141616024659855
0.22727272727272751	0.07365821612724223	9.172876076878653
0.23376623376623407	0.06313561382335048	9.221080578323123
0.24025974025974062	0.052613011519458734	9.314581947465284
0.24675324675324717	0.042090409215567	9.51082846514656
0.2532467532467537	0.031567806911675246	9.51877831791815
0.25974025974026027	0.02104520460778349	9.458658748374921
0.021045204607783394	0.3246753246753245	9.000123012596589
0.0210452046077834	0.33766233766233755	9.000107225033664
0.03156780691167514	0.3051948051948051	9.000349349569001
0.03156780691167512	0.31818181818181807	9.000300985152023
0.04209040921556692	0.2857142857142856	9.000783729686269
0.0420904092155669	0.2987012987012987	9.000667551679747
0.05261301151945863	0.266233766233766	9.0015566354675
0.052613011519458665	0.27922077922077904	9.00131099333589
0.06313561382335035	0.24675324675324659	9.002873275278226
0.06313561382335034	0.25974025974025955	9.002393010786365
0.07365821612724209	0.24025974025974006	9.004160345781706
0.08418071843914386	0.23376584775375886	9.005747379485387
0.0947026793396657	0.2272686992335328	9.007648128500229
0.10522156965200617	0.2207626610945436	9.009867617842653
0.11572815085583028	0.21424237149206415	9.012400793110915
0.12620715374402006	0.20770605807552744	9.01523258827068
0.13665059341411212	0.20115978348020847	9.018339067549237
0.147040209022102	0.1946122937744448	9.021691778474585
0.15738394786077853	0.18804117488167482	9.025266454016785
0.16759288003615147	0.18148877307880718	9.02901150804851
0.17725691029067114	0.17778799754673064	9.03168525315512
0.1826181223354446	0.1686622128628201	9.036392890330603
0.18864247864400244	0.15794618632481072	9.042969724528582
0.19499109021843544	0.1473522703579855	9.05029404788152
0.2013778583951106	0.13680192183847245	9.058801679787123
0.2078159411666828	0.12627162057536734	9.069366722017135
0.2142857142857145	0.11574862534280933	9.081423806808148
0.22077922077922096	0.1052260230389175	9.0960854613899
0.22727272727272751	0.09470342073502573	9.116079299233563
0.23376623376623407	0.084180818431134	9.140946377522413
0.24025974025974062	0.07365821612724223	9.171987660124115
0.24675324675324717	0.06313561382335048	9.22005043778987
0.2532467532467537	0.052613011519458734	9.31353791317332
0.25974025974026027	0.04209040921556698	9.510145213845627
0.2662337662337668	0.03156780691167523	9.516295935687355
0.2727272727272734	0.021045204607783485	9.45686714442239
0.0210452046077834	0.3506493506493506	9.000094244167192
0.03156780691167509	0.33116883116883106	9.000261467431955
0.031567806911675114	0.3441558441558441	9.00022901365748
0.042090409215566844	0.3116883116883116	9.000573378315183
0.04209040921556679	0.3246753246753245	9.000496546127037
0.05261301151945865	0.29220779220779214	9.001113683566665
0.052613011519458595	0.3051948051948052	9.000953980052318
0.06313561382335035	0.27272727272727254	9.002010997774207
0.06313561382335038	0.2857142857142856	9.001704499060478
0.07365821612724206	0.25324675324675305	9.003459546410909
0.07365821612724206	0.266233766233766	9.002902394467368
0.0841808184311338	0.2467532467532465	9.004774601042572
0.09470335082930857	0.24025907323208648	9.006351114514986
0.10522555384010551	0.23376139949715313	9.008195591748825
0.11574361361849313	0.22725390253199962	9.01030738079672
0.1262476602229916	0.22073010204773943	9.012678298631544
0.13672440950773093	0.21418914707209383	9.015292948550238
0.14715646179305295	0.20763325432743154	9.018129737971625
0.15753705313390656	0.20104764368370145	9.021174657630823
0.1678435987919652	0.19432468542201864	9.024430091049227
0.17792642846323226	0.18856333140263593	9.027515612193136
0.18853102889931872	0.1808111614952319	9.031520107880878
0.19508446112596392	0.1688237276202116	9.037434125321667
0.2014797764144296	0.15798648211631294	9.04394405657979
0.2078844326487007	0.14735946353797544	9.051087124501189
0.2143193208522016	0.13680187408113523	9.059367513772544
0.22078618222358745	0.1262719742169272	9.069674104718914
0.22727272727272754	0.11574862534280929	9.08146311263605
0.23376623376623407	0.1052260230389175	9.095862114052837
0.24025974025974062	0.09470342073502576	9.115617558754975
0.24675324675324717	0.08418081843113401	9.140284950336577
0.2532467532467537	0.07365821612724223	9.171153330530801
0.25974025974026027	0.06313561382335048	9.219109958057158
0.2662337662337668	0.05261301151945872	9.312592039855192
0.2727272727272734	0.04209040921556697	9.509491601798166
0.2792207792207799	0.03156780691167521	9.514219001624951
0.2857142857142864	0.02104520460778346	9.45528690544272
0.02104520460778338	0.36363636363636354	9.000083535036737
0.021045204607783356	0.3766233766233765	9.000074683392961
0.021045204607783377	0.3896103896103896	9.000067366496138
0.0315678069116751	0.35714285714285715	9.000202256834172
0.04209040921556682	0.33766233766233755	9.000433519048629
0.04209040921556684	0.3506493506493506	9.00038159089433
0.05261301151945851	0.3181818181818181	9.000823845109814
0.052613011519458526	0.33116883116883106	9.000717193071644
0.06313561382335037	0.2987012987012987	9.001456674882304
0.06313561382335027	0.31168831168831174	9.001254913266921
0.0736582161272421	0.27922077922077904	9.002455623429062
0.0736582161272421	0.29220779220779214	9.00209457613846
0.08418081843113379	0.25974025974025955	9.004001054788569
0.08418081843113383	0.27272727272727254	9.0033807088666
0.09470342073502551	0.25324675324675305	9.005318884200191
0.10522603299051914	0.24675248673799946	9.006862871397871
0.1157480935361878	0.24025465647716615	9.008634556777588
0.12626523757273347	0.23374491850483234	9.010630119559346
0.13676899900577552	0.22721753244550377	9.01284009386523
0.14724640756252536	0.2206733324652224	9.015249647513217
0.15769294939134845	0.21411804108755472	9.017840315077974
0.1680946055400819	0.207556608623621	9.020592645867348
0.1783881506028615	0.20112634551213923	9.023449964648544
0.1883372268057404	0.19467550493576863	9.026375661822131
0.19763549724863327	0.18883933994266056	9.029234054368217
0.20150283155502058	0.1792261399411504	9.033257296006958
0.2079308265292428	0.16854366518540168	9.038509090215392
0.21436599045658236	0.15791019714003937	9.044762580813057
0.2208158101185842	0.14733790287825985	9.051685389287472
0.22728293420859425	0.13679697862849186	9.059744729432735
0.23376623376623407	0.12627122764670107	9.069824043295116
0.24025974025974062	0.11574862534280929	9.081385320183891
0.24675324675324717	0.10522602303891752	9.095569614704926
0.2532467532467537	0.09470342073502576	9.11513835721182
0.25974025974026027	0.08418081843113401	9.139643732879142
0.2662337662337668	0.07365821612724223	9.17037705503912
0.2727272727272734	0.06313561382335048	9.218254320378746
0.2792207792207799	0.05261301151945869	9.311736421171451
0.2857142857142864	0.04209040921556693	9.508868918595157
0.29220779220779297	0.03156780691167518	9.512472438953502
0.29870129870129936	0.021045204607783433	9.453889320596526
0.021045204607783388	0.4025974025974026	9.000061331800103
0.021045204607783367	0.41558441558441567	9.000056381282148
0.03156780691167507	0.3701298701298701	9.000180140439324
0.03156780691167508	0.383116883116883	9.000161842459185
0.03156780691167509	0.39610389610389607	9.000146720041435
0.04209040921556681	0.3636363636363636	9.000338673504062
0.05261301151945855	0.3441558441558441	9.00062937278423
0.052613011519458575	0.35714285714285715	9.000556799455454
0.06313561382335024	0.3246753246753246	9.001089671182703
0.06313561382335026	0.33766233766233755	9.000953659763866
0.07365821612724205	0.30519480519480524	9.00180077604788
0.07365821612724191	0.31818181818181823	9.001560238727913
0.08418081843113386	0.2857142857142856	9.002879391145823
0.08418081843113383	0.29870129870129875	9.00247145537
0.09470342073502552	0.26623376623376604	9.004490517120443
0.09470342073502559	0.2792207792207791	9.003820712511198
0.10522602303891715	0.25974025974025966	9.005792093404887
0.11574864224991592	0.25324605804117056	9.00728820393097
0.12627001775754573	0.24674702747931795	9.008977255931468
0.13678646542263395	0.24023418684263734	9.010853789585349
0.1472919170560035	0.2337060758455818	9.012907666821983
0.15779955662744302	0.22717319057575436	9.01512629149863
0.1683037466225976	0.22062448096277265	9.017495290070501
0.17879920138870478	0.2140986172937196	9.019992455082194
0.18932784262744465	0.20753932539507144	9.022618466176622
0.2009982600311942	0.20060116208288017	9.025537899962666
0.2083186535313779	0.18951846131605585	9.029791974697323
0.2143579544969169	0.1789352520459323	9.034236253640854
0.22081153557974234	0.16839304143388023	9.039318914296901
0.2272901334719951	0.15785390521326567	9.04537911427329
0.23377693417865028	0.1473230139139119	9.052106132034403
0.24025974025974056	0.13679382995059283	9.059972228470762
0.24675324675324717	0.1262712276467011	9.069856917599921
0.2532467532467538	0.11574862534280932	9.081227388494993
0.2597402597402603	0.10522602303891754	9.095238695108861
0.2662337662337669	0.09470342073502577	9.114658871360168
0.27272727272727343	0.08418081843113401	9.139032039619758
0.2792207792207799	0.0736582161272422	9.169659134470846
0.2857142857142865	0.06313561382335042	9.217477142005052
0.29220779220779297	0.05261301151945864	9.310963270776627
0.2987012987012994	0.042090409215566886	9.508277119910117
0.30519480519480585	0.031567806911675135	9.5109952642365
0.3116883116883123	0.021045204607783405	9.452647949129966
0.021045204607783332	0.42857142857142855	9.000052359864982
0.031567806911675086	0.40909090909090917	9.000134268832404
0.03156780691167503	0.4220779220779221	9.000124092881123
0.04209040921556679	0.3766233766233766	9.000303144163825
0.04209040921556681	0.3896103896103896	9.000273734588
0.04209040921556681	0.4025974025974026	9.00024944940949
0.05261301151945854	0.3701298701298701	9.00049668974623
0.0631356138233503	0.3506493506493506	9.00084126447433
0.0631356138233503	0.3636363636363636	9.000748127811578
0.07365821612724194	0.33116883116883106	9.00136228141159
0.07365821612724201	0.3441558441558441	9.001198674513931
0.08418081843113372	0.3116883116883118	9.002137465649357
0.08418081843113362	0.3246753246753247	9.001862560094224
0.09470342073502562	0.2922077922077922	9.00327541913565
0.09470342073502548	0.30519480519480535	9.00282877683726
0.10522602303891726	0.27272727272727254	9.00492535484352
0.10522602303891736	0.28571428571428564	9.004219053824237
0.11574862534280889	0.26623376623376616	9.006196808946086
0.1262709227407281	0.25973915979291173	9.007634980381388
0.13679077051752309	0.25323721590643594	9.00923648919097
0.14730581917123103	0.24672273150047233	9.010994823239125
0.15781207489108273	0.2401993139426054	9.012899538729025
0.1683227997951349	0.23367443012649944	9.01493922425931
0.1788659205228838	0.22714288395413582	9.017103749831486
0.18946821114135648	0.2206001560984471	9.019387017921469
0.20000637930094434	0.21412960955229332	9.021732365152312
0.2096010576943388	0.20936200753615086	9.023692206990283
0.21447568886124468	0.2000467167816437	9.026621486128066
0.220947778823365	0.18946390578674333	9.030604157798832
0.22734221350504266	0.17890178272947474	9.034955921701693
0.23379376825193654	0.1683688467878747	9.039908957982833
0.24026955425575425	0.15784284837690785	9.04581847214605
0.24675324675324703	0.14731643225448468	9.052386054372173
0.2532467532467537	0.13679382995059292	9.060085600249606
0.2597402597402603	0.12627122764670115	9.069806143096995
0.26623376623376693	0.11574862534280933	9.081017170717002
0.2727272727272735	0.1052260230389175	9.094889893750361
0.27922077922078	0.09470342073502569	9.114189077171142
0.28571428571428653	0.08418081843113391	9.138454908083231
0.29220779220779297	0.07365821612724212	9.168998145238497
0.2987012987012995	0.06313561382335033	9.216771003022288
0.3051948051948059	0.052613011519458575	9.310265703005586
0.3116883116883123	0.04209040921556684	9.50771504546031
0.3181818181818188	0.031567806911675114	9.509738821375533
0.3246753246753252	0.021045204607783394	9.451540018734983
0.02104520460778331	0.44155844155844143	9.00004914690045
0.021045204607783315	0.45454545454545436	9.000046650146333
0.031567806911674934	0.435064935064935	9.000115882189759
0.04209040921556677	0.4155844155844157	9.000229505848806
0.04209040921556669	0.4285714285714286	9.000213288764618
0.05261301151945852	0.383116883116883	9.000446869169435
0.05261301151945855	0.39610389610389607	9.000405630741893
0.05261301151945851	0.40909090909090917	9.000371630372372
0.06313561382335027	0.3766233766233766	9.000670845891479
0.07365821612724202	0.3571428571428571	9.001063030103163
0.07365821612724201	0.3701298701298701	9.000950356791853
0.08418081843113369	0.33766233766233755	9.001635280253927
0.08418081843113373	0.3506493506493506	9.001446725239246
0.09470342073502534	0.3181818181818183	9.002460973670487
0.09470342073502536	0.33116883116883106	9.002156710663021
0.1052260230389173	0.29870129870129886	9.003640032030114
0.10522602303891714	0.31168831168831196	9.003162820326649
0.115748625342809	0.2792207792207791	9.005306203606763
0.11574862534280911	0.2922077922077923	9.004575145523335
0.12627114248263585	0.27272714010590404	9.00653784650237
0.1367923022030527	0.2662307948234676	9.007912081824244
0.1473094133284348	0.2597255659691075	9.009424480651548
0.1578207973274208	0.25321216759606224	9.01106774244568
0.1683234021238467	0.2466976190500005	9.012831513387766
0.178829866417558	0.24018277492276208	9.014706207656587
0.18937582694751173	0.23361138912586155	9.016693855943013
0.2000324679733382	0.226939243348986	9.018801548819086
0.2115861326892853	0.22038644667187557	9.021012367922003
0.22097213440426636	0.21164138347670067	9.023829054781897
0.22065412001040996	0.22053141148519234	9.021514551906812
0.22734275242391577	0.19999809166138485	9.027372912243878
0.23384941012169214	0.18938313018596872	9.031292941409545
0.24030355647218804	0.1788689556249784	9.035528230002258
0.2467702698770821	0.1683561998416312	9.040355939337674
0.2532511236040335	0.1578378483415396	9.046130922378111
0.25974026847133397	0.14731641795004358	9.052556643068003
0.2662337662337671	0.13679382995059294	9.060115769216816
0.27272727272727365	0.1262712276467011	9.069696320757624
0.2792207792207802	0.11574862534280922	9.08077558425917
0.2857142857142866	0.10522602303891737	9.094536173876532
0.292207792207793	0.09470342073502556	9.113735235743064
0.2987012987012995	0.08418081843113379	9.137914315142437
0.30519480519480596	0.07365821612724201	9.168391613559988
0.3116883116883124	0.06313561382335026	9.216128511317258
0.3181818181818188	0.052613011519458526	9.309636814230785
0.3246753246753252	0.042090409215566824	9.507182548184806
0.3311688311688317	0.03156780691167512	9.508665675453969
0.33766233766233816	0.021045204607783405	9.45054839224341
0.021045204607783332	0.4675324675324673	9.00004480817479
0.021045204607783346	0.48051948051948035	9.000043577774912
0.03156780691167495	0.4480519480519479	9.000109395151979
0.03156780691167497	0.4610389610389608	9.000104449468507
0.04209040921556662	0.4415584415584415	9.000200316015759
0.05261301151945844	0.4220779220779222	9.000343808977702
0.05261301151945835	0.4350649350649351	9.00032133331819
0.06313561382335027	0.3896103896103896	9.000606745750614
0.06313561382335027	0.4025974025974026	9.000553720489512
0.0631356138233502	0.4155844155844157	9.000510106490706
0.073658216127242	0.383116883116883	9.000856732741257
0.08418081843113373	0.3636363636363636	9.001289934672487
0.08418081843113367	0.3766233766233766	9.001159434545402
0.09470342073502543	0.34415584415584405	9.001904086842023
0.09470342073502547	0.35714285714285704	9.00169378341147
0.10522602303891704	0.32467532467532473	9.002767704718481
0.1052260230389171	0.3376623376623375	9.002439317926319
0.11574862534280894	0.3051948051948055	9.003971905720123
0.11574862534280872	0.3181818181818184	9.003471854678551
0.12627121526052928	0.2857142662850624	9.005635788414962
0.12627122764670076	0.2987012987012991	9.004890283581874
0.1367933378604006	0.27922002101577675	9.006821242606456
0.14731257754666116	0.27272100557143947	9.00812855127043
0.15782617007742247	0.2662134570362004	9.009552680246259
0.16833016866051057	0.25970216138027696	9.011085949854918
0.17881872514215003	0.2531823405179865	9.012720353586515
0.18930513505448557	0.24660256627069407	9.01445634690228
0.1997571316020704	0.23993919041083808	9.016289700622925
0.21000380801708832	0.233096949170325	9.018222280070738
0.22030708821718237	0.22834089092334808	9.019816008995576
0.22909130300962247	0.22090375436577403	9.02188685779256
0.23429771598059831	0.21034890761889816	9.024886528886098
0.24043000690482352	0.1997982804426637	9.028067062439325
0.24680966350993538	0.18934019640634037	9.031847381630955
0.25326263080463846	0.17886400814987855	9.035970228144633
0.2597482100977103	0.16835365177181583	9.040687648671804
0.26623571219211467	0.15783713492668142	9.046343700058683
0.27272728436870536	0.1473164131818965	9.052646828474648
0.2792207792207804	0.1367938299505928	9.060084840509921
0.2857142857142869	0.12627122764670093	9.069546290307896
0.2922077922077933	0.11574862534280905	9.080517860081377
0.29870129870129963	0.10522602303891719	9.094185956895432
0.30519480519480596	0.09470342073502543	9.113302090935575
0.3116883116883124	0.0841808184311337	9.137410654360798
0.3181818181818188	0.07365821612724198	9.167836015303997
0.3246753246753253	0.06313561382335026	9.215544277862337
0.3311688311688317	0.052613011519458554	9.309067529661545
0.33766233766233816	0.042090409215566844	9.506681128566193
0.3441558441558446	0.03156780691167513	9.507745877896319
0.3506493506493511	0.021045204607783412	9.44966183036405
0.021045204607783353	0.49350649350649345	9.000042989972895
0.02104520460778335	0.5064935064935063	9.000042976751603
0.031567806911675	0.4740259740259738	9.00010090453434
0.031567806911675024	0.48701298701298684	9.000098749025453
0.04209040921556662	0.45454545454545436	9.000190215345745
0.04209040921556664	0.4675324675324673	9.000182697216685
0.052613011519458304	0.448051948051948	9.000303553920928
0.0631356138233501	0.4285714285714286	9.000474590801266
0.06313561382335	0.4415584415584415	9.000446143622428
0.07365821612724203	0.39610389610389607	9.00077906338646
0.07365821612724198	0.40909090909090917	9.000714900777124
0.07365821612724188	0.4220779220779222	9.000662307601258
0.08418081843113373	0.3896103896103896	9.001050900168549
0.09470342073502545	0.3701298701298701	9.00151846157682
0.09470342073502541	0.383116883116883	9.001372314463927
0.1052260230389172	0.3506493506493505	9.002165603811017
0.1052260230389172	0.3636363636363636	9.00193705034624
0.11574862534280872	0.3311688311688311	9.003055740205767
0.11574862534280889	0.3441558441558439	9.002708420426318
0.12627122764670046	0.3116883116883123	9.00427138359021
0.12627122764670032	0.3246753246753248	9.003755605237641
0.13679375769792526	0.2922076788706565	9.005918085245737
0.1367938299505924	0.3051948051948059	9.005166980634087
0.14731517427400156	0.285712395060284	9.007053508781695
0.15783217020244608	0.27921115519223977	9.008292990991718
0.1683418589662354	0.2727029759633918	9.009631241610291
0.17883522022274212	0.2661865363226382	9.011061381151492
0.1893041378407788	0.25964238874967	9.012578347033331
0.19974332021049535	0.2530364805649818	9.014181163182982
0.21008223140950333	0.24634851398418017	9.015861438503547
0.22032766547867857	0.24038534391540614	9.017484815157081
0.23005533966493252	0.23439723757112774	9.01911674090848
0.23861957398368783	0.22920966225870604	9.020588951339448
0.24190147320213076	0.22011911086643066	9.022704913865384
0.24702302201569604	0.21010628832634037	9.025525522863822
0.2533837113838955	0.19977680014021895	9.028588328978628
0.2597547886423375	0.1893668464223179	9.032270217459313
0.26624034982898453	0.17886896236295866	9.036309169184507
0.2727291742794088	0.16835775700820546	9.040926827706768
0.279221501324309	0.15783783353416012	9.04647921924351
0.2857142917290269	0.14731642240031384	9.052676083538588
0.2922077922077935	0.1367938299505925	9.060009647934594
0.29870129870129986	0.12627122764670065	9.069370545346905
0.30519480519480613	0.11574862534280883	9.080253983838803
0.31168831168831246	0.10522602303891711	9.093844087487584
0.3181818181818188	0.09470342073502533	9.112892172774709
0.32467532467532517	0.08418081843113372	9.136943396364622
0.33116883116883167	0.07365821612724202	9.167327223967717
0.33766233766233816	0.0631356138233503	9.215014982947123
0.3441558441558446	0.052613011519458575	9.308549015867575
0.3506493506493511	0.04209040921556686	9.506210659859276
0.3571428571428576	0.03156780691167513	9.506953275138232
0.36363636363636404	0.021045204607783422	9.44887376232799
0.02104520460778333	0.5194805194805192	9.000043245309955
0.02104520460778332	0.5324675324675321	9.000044185420505
0.03156780691167502	0.49999999999999994	9.00009801797644
0.03156780691167499	0.5129870129870128	9.000098316664788
0.04209040921556667	0.48051948051948035	9.000177612664432
0.04209040921556669	0.4935064935064934	9.000174982843864
0.0526130115194583	0.46103896103896086	9.000289964644596
0.05261301151945832	0.4740259740259738	9.000280221228573
0.06313561382334996	0.45454545454545436	9.000423960590846
0.07365821612724174	0.4350649350649351	9.00061975666648
0.07365821612724167	0.448051948051948	9.00058605075588
0.08418081843113374	0.4025974025974026	9.00096090435609
0.08418081843113369	0.4155844155844157	9.000886727822133
0.08418081843113355	0.42857142857142877	9.000826217598673
0.09470342073502554	0.39610389610389607	9.001250731466273
0.10522602303891716	0.37662337662337664	9.001746116739069
0.1052260230389172	0.3896103896103896	9.001586802840166
0.11574862534280896	0.35714285714285704	9.0024179206869
0.11574862534280889	0.3701298701298702	9.002174726058497
0.12627122764670048	0.33766233766233733	9.003324421950483
0.1262712276467007	0.35064935064935043	9.002963141117256
0.13679382995059203	0.31818181818181873	9.004539944359601
0.136793829950592	0.33116883116883095	9.004014828075908
0.1473162540312382	0.29870101913636393	9.006157726442163
0.1473164322544839	0.31168831168831257	9.005408476087245
0.15783682629652424	0.2922046854411652	9.007241163590443
0.16835151328683592	0.28570223989470617	9.008413407507623
0.17885597608638307	0.279193335129621	9.00966923575649
0.18933730587117692	0.27266669876569266	9.011003131037741
0.1997889216661953	0.26611156822885224	9.012410275142654
0.21022487333595796	0.2595651512147691	9.013881422179855
0.22065996237479402	0.25316531334445647	9.015391523795396
0.23083560531052771	0.24696475673330562	9.016906374314447
0.2419707351953111	0.24077402227350603	9.018507930316646
0.24859709626442025	0.23003524729802585	9.02086671715019
0.2541982523375234	0.22032393495912186	9.023169394586445
0.2600659632903675	0.210179640942369	9.025996959439878
0.2662324541777895	0.19987907485720102	9.02897720098271
0.2727353167205652	0.18938155553095593	9.03261015962294
0.27922337311961426	0.17887660401676186	9.036566099619549
0.28571501482907535	0.16835971535986693	9.04109561818693
0.2922078918388598	0.15783881717411202	9.046555249090387
0.2987012987013003	0.14731643225448396	9.052659764187096
0.3051948051948063	0.1367938299505922	9.059903248968611
0.3116883116883125	0.1262712276467004	9.069180306312292
0.3181818181818188	0.11574862534280878	9.079990521611718
0.3246753246753253	0.10522602303891711	9.093514694790853
0.3311688311688317	0.09470342073502545	9.11250668950815
0.33766233766233816	0.08418081843113374	9.136511225353699
0.3441558441558446	0.07365821612724203	9.166861568668667
0.3506493506493511	0.06313561382335033	9.214536872090504
0.3571428571428576	0.05261301151945858	9.308078997529764
0.36363636363636404	0.04209040921556687	9.50576527377344
0.37012987012987053	0.03156780691167515	9.506264451151656
0.3766233766233769	0.02104520460778343	9.448176969162207
0.02104520460778332	0.5454545454545451	9.000045755303587
0.021045204607783332	0.5584415584415582	9.000047967249785
0.03156780691167495	0.5259740259740256	9.000099751087875
0.03156780691167496	0.5389610389610386	9.000102691197055
0.04209040921556665	0.5064935064935064	9.000174558716447
0.042090409215566615	0.5194805194805192	9.00017615632902
0.05261301151945835	0.48701298701298684	9.000274218522703
0.052613011519458325	0.49999999999999994	9.000271805035409
0.06313561382334996	0.4675324675324673	9.000407442601299
0.06313561382334999	0.48051948051948035	9.000396270308485
0.07365821612724163	0.46103896103896086	9.00056026736
0.08418081843113341	0.44155844155844154	9.000777678233048
0.08418081843113333	0.45454545454545436	9.000739784722944
0.09470342073502548	0.4090909090909092	9.001150045050819
0.09470342073502536	0.42207792207792233	9.001067340193016
0.09470342073502518	0.4350649350649354	9.00100031010294
0.10522602303891727	0.4025974025974027	9.001454323423195
0.1157486253428089	0.38311688311688313	9.001971247241102
0.11574862534280901	0.3961038961038961	9.001801415088842
0.1262712276467007	0.3636363636363636	9.002660056453655
0.12627122764670062	0.37662337662337664	9.002405805282244
0.1367938299505923	0.34415584415584366	9.003574012066705
0.1367938299505925	0.35714285714285693	9.00320341520519
0.14731643225448357	0.3246753246753249	9.004779795789633
0.14731643225448385	0.3376623376623371	9.004250977074614
0.15783869757355085	0.30519430249797136	9.006359599453264
0.15783902145809675	0.3181817991520752	9.005618379912692
0.16835805297256257	0.29869692937274234	9.007390496621388
0.17887049415893394	0.2921941229095678	9.008497198772991
0.18936843359119257	0.2856823248598646	9.009674926430625
0.19983746005284062	0.2791455088156067	9.010919309979164
0.21027499913846592	0.2725952994370856	9.01222437046106
0.2206708886485289	0.26607557775007085	9.013579048650184
0.23089627918775257	0.2597196623098745	9.014953222664472
0.24088173729523	0.253529917882115	9.016330696667024
0.2500635306810687	0.2501983604070928	9.01726445646009
0.25508143089001556	0.24146300977287205	9.018934996498935
0.26083213246898745	0.23091637790853467	9.021173871755776
0.26671486185457366	0.2206427612167611	9.023546050897515
0.2728532028406134	0.2103469790041725	9.026356435525038
0.2792417081986914	0.19990073275535603	9.029316683856303
0.2857198670811033	0.18939615805380078	9.032877145542882
0.2922091694836793	0.17888102494104097	9.03675817829611
0.29870129870130174	0.16836163686226716	9.041207632488899
0.30519480519480674	0.15783903455837536	9.046586019807187
0.31168831168831257	0.1473164322544838	9.052609781538221
0.3181818181818188	0.13679382995059208	9.059775877806283
0.3246753246753252	0.1262712276467005	9.068983516233745
0.33116883116883167	0.11574862534280887	9.079731375227064
0.33766233766233816	0.10522602303891719	9.0932003780251
0.3441558441558446	0.09470342073502548	9.112146030321561
0.3506493506493511	0.08418081843113377	9.136112356107732
0.3571428571428576	0.07365821612724205	9.166436179686144
0.3636363636363641	0.06313561382335034	9.214104454388915
0.37012987012987053	0.052613011519458616	9.307662167845509
0.376623376623377	0.04209040921556689	9.505338587541571
0.38311688311688347	0.03156780691167516	9.50566040926624
0.38961038961038996	0.021045204607783436	9.447559023354934
0.021045204607783346	0.5714285714285713	9.000050873787197
0.021045204607783346	0.5844155844155843	9.000054557395698
0.031567806911674975	0.5519480519480516	9.000107020950312
0.03156780691167502	0.5649350649350647	9.00011284078345
0.042090409215566615	0.5324675324675322	9.000180089269788
0.04209040921556663	0.5454545454545452	9.000186542554054
0.0526130115194583	0.5129870129870128	9.000272720236064
0.0526130115194583	0.5259740259740256	9.000277044486005
0.06313561382335	0.4935064935064934	9.000390269193767
0.06313561382334999	0.5064935064935064	9.000389187592448
0.07365821612724163	0.4740259740259738	9.000541799307
0.07365821612724165	0.48701298701298684	9.000530322469887
0.08418081843113329	0.4675324675324673	9.000711575447061
0.09470342073502502	0.44805194805194803	9.000947138620345
0.09470342073502495	0.46103896103896086	9.00090644375655
0.10522602303891719	0.41558441558441594	9.001344861432104
0.105226023038917	0.42857142857142905	9.001255381578375
0.10522602303891672	0.44155844155844176	9.00118348100729
0.11574862534280904	0.40909090909090934	9.001660371716396
0.1262712276467007	0.3896103896103896	9.002192878409296
0.12627122764670087	0.4025974025974028	9.002015244786866
0.13679382995059244	0.37012987012987014	9.002891741098558
0.1367938299505924	0.383116883116883	9.002629901190756
0.14731643225448418	0.35064935064935016	9.003805420929469
0.14731643225448424	0.36363636363636354	9.00342976792997
0.15783903455837522	0.3311688311688308	9.004993571659801
0.1578390345583758	0.34415584415584327	9.00446594894622
0.16836091427627767	0.3116873623171429	9.006528571794584
0.1683615604439751	0.3246752136684857	9.005800422299373
0.17887879896170908	0.30518913905036854	9.007507398341012
0.18938913121314652	0.2986864502064824	9.008550987818866
0.19988062167519652	0.2921669539991104	9.009655553998913
0.2103401704296092	0.2856201352036962	9.010817110991887
0.22076502561896086	0.27907429991729193	9.012028833281606
0.23104661261715456	0.27263735936254846	9.013268498440636
0.2411449804485218	0.26626911054398894	9.01453325079268
0.2506046332179075	0.26043438925935275	9.01573909958023
0.2612885379429208	0.25343404993327573	9.01719104728568
0.2673762869354186	0.24182659106426627	9.019326414542107
0.2732292360431102	0.23121343033282168	9.021537548943074
0.2793954151216165	0.22085222749868982	9.02388523085534
0.2857410769636306	0.2104306961632355	9.026672748889858
0.29221486509525796	0.1999215646327878	9.029588913109679
0.2987012987013029	0.18940684147005094	9.033084491469213
0.3051948051948074	0.17888423916615873	9.036897105450018
0.31168831168831296	0.1683616368622671	9.041275754574903
0.3181818181818188	0.15783903455837545	9.046582124725111
0.32467532467532506	0.14731643225448388	9.052535428304608
0.3311688311688316	0.13679382995059228	9.05963569319278
0.33766233766233805	0.12627122764670057	9.068785394913592
0.34415584415584455	0.1157486253428089	9.079479551622912
0.3506493506493511	0.10522602303891722	9.09290259586882
0.3571428571428576	0.09470342073502552	9.111809897400951
0.3636363636363641	0.0841808184311338	9.135744878629067
0.37012987012987053	0.07365821612724209	9.166047994834457
0.376623376623377	0.06313561382335035	9.213712255596603
0.38311688311688347	0.05261301151945864	9.307297593239992
0.38961038961039	0.04209040921556689	9.504932083486729
0.3961038961038965	0.031567806911675156	9.505127426706807
0.40259740259740306	0.021045204607783436	9.447003311592509
0.021045204607783342	0.5974025974025974	9.000059130125932
0.02104520460778341	0.6103896103896104	9.000064736801619
0.03156780691167501	0.5779220779220778	9.000120320085975
0.03156780691167504	0.5909090909090908	9.000129683101875
0.04209040921556666	0.5584415584415582	9.00019551128112
0.04209040921556668	0.5714285714285713	9.00020724807486
0.0526130115194583	0.5389610389610386	9.000285087939206
0.0526130115194583	0.5519480519480516	9.000296985788195
0.06313561382334998	0.5194805194805193	9.000392918741602
0.06313561382334998	0.5324675324675322	9.000401700914724
0.07365821612724166	0.49999999999999994	9.00052557241267
0.07365821612724165	0.5129870129870129	9.00052733489619
0.0841808184311333	0.48051948051948035	9.000692465204423
0.08418081843113334	0.4935064935064934	9.000682091159184
0.09470342073502497	0.4740259740259738	9.000877288400018
0.10522602303891664	0.45454545454545453	9.001127287818337
0.10522602303891664	0.4675324675324673	9.001085439609144
0.11574862534280887	0.42207792207792266	9.001544236178843
0.1157486253428086	0.4350649350649356	9.001449920419972
0.11574862534280835	0.4480519480519482	9.001374988267033
0.12627122764670076	0.4155844155844161	9.001868064911426
0.13679382995059258	0.39610389610389607	9.00241057074406
0.13679382995059272	0.40909090909090956	9.002227847270234
0.14731643225448401	0.37662337662337664	9.003113233696716
0.1473164322544843	0.38961038961038946	9.002847095906832
0.15783903455837608	0.3571428571428568	9.004019993730395
0.15783903455837578	0.37012987012987036	9.003643136227472
0.16836163686226713	0.3376623376623366	9.005184111362299
0.1683616368622678	0.35064935064934977	9.004661892089757
0.17888289504563817	0.31818018876511833	9.006669310867169
0.17888405066770563	0.3311685573519603	9.00595828284112
0.18940007564353914	0.311682047948157	9.0075972494708
0.1999083508505943	0.30517672140463964	9.008580785540694
0.210393526019979	0.2986475329383437	9.009616887096813
0.2208466530719363	0.29209826014265466	9.010701145067545
0.2312161177276546	0.2856112084023343	9.011820022204434
0.2415049473846063	0.27916411550750136	9.012970413376065
0.2516516035374009	0.27277700326068777	9.01414606004573
0.2617307563196723	0.2667489838445728	9.015297776606317
0.2704363231352526	0.2611971820591371	9.016378414296659
0.27396244933827046	0.25214047023174574	9.01783878440491
0.2798757961189171	0.2417911509077549	9.019739182932396
0.28593004092284763	0.23138137672847497	9.021877963607436
0.29223952400470177	0.2209540544250846	9.024193652112034
0.29870992669094276	0.21044562251239068	9.026949558570296
0.3051948051948082	0.19992944377394106	9.02980944279396
0.31168831168831307	0.18940684147005016	9.033245483315936
0.31818181818181873	0.1788842391661586	9.036994206725566
0.324675324675325	0.16836163686226727	9.04130893090378
0.33116883116883133	0.15783903455837567	9.046552066682276
0.33766233766233794	0.14731643225448401	9.052444105218798
0.3441558441558445	0.13679382995059233	9.059488974600606
0.35064935064935093	0.12627122764670062	9.068589327672358
0.3571428571428575	0.11574862534280893	9.079237536635192
0.36363636363636404	0.10522602303891725	9.092622073569133
0.37012987012987053	0.09470342073502556	9.111497545754155
0.376623376623377	0.08418081843113383	9.135406789440914
0.3831168831168835	0.0736582161272421	9.165693673455479
0.38961038961039	0.06313561382335037	9.213356623598841
0.3961038961038965	0.05261301151945863	9.306978152187357
0.4025974025974029	0.04209040921556689	9.504548076298228
0.40909090909090945	0.03156780691167516	9.504655650690523
0.41558441558441594	0.021045204607783436	9.446495084827832
0.021045204607783603	0.6233766233766238	9.000071562948397
0.02104520460778425	0.636363636363638	9.00007984565263
0.0315678069116751	0.6038961038961039	9.000141219418554
0.031567806911675315	0.616883116883117	9.000155299633695
0.0420904092155667	0.5844155844155843	9.00022210030812
0.04209040921556676	0.5974025974025974	9.000240517609273
0.05261301151945834	0.5649350649350646	9.000312935374135
0.05261301151945835	0.5779220779220777	9.000333403134773
0.06313561382334998	0.5454545454545452	9.000415817104054
0.06313561382334998	0.5584415584415582	9.000435502755222
0.07365821612724162	0.5259740259740258	9.00053568945169
0.07365821612724166	0.5389610389610386	9.000550954703868
0.0841808184311333	0.5064935064935064	9.000680167689959
0.08418081843113329	0.5194805194805193	9.000686616289554
0.09470342073502498	0.4870129870129869	9.000859101617332
0.09470342073502498	0.49999999999999994	9.000851499502737
0.10522602303891665	0.48051948051948035	9.001057051510502
0.11574862534280828	0.4610389610389609	9.001317589041706
0.11574862534280832	0.4740259740259738	9.00127643540572
0.12627122764670046	0.42857142857142927	9.001747468387473
0.12627122764670004	0.44155844155844215	9.001650377372817
0.12627122764669996	0.45454545454545464	9.001574394051095
0.13679382995059244	0.422077922077923	9.002076986460198
0.14731643225448451	0.4025974025974027	9.002624297072622
0.1473164322544845	0.41558441558441644	9.002439136660852
0.1578390345583758	0.38311688311688297	9.003325173338565
0.15783903455837625	0.3961038961038959	9.00305781618116
0.1683616368622677	0.36363636363636376	9.004219345881731
0.16836163686226724	0.37662337662337675	9.003844727718224
0.17888423916615925	0.3441558441558426	9.005354304326078
0.17888423916615973	0.35714285714285676	9.004841066031245
0.18940511856414402	0.32467324406764236	9.006786174572554
0.18940657253304094	0.3376619445154349	9.006095481828538
0.199922384966307	0.3181749698184892	9.007664935302104
0.21042876856511183	0.31166313677770774	9.008591741351877
0.22090951672739187	0.30513047600549	9.009563328949199
0.23135245482037228	0.2985993980350247	9.01057416285573
0.24174774874601196	0.29211698839646877	9.011616113854958
0.25211406501386835	0.2856817989274235	9.012685232006303
0.2624662245765275	0.27945097837124416	9.013763622986183
0.27389571603334145	0.27304510672910937	9.014918838015783
0.28081031355736896	0.26245548051766127	9.016545259983943
0.2865199256036403	0.25226234176886686	9.018206145354457
0.29245033928499753	0.24190366394568452	9.020074446424632
0.2987421348748815	0.23147619593914873	9.022181405327885
0.3052054940580418	0.2209684297394373	9.0244709626908
0.31168831168831196	0.21045204607783108	9.027177848648885
0.318181818181818	0.19992944377394142	9.029985667990909
0.3246753246753246	0.1894068414700504	9.033365444437676
0.33116883116883106	0.17888423916615895	9.037056892691483
0.3376623376623377	0.16836163686226743	9.04131508595711
0.34415584415584416	0.15783903455837572	9.046502632897221
0.3506493506493508	0.14731643225448407	9.052341794212184
0.3571428571428574	0.1367938299505924	9.059339934243996
0.3636363636363639	0.12627122764670068	9.068397450375642
0.3701298701298705	0.11574862534280896	9.079006760091245
0.376623376623377	0.10522602303891725	9.09235898703907
0.3831168831168835	0.09470342073502555	9.111207974456578
0.38961038961039	0.0841808184311338	9.135096016537107
0.3961038961038965	0.07365821612724209	9.165370349526007
0.4025974025974029	0.06313561382335035	9.213034659508834
0.40909090909090934	0.05261301151945865	9.306697360421794
0.4155844155844158	0.04209040921556692	9.504187789572578
0.42207792207792233	0.031567806911675184	9.504236677950177
0.4285714285714288	0.021045204607783457	9.446025629726195
0.021045204607786448	0.6493506493506557	9.000089888276785
0.021045204607793726	0.6623376623376829	9.000102080493805
0.031567806911676065	0.6298701298701307	9.000172396843821
0.031567806911678764	0.6428571428571449	9.000193114976966
0.04209040921556693	0.6103896103896105	9.000263075513208
0.04209040921556737	0.6233766233766238	9.000290507732082
0.05261301151945837	0.5909090909090908	9.000358994512007
0.05261301151945854	0.6038961038961039	9.000390487742015
0.06313561382335	0.5714285714285712	9.000461226454918
0.06313561382335002	0.5844155844155843	9.000493739644588
0.07365821612724162	0.5519480519480516	9.000573461621
0.07365821612724163	0.5649350649350647	9.000603675030533
0.08418081843113323	0.5324675324675322	9.000701672843435
0.08418081843113326	0.5454545454545452	9.00072573239631
0.09470342073502495	0.512987012987013	9.00085427186116
0.09470342073502495	0.5259740259740259	9.000867509171867
0.10522602303891665	0.49350649350649345	9.001041566926842
0.10522602303891664	0.5064935064935066	9.001038645942005
0.11574862534280833	0.4870129870129869	9.001250703416284
0.12627122764669996	0.4675324675324674	9.001517758921123
0.12627122764669999	0.48051948051948035	9.001479288584965
0.13679382995059194	0.43506493506493604	9.001954191912334
0.1367938299505916	0.44805194805194853	9.001856460839285
0.13679382995059156	0.4610389610389611	9.001781506239078
0.14731643225448396	0.42857142857143	9.002287027367684
0.15783903455837647	0.4090909090909098	9.002834337960449
0.15783903455837608	0.42207792207792366	9.002649296320271
0.1683616368622678	0.38961038961038924	9.00352845908961
0.16836163686226838	0.4025974025974028	9.003262731204808
0.17888423916615903	0.37012987012987086	9.004405237940718
0.17888423916615914	0.3831168831168829	9.004035911094178
0.18940684147005152	0.35064935064934916	9.005506983127534
0.1894068414700513	0.36363636363636404	9.00500573956066
0.1999277994157711	0.3311665701032585	9.006883172694337
0.1999291642308164	0.34415539831052433	9.00621531958449
0.2104450651688413	0.3246657528004184	9.007714838345223
0.22095017195286556	0.318148754875746	9.008587942685493
0.23142445260423575	0.31162241794292345	9.009498470937785
0.24185177797489932	0.30512074946485207	9.010440151676631
0.2522252610157516	0.29867754641923977	9.011406524306429
0.2625624656564827	0.29231812322498923	9.012391739622545
0.2728362320224816	0.2861387261392061	9.013380263303283
0.28186347914966375	0.2820862927893681	9.014120574573676
0.28712668347242365	0.27323810338257615	9.015306810152493
0.29300667091715554	0.26284745496825723	9.016850421623689
0.2990258455948421	0.25243477274350484	9.018519787690165
0.30525445048333166	0.2419961862912264	9.020372407936764
0.3117029565827593	0.2314907204634346	9.022456462815986
0.31818181818181623	0.22097464838172276	9.024703994514894
0.324675324675324	0.210452046077833	9.027364833331411
0.33116883116883056	0.19992944377394226	9.03012320486477
0.3376623376623373	0.18940684147005069	9.033452071369409
0.344155844155844	0.17888423916615911	9.037092370577739
0.3506493506493505	0.16836163686226738	9.041300594227543
0.35714285714285715	0.15783903455837572	9.046439269670378
0.3636363636363638	0.14731643225448407	9.052233312130186
0.3701298701298705	0.1367938299505924	9.059191469186253
0.376623376623377	0.12627122764670065	9.0682118164479
0.3831168831168836	0.11574862534280894	9.07878805555089
0.38961038961039	0.1052260230389172	9.092113122036656
0.3961038961038965	0.09470342073502547	9.110940032684354
0.4025974025974029	0.08418081843113377	9.134810589371055
0.40909090909090934	0.07365821612724208	9.165075516310546
0.4155844155844158	0.06313561382335038	9.212743321912143
0.4220779220779223	0.05261301151945868	9.306449719336127
0.4285714285714288	0.04209040921556694	9.503851186022347
0.4350649350649354	0.03156780691167522	9.50386286264471
0.4415584415584419	0.021045204607783474	9.445590028200163
0.021045204607816646	0.6753246753247328	9.000116925750797
0.03156780691168895	0.6558441558441542	9.000218227022337
0.03156780691173033	0.6688311688311179	9.000248727077048
0.04209040921556827	0.6363636363636376	9.000323748831548
0.04209040921557183	0.6493506493506518	9.000363990993803
0.05261301151945886	0.6168831168831169	9.000428874818128
0.05261301151945958	0.6298701298701296	9.000475416905543
0.06313561382335013	0.5974025974025973	9.000534001906983
0.06313561382335033	0.6103896103896101	9.00058324098496
0.07365821612724165	0.5779220779220783	9.000642398501666
0.07365821612724159	0.5909090909090937	9.000690752316418
0.08418081843113336	0.5584415584415588	9.000759290561971
0.08418081843113372	0.5714285714285746	9.000803144026941
0.09470342073502501	0.5389610389610391	9.000891581178898
0.0947034207350254	0.5519480519480539	9.000927020688893
0.10522602303891665	0.5194805194805197	9.001048221446885
0.10522602303891686	0.5324675324675332	9.001070553895671
0.11574862534280832	0.5	9.00123988496526
0.11574862534280837	0.5129870129870132	9.001243754519798
0.12627122764669985	0.4935064935064936	9.001458238258175
0.13679382995059153	0.474025974025974	9.001727707851371
0.1367938299505911	0.487012987012988	9.001694004540546
0.14731643225448338	0.44155844155844265	9.002164304702374
0.14731643225448313	0.45454545454545503	9.00206810783092
0.14731643225448307	0.46753246753246813	9.001996319846965
0.15783903455837522	0.435064935064937	9.002498311507543
0.16836163686226835	0.41558441558441706	9.003041193464545
0.16836163686226746	0.4285714285714309	9.00285870323885
0.17888423916616	0.39610389610389557	9.003724154703319
0.17888423916616056	0.40909090909091006	9.003462669242957
0.18940684147005063	0.3766233766233769	9.004579482422272
0.18940684147005116	0.38961038961038863	9.004218132388944
0.19992944377394364	0.3571428571428565	9.005644850957497
0.1999294437739425	0.3701298701298709	9.0051581193474
0.21045055320428174	0.33765941167917474	9.006963955094896
0.2104517809937727	0.3506487818474609	9.006320836685004
0.2209673292856905	0.33115531672094295	9.00775065376646
0.23146975956323892	0.3246367063907043	9.008572888057962
0.2419321415564065	0.31812135104440964	9.009426068815346
0.252343496683352	0.3116409233946837	9.010304749370128
0.26271838297443084	0.3051951980803906	9.01120703326537
0.27301462833583673	0.2987644914124313	9.01212984018973
0.28268800414032774	0.29280145736176283	9.013012982887467
0.29335326509700604	0.28542314943370667	9.014090906945066
0.29954744721320564	0.27368901573083376	9.015600260693974
0.3055828474364409	0.263014486312889	9.017156055031101
0.3118074347830209	0.25251239413046866	9.018812363355082
0.31820959615250244	0.24201170858405635	9.02064375866757
0.3246753246753236	0.23149725068561552	9.022691045424788
0.3311688311688307	0.22097464838172462	9.024898744578076
0.3376623376623371	0.21045204607783377	9.027515577366342
0.34415584415584355	0.1999294437739424	9.030228806690475
0.35064935064935016	0.18940684147005052	9.033511790964232
0.3571428571428568	0.17888423916615903	9.037106530200047
0.36363636363636354	0.16836163686226738	9.041270522655035
0.3701298701298703	0.15783903455837575	9.046366428553057
0.376623376623377	0.14731643225448401	9.052122106137704
0.3831168831168836	0.13679382995059228	9.0590453464744
0.38961038961039	0.1262712276467005	9.068033758999233
0.39610389610389646	0.11574862534280882	9.078581829613325
0.4025974025974029	0.10522602303891711	9.091884020037972
0.4090909090909093	0.09470342073502544	9.110692503359756
0.41558441558441567	0.08418081843113383	9.134548642220485
0.4220779220779223	0.07365821612724215	9.164806732138532
0.4285714285714288	0.06313561382335045	9.21247978314478
0.4350649350649354	0.05261301151945873	9.306230845546123
0.4415584415584419	0.042090409215566976	9.503537402226291
0.4480519480519485	0.031567806911675225	9.503527914501388
0.45454545454545503	0.02104520460778347	9.445184399734119
0.021045204607887804	0.6883116883118161	9.00013507925886
0.021045204608809293	0.7012987012983037	9.000157401101886
0.03156780691191365	0.6818181818177788	9.000285901804377
0.042090409215583414	0.6623376623376614	9.000412760684123
0.042090409215614466	0.6753246753246512	9.000472023082578
0.05261301151946136	0.6428571428571391	9.00053171785325
0.05261301151946496	0.6558441558441279	9.00059982258326
0.06313561382335064	0.623376623376622	9.00064301657848
0.06313561382335127	0.6363636363636228	9.00071530714344
0.07365821612724115	0.6038961038961178	9.0007501604836
0.07365821612723852	0.616883116883184	9.000822436673323
0.08418081843113528	0.5844155844156008	9.000858497912818
0.0841808184311426	0.5974025974026765	9.000926937224854
0.09470342073502712	0.5649350649350754	9.000974607218806
0.09470342073503486	0.5779220779221275	9.001035550822273
0.1052260230389177	0.5454545454545495	9.001106165977104
0.10522602303892147	0.558441558441578	9.001155824751459
0.11574862534280868	0.5259740259740272	9.00126241836775
0.11574862534281	0.5389610389610447	9.00129631593275
0.12627122764669912	0.5064935064935076	9.001454203575477
0.1262712276466955	0.5194805194805249	9.001467120196516
0.13679382995058895	0.5000000000000057	9.00167976732312
0.1473164322544825	0.4805194805194839	9.001947487721196
0.14731643225447907	0.4935064935065105	9.001920696547772
0.15783903455837475	0.44805194805194937	9.002377907953592
0.15783903455837459	0.4610389610389629	9.002285427652039
0.15783903455837398	0.4740259740259814	9.00221896292807
0.16836163686226654	0.4415584415584439	9.002711133477519
0.1788842391661599	0.42207792207792477	9.003245510006964
0.1788842391661586	0.4350649350649385	9.003067866315403
0.1894068414700524	0.4025974025974024	9.003913413723907
0.1894068414700524	0.415584415584418	9.003658550351188
0.19992944377394206	0.3831168831168826	9.004743876060543
0.19992944377394373	0.39610389610389474	9.004392851983843
0.210452046077835	0.3636363636363647	9.005770435986465
0.2104520460778334	0.37662337662337736	9.005300302084272
0.22097307366594776	0.34415166877844444	9.007031754026753
0.22097436405523194	0.35714202094791186	9.006414788632805
0.23148783022605832	0.3376455221048978	9.007775525422277
0.24198345873560337	0.3311264499249818	9.008549709982473
0.25243516012791195	0.32462006396182636	9.009349706415918
0.26286816315581835	0.31812946170943285	9.010173788843348
0.27323227891341473	0.31168200779792055	9.01101611152538
0.2835404517604129	0.30528740908249113	9.01187448497855
0.29371132127318833	0.298965565092975	9.01273809220949
0.302536681079707	0.2934014344674346	9.013522347927227
0.30605616361867816	0.2840531166305387	9.014581486582552
0.3121635220990918	0.2735572257727997	9.015933503039497
0.318341800947906	0.26304541850547725	9.01744671574172
0.32472178030276067	0.25253373035360976	9.019077492480799
0.33116883116883306	0.24201985298950626	9.020878053166838
0.3376623376623378	0.2314972506856153	9.022890560218471
0.3441558441558441	0.2209746483817257	9.02505965458653
0.35064935064934977	0.2104520460778334	9.027636014287873
0.35714285714285626	0.19992944377394214	9.030308202673245
0.36363636363636326	0.18940684147005063	9.033549957579494
0.37012987012987014	0.17888423916615911	9.037104156612985
0.376623376623377	0.16836163686226735	9.041228940144824
0.38311688311688363	0.15783903455837564	9.046287798488715
0.38961038961039	0.14731643225448382	9.052010528586719
0.39610389610389635	0.13679382995059208	9.058903120317835
0.4025974025974027	0.12627122764670043	9.067864114051142
0.40909090909090906	0.11574862534280872	9.078388158392608
0.41558441558441556	0.10522602303891719	9.091671050225171
0.4220779220779222	0.09470342073502559	9.110464133355224
0.4285714285714288	0.08418081843113394	9.13430836638358
0.4350649350649354	0.07365821612724223	9.164561659049221
0.4415584415584419	0.06313561382335049	9.212241588428233
0.4480519480519485	0.05261301151945875	9.306037237312275
0.45454545454545503	0.04209040921556697	9.503245391635046
0.4610389610389616	0.03156780691167519	9.503226454071381
0.46753246753246813	0.02104520460778344	9.44480585532247
0.02104520461208802	0.7142857142818272	9.000185031372665
0.021045204625713795	0.7272727272481019	9.000219497899684
0.03156780691279728	0.6948051948026731	9.000331429516892
0.031567806916106285	0.70779220777939	9.000387519077174
0.04209040921572849	0.6883116883114863	9.000544325639032
0.0526130115194731	0.6688311688308045	9.000682350061213
0.052613011519459935	0.6818181818160176	9.000782674499055
0.06313561382335045	0.6493506493505741	9.000802625475105
0.0631356138233375	0.6623376623372523	9.000908173739589
0.07365821612722524	0.6298701298704471	9.000909877783217
0.07365821612716177	0.6428571428586153	9.001015391483092
0.08418081843117635	0.6103896103899812	9.001010472036517
0.08418081843132862	0.6233766233783294	9.001111650773396
0.09470342073506953	0.590909090909319	9.001111531805135
0.09470342073522066	0.6038961038971341	9.001204705244009
0.10522602303893751	0.5714285714286589	9.00122069617155
0.10522602303900426	0.5844155844159663	9.001302473233457
0.11574862534281545	0.5519480519480777	9.001346182096094
0.11574862534283754	0.5649350649351745	9.001413120769124
0.12627122764667778	0.5324675324675581	9.001497285296848
0.12627122764659213	0.5454545454546635	9.001545351758965
0.13679382995057832	0.5129870129870402	9.001684744544576
0.13679382995052716	0.5259740259741524	9.001709060263499
0.14731643225446214	0.5064935064935848	9.001915474641356
0.1578390345583701	0.4870129870130211	9.002177248251135
0.1578390345583499	0.5000000000001507	9.00215954526454
0.16836163686226613	0.45454545454545797	9.002595251974759
0.1683616368622656	0.4675324675324794	9.00250864933028
0.16836163686226188	0.48051948051953214	9.002449650385257
0.1788842391661577	0.448051948051953	9.002925906514248
0.18940684147005077	0.4285714285714334	9.003448021607921
0.18940684147004916	0.44155844155844837	9.003277376808557
0.19992944377394486	0.40909090909091045	9.004097421126923
0.19992944377394387	0.4220779220779278	9.003851333364947
0.2104520460778343	0.3896103896103876	9.004900151783497
0.21045204607783685	0.4025974025974019	9.004561497817127
0.22097463614980187	0.370129850589457	9.005886066207857
0.2209746483817244	0.38311688311688225	9.00543424368904
0.231494814674391	0.3506436510630581	9.007089402750474
0.23149669501920656	0.3636349721544343	9.006499647627983
0.24200554018943288	0.34413447947790043	9.007792388292115
0.252492006906643	0.3376160819237102	9.008521288566698
0.2629397442252409	0.3311123227183867	9.009272293491948
0.2733821404027639	0.3246150882553858	9.01004500183276
0.2838019385270126	0.3181484846835607	9.010835480140814
0.2943416624795645	0.3116686535106056	9.011648995346919
0.3058078630821116	0.30521128670184894	9.01250120121997
0.31290177835373173	0.29440922936580866	9.013689035833934
0.3186139334525884	0.28398176433227235	9.014891340824137
0.3248739607869727	0.27355502969120926	9.016218018331443
0.3312278484616928	0.26305600283868924	9.017707437719954
0.33766233766233816	0.252542455293393	9.019310088429785
0.344155844155844	0.24201985298950426	9.021080585222164
0.3506493506493496	0.23149725068561497	9.023058623200576
0.3571428571428558	0.22097464838172476	9.02519191199333
0.36363636363636265	0.21045204607783355	9.027731217324922
0.3701298701298699	0.19992944377394237	9.030366211012733
0.376623376623377	0.1894068414700506	9.033571005490915
0.3831168831168837	0.1788842391661589	9.03708910281925
0.38961038961039013	0.16836163686226704	9.041179185636814
0.3961038961038963	0.15783903455837536	9.046206252134587
0.40259740259740245	0.14731643225448374	9.051900112800608
0.4090909090909088	0.13679382995059214	9.058766011200449
0.41558441558441533	0.1262712276467006	9.06770338438716
0.422077922077922	0.11574862534280904	9.07820689152937
0.42857142857142866	0.10522602303891743	9.09147347042593
0.4350649350649353	0.09470342073502576	9.110253660967544
0.4415584415584419	0.08418081843113406	9.13408803265662
0.4480519480519485	0.07365821612724224	9.164338123304697
0.45454545454545503	0.06313561382335045	9.212026516438618
0.4610389610389616	0.05261301151945868	9.305866054252578
0.46753246753246813	0.0420904092155669	9.502974279901634
0.47402597402597463	0.03156780691167514	9.502953390224086
0.48051948051948107	0.02104520460778341	9.444453659572984
0.021045204684834947	0.7402597401260173	9.000262872931843
0.02104520490177537	0.7532467526167886	9.000318004592364
0.03156780692796004	0.720779220719629	9.00045710699692
0.03156780696837665	0.7337662335047174	9.000544140926708
0.042090409216578806	0.7012987012966913	9.000632997483693
0.04209040922111326	0.714285714208243	9.000742429502099
0.05261301151921272	0.6948051947927095	9.000905174611548
0.06313561382324347	0.6753246753226759	9.001036052976387
0.06313561382267838	0.6883116883026417	9.001191548571624
0.07365821612687054	0.6558441558508317	9.001142666124649
0.0736582161255807	0.6688311688606102	9.001296398563364
0.08418081843199304	0.6363636363713332	9.001233691375475
0.08418081843476005	0.6493506493845872	9.001380659347552
0.09470342073585959	0.616883116887683	9.001317796658634
0.09470342073845807	0.6298701298899506	9.001454246294886
0.10522602303927238	0.597402597404226	9.001403393092433
0.10522602304029854	0.6103896103963924	9.00152629179152
0.11574862534292428	0.5779220779225294	9.001498765951785
0.11574862534325181	0.5909090909109006	9.001605359189382
0.12627122764618642	0.5584415584420924	9.001612347887148
0.12627122764431722	0.5714285714309328	9.001699805100428
0.1367938299502854	0.5389610389616172	9.001753229444958
0.1367938299491617	0.5519480519506471	9.001818174802603
0.14731643225438065	0.5194805194808712	9.001931754798347
0.14731643225399454	0.532467532469085	9.001969875544782
0.15783903455825035	0.5129870129876651	9.002165570781024
0.16836163686224107	0.49350649350671344	9.002417197931193
0.16836163686213615	0.5064935064944237	9.00241075664003
0.17888423916615717	0.4610389610389765	9.002816687075631
0.17888423916615395	0.47402597402603774	9.002738075478897
0.17888423916613458	0.4870129870132496	9.002688644996832
0.1894068414700483	0.4545454545454724	9.003143117652494
0.19992944377394062	0.4350649350649443	9.003649504112042
0.19992944377393615	0.4480519480519695	9.003487868119793
0.21045204607783766	0.4155844155844208	9.004277348715263
0.2104520460778316	0.42857142857144154	9.004041975665197
0.22097464838172778	0.396103896103893	9.005049945496047
0.22097464838173125	0.40909090909091117	9.004725431386214
0.2314971668777436	0.3766232432300034	9.00599385813315
0.23149725068561663	0.3896103896103862	9.00556174086091
0.24201511859881067	0.3571343375746457	9.007139450690046
0.24201853793564085	0.3701272505366031	9.006577620616731
0.2525207559788953	0.3506210729542438	9.007803794591453
0.2629983591012604	0.3441042984846368	9.008490128363901
0.273443239407178	0.337594177192388	9.009196036977697
0.28387036079270805	0.33108163023988396	9.009921074637377
0.2943013657959027	0.32455879353249545	9.010665237788052
0.3047678418801849	0.3178783236158709	9.011437330358097
0.31388547526964516	0.31410063702851954	9.01196573529257
0.31923886581635624	0.30522069864873536	9.012829266900873
0.32515716307294906	0.2945870754140218	9.013957459570234
0.33139385649165315	0.28408360217493783	9.015158071868894
0.3377416143160037	0.2735782211060254	9.01647158189479
0.34415584415582895	0.263065057597279	9.017937672922097
0.35064935064934344	0.25254245529339214	9.019514002905337
0.35714285714285304	0.24201985298950443	9.021253930216881
0.3636363636363622	0.23149725068561558	9.023199765918323
0.3701298701298697	0.22097464838172529	9.025300016806279
0.37662337662337725	0.21045204607783355	9.027805502655712
0.38311688311688424	0.1999294437739418	9.0304068771156
0.3896103896103904	0.18940684147004985	9.03357858023921
0.39610389610389624	0.17888423916615823	9.037064468829461
0.402597402597402	0.16836163686226668	9.041124054227872
0.4090909090909084	0.15783903455837522	9.046123748146483
0.4155844155844149	0.14731643225448407	9.051791946932575
0.42207792207792166	0.13679382995059255	9.058634786644506
0.42857142857142844	0.12627122764670096	9.067551795126091
0.4350649350649352	0.11574862534280929	9.078037713062047
0.4415584415584419	0.10522602303891758	9.091290473573451
0.44805194805194853	0.0947034207350258	9.110059849568565
0.45454545454545503	0.08418081843113397	9.133886031926842
0.4610389610389615	0.07365821612724215	9.164134120922412
0.4675324675324681	0.06313561382335035	9.21183249387593
0.47402597402597463	0.052613011519458595	9.305715056493453
0.48051948051948107	0.04209040921556682	9.502722947775949
0.48701298701298756	0.03156780691167511	9.502703981531637
0.49350649350649406	0.021045204607783405	9.444129108013213
0.0210452056688164	0.7662337635062709	9.00038886530754
0.02104520829417741	0.7792207681896147	9.00048108484367
0.0315678070937769	0.746753245667198	9.00065399346069
0.03156780744755593	0.7597402554553989	9.000794075031708
0.042090409224318	0.7272727269476484	9.000878472578203
0.04209040919596327	0.7402597389878753	9.00104901174563
0.052613011516906345	0.7077922077264406	9.001055580180873
0.05261301149959522	0.7207792205095694	9.00124145929159
0.06313561381957312	0.7012987012613153	9.001381522832546
0.07365821612008905	0.6818181819435803	9.001482601772103
0.07365821609781932	0.6948051953158445	9.001709023589155
0.08418081844553671	0.6623376624833318	9.001557704527258
0.08418081848331098	0.6753246759300849	9.001771378001388
0.09470342074850352	0.6428571429411539	9.001618385849701
0.09470342078471077	0.65584415619055	9.001815676466059
0.10522602304396633	0.6233766234041138	9.001674743166475
0.10522602305569227	0.6363636364716595	9.00185323939376
0.11574862534443009	0.6038961039031464	9.001735782058411
0.11574862534840898	0.616883116909602	9.001893663415773
0.12627122763598744	0.5844155844257473	9.00180989042506
0.12627122760039966	0.5974025974448344	9.001945459787343
0.13679382994404182	0.564935064946467	9.001905302282582
0.13679382992123798	0.5779220779709556	9.002016643059948
0.147316432252198	0.5454545454612669	9.0020306109161
0.14731643224400812	0.5584415584700291	9.002115220278496
0.15783903455777346	0.5259740259767957	9.00219546626326
0.1578390345555466	0.5389610389725653	9.002249819140209
0.16836163686162942	0.5194805194842714	9.00243025275587
0.1788842391660346	0.5000000000010584	9.002667566008755
0.1788842391655534	0.5129870129911921	9.002674523381407
0.18940684147004447	0.4675324675325368	9.00304262010564
0.18940684147002165	0.48051948051975796	9.002974043760666
0.18940684146990616	0.4935064935075834	9.002936222553977
0.19992944377392097	0.4610389610390402	9.0033632888198
0.2104520460778181	0.4415584415584744	9.003850740014938
0.21045204607776843	0.45454545454557405	9.003699982467962
0.22097464838172176	0.4220779220779404	9.004454322348565
0.22097464838169398	0.435064935064992	9.004231403760427
0.23149725068562044	0.40259740259740334	9.005194774319781
0.23149725068561347	0.415584415584439	9.004885924200787
0.24201961205109535	0.3831164651728063	9.006095712667621
0.24201985298950948	0.3961038961038951	9.005684422483386
0.2525343885132972	0.36362334175836325	9.007184129158164
0.25254017202480283	0.3766190186572811	9.006650642277945
0.2630342706810172	0.35710781575973877	9.007811771198279
0.273503475456191	0.3505892896149871	9.008458314780933
0.28394051118441205	0.3440625454013611	9.009122689028535
0.29433408987804754	0.33751959523987235	9.0098042266058
0.3046468046858303	0.33088974418358064	9.010505240746694
0.3145061062410277	0.32498793617641875	9.011162511009871
0.3251066993285452	0.31720493999972377	9.011984883798881
0.3315948875028101	0.3054252307025502	9.01308844988383
0.3379236776960231	0.2946793808219068	9.014217370938802
0.3442717351660172	0.28411657154856423	9.015405065360326
0.3506595677025514	0.27358774565326055	9.016698732195637
0.3571428571428458	0.2630650575972899	9.01814174864697
0.36363636363635843	0.2525424552933984	9.019690805057197
0.37012987012986814	0.24201985298950632	9.021402002080533
0.3766233766233777	0.23149725068561547	9.023317940965676
0.38311688311688513	0.22097464838172398	9.025387828307137
0.38961038961039113	0.21045204607783194	9.027862527173228
0.39610389610389635	0.1999294437739403	9.030433584550819
0.40259740259740157	0.18940684147004896	9.033575652014923
0.4090909090909074	0.17888423916615806	9.037032799279965
0.4155844155844138	0.1683616368622671	9.041065876141545
0.4220779220779208	0.15783903455837595	9.04604163508865
0.428571428571428	0.14731643225448468	9.051687145002022
0.4350649350649351	0.13679382995059297	9.058509941137165
0.441558441558442	0.12627122764670112	9.06740936565941
0.44805194805194865	0.11574862534280929	9.07788019262395
0.4545454545454552	0.10522602303891748	9.091121225028653
0.46103896103896164	0.09470342073502562	9.109881513255248
0.4675324675324681	0.0841808184311338	9.133700896438185
0.4740259740259745	0.07365821612724203	9.163947801910638
0.480519480519481	0.0631356138233503	9.211657702246145
0.48701298701298756	0.052613011519458575	9.305582692601574
0.493506493506494	0.04209040921556685	9.502489855455591
0.5000000000000006	0.03156780691167515	9.5024735577339
0.506493506493507	0.021045204607783433	9.443833146901662
0.021045217034446725	0.7922077505394828	9.000602789380638
0.02104524490921515	0.8051946590188895	9.000765939439185
0.03156780833463414	0.7727272566621121	9.000974760973838
0.031567810224638136	0.7857142286952657	9.001210814354971
0.042090408944525294	0.7532467484714352	9.001264805264357
0.04209040754344278	0.7662337490576309	9.001540731057178
0.05261301140216491	0.7337662327548397	9.00147291170079
0.0526130109252522	0.7467532431407817	9.001763568285506
0.06313561380358644	0.7142857141460149	9.001614961072617
0.06313561372736523	0.7272727267850105	9.00190373888145
0.0736582160130614	0.7077922097506445	9.001985722060397
0.08418081859168013	0.6883116907306933	9.0020300593202
0.08418081875700105	0.7012987105011758	9.002344537325582
0.0947034209020537	0.6688311702139705	9.002053024337343
0.0947034212157671	0.681818187130509	9.002339201948969
0.10522602308533772	0.6493506497601248	9.002067420601259
0.10522602311049957	0.66233766382683	9.002324381260195
0.11574862536072279	0.6298701299657847	9.00208355704312
0.11574862539417495	0.6428571431860487	9.002311164194905
0.1262712274566147	0.6103896105570787	9.002110128533
0.1262712269196715	0.6233766239980111	9.002308426434597
0.13679382982227933	0.5909090911126266	9.002154951851137
0.1367938294054988	0.6038961047147969	9.002323765277898
0.14731643220752974	0.5714285715461946	9.002225561541735
0.1473164320492979	0.5844155848877757	9.00236422054609
0.15783903454542875	0.5519480519949423	9.00232971304658
0.15783903450079803	0.5649350651209931	9.002436810152142
0.1683616368592723	0.5324675324825584	9.002476064767693
0.16836163684869912	0.5454545455133275	9.00254906986632
0.17888423916334747	0.5259740259901732	9.00270967331192
0.1894068414693626	0.5064935064977003	9.002928566944894
0.189406841466926	0.5194805194963265	9.002950994826088
0.19992944377384692	0.4740259740262909	9.00327347788356
0.19992944377350438	0.4870129870142406	9.003216894459529
0.1999294437719804	0.5000000000048813	9.003192640019789
0.21045204607755005	0.46753246753295885	9.003586944058782
0.2209746483815892	0.44805194805216214	9.004052491161675
0.22097464838115266	0.46103896103984915	9.003914343368999
0.23149725068557062	0.42857142857152103	9.004629399235244
0.23149725068540813	0.4415584415587987	9.004420492212676
0.24201985298950554	0.40909090909093626	9.005336023716842
0.24201985298945514	0.42207792207805195	9.005044142799663
0.2525420718827461	0.38960961661980403	9.006193316932906
0.2525424552933983	0.40259740259742705	9.005803748331845
0.2630533278808516	0.3701126741498954	9.00722526836366
0.26306175517013236	0.3831110692276578	9.006720374996595
0.273546584905591	0.3635965235352439	9.007818027735974
0.2840088936475947	0.3570708933457514	9.00842741857204
0.29443448425337426	0.3505343080263237	9.009052437728004
0.3047979591182263	0.34399704513180795	9.009690997863286
0.3150606651994191	0.3375450670769238	9.010337025600315
0.3250639278757652	0.33111847495438357	9.01098499117535
0.3343183789968094	0.32521439577495714	9.011602946040277
0.3380925426165351	0.3156867666887966	9.012384583792892
0.34436062313077354	0.30520870745942275	9.013368444446073
0.3507775557307408	0.29465634776718225	9.014463902489423
0.3571951626044018	0.28411794432009363	9.0156298903222
0.36364349000347995	0.2735887698436513	9.016901988378363
0.3701298701298648	0.2630650575972972	9.01832070944002
0.376623376623378	0.2525424552933984	9.0198439612055
0.383116883116885	0.24201985298950393	9.021528302412525
0.3896103896103911	0.23149725068561167	9.023416592180437
0.3961038961038961	0.22097464838172023	9.025458653966966
0.4025974025974009	0.2104520460778294	9.027905384958926
0.40909090909090606	0.19992944377393884	9.030449147395133
0.41558441558441217	0.18940684147004963	9.033564624170237
0.42207792207791933	0.17888423916615914	9.036996232648919
0.428571428571427	0.16836163686226824	9.041006319834006
0.43506493506493465	0.1578390345583768	9.045960763647786
0.4415584415584419	0.14731643225448499	9.051586405006454
0.44805194805194887	0.13679382995059297	9.058391766814069
0.4545454545454554	0.12627122764670096	9.067275977243405
0.4610389610389618	0.11574862534280905	9.077733832161938
0.4675324675324682	0.10522602303891722	9.090964893831044
0.47402597402597463	0.09470342073502545	9.10971752777627
0.480519480519481	0.08418081843113367	9.133531325438012
0.48701298701298734	0.07365821612724198	9.163777370299568
0.49350649350649384	0.06313561382335028	9.211500454456626
0.5000000000000003	0.05261301151945862	9.305467821065966
0.5064935064935069	0.042090409215566914	9.502273309323312
0.5129870129870134	0.03156780691167519	9.502258841388603
0.51948051948052	0.021045204607783453	9.443566901409246
0.02104533091378999	0.8181813463165509	9.000988541933934
0.02104558880813356	0.8311674547388819	9.001298391432792
0.03156781334274707	0.7987011084432111	9.001523630040877
0.031567817598838754	0.8116877211343175	9.001944832000303
0.04209040113969922	0.7792207203008928	9.001897676241912
0.04209037574674915	0.7922076008983957	9.002365423266937
0.05261300875382214	0.7597402473139043	9.00213205549939
0.05261299914933651	0.7727272312999524	9.00260416231743
0.06313561338636993	0.7402597386616231	9.002263711865657
0.06313561192754817	0.7532467484551217	9.002716291146541
0.0736582157176948	0.720779227689397	9.002325864794956
0.0736582148160151	0.7337662553275225	9.00274684888322
0.08418081797835186	0.7142857471609819	9.002728804735767
0.09470342170240302	0.694805214293011	9.002685414945715
0.09470342031954694	0.7077922753625262	9.003106068753711
0.10522602272878341	0.6753246804958931	9.002633075085187
0.10522601876475768	0.6883117054615443	9.003004853097998
0.1157486254673089	0.6558441569070864	9.002583622137683
0.11574862557492965	0.6688311719893508	9.002909885643133
0.12627122514468297	0.636363638449635	9.002546012577447
0.12627122044694047	0.649350655262814	9.002829944973625
0.13679382770941076	0.6168831200412489	9.002527518765804
0.1367938210707261	0.6298701414464342	9.002771742927722
0.14731643138356648	0.5974025992360105	9.00253458863491
0.1473164286805044	0.6103896172353853	9.002740947553356
0.1578390343102346	0.577922078638225	9.002573478865878
0.1578390335256738	0.590909093577736	9.00274290138474
0.16836163680298652	0.5584415586655891	9.002650714418875
0.1683616366128394	0.5714285722578403	9.002783120671635
0.17888423915366924	0.5389610390219618	9.002773665426913
0.17888423911297788	0.5519480521719587	9.002867709246878
0.18940684145646078	0.5324675325257956	9.003003918008057
0.19992944376541788	0.5129870130057209	9.003200371530758
0.19992944373807284	0.5259740260444868	9.003240255452257
0.21045204607659737	0.4805194805214981	9.003509677318553
0.2104520460725572	0.4935064935146624	9.003466942343977
0.2104520460558907	0.5064935065260736	9.003458108923796
0.22097464837933434	0.4740259740296638	9.003814583052096
0.23149725068476767	0.4545454545469139	9.004255477329828
0.2314972506822157	0.4675324675384418	9.00413153369316
0.2420198529892568	0.43506493506544297	9.004803553263416
0.2420198529885098	0.448051948053973	9.004610048607773
0.25254245529335173	0.41558441558456205	9.00547494096692
0.25254245529315317	0.42857142857201236	9.00520114065512
0.2630644021163326	0.39610270991291374	9.006288154189432
0.2630649604714678	0.40909079540796484	9.005921011534447
0.2735711511966817	0.3766037347263496	9.00726441885716
0.2735822714966219	0.3896032008364183	9.006788267469274
0.2840577981380804	0.370086656607478	9.00782408679535
0.2945172140268166	0.3635537168360201	9.008398556989434
0.3049245961583725	0.35701367439450093	9.008986055316093
0.315335406026302	0.3504761061190398	9.009586829074438
0.32587681532160123	0.34390023714194234	9.010205515789893
0.33762003722478257	0.33715891173201845	9.01086892567143
0.3449395619541467	0.32618247663244393	9.011757396582299
0.35089619795500915	0.3156417544281777	9.012640874424092
0.35722580912687163	0.30516982611318055	9.013610068193906
0.36369688055790345	0.29464722545305194	9.014685755229921
0.3701541239484813	0.2841161198221554	9.0158315669008
0.37662779195285484	0.27358880020209064	9.017082017220673
0.38311688311688624	0.26306505759728815	9.018477541182042
0.3896103896103917	0.2525424552933881	9.019976532822268
0.3961038961038945	0.24201985298949472	9.021635887849266
0.4025974025973996	0.23149725068560573	9.023498692557029
0.40909090909090123	0.22097464838171801	9.025515313543629
0.4155844155844089	0.21045204607782983	9.027936686069948
0.42207792207791694	0.1999294437739414	9.030455884845864
0.4285714285714253	0.18940684147005174	9.033547465301503
0.43506493506493377	0.1788842391661606	9.036956589624893
0.4415584415584417	0.168361636862269	9.040946553662621
0.448051948051949	0.15783903455837686	9.04588196075045
0.4545454545454557	0.14731643225448468	9.051490199245363
0.461038961038962	0.13679382995059255	9.058280380894745
0.46753246753246835	0.1262712276467006	9.067151406292806
0.47402597402597463	0.11574862534280878	9.077598095479223
0.48051948051948085	0.10522602303891708	9.090820669716377
0.48701298701298734	0.09470342073502537	9.10956684762097
0.4935064935064937	0.08418081843113373	9.13337620900837
0.5000000000000002	0.07365821612724209	9.163621121452422
0.5064935064935067	0.0631356138233504	9.211359007508564
0.5129870129870132	0.052613011519458686	9.30536963909764
0.5194805194805198	0.04209040921556694	9.50207075569761
0.5259740259740263	0.03156780691167519	9.502056546356123
0.532467532467533	0.021045204607783436	9.443331796491021
0.021046345734736297	0.8441523250888161	9.001739533289951
0.03156783513084594	0.8246736474620521	9.002522237850094
0.03156798752408752	0.8376580877129607	9.003329967358054
0.04209028846680297	0.8051942245990572	9.002987252930039
0.042090040293333957	0.8181802068006316	9.003827276857004
0.05261295594471919	0.7857141486422049	9.003216119482529
0.0526127479802209	0.7987008182824399	9.00401961414474
0.06313560589399372	0.7662337541648508	9.00329073296303
0.06313547096545072	0.7792206846937058	9.004027493521564
0.07365821263122461	0.7467533017085767	9.003271895108865
0.07365820973607672	0.7597403516723634	9.003932320245134
0.08418080820004586	0.7272728353327915	9.003201162004148
0.08418074375188998	0.7402600567562789	9.003785766292237
0.09470340245835379	0.7207794392208813	9.003619816432725
0.10522599054010896	0.7012987566066049	9.0034541829928
0.10522581291528209	0.7142858995132678	9.003999624109902
0.11574862576607096	0.6818181900345751	9.00330122894858
0.11574862910649036	0.6948052105781279	9.003771907353823
0.12627121366342522	0.6623376740211276	9.00316903227973
0.1262712284646113	0.6753246780551417	9.003574295374522
0.136793796171346	0.6428571827105732	9.003063316218693
0.1367937067368912	0.6558442828814268	9.003410784775197
0.1473164181564892	0.6233766477809303	9.002988631596246
0.1473163791921223	0.6363637186606154	9.003284260235661
0.1578390304265972	0.6038961134702047	9.002949150700692
0.15783901875635598	0.6168831497591812	9.003197312814827
0.16836163585408945	0.584415587386336	9.002949209778984
0.1683616329615406	0.5974026076600384	9.003152792879867
0.17888423894910702	0.5649350657344924	9.002993663727118
0.1788842383182007	0.5779220806864217	9.003154155041242
0.18940684141332462	0.545454545664143	9.003088292928583
0.18940684124273988	0.5584415591757848	9.003205702255931
0.19992944362812834	0.5389610392211565	9.003312988058184
0.21045204598917014	0.5194805196080051	9.00348308652709
0.2104520457309718	0.5324675329555743	9.003542309977098
0.2209746483719436	0.48701298702806683	9.003751600818305
0.22097464834271166	0.5000000000604555	9.003724453173762
0.22097464823049498	0.5129870132240598	9.0037327762873
0.23149725067227586	0.4805194805435075	9.004046660199934
0.24201985298567139	0.46103896104703757	9.004460359762525
0.24201985297508846	0.47402597405761954	9.004352078886766
0.25254245529242886	0.4415584415606996	9.004977666267317
0.25254245528978514	0.4545454545541909	9.004800803071822
0.2630650451706652	0.4220779026562567	9.005612633603057
0.2630650575964529	0.43506493506706384	9.005357855417403
0.2735860049353156	0.40259519271867056	9.006381523348296
0.2735871739503637	0.41558378948293195	9.006037344049831
0.28408650829173615	0.38309579171751	9.007302980192732
0.28410056052895877	0.3960947693932541	9.00685557806794
0.2945667835534291	0.3765757419470415	9.007831305199302
0.30501728683444745	0.3700355220392922	9.008372658906891
0.31542273131727844	0.36348874841629236	9.008925539627077
0.3258136725139168	0.35693404799740924	9.009490415489857
0.33613139990627827	0.35026804360794583	9.010069892900141
0.3458061701829187	0.3463807993764143	9.010491647388355
0.35120400633595844	0.33704795463604215	9.01114983854436
0.35750620522709753	0.3263450751095453	9.01198853725925
0.3637609301496758	0.3157353980722156	9.012866812818972
0.37019000275890007	0.30518089869750165	9.013827176430775
0.3766550293844382	0.29464487782895576	9.014885600687514
0.3831280251732215	0.28411435715114497	9.016011904212847
0.3896122493063332	0.2735883536565134	9.017241444208091
0.3961038961038928	0.2630650575972633	9.018614963697848
0.40259740259739596	0.25254245529337166	9.020091244821158
0.40909090909089246	0.24201985298948991	9.02172743239642
0.4155844155844002	0.23149725068560598	9.023566804696701
0.422077922077909	0.22097464838172157	9.02556020807805
0.4285714285714209	0.21045204607783363	9.027958624077941
0.43506493506493227	0.1999294437739445	9.030455693787017
0.4415584415584415	0.18940684147005316	9.033525827206553
0.4480519480519496	0.1788842391661609	9.03691530097682
0.45454545454545653	0.16836163686226846	9.04088737370166
0.46103896103896286	0.15783903455837614	9.04580588030621
0.46753246753246874	0.14731643225448404	9.051398837121477
0.4740259740259747	0.13679382995059214	9.058175779214794
0.48051948051948085	0.12627122764670037	9.067035359651873
0.48701298701298723	0.11574862534280866	9.077472429787148
0.4935064935064936	0.10522602303891707	9.09068776445627
0.5000000000000001	0.0947034207350255	9.109428525435506
0.5064935064935067	0.08418081843113386	9.133234536917515
0.5129870129870132	0.07365821612724219	9.163477816277114
0.5194805194805197	0.06313561382335044	9.211232046376878
0.5259740259740263	0.05261301151945871	9.305287360933034
0.5324675324675328	0.04209040921556693	9.50187960319897
0.5389610389610393	0.03156780691167515	9.501864393185299
0.545454545454546	0.02104520460778331	9.443127544030462
0.021048454809086486	0.8571353741705457	9.00238421757397
0.02105353682378725	0.8701174333886177	9.003353616443048
0.021064479954316373	0.8831030812591204	9.004859342389791
0.031568911654294714	0.8506400610623129	9.004486018907441
0.0420895325433992	0.8311648896243806	9.004982591930428
0.042089003617696366	0.8441476403199335	9.006604012529934
0.05261237494419524	0.8116870352648861	9.005089874185105
0.052611556055434335	0.8246722653796055	9.00653810168483
0.0631336025230603	0.7922065990912968	9.004983168855835
0.06313167059831423	0.8051918966272033	9.006238895681976
0.07365821612724166	0.7727272727272725	9.004770852437316
0.07365567514545196	0.7857133412206996	9.005846113871696
0.08418041998313062	0.753247535508268	9.004514772191555
0.08417911813718659	0.7662352344657961	9.005431421321118
0.09470329534949418	0.7337668800932362	9.004251023619448
0.09470281220182258	0.7467549526938271	9.005031743187443
0.10522543116928403	0.7272733289193759	9.004665166292945
0.11574759119408427	0.7077922358160569	9.00433999000826
0.1157460451557784	0.7207793564769229	9.005028704523463
0.12627080597048695	0.6883118063800178	9.004059552102852
0.12626851258651675	0.7012991442857377	9.004642164611353
0.13679339739289217	0.6688315379576663	9.003824777544857
0.1367923594246053	0.6818191441365736	9.004318539098664
0.14731624353137493	0.6493509087254972	9.00363602991561
0.14731580650822948	0.6623384137877578	9.00405408631453
0.1578389772042243	0.6298702371598915	9.003493688716622
0.15783883880356223	0.6428574727595743	9.003846060196976
0.1683616224833667	0.610389644365046	9.003398665297636
0.16836158666392612	0.6233767307528437	9.003692768014458
0.17888423600338277	0.5909091001353931	9.003352685609963
0.1788842279445764	0.6038961335066194	9.00359372168804
0.18940684059676768	0.5714285739262375	9.00335845922694
0.18940683826267135	0.5844155926384026	9.00354972340579
0.19992944320348602	0.5519480528857994	9.003419866445263
0.1999294416378852	0.564935068219674	9.003562882606447
0.21045204476999044	0.5454545472722864	9.00363678824438
0.22097464781400789	0.5259740268795076	9.003776741595944
0.22097464632666922	0.538961042314318	9.003857073752542
0.2314972506346381	0.49350649360105314	9.003999576322668
0.23149725049649006	0.5064935068566533	9.00398962650692
0.23149725000683433	0.5194805208366055	9.00401671296708
0.24201985293678452	0.487012987134167	9.004283568364364
0.2525424552802328	0.4675324675657433	9.004667729150762
0.25254245524659386	0.4805194806433375	9.004576434619727
0.2630650575942125	0.4480519480599298	9.00515252358847
0.2630650575862158	0.46103896106853365	9.004993401507205
0.27358758741303396	0.4285713152770115	9.005750071955129
0.27358765989850004	0.4415584415655917	9.005515110224865
0.2841066130017644	0.40908689574748824	9.006474541442488
0.2841091696488987	0.422076410723823	9.006153722012188
0.2945990990226786	0.3895879230237786	9.007342170325527
0.29461729313118273	0.402586611251126	9.006923375971615
0.30507211495888303	0.3830596958876762	9.007840867244644
0.3155061020635578	0.37651756868651526	9.00835053289129
0.32588179934893596	0.3699913562369848	9.008869073781673
0.3362245445584475	0.3634858581039013	9.009396161899618
0.34665911193188126	0.3572926091616772	9.009921308554778
0.35743851269839677	0.3492278678932509	9.01055947591037
0.36390234157410806	0.33698350124645354	9.011390759945401
0.3703059057386335	0.32630034831951393	9.012218044159576
0.3767114290380513	0.3157210608061128	9.013081667701028
0.3831570673854012	0.3051741512644777	9.014025272475342
0.3896264476748681	0.29464033153802016	9.015065750260726
0.39610840788886503	0.28411240668795207	9.016173001389207
0.4025979729448099	0.2735879177047495	9.017382569190291
0.40909090909087586	0.26306505759725046	9.018735376118235
0.41558441558438286	0.2525424552933726	9.020190485891389
0.42207792207789474	0.2420198529894966	9.021805257115583
0.42857142857141123	0.23149725068561386	9.023623127301775
0.43506493506492655	0.2209746483817274	9.02559537730144
0.4415584415584397	0.21045204607783705	9.027973029922236
0.44805194805195026	0.19992944377394514	9.030450125356113
0.45454545454545786	0.18940684147005235	9.033501119340533
0.461038961038964	0.17888423916615967	9.036873374829584
0.46753246753246963	0.16836163686226732	9.040829338742844
0.4740259740259751	0.1578390345583754	9.045732958811454
0.48051948051948096	0.14731643225448368	9.051312488283045
0.487012987012987	0.13679382995059197	9.058077866491288
0.4935064935064935	0.12627122764670048	9.066927499983109
0.5000000000000001	0.1157486253428089	9.077356276749052
0.5064935064935067	0.10522602303891727	9.090565414108504
0.5129870129870132	0.09470342073502566	9.109301721898985
0.5194805194805198	0.08418081843113395	9.133105001671394
0.5259740259740262	0.0736582161272422	9.163347098294109
0.5324675324675328	0.06313561382335044	9.211119119062475
0.5389610389610393	0.052613011519458665	9.305219988622829
0.5454545454545459	0.04209040921556691	9.501698517993317
0.5519480519480524	0.03156780691167514	9.50168145786158
0.558441558441559	0.02104520460778342	9.442951195876441
0.021091488590631747	0.8961027475034763	9.007316291422997
0.021160256666752975	0.9091198359010253	9.011517817950427
0.03157236131510827	0.8636189058599925	9.006184458371946
0.031583094363811896	0.8765825868382867	9.008748365294649
0.031610970750054174	0.8895346372239122	9.012745432754626
0.04208893055451196	0.8571259748520365	9.00893122176029
0.05261012257909714	0.8376561367898644	9.008532608023978
0.0526054188652866	0.8506330495957093	9.011332723716961
0.06313000702966164	0.8181765333337129	9.007912273072263
0.0631279680930007	0.8311603757269688	9.010176565896392
0.0736481709251739	0.7986971238422488	9.007240219052361
0.07364211439412843	0.8116795013370096	9.009070674802407
0.08417471980416084	0.7792222662354674	9.006594257127958
0.08416477195307313	0.7922062843427361	9.008083514213736
0.09470104795492847	0.7597441292976154	9.006004561806485
0.09469572332352856	0.7727343293156936	9.007226311463453
0.10522488562512781	0.7402615802144439	9.00548204605125
0.10522368258177367	0.7532517121977879	9.006491403365779
0.11574445155193523	0.7337670667383859	9.005867907322996
0.12626523774277992	0.7142860742143364	9.005344251000153
0.12626071110775278	0.7272728969082337	9.006193927844121
0.1367896129934924	0.6948071650050024	9.004908612034326
0.13678418729603684	0.707794964230636	9.005615735128154
0.14731453814768583	0.6753266270037047	9.004551003500866
0.1473113906772188	0.6883160312486317	9.00514239259438
0.15783841352725675	0.6558451015145453	9.00426402345272
0.1578372295123736	0.6688336619559859	9.004759416623108
0.1683614720962288	0.6363639582034354	9.00404242329622
0.16836113274631145	0.6493515581428457	9.004456633562087
0.17888420146857278	0.6168832078835279	9.003882815849586
0.1788841199115768	0.6298703964634831	9.004226804053447
0.18940683025907076	0.5974026234873132	9.003783596765986
0.18940680441783442	0.6103896896618413	9.004065221714889
0.19992943617552783	0.5779220890230911	9.003744834430778
0.1999294183473687	0.5909091267799852	9.003969431582528
0.21045204135241455	0.558441564985908	9.003768189424344
0.21045202983450606	0.571428594016697	9.00393894361242
0.2209746412453474	0.5519480639160675	9.003975119949628
0.2314972483385682	0.532467537370387	9.004081281855592
0.23149724290388055	0.5454545625276249	9.0041843682282
0.24201985280269253	0.5000000004522449	9.004253862640788
0.24201985235048196	0.512987014626619	9.004262585375022
0.24201985088846423	0.5259740317264954	9.004309907945894
0.2525424551314686	0.4935064939556703	9.004525627205327
0.26306505755806825	0.47402597413320074	9.004878097462758
0.26306505746062436	0.48701298739213744	9.004804978416388
0.2735876598912866	0.45454545457188633	9.005328812784464
0.27358765986476624	0.4675324676288524	9.005188401891543
0.28411008340048943	0.4350646556082421	9.005888095620998
0.28411026219667074	0.4480519480810416	9.005673617749883
0.2946269188285478	0.4155788876345022	9.006568150667716
0.2946313345106369	0.4285693091997471	9.006270974154463
0.3051112459718461	0.3960759693301544	9.007383169697176
0.30513498168797315	0.40907808541523605	9.006992632106234
0.31557222743672486	0.38954655823124146	9.007853284253484
0.3259790231163313	0.38302257464395795	9.00833199756197
0.33630018709751436	0.3765279100078082	9.008817292013338
0.3465050649242143	0.3699375514614908	9.009313599320746
0.35673877735284676	0.3634363627411111	9.009812803128524
0.3674408732314732	0.3593894635762833	9.010212085576283
0.3714602980053394	0.34746655138432425	9.010911788927272
0.3768827008221405	0.33680009975786296	9.01162684674253
0.3832107030139112	0.32624027790096094	9.012431250749975
0.3896498967688539	0.3156962133736341	9.0132780807934
0.3961203282045241	0.3051632559227125	9.014204948171157
0.40260320456694915	0.2946357631782917	9.015227871318999
0.4090923010757274	0.2841110038867474	9.016316828292814
0.41558441558433906	0.27358765990111694	9.017507506066904
0.4220779220778667	0.2630650575972627	9.018840919599123
0.42857142857139113	0.25254245529338865	9.020276355146477
0.4350649350649156	0.24201985298950848	9.021871374466249
0.44155844155843565	0.23149725068562055	9.023669544228175
0.4480519480519498	0.22097464838172928	9.02562255090089
0.4545454545454594	0.21045204607783616	9.027981420981291
0.46103896103896597	0.19992944377394295	9.03044046869457
0.46753246753247085	0.18940684147005035	9.033474545534872
0.4740259740259758	0.17888423916615834	9.036831533251771
0.48051948051948107	0.1683616368622668	9.040773043511237
0.4870129870129869	0.15783903455837522	9.045663489957631
0.4935064935064933	0.14731643225448396	9.051231211235004
0.49999999999999983	0.1367938299505924	9.05798647857957
0.5064935064935066	0.12627122764670076	9.066827462261346
0.5129870129870132	0.11574862534280912	9.077249073470655
0.5194805194805198	0.10522602303891741	9.090452914457765
0.5259740259740263	0.09470342073502569	9.109185613322973
0.5324675324675329	0.08418081843113395	9.132986329523787
0.5389610389610393	0.07365821612724217	9.163227660214178
0.5454545454545459	0.06313561382335038	9.211018843186773
0.5519480519480524	0.05261301151945863	9.305166213391432
0.558441558441559	0.042090409215566886	9.501527098318228
0.5649350649350655	0.03156780691167515	9.501506963602948
0.5714285714285721	0.02104520460778342	9.442799436135134
0.02130397118953857	0.9221674397575124	9.019436275062729
0.031673200636706506	0.9025104876963201	9.019280152675904
0.031802522104439755	0.9155303148269353	9.030561838361706
0.04208918462536286	0.8700814433187773	9.01235086416006
0.04210479095073216	0.8829905827054685	9.017507525313194
0.04216223893681356	0.8958555782325229	9.025493453098976
0.052594871774004584	0.8635916661029985	9.015341796940247
0.06312295287139164	0.8441403863424775	9.01329191916214
0.06311113622448088	0.8571095796937817	9.017654040788559
0.07363907199623211	0.8246614972452436	9.011508262034356
0.07363789231280342	0.8376450855283549	9.014802211164039
0.08415033898990586	0.8051862862270082	9.010011697827197
0.08414081852572246	0.8181617845559166	9.012538705521726
0.09468291543823458	0.7857228641722637	9.008773499532685
0.09465898858610644	0.7987016025026347	9.010749197128009
0.1052197129538251	0.7662451386728847	9.007747380783501
0.10520896841223004	0.7792419687064621	9.009322062532439
0.11574318093805436	0.7467567926730782	9.006896670246109
0.11574146653188883	0.7597513062619567	9.008165914285284
0.12625772161062623	0.7402610421549443	9.007227821958955
0.1367765939087421	0.7207807829049732	9.006466053193028
0.13676929356089895	0.7337657065786127	9.007493555771084
0.14730491199123694	0.7013063968920368	9.005847673913353
0.14729432498166461	0.7142944959888539	9.006690880948355
0.1578343075127663	0.681824116525581	9.005346868574536
0.15782802664126483	0.6948175935766483	9.00604450102798
0.16836021266683546	0.6623400628196482	9.00494645966335
0.16835795512015506	0.6753305645911573	9.005525510574813
0.17888388601280128	0.6428578836751363	9.004634071111482
0.1788832658151612	0.6558460979193651	9.0051148823067
0.18940672670018757	0.6233768524234756	9.004400935401465
0.18940651199143013	0.6363642596567415	9.004798497636749
0.19992936470497305	0.6038962134202499	9.004241386918919
0.19992921831487462	0.6168834283809469	9.004566535080516
0.21045199342820775	0.5844156583726832	9.004152351634346
0.2104518868544372	0.5974028239800647	9.004412680878199
0.22097462475132137	0.564935105797399	9.004132944791179
0.2209745742809597	0.5779222101481306	9.004333436150795
0.2314972260734395	0.5584416153454121	9.004327679565778
0.24201984638206142	0.5389610584034824	9.004396565335213
0.24201983321884926	0.5519481149172464	9.004523921522848
0.25254245474896625	0.5064935080761336	9.004514640722533
0.2525424535161575	0.5194805248801139	9.004543371914265
0.25254244966496137	0.5324675502383109	9.00461226741868
0.2630650571282497	0.5000000013044199	9.004773076442916
0.2735876597674624	0.48051948086479634	9.00509189307774
0.27358765941159013	0.49350649471997327	9.005038005259918
0.2841102621737311	0.461038961149187	9.005507124521442
0.284110262088662	0.4740259744377779	9.005386273061147
0.29463262368521953	0.44155806520031154	9.006027423342948
0.2946328644941233	0.45454545469014374	9.00583398562127
0.30514809016215244	0.4220718677983013	9.006663165723593
0.3051538710486479	0.4350629744380641	9.00638980262567
0.31562468323161447	0.402562681929967	9.007426706336283
0.31565521088525667	0.41556845470370246	9.007064134881732
0.3260689884762528	0.39604730820250295	9.00786889901165
0.33644090501323487	0.38957438592808574	9.008316763214355
0.34673650300229686	0.3831837542495342	9.0087679369067
0.3570143126071284	0.3770147065263645	9.009217564975016
0.3673316322566966	0.37167646190511755	9.009637632832279
0.375350348067801	0.3663190948255268	9.010022892040034
0.37913632178584544	0.35754629008944133	9.010510102781621
0.38402852448669317	0.34717005831476205	9.011138181261027
0.3896103896100416	0.33672327372680483	9.011833145038763
0.39610389610574637	0.32620067142183684	9.012624804377564
0.4025974025980967	0.3156780691167438	9.013456574682934
0.4090909090912073	0.3051554668125278	9.014367443235416
0.4155844155843155	0.2946328645087862	9.015373601850511
0.4220779220778043	0.2841102622049982	9.016445235108977
0.42857142857135644	0.27358765990115524	9.017618154215844
0.4350649350648938	0.26306505759728666	9.018933485295065
0.4415584415584262	0.2525424552934031	9.02035068626857
0.4480519480519485	0.24201985298951323	9.02192752239277
0.4545454545454617	0.23149725068561963	9.023707666329086
0.46103896103896874	0.22097464838172576	9.025643189424239
0.46753246753247296	0.21045204607783272	9.027985044831153
0.4740259740259767	0.19992944377394073	9.030427816906405
0.480519480519481	0.18940684147004946	9.033447008348631
0.48701298701298645	0.17888423916615845	9.036790249066373
0.49350649350649284	0.16836163686226732	9.040718886207912
0.4999999999999996	0.15783903455837597	9.045597668801433
0.5064935064935064	0.14731643225448443	9.051154988971128
0.5129870129870132	0.1367938299505927	9.057901405580502
0.5194805194805198	0.12627122764670093	9.066734862441466
0.5259740259740263	0.1157486253428092	9.077150259027333
0.5324675324675329	0.10522602303891744	9.090349656267707
0.5389610389610393	0.09470342073502568	9.109079293654657
0.5454545454545459	0.08418081843113391	9.132877855795494
0.5519480519480524	0.07365821612724213	9.163118122208017
0.558441558441559	0.06313561382335037	9.21092915566007
0.5649350649350655	0.05261301151945861	9.305124352833092
0.5714285714285721	0.042090409215566886	9.501365065753285
0.5779220779220786	0.03156780691167514	9.501338834863231
0.584415584415585	0.021045204607783422	9.442670338743712
0.021503050235408383	0.9353395350516127	9.035630295506515
0.022415528857590017	0.9492165379023365	9.069191836420222
0.032076640268021234	0.9286357618119984	9.051848311339326
0.04224991896472791	0.9087244612050754	9.038530088793259
0.04232360504900645	0.9218044812425821	9.060414875155415
0.05257697978356568	0.8764839348514161	9.021206857413516
0.05259707393379604	0.8892971344490062	9.029991571387633
0.052733390463100556	0.9019365914366514	9.0433685689722
0.06308210242513236	0.8700456344622168	9.023871710693415
0.07363376359036015	0.8506279821731605	9.019319857030004
0.07362111062210716	0.8636100235867138	9.025633708252615
0.08413811823657608	0.8311415245542824	9.015898114997349
0.08413975354914842	0.8441274789754664	9.020418839001264
0.0946335844646621	0.8116753934254182	9.013303817116041
0.09463457186017063	0.8246272007541796	9.016639566109289
0.10518271767199407	0.7922363052034002	9.011310897472656
0.10512970085394498	0.8051862231559773	9.013836575852137
0.11573616481681308	0.7727539484059344	9.009742799953598
0.11572109054629526	0.7857688799878702	9.011716463568833
0.12625900833641987	0.7532513604834812	9.008492888799578
0.12625653533100206	0.7662534560468103	9.010051014253007
0.13676558990605922	0.7467622982365293	9.008741610716706
0.14728125420095214	0.7272732804502238	9.007702562480327
0.14727183124010113	0.740285136763651	9.008925158302846
0.1578165080961482	0.7078134681557966	9.00687468440085
0.15779864642934438	0.7208015372885508	9.007864821641293
0.16835298073270832	0.6883250284132426	9.00621058650047
0.1683431749395176	0.7013265054274337	9.007022472033503
0.17888175454666158	0.6688359440664379	9.005681812441978
0.1788783912231665	0.681829146444973	9.006350306564855
0.18940597531645043	0.6493522312742257	9.005267381154212
0.18940477090442956	0.6623413889676569	9.005819138734182
0.19992886005790442	0.6298709423350545	9.004952018512626
0.19992806711130492	0.6428590589058695	9.005406537790284
0.21045160196720916	0.6103902484836214	9.004725262880191
0.2104509151248569	0.6233782388218645	9.005096640192038
0.22097442992499372	0.5909094916226701	9.004580406458986
0.2209740469295068	0.6038972240747645	9.004878684994594
0.23149717681351847	0.5714287515677845	9.004513696486057
0.23149704117991335	0.5844161210248907	9.004745776020473
0.24201979699214324	0.5649352591649914	9.004694062390199
0.2525424380348349	0.5454546016270596	9.00472236497204
0.2525424044141112	0.5584417281343423	9.0048753733069
0.26306505600949526	0.5129870173428893	9.004782010474864
0.2630650522964831	0.5259740400554686	9.004831947763135
0.26306504021998367	0.5389610829020625	9.004923618059957
0.2735876581183287	0.5064935106671746	9.005026073932314
0.28411026177653004	0.4870129885238339	9.005309458988991
0.28411026065054407	0.5000000054172536	9.005275727138502
0.29463286445979464	0.46753246808052973	9.00568795500987
0.29463286435133557	0.48051948254670007	9.00558739565277
0.3051552787590283	0.44805165429007504	9.006168663099139
0.305155466864048	0.4610389617085713	9.0059967224231
0.3156704908790306	0.4285654353486345	9.006760274996145
0.3156766338904646	0.441557092115352	9.00651080140401
0.326138297580345	0.4090555604787056	9.007473193728257
0.32617633758204057	0.4220591678657491	9.007138423994393
0.3365628258415301	0.4025691121571602	9.007888199604961
0.3469098806156062	0.3961708096346679	9.008306310579966
0.3572087455999684	0.38992804806282555	9.00872492464235
0.3675524260000837	0.3839451446782169	9.0091411189972
0.3785582875947908	0.3777979066717651	9.009577521119375
0.38554214322052505	0.36748356076974337	9.010143188430858
0.39099574370324114	0.35744901166600823	9.010708185430893
0.39648696824768637	0.34715180757293035	9.011332381824735
0.4025974025989409	0.3367232737247145	9.012022670928006
0.4090909090916663	0.32620067142015313	9.012800863912057
0.41558441558458914	0.31567806911645635	9.01361836794335
0.42207792207782696	0.30515546681268507	9.014514141609824
0.4285714285713298	0.2946328645088912	9.015504539347738
0.4350649350648628	0.2841102622050555	9.016559925133846
0.4415584415584111	0.2735876599011849	9.017716244971012
0.44805194805194487	0.26306505759729737	9.019014741273912
0.4545454545454648	0.25254245529340275	9.020415077989888
0.4610389610389733	0.2420198529895076	9.021975198764382
0.4675324675324762	0.2314972506856138	9.023738869544188
0.4740259740259778	0.2209746483817219	9.025658517841874
0.48051948051948057	0.21045204607783127	9.027984931980008
0.4870129870129854	0.19992944377394106	9.030413113365716
0.4935064935064917	0.18940684147005057	9.033419152297173
0.49999999999999867	0.1788842391661596	9.03674992813793
0.5064935064935061	0.16836163686226813	9.040667143924695
0.5129870129870132	0.15783903455837642	9.04553559441793
0.51948051948052	0.14731643225448454	9.051083742231471
0.5259740259740265	0.13679382995059267	9.057822405678666
0.532467532467533	0.12627122764670087	9.066649296005153
0.5389610389610395	0.11574862534280915	9.0770593245345
0.5454545454545459	0.10522602303891741	9.090254980377326
0.5519480519480524	0.09470342073502563	9.108982033544834
0.5584415584415588	0.08418081843113388	9.1327790099157
0.5649350649350654	0.07365821612724209	9.16301845538485
0.571428571428572	0.06313561382335035	9.21084569028453
0.5779220779220785	0.05261301151945861	9.3050936018821
0.584415584415585	0.042090409215566886	9.501213546841184
0.5909090909090916	0.031567806911675135	9.501175285847415
0.597402597402598	0.02104520460778343	9.44256332726358
0.02067412582939827	0.9611598631577714	9.114783218708668
0.020310041314125726	0.9705731019605993	9.26328740965354
0.03211433988936141	0.9412392150975215	9.089156053632097
0.03285769218282586	0.9508681392334986	9.138691439373499
0.029082896403731406	0.9575045482442954	9.154848744659816
0.043871603176352504	0.935417441175131	9.10701854850282
0.05348685505664613	0.926380619403401	9.098999122448959
0.052968910731962915	0.9145477628370058	9.064588634386487
0.06299204939940908	0.8828827121688949	9.032882619623871
0.06302338336916691	0.8956287935617057	9.046260849996344
0.06315924360182412	0.9080928734857876	9.06539613272268
0.07359256659797583	0.8765879001426248	9.03460077414478
0.08415274006137986	0.8571248757199706	9.02661039385998
0.08415241057824933	0.8701618224429514	9.035229540922147
0.09462743532966415	0.8376235640114108	9.021060280449644
0.09463228287905186	0.8505977265547325	9.026982170754858
0.10508134720380718	0.8181911503518123	9.017105603651773
0.1051308065629733	0.831145564977437	9.021363404394934
0.11568270030449936	0.7988030480588915	9.014207176979184
0.11561822121779097	0.8118748307506064	9.017383435854738
0.12625086787251852	0.7792710851362084	9.011983550999217
0.12624004325156632	0.7923156764634813	9.014399439477096
0.1367679247014091	0.7597514489240008	9.01026478241632
0.13677161158196505	0.7727566296274612	9.012137730800559
0.14726830006232694	0.7532692221450097	9.010402632714886
0.15778373062655135	0.733827169581064	9.009054652579193
0.15776265124649738	0.7468314120088828	9.0104828019288
0.16832627078346482	0.7143384783124443	9.00798721491819
0.16831160348095286	0.7273829436329134	9.009139705924705
0.17887162886760907	0.6948288504056581	9.007139398901693
0.1788587493808975	0.7078424654374196	9.008072891920563
0.18940230260273508	0.6753328865180269	9.006467882513178
0.1893976644350561	0.688328632191337	9.007230892415492
0.19992645200540846	0.655848185096339	9.005940665951693
0.1999234642698641	0.6688387589201455	9.006567225232262
0.21044942684352297	0.6363672223957736	9.005534773873057
0.21044650452729796	0.6493575042216279	9.006049310380376
0.22097310823377003	0.6168859514897461	9.00523423448093
0.22097097832710225	0.629876484376249	9.005654321072008
0.23149669015185792	0.5974040847379782	9.005028246114632
0.2314958306737239	0.6103933958847595	9.005366508341467
0.2420197034169529	0.5779226445136098	9.004909897819694
0.24201947610422495	0.5909106419675549	9.005175259293248
0.2525423141239808	0.571429058596607	9.005073769794906
0.2630650023349614	0.5519481838422718	9.005058374682415
0.2630648913766004	0.5649354438601781	9.00523828347945
0.273587653482609	0.5194805334799096	9.005055992183218
0.2735876372948554	0.5324675779907774	9.005128198413095
0.2735875832509654	0.5454546876074814	9.005243714210401
0.28411025669212164	0.512987031846294	9.005284698033739
0.29463286402605876	0.49350650079045427	9.005531054025939
0.2946328631193902	0.5064935317570204	9.005518276327019
0.30515546703768504	0.47402597645790845	9.005871709715178
0.3051554677443049	0.48701299556625255	9.005792065152294
0.3156779922655883	0.4545453348952318	9.006312320278854
0.3156780696509305	0.46753246999114184	9.006162243978705
0.3261930324851336	0.43505825185983044	9.006860031486513
0.3261991449862421	0.4480506343215635	9.006634460501326
0.33664855124042553	0.415554656110102	9.00752315687366
0.33669472330961936	0.4285497318427625	9.007215931260982
0.3470484748822191	0.40910656566126996	9.007911888619445
0.3573682387701856	0.4027693830956238	9.008302293385798
0.3676108110414405	0.3965807899486108	9.00869239236233
0.37759076690047716	0.3906729549546179	9.009072609718245
0.3866084929035408	0.3867859736139294	9.009369003890486
0.391934370137328	0.37812725939992287	9.009786138624024
0.3976113513050539	0.36777681705635956	9.010322040874714
0.4032102072050893	0.3575698539479942	9.010887900738298
0.40911134313283115	0.34723979590676834	9.011508855050465
0.4155844155844796	0.3367232737227748	9.012196865143762
0.42207792207755174	0.32620067142005377	9.01296192624801
0.4285714285713029	0.3156780691165414	9.013765617379976
0.4350649350648559	0.30515546681279776	9.014646958548903
0.4415584415584029	0.29463286450895987	9.015622406092737
0.4480519480519453	0.2841102622050809	9.016662492947475
0.45454545454547196	0.27358765990118583	9.017803292240783
0.4610389610389812	0.26306505759728804	9.019086152391099
0.46753246753248145	0.25254245529339275	9.020470919655958
0.4740259740259795	0.242019852989501	9.022015692179805
0.48051948051947974	0.23149725068561156	9.023764326747296
0.4870129870129833	0.22097464838172276	9.02566955666753
0.4935064935064895	0.21045204607783352	9.027981949351236
0.49999999999999706	0.1999294437739432	9.030397158290684
0.5064935064935051	0.18940684147005205	9.033391436281333
0.5129870129870127	0.17888423916616022	9.036710960005998
0.5194805194805201	0.16836163686226824	9.040618000097153
0.5259740259740268	0.15783903455837625	9.04547729206089
0.5324675324675332	0.14731643225448432	9.051017345087248
0.5389610389610396	0.1367938299505925	9.057749207923282
0.545454545454546	0.12627122764670076	9.0665703660885
0.5519480519480525	0.1157486253428091	9.07697576945125
0.558441558441559	0.10522602303891737	9.090168235345145
0.5649350649350655	0.09470342073502562	9.10889331233089
0.571428571428572	0.08418081843113384	9.132688609794767
0.5779220779220785	0.07365821612724209	9.162931012618953
0.584415584415585	0.06313561382335035	9.210764820703703
0.5909090909090916	0.05261301151945863	9.305067769244857
0.5974025974025982	0.04209040921556689	9.501061891344527
0.6038961038961046	0.03156780691167516	9.501016680984778
0.6103896103896109	0.021045204607783446	9.442474350871228
0.02571879425480539	0.9797769771758867	9.4944183884166
0.03088330798492578	0.967886403960661	9.401098049034813
0.041167358817902455	0.9478812376457293	9.163527391326554
0.03858382716391709	0.9583917969672091	9.266599141444033
0.05034578905621867	0.944752442097293	9.178293923294497
0.05558663409731113	0.9372283309273919	9.148785227330322
0.062181950328350444	0.9307101725260313	9.134579754820521
0.06448076146504049	0.9204327477046367	9.099422819662095
0.07351592866779842	0.8895894711237742	9.04775521966892
0.0733130754408311	0.9019272908752567	9.065658667214253
0.07282301517014608	0.9125663348173754	9.087800040217912
0.08424033027864086	0.8832087786353001	9.047510838290618
0.0946658205457968	0.8635500107933723	9.034985152175748
0.09465316290474668	0.8766902810483824	9.04619104206303
0.10508749274528913	0.844101471212381	9.026938874470739
0.1051144303705028	0.8570569738848351	9.034344743989019
0.11561654840549718	0.8249461216957291	9.02148924983377
0.11563652186021524	0.8377693316554757	9.026707011227801
0.12618488402580885	0.8054430782166	9.017452260176439
0.12623228423206473	0.8186090623722714	9.021366231515627
0.1367619878237988	0.7857846293454531	9.014453423676038
0.13674326753947275	0.798841687415901	9.017338931609563
0.14728632869164604	0.7662330405719485	9.012201371279282
0.1472998557839571	0.7792567000223714	9.014412114253515
0.15775867627052204	0.759807033041104	9.012204452383829
0.16828788729348923	0.7404326459877133	9.010517035935836
0.16823126086741827	0.7534813540398416	9.01216925804299
0.17882682247687964	0.7209022956146357	9.009182282382868
0.17885223895467472	0.7339880480728407	9.01050757505513
0.18939017440345826	0.7013309830660651	9.008129401752454
0.18938248444909525	0.7143413321481711	9.009189820911983
0.19991844086347454	0.6818316016556579	9.007301832826927
0.19991075554107998	0.6948281325237183	9.008163543323379
0.21044139541783083	0.6623489537839843	9.006651881759423
0.21043360604279615	0.6753411361406868	9.00735654866232
0.22096649579873043	0.6428695056546827	9.00614773950708
0.22095800256769296	0.6558645952276906	9.006725018791213
0.23149381063507826	0.6233853388004963	9.005767173050415
0.23148920987522034	0.6363814774647146	9.006238269701926
0.24201894904522825	0.6039000562751676	9.005494996973814
0.24201774147312308	0.6168924153211024	9.005875097047117
0.2525421066570833	0.5844169050740574	9.005320899539074
0.25254178400103994	0.5974059551831333	9.005621073411492
0.26306460678366883	0.5779231110038403	9.005466220374048
0.27358741548097315	0.5584419784060102	9.00540421976653
0.27358695197410215	0.5714297189683126	9.00561214699187
0.2841102432887273	0.5259740891652069	9.005336532004632
0.2841102002271838	0.5389612403878851	9.00543194240457
0.2841100714288543	0.5519486532941925	9.005572253068244
0.2946328608516273	0.5194806034105303	9.005548953857852
0.30515547046891084	0.5000000289767251	9.005756857058342
0.30515548040042745	0.5129871069508612	9.00576571196789
0.3156780710842992	0.4805194888815721	9.006058708381458
0.31567807607540593	0.4935065208669816	9.006000497135856
0.3262005744193179	0.4610388103999454	9.006458804721275
0.32620066130723857	0.4740259608055601	9.006330880123514
0.3367136779010102	0.4415486044135893	9.006962862198668
0.33672044630912357	0.45454260901425436	9.006761158018913
0.34714988365647176	0.42205888769661687	9.007576980447096
0.34720695652644135	0.435040472264464	9.007296973209593
0.3575244169614673	0.4156423270000105	9.007940807052394
0.36778747384215693	0.4093584056021869	9.008304663222342
0.37788895148502216	0.40326371308160064	9.008665514653385
0.3877759904584758	0.3973637353753361	9.009021344099871
0.3979627955056491	0.3901641049744434	9.009429906788583
0.4039650567031121	0.378587369229388	9.009954970606929
0.40966296504972866	0.36805727506331665	9.010488768944343
0.4156383143341896	0.3577487921943479	9.011054551816256
0.4220779220769189	0.3472458760270906	9.01168035810892
0.4285714285709268	0.33672327372388366	9.012356979529194
0.4350649350647308	0.32620067142040404	9.013109246579033
0.44155844155840507	0.3156780691166952	9.013899674685794
0.4480519480519707	0.30515546681285677	9.014767269897817
0.4545454545454946	0.2946328645089667	9.015728588000941
0.46103896103899933	0.2841102622050656	9.016754313337826
0.46753246753249195	0.273587659901168	9.017880637106186
0.4740259740259823	0.2630650575972765	9.019149003101992
0.4805194805194773	0.25254245529338915	9.020519416423715
0.48701298701297874	0.242019852989503	9.022050110119237
0.4935064935064853	0.23149725068561589	9.023785033838834
0.4999999999999944	0.22097464838172695	9.025677149976724
0.5064935064935037	0.2104520460778362	9.027976837488765
0.5129870129870122	0.19992944377394437	9.030380534311506
0.5194805194805201	0.18940684147005207	9.033364185057922
0.5259740259740272	0.1788842391661599	9.036673606529787
0.5324675324675338	0.1683616368622678	9.040571575141792
0.5389610389610401	0.1578390345583759	9.045422736951705
0.5454545454545463	0.14731643225448413	9.050955636446213
0.5519480519480526	0.13679382995059242	9.05768152709893
0.558441558441559	0.12627122764670076	9.066497682402824
0.5649350649350654	0.11574862534280905	9.07689908577815
0.571428571428572	0.10522602303891734	9.090088896827362
0.5779220779220785	0.09470342073502559	9.108812345354352
0.584415584415585	0.08418081843113384	9.132606763922139
0.5909090909090916	0.0736582161272421	9.162854008575072
0.5974025974025982	0.06313561382335038	9.210709469025987
0.6038961038961047	0.05261301151945863	9.30505236699014
0.6103896103896111	0.04209040921556689	9.500903556757669
0.6168831168831175	0.031567806911675156	9.500863920673458
0.6233766233766238	0.02104520460778343	9.442396580926912
0.0383370997131113	0.9790072692204165	9.646366385268252
0.04453345792144925	0.968302297170465	9.55723702736208
0.05060675762131983	0.9563522422169907	9.325631312341457
0.05961731272121962	0.9477433909659074	9.24218275559585
0.06621109341659451	0.9385488151245984	9.182813845621473
0.07190980102747967	0.9294323480970712	9.146839531274168
0.07469743973577327	0.9213390539059226	9.117233934450647
0.0810396395360146	0.9172933734702206	9.109882392590334
0.08448677021160328	0.8964221023016645	9.065753264707622
0.08339422937666763	0.908466230425018	9.088680757393435
0.0950417012340532	0.8898008071384789	9.06205048012942
0.10528529603028543	0.8696674614657045	9.04415926564583
0.10540105478071027	0.8818224575113109	9.056801336981167
0.11538321511186489	0.8504155966837296	9.033263095535302
0.11523320019968286	0.8629030434771249	9.041844155373447
0.12639289636100967	0.8319086704393647	9.026491274203217
0.12600507016251616	0.8442255169478339	9.032362679050747
0.13675463764940704	0.8119996586356618	9.020988217342735
0.13689578994429447	0.8254326612718831	9.025728733731201
0.14725469396801052	0.7922694958587394	9.01712426840234
0.14723504601618487	0.8052395755599283	9.02047485797732
0.15781125033065507	0.7727952222145981	9.01430480503957
0.1578280782976139	0.785785778390526	9.01686253433026
0.16827133637584282	0.766427164039372	9.014149512847082
0.17875800258426627	0.7470533511031019	9.012078099008273
0.17853872426295406	0.760325062905748	9.013981954043372
0.18936458798992029	0.7273817902913633	9.010445895739856
0.18930709229468884	0.7404154825540181	9.011931392890107
0.199900679057463	0.7078278012711844	9.009175599414776
0.19989203188476548	0.7208210606105744	9.010365999879419
0.21042317464545354	0.6883340477653932	9.008180371459693
0.21040998794628188	0.7013294144919788	9.009144228085168
0.22094444441764227	0.6688593714591892	9.007398802648593
0.22092737841203272	0.6818508981220481	9.008184220645584
0.23147930603687938	0.6493823382382435	9.006789376483296
0.2314603321181743	0.6623847400492812	9.007431851224547
0.24201488001719107	0.6298901448857205	9.00632287117096
0.24200777100169923	0.6428959725468015	9.006847110077986
0.2525415082621702	0.610397596593124	9.005979668917439
0.25254129792515684	0.623394402828603	9.006403315786429
0.26306405443733055	0.5909117210055842	9.005745968959344
0.263063608075434	0.6039021956868281	9.00608231322274
0.27358589915807396	0.5844183901067117	9.005870775447532
0.2841097209350026	0.5649367106263454	9.005759484994536
0.28410887230040777	0.5779260796086845	9.00599645163196
0.2946328560832739	0.5324677969933783	9.00562351209348
0.2946328488084902	0.5454553268954788	9.005742947019977
0.2946328436780004	0.5584436887525772	9.005908900530294
0.3051555144198596	0.5259743154373578	9.005818783247092
0.31567809263376884	0.5064935921707114	9.005986973733023
0.3156781446214766	0.5194807747902653	9.006018029550903
0.3262006792121001	0.48701300583107016	9.00624919159552
0.3262006962420532	0.5000000542424998	9.006212834253615
0.33672266077139973	0.46753177503393917	9.006608435766429
0.336723182805643	0.4805193750851348	9.006502882090922
0.34723046995953216	0.4480375354178871	9.007069052679597
0.34723958232859137	0.46103340988471203	9.006891169820106
0.3576462673408744	0.42856234127151266	9.007635211629497
0.3577147845366207	0.44153149402902847	9.007381881799688
0.3679907694843787	0.4221693367745582	9.007975311396857
0.3782063823393999	0.4159184469577417	9.008314641518522
0.3883086864513683	0.4097688740737359	9.008654409174499
0.39828218409143606	0.4035477548091775	9.008996928315431
0.4067503485181554	0.39800810913184953	9.009304125083975
0.41036492697999727	0.3888295638591724	9.009666604455761
0.4162539513516318	0.37857590844606925	9.010134682742466
0.4221837528376503	0.3682486287124358	9.010654103219258
0.4285714285688813	0.35776847833152364	9.011222833814672
0.4350649350639963	0.3472458760279653	9.011839140705135
0.4415584415582116	0.3367232737243411	9.012504038465353
0.4480519480519847	0.32620067142058723	9.013243999097979
0.4545454545455548	0.3156780691167313	9.01402175660445
0.4610389610390447	0.3051554668128346	9.014876317740574
0.4675324675325152	0.2946328645089353	9.015824329119164
0.4740259740259885	0.2841102622050448	9.016836611014215
0.480519480519473	0.2735876599011619	9.017949463925653
0.4870129870129702	0.26306505759728077	9.019204416964824
0.493506493506477	0.25254245529339764	9.020561611765137
0.4999999999999887	0.2420198529895109	9.022079403565643
0.5064935064935009	0.23149725068562088	9.023801831492262
0.5129870129870117	0.22097464838172887	9.025682001174303
0.5194805194805207	0.21045204607783607	9.027970235121034
0.5259740259740279	0.19992944377394348	9.03036367791533
0.5324675324675342	0.18940684147005113	9.033337658600372
0.5389610389610405	0.1788842391661591	9.036638048325642
0.5454545454545466	0.16836163686226738	9.040527925573523
0.551948051948053	0.1578390345583757	9.045371861211196
0.5584415584415591	0.14731643225448407	9.05089843022808
0.5649350649350655	0.13679382995059244	9.057619071173855
0.571428571428572	0.12627122764670076	9.066430851993715
0.5779220779220785	0.11574862534280904	9.076828807285112
0.584415584415585	0.10522602303891733	9.090016375345483
0.5909090909090915	0.0947034207350256	9.108738496737134
0.5974025974025982	0.08418081843113384	9.132532092002853
0.6038961038961047	0.0736582161272421	9.162782718525674
0.6103896103896111	0.06313561382335038	9.210657750580454
0.6168831168831177	0.05261301151945861	9.305055350015827
0.623376623376624	0.04209040921556687	9.500747287929187
0.6298701298701302	0.03156780691167514	9.500720367828492
0.6363636363636367	0.02104520460778341	9.442338455534395
0.051507550116181015	0.9788873825327138	9.68211289917714
0.05770050855768676	0.9682254951268546	9.616081475402796
0.06402192747245539	0.9582664656475711	9.419573730457445
0.07147646336860339	0.9479194325092932	9.274938408347678
0.07793466110918083	0.9380765178265552	9.199786204333009
0.08334528717805069	0.9268983819030036	9.150571184534202
0.09093822621943537	0.9171968662997821	9.118298336329902
0.09640611056078824	0.9043621662625445	9.089153277448268
0.10671858910426195	0.8940428728197497	9.075129562139928
0.11426867319608824	0.8868386445617213	9.067126091101358
0.11699536888609655	0.8755813502634928	9.054163336259881
0.1252225753329832	0.8564372429247261	9.039857204486717
0.12471404140631309	0.8664740100647528	9.047799814643966
0.13373096735232048	0.8512813759608686	9.03828897486323
0.13868312325202992	0.8399301541201322	9.032666196920639
0.14737099461526748	0.8181015137074431	9.024637621368612
0.14785759834184348	0.8308016255650961	9.029874996939936
0.15765245088117075	0.798709247456599	9.019956366417821
0.1575382705031951	0.8115205203745468	9.023747640032758
0.1683573484616751	0.7794264954169581	9.016566036066758
0.16820314451414387	0.7923403547419597	9.019453536597617
0.17889503388322048	0.7732569335124989	9.01626225628712
0.18914071963972479	0.7534670617998063	9.013692940626852
0.18892223186821	0.7668550422886893	9.015845847857314
0.1998565929924898	0.7337947003129557	9.01176613968447
0.1997356509414022	0.7467092727170489	9.013405248797396
0.2103921364287579	0.714326364271693	9.010273382807048
0.21035590613266253	0.7273168613308746	9.011597606299047
0.22091008330937	0.6948396473583216	9.009099893922524
0.2208944113203495	0.7078350717052722	9.010169290542821
0.23143102525430984	0.6753817111875745	9.008179063324564
0.23139972794018795	0.6883657868457043	9.00904707340577
0.24199052776262442	0.6559097681228981	9.007458258705064
0.2419547670904175	0.6689193435886391	9.008167878726878
0.25254004791584067	0.636400605095527	9.006900022605508
0.25253324419068995	0.6494220977657491	9.007479635305865
0.2630646807451719	0.6168960380597938	9.006481186525102
0.26306885108418754	0.6298969690605069	9.006949848842723
0.27358426724981094	0.5974084791122003	9.006184317090801
0.27358366306981624	0.6103999109597971	9.006558031710016
0.2841070313028757	0.5909172969483344	9.006286834214636
0.29463257596542347	0.5844268988708036	9.006390725025584
0.2946328330117675	0.5714338195524531	9.006123756118908
0.30515562278916913	0.5389618784631286	9.005916764038481
0.3051559383086064	0.5519503191200333	9.00606094652146
0.30515675210678944	0.5649406884775364	9.006253310170779
0.3156782979939311	0.5324682522417682	9.006094075528168
0.326200746332052	0.512987161345334	9.00622144564038
0.3262008836562259	0.5259744155387494	9.006275169758686
0.3367232925789661	0.4935065100988673	9.00644332812041
0.3367233270696148	0.5064935391394123	9.006429155199465
0.3472439021268898	0.47402429797058726	9.006761454803863
0.3472455561828451	0.48701268523009955	9.006678430399633
0.3577438837579152	0.4545274397377897	9.007178849129103
0.35775729084259167	0.4675244954991556	9.007024731948162
0.3681395354956523	0.4350604346574467	9.007698175950852
0.3682210580622524	0.4480190971337199	9.007470993086626
0.37845882344831056	0.4286860492050524	9.0080156593975
0.38870256134234327	0.4224011207197319	9.008334373519132
0.39893660155012695	0.41620679607683236	9.008655359177865
0.4099586820648409	0.4097749092228676	9.008997180409454
0.4169270086776158	0.3989848047218846	9.00942474945122
0.42278454839718654	0.38897231566615975	9.009838756587277
0.4287323052940494	0.378734269417936	9.010298388293428
0.43506766641077177	0.3682898243114282	9.010818391060143
0.44155844155700424	0.35776847833233055	9.011380030492573
0.44805194805165227	0.3472458760283484	9.011985480966636
0.45454545454556494	0.3367232737244634	9.01263908416059
0.46103896103912523	0.32620067142057646	9.013367276009442
0.4675324675325688	0.3156780691166832	9.014132984968965
0.47402597402600416	0.305155466812799	9.014975232551622
0.4805194805194657	0.2946328645089252	9.015910749032104
0.4870129870129543	0.2841102622050537	9.016910476863325
0.49350649350646175	0.27358765990117817	9.018010817456961
0.49999999999997796	0.26306505759729565	9.019253375338721
0.5064935064934953	0.25254245529340685	9.020598408319081
0.5129870129870101	0.24201985298951423	9.022104387872416
0.5194805194805211	0.23149725068562035	9.023815426360999
0.525974025974029	0.22097464838172698	9.0256847037329
0.5324675324675352	0.2104520460778341	9.027962681881176
0.5389610389610413	0.19992944377394198	9.030346909355726
0.545454545454547	0.18940684147005005	9.033312112679903
0.5519480519480531	0.17888423916615873	9.036604401051816
0.5584415584415594	0.16836163686226716	9.040487056791788
0.5649350649350656	0.15783903455837567	9.045324562945138
0.571428571428572	0.1473164322544841	9.050845522586558
0.5779220779220785	0.1367938299505925	9.05756154054952
0.5844155844155849	0.1262712276467008	9.06636948937498
0.5909090909090916	0.1157486253428091	9.076764445066276
0.5974025974025983	0.10522602303891736	9.089950075215349
0.6038961038961047	0.09470342073502556	9.108670930078468
0.6103896103896113	0.0841808184311338	9.132463564307256
0.6168831168831177	0.07365821612724205	9.162718504317247
0.623376623376624	0.06313561382335028	9.210613292713289
0.6298701298701305	0.052613011519458575	9.305067531107538
0.6363636363636368	0.042090409215566865	9.500594721217281
0.6428571428571431	0.031567806911675156	9.500564126483226
0.6493506493506497	0.021045204607783436	9.442300263730521
0.06459716564933259	0.9789708457757561	9.648482649391115
0.07093619256538249	0.9685737374176323	9.630628243825138
0.0774452115015336	0.9582423924491495	9.447287012183155
0.08415987126908246	0.947986253364483	9.293030845947188
0.09040442998228594	0.9376036924072185	9.209485812577093
0.09649442418164805	0.9273485126798985	9.163286798236056
0.10361674017280643	0.9163567717399809	9.12409328907374
0.11091636253827952	0.9058966172535652	9.10013545166916
0.11839706165893808	0.8955959012532683	9.082802253465069
0.12446354135112071	0.8856270618448386	9.068917232062146
0.13026985147789946	0.8750743552389522	9.057469443145907
0.13611203621926143	0.8631571282424209	9.047764084032226
0.14416133705153567	0.8522267987798298	9.041064307778123
0.15099772367131933	0.8421875827429409	9.03604927975897
0.1576955942943479	0.8239531566018439	9.028364237992877
0.15702460213816738	0.8343116384403733	9.03294162294839
0.16784819425405254	0.8051026983328118	9.022914867867511
0.16741580425716518	0.8180181523418237	9.027209783800572
0.17902063223812603	0.7861491908657167	9.018986527240676
0.17850579544497772	0.7988795886148644	9.022175283718736
0.19076492393177896	0.7800308325148297	9.018581744183058
0.19957940729954968	0.759441809920065	9.015316792990346
0.19942878278737974	0.7716680851112968	9.017493689944645
0.21025201298769366	0.7402587507874996	9.013146599872547
0.21008117371044868	0.7529125014177248	9.014923099989973
0.22087732167606003	0.720836579593218	9.011419915828169
0.22085184439660852	0.7338669761377244	9.012887797931059
0.23137881767508983	0.701336816536443	9.010056251375467
0.23137887267554086	0.7143502841177874	9.011236014460415
0.24189303646225138	0.6819168593407684	9.008990102843187
0.24184988762524087	0.6948753543989339	9.009941989479172
0.25250734670956293	0.6624615282711551	9.008153319390388
0.25245033185055493	0.6755035163780274	9.008933790638453
0.2630759212010552	0.6429126500426727	9.007497282775175
0.26308035828710097	0.6559601308103542	9.008134584992726
0.2735883894729451	0.6233921769121036	9.006998276326
0.2736028414326735	0.6363923597372382	9.007513260237454
0.2841029560486952	0.6039085243776258	9.006635193329608
0.2841011387481286	0.6169005186183698	9.00704727590586
0.29463022333445776	0.5974225021892517	9.006713851759159
0.3051608838856389	0.590933563334389	9.00679450748602
0.30515848675144003	0.5779346467705336	9.006496625900553
0.3156787209077954	0.5454564551707161	9.006216080470741
0.3156798128610529	0.5584463096686326	9.006385643799488
0.3156824844814866	0.5714396314585873	9.006605104377051
0.32620123051201755	0.5389620528833262	9.006374676370221
0.3367234165366453	0.5194805829249926	9.00646025774799
0.336723635890464	0.5324676882266252	9.006537030749657
0.3472459010402893	0.49999997556272463	9.006641223682294
0.34724593782742635	0.5129869083547445	9.006649480189784
0.3577647045525556	0.4805167661845709	9.00691805050345
0.35776784249017807	0.4935059578449413	9.006857646277867
0.3682570366402966	0.46101587233288627	9.007292559019225
0.3682753754856891	0.4740153942160548	9.007162056517986
0.37863279551589096	0.4415502374114983	9.00776610965629
0.3787288161919063	0.45449969060956047	9.007564581283164
0.38891931685659475	0.4352001613679206	9.008061506371973
0.3991100212267216	0.42895865602728045	9.008357337828889
0.4092030606783965	0.42285297282963236	9.00865212916784
0.41819853709021954	0.4186702085132904	9.008888970128737
0.4232011385355833	0.4097815082637247	9.00919019627756
0.4291529416096134	0.3994939554378996	9.009580105723552
0.43527615647021145	0.38921539211399664	9.00999754865033
0.4416362876271154	0.37877105333098054	9.010460863100858
0.448051948050814	0.36829108063702715	9.010973743260978
0.4545454545451976	0.35776847833241643	9.011525411000152
0.461038961039088	0.3472458760283139	9.012120359885936
0.4675324675326266	0.33672327372439104	9.012763119866277
0.4740259740260351	0.3262006714205223	9.01348009718478
0.48051948051945576	0.31567806911666957	9.014234389164377
0.4870129870129256	0.30515546681281774	9.015065038983865
0.4935064935064337	0.29463286450895665	9.015988852187549
0.4999999999999589	0.2841102622050818	9.016976880374342
0.5064935064934859	0.27358765990119516	9.018065617721724
0.5129870129870074	0.26306505759730137	9.019296734075114
0.5194805194805224	0.2525424552934053	9.020630586183058
0.5259740259740313	0.24201985298951034	9.022125760311978
0.5324675324675369	0.23149725068561663	9.023826408657882
0.5389610389610425	0.22097464838172423	9.025685762662393
0.5454545454545474	0.2104520460778322	9.027954582686426
0.5519480519480532	0.19992944377394128	9.030330455383142
0.5584415584415593	0.18940684147005002	9.033287724345525
0.5649350649350655	0.1788842391661586	9.036572739735943
0.5714285714285721	0.1683616368622672	9.040448939860196
0.5779220779220784	0.15783903455837578	9.045280716568145
0.584415584415585	0.14731643225448418	9.050796696755407
0.5909090909090916	0.13679382995059255	9.057508633063291
0.5974025974025983	0.12627122764670076	9.066313202844357
0.6038961038961047	0.11574862534280896	9.076705514623812
0.6103896103896113	0.10522602303891718	9.08988938998386
0.6168831168831177	0.09470342073502541	9.108609060588565
0.6233766233766241	0.08418081843113366	9.132401160678969
0.6298701298701305	0.07365821612724194	9.162660626165122
0.6363636363636368	0.0631356138233503	9.210574724120372
0.6428571428571433	0.05261301151945858	9.305087217117526
0.6493506493506498	0.042090409215566886	9.500447611823205
0.6558441558441561	0.031567806911675184	9.500416534801245
0.6623376623376628	0.02104520460778346	9.44226878382888
0.07772862620861262	0.979089726070636	9.596994456922618
0.08412258008345369	0.9686472737843976	9.616762273025385
0.09061800178856237	0.9582554077386791	9.458386240289826
0.0970757043174055	0.9478509486404467	9.299243888720417
0.10341770336002555	0.9374183640357295	9.215279111196331
0.10983996156078601	0.9267931665869771	9.167472414463715
0.11689906681336316	0.9162849780148173	9.129523836755288
0.12388276100496327	0.9058483953634893	9.104525552941233
0.13052861335336421	0.8954730430149618	9.086231001937314
0.13678143327231604	0.8849671679990738	9.07120251844759
0.1428799824238458	0.8739848368732073	9.05915979108791
0.1496493315788124	0.8632121004289474	9.050459837592626
0.15645069228995698	0.8527351187771716	9.043504330832107
0.16297081352599604	0.8425052174527528	9.037964010319685
0.16889886334644955	0.8309360664057093	9.03285170439319
0.17777048342495608	0.8111506862711693	9.025907376198878
0.176848487315297	0.8219369792888969	9.029820780889139
0.18936931528507864	0.7929899275824052	9.021520627830775
0.1887195596212662	0.8054131381316236	9.025010124827089
0.2015402852550997	0.7807676933934038	9.019526474174691
0.1982378665813769	0.788268175252498	9.021029550188276
0.210261062823618	0.7650390563372723	9.016938040383094
0.21042689100967654	0.7760318844633548	9.019071005538121
0.22066283323007319	0.7469700961269754	9.014621641174678
0.22001959655103046	0.759058408068894	9.016441704000258
0.2313908807317263	0.7404551980776315	9.014230808134506
0.23138246360425183	0.7273274603169763	9.012607227096018
0.24183072906816	0.7077599700047277	9.011040976523185
0.24184418995979237	0.7205095151058836	9.012299890722366
0.25227208613433094	0.6884557275980843	9.009827659356986
0.25230524576114705	0.701430114038029	9.01087171951694
0.26306133019880995	0.6690700294604885	9.008876123583422
0.2630134245079567	0.6821976100090286	9.00973371134536
0.273631322311261	0.6494092244725899	9.008112333100739
0.27367451587244984	0.6624890395376344	9.008810472026545
0.2841112065029636	0.6298762162375537	9.007529520497258
0.2841418888444704	0.6428729586494832	9.008091519540814
0.2946234080050489	0.6104213589718456	9.007098161094747
0.2946028030555057	0.6234100489542402	9.00754915179745
0.3051647750750698	0.6039435699527671	9.007151649020004
0.3157004358902539	0.5974503842566757	9.007207503745073
0.31568843576510813	0.584439422974376	9.006877667971288
0.32620204048657847	0.551950753871975	9.00652120968064
0.3262039820954415	0.5649418485137242	9.006716684765786
0.32620906958551227	0.5779380450771466	9.006963824127476
0.3367241322371028	0.5454547818105099	9.006660390299503
0.3472460240206579	0.5259737164252475	9.006703354251586
0.34724619595611017	0.5389605231628359	9.00680347356493
0.3577684837500545	0.506493422228036	9.00684292668637
0.3577663025753311	0.5194766489240247	9.006873741215948
0.36828396832261473	0.4870081349209889	9.007078335149787
0.36828538099568425	0.49999541579659335	9.007040519407942
0.3787693532275315	0.46750072482159766	9.007410329242719
0.37879051639049305	0.48050360394414543	9.00730321509173
0.38910882540587094	0.4480472032846361	9.007838631958096
0.3892253245446982	0.4609846214659734	9.007662372251032
0.39936453750732204	0.4416988594724866	9.00811335367815
0.40949784775331644	0.43543550536403286	9.008388786294704
0.41937074815154535	0.42928474977632575	9.008662569701237
0.4292703889779288	0.42166635165426863	9.00897350483558
0.4356061750402039	0.4102227349110252	9.009348324638678
0.44182994268293163	0.39971162843213703	9.009739767202142
0.4481575805873693	0.389274800959441	9.010156473880441
0.4545610387387476	0.3788046053573664	9.010612284032858
0.46103896103958736	0.36829108063640326	9.011117834707518
0.4675324675326895	0.35776847833209824	9.011659794872427
0.4740259740260091	0.34724587602820045	9.01224465743136
0.48051948051942145	0.33672327372437527	9.012877062979769
0.48701298701287316	0.326200671420564	9.013583396577827
0.4935064935063827	0.31567806911673135	9.01432690624233
0.4999999999999241	0.3051554668128711	9.015146662205089
0.5064935064934691	0.294632864508988	9.016059537697371
0.5129870129870036	0.2841102622050914	9.017036681806525
0.5194805194805253	0.2735876599011911	9.018114673849821
0.5259740259740353	0.2630650575972932	9.019335238661798
0.5324675324675398	0.2525424552933979	9.020658819224712
0.5389610389610445	0.24201985298950512	9.022144114834566
0.5454545454545481	0.23149725068561317	9.023835272839975
0.5519480519480536	0.220974648381723	9.025685611802075
0.5584415584415593	0.21045204607783216	9.02794625308546
0.564935064935065	0.19992944377394095	9.030314475258239
0.5714285714285713	0.1894068414700498	9.033264615041672
0.5779220779220781	0.17888423916615873	9.036543097191709
0.5844155844155848	0.16836163686226735	9.040413517565893
0.5909090909090916	0.1578390345583759	9.045240179274385
0.5974025974025983	0.14731643225448418	9.050751728788546
0.6038961038961048	0.1367938299505924	9.057460046169252
0.6103896103896113	0.12627122764670054	9.06626161832778
0.6168831168831177	0.11574862534280873	9.076651576474243
0.623376623376624	0.10522602303891697	9.0898339013375
0.6298701298701305	0.09470342073502525	9.108552660046653
0.6363636363636368	0.08418081843113356	9.132344438412565
0.6428571428571432	0.07365821612724197	9.162608358047764
0.6493506493506497	0.06313561382335033	9.210542222267984
0.6558441558441562	0.05261301151945864	9.305112659715753
0.6623376623376628	0.04209040921556693	9.500304155470475
0.6688311688311691	0.03156780691167522	9.500274330193285
0.6753246753246759	0.021045204607783478	9.442243913336334
0.09077647409767059	0.9790918588361812	9.558629350896744
0.09721818405827554	0.9686344371997256	9.595366014043789
0.10367636323684759	0.9581840088053705	9.461085638943617
0.11011693721633305	0.9477162070790713	9.300464541870321
0.1165810025171126	0.9372003487369162	9.216842056022388
0.12320575318679207	0.9266652879002262	9.170329973038053
0.12995188848322162	0.9161639242533118	9.13236787487516
0.13661232230406453	0.9056809417768759	9.107092712716941
0.14309819273500518	0.8951561638715738	9.088336213053681
0.14945340255765682	0.8844918770335585	9.072959767001818
0.15594091272639599	0.8738117504692315	9.061206839110548
0.1625342755992832	0.8632352581108395	9.05241400338597
0.1690247123855028	0.852749695025652	9.04518513161963
0.17542828732458016	0.8421112033246694	9.03922673318143
0.18233901999937407	0.8312064492925473	9.034391007408225
0.1885343181128121	0.8190167915358237	9.029756513279311
0.19775839746138119	0.8112080573637246	9.027672202450127
0.20093314851650934	0.7991993591403322	9.02410652357664
0.20891136177543473	0.7880996728053709	9.021706821116291
0.21807309209840944	0.7813825592756195	9.020678963865628
0.2215275390167467	0.7710799899623881	9.01872665704677
0.22665192965783965	0.7632714805901953	9.017549297589214
0.23157732736854864	0.7551426646042806	9.016380334155768
0.24229690583320482	0.7453087899461279	9.015396275693732
0.24216228207750726	0.7331322676435172	9.013764876377271
0.2520737287256841	0.7141204131179579	9.01203714241911
0.25222443246439197	0.7263574972075157	9.013355099570653
0.2631429434651468	0.6955383595726033	9.010753914387207
0.26265034623537775	0.7079367934136999	9.011815862438569
0.27356717042976053	0.6756197665189225	9.009614166748454
0.27370538071249384	0.6888987092947562	9.010562191807592
0.28421310636976216	0.6558310345012328	9.008741243266757
0.2843015505295321	0.6688367955898347	9.009492989403476
0.29463944944262244	0.6364013380500122	9.008075824026825
0.2946722264886718	0.6493860408546756	9.00868623280377
0.30516258812088737	0.6169673103594429	9.007573695939975
0.30514467622235325	0.6300116449140002	9.008067380116442
0.3157213762938183	0.6104793005926631	9.007599999809289
0.32624759185896385	0.603965330234911	9.007628908560461
0.3262214706385691	0.5909443364697039	9.007266282731942
0.33672497857578565	0.5584424377634339	9.006831850362472
0.3367263722319058	0.5714331880816688	9.00705364973921
0.3367324086340553	0.5844302744824175	9.007328839151718
0.3472467968880848	0.5519452285762086	9.006951002670535
0.3577652280458253	0.5324599828070893	9.006950531331496
0.3577634277730252	0.5454390714197569	9.007074114407542
0.3682829435555826	0.5129779760548152	9.007048285840652
0.36827933992386047	0.5259566125233814	9.0071017359128
0.37879649542831245	0.4934963349362283	9.007242299350205
0.37879296531487155	0.506478770353329	9.007226977215309
0.3892739079167897	0.4739857548174749	9.007532088089844
0.3892949481448476	0.486990467108785	9.007448141586565
0.39957764142338625	0.45453748404870237	9.00791616689665
0.3997041238747159	0.46747813387535353	9.007764291456901
0.40984321779719307	0.4481502395477797	9.008172071609893
0.42006305393004706	0.44175077233408044	9.008431570814935
0.4300632993547333	0.43542430064605225	9.00868966798628
0.4388516940786641	0.42987629374060177	9.008924040817577
0.44206038230635225	0.42045513786851896	9.009174490849098
0.44836092956393425	0.41017415972718435	9.009513860607294
0.45469571188292374	0.39976365398541597	9.009896113186452
0.46105924887979144	0.38932202042616926	9.01030515655634
0.4675337377841661	0.3788126451497094	9.010754442142131
0.47402597402682106	0.36829108063537636	9.011251399985943
0.48051948051933285	0.35776847833187003	9.011784005369092
0.4870129870126946	0.34724587602823265	9.012359219214192
0.49350649350628295	0.33672327372449784	9.012981771584846
0.49999999999986117	0.3262006714206662	9.013678034783142
0.5064935064934399	0.3156780691167896	9.014411389790267
0.5129870129869979	0.305155466812887	9.015220936838917
0.5194805194805326	0.29463286450897774	9.016123609448544
0.5259740259740442	0.28411026220507435	9.017090643692127
0.5324675324675446	0.27358765990117656	9.018158696687664
0.5389610389610476	0.26306505759728327	9.01936953797251
0.5454545454545489	0.25254245529339214	9.0206836891865
0.5519480519480537	0.24201985298950326	9.022159955946847
0.5584415584415591	0.23149725068561366	9.023842435156524
0.5649350649350645	0.2209746483817232	9.025684625553845
0.5714285714285704	0.21045204607783244	9.02793792241153
0.577922077922077	0.19992944377394128	9.030299148115782
0.5844155844155842	0.1894068414700503	9.03324286023984
0.5909090909090914	0.17888423916615906	9.036515470726526
0.5974025974025984	0.16836163686226735	9.04038071040578
0.6038961038961049	0.15783903455837558	9.045202797061608
0.6103896103896113	0.14731643225448368	9.050710393416486
0.6168831168831177	0.13679382995059186	9.057415491914163
0.623376623376624	0.1262712276467001	9.066214397751395
0.6298701298701302	0.1157486253428085	9.076602276985893
0.6363636363636366	0.10522602303891687	9.089783299362365
0.6428571428571431	0.09470342073502531	9.108501334838538
0.6493506493506497	0.08418081843113369	9.132292898334931
0.6558441558441561	0.07365821612724208	9.162561417169853
0.6623376623376627	0.06313561382335042	9.210515214503054
0.6688311688311692	0.0526130115194587	9.305142479109305
0.6883116883116888	0.021045204607783478	9.442223457743891
0.6753246753246758	0.042090409215566976	9.500164671761537
0.6818181818181822	0.031567806911675225	9.500139017529982
0.1038129905381769	0.9790621789945413	9.534553844564
0.11026907483816913	0.9685815299460675	9.575038487056789
0.11673044248874465	0.9580921439376535	9.460895885374443
0.12320199967757617	0.9475845640444126	9.299290767235705
0.12971749638874958	0.9370601665058205	9.21673502320318
0.13629547416080914	0.926537545618991	9.171226324903664
0.1428823821755648	0.9160189187882537	9.133712377505988
0.1493857367952744	0.9054607878537169	9.10845807405695
0.15587778493506732	0.894897127390857	9.089701285916748
0.16235606667064473	0.8842902275200271	9.074428339789344
0.16887540832718728	0.8737444117616995	9.062742938590697
0.17540979262881315	0.8632149223784108	9.053863762991755
0.18190574393477807	0.8526500935985895	9.046462736142319
0.18837286557556487	0.8419958451487742	9.040394757948869
0.1947473738125824	0.8312062472440217	9.03545600331009
0.20155690515482783	0.820995983158782	9.031572226726844
0.20834758001887455	0.8104875359050899	9.02818169735942
0.2144877005202207	0.799861616748787	9.025182771299482
0.22107334300742265	0.7903623888837908	9.023017863247887
0.22842632568276655	0.7813388602631928	9.021210163754818
0.23435630442320635	0.7681648999011707	9.018814015793284
0.24354420682037925	0.7577730270224591	9.017353700208188
0.2513852516437713	0.7500283909296855	9.016468181511307
0.25392795244984184	0.7387809838808677	9.01495882826457
0.26196727345412146	0.719856429690016	9.012989827964853
0.2614685823118361	0.7297595947737442	9.014105397824482
0.2704180273842425	0.7146807664410586	9.012730326429681
0.2749258519013036	0.7033591619015207	9.011795675111815
0.28439758757993805	0.6815636338589218	9.010340517453322
0.285018799119429	0.6940002465469258	9.011305935981897
0.2949001879898748	0.6748450307476248	9.010168291018799
0.2948023216507699	0.6621448737963853	9.009377155670338
0.30519893137135035	0.6429979183318092	9.008639840142509
0.30503766125305565	0.6560681217991307	9.009296057415822
0.3157963110886682	0.6235704549750097	9.008063741100777
0.315768934009264	0.6367698795438723	9.008607084050134
0.3263493215120537	0.6170262449685825	9.008059035043592
0.33682458211098276	0.6105278970326002	9.008059740496728
0.33675148893482926	0.5974436586815166	9.007661755933443
0.3472483406122621	0.5649243717142195	9.007147664360007
0.34725167969625287	0.5779066979950984	9.007395981183572
0.34725533617084425	0.5909012744711979	9.007699411507241
0.3577617945436609	0.5584097307153996	9.007245833253373
0.36827595655083684	0.5389318200793435	9.007201504421316
0.36827064023201417	0.5519006659534417	9.00734859950858
0.37878668331523596	0.5194537548817887	9.0072571983126
0.37878121414348015	0.5324233453798909	9.007333294322946
0.38929551459250944	0.4999815724408483	9.007409872753767
0.38928825724567934	0.5129553516583879	9.007416942979342
0.3997658811480859	0.48047838399061077	9.007657795533332
0.39978509106802557	0.49349012823535765	9.0075968031516
0.4100743471508589	0.4610037017985208	9.00799935769831
0.4101867263534425	0.4739762870568219	9.00787079833821
0.4203911553904027	0.45457624032878224	9.008237319987659
0.43088215959290177	0.44806581603435336	9.008482989084422
0.44230756579831043	0.44154580650811964	9.00874413831088
0.44906131921937753	0.43057573991076403	9.00904321718595
0.45488061301646826	0.42057362459725023	9.009333105635205
0.46121696178115884	0.4102604515060464	9.009666398401821
0.4675525651672717	0.39983748840764366	9.01004121893324
0.474025640262392	0.3893327919575094	9.010445436022009
0.48051930017563876	0.37881273575694857	9.010886910873467
0.4870124519657327	0.368291022591217	9.011375156386846
0.49350640476545027	0.3577684757331014	9.011898804718285
0.4999999999997263	0.3472458760284651	9.012464827200366
0.5064935064933868	0.3367232737246071	9.013078036182927
0.5129870129869903	0.32620067142069276	9.013764799072362
0.5194805194805484	0.31567806911676577	9.014488614450118
0.5259740259740621	0.3051554668128517	9.015288614164136
0.5324675324675542	0.2946328645089495	9.0161817851684
0.5389610389610536	0.28411026220505525	9.017139441265636
0.5454545454545487	0.27358765990116585	9.018198310171213
0.5519480519480534	0.26306505759728044	9.019400196489777
0.5584415584415585	0.25254245529339336	9.02070569790965
0.5649350649350634	0.24201985298950443	9.022173709399882
0.5714285714285693	0.231497250685615	9.023848249527825
0.5779220779220758	0.22097464838172462	9.025683108876551
0.5844155844155831	0.21045204607783352	9.02792974715726
0.5909090909090907	0.19992944377394203	9.030284599884224
0.5974025974025983	0.18940684147005038	9.033222506329587
0.6038961038961052	0.17888423916615856	9.036489833929634
0.6103896103896115	0.16836163686226646	9.040350423927052
0.6168831168831178	0.15783903455837453	9.045168410922463
0.6233766233766239	0.14731643225448277	9.050672473336261
0.6298701298701302	0.1367938299505911	9.057374705564682
0.6363636363636364	0.12627122764669987	9.066171246219325
0.6428571428571429	0.11574862534280851	9.076557309922897
0.6493506493506495	0.105226023038917	9.089737234867835
0.655844155844156	0.09470342073502545	9.108454679239857
0.6623376623376627	0.08418081843113384	9.132246175070328
0.6688311688311691	0.0736582161272422	9.162519309526914
0.6753246753246758	0.06313561382335048	9.210492932990933
0.6818181818181822	0.05261301151945872	9.305175786753333
0.7012987012987016	0.021045204607783478	9.44220561842296
0.6948051948051952	0.031567806911675225	9.500011043609705
0.6883116883116888	0.042090409215566976	9.500029793827592
0.11683047612345798	0.9790233605364939	9.51986847166681
0.12330150472561228	0.9685223629300639	9.557596798121928
0.1297780689760136	0.9580107535024981	9.459907588864484
0.13626738005178243	0.9474890115817743	9.29742230367477
0.14277716474344151	0.9369635851839324	9.21578161448974
0.14930637723089252	0.9264403277187595	9.171168977498473
0.1558173118140576	0.9158946543746723	9.13417529818821
0.162320793797599	0.9053462128368098	9.109270556256357
0.16882893680507863	0.8947777016478444	9.09066337958095
0.17532467532467502	0.8842513746571908	9.075552724412667
0.18182677323450863	0.873727722862229	9.063871053949542
0.18835197741110876	0.8631925633536234	9.054939182762764
0.1948468282830987	0.8526363323604079	9.047485031021402
0.20129748737061035	0.8420746262824692	9.041400848946475
0.20772580228937798	0.8316360859562282	9.036558046030796
0.21442275911051267	0.8210551596296582	9.032417877389731
0.2209265693497957	0.8106050393892561	9.028977851720668
0.22724763983917268	0.8002974267791779	9.026015977358169
0.23400139255356167	0.7903341451367311	9.023663397653761
0.24068202225993968	0.7797387716596742	9.021442338745103
0.24808478015622373	0.768809505206005	9.019539232733992
0.25539000744957885	0.7588241662086155	9.01800766171303
0.2613666091290705	0.7487571843474056	9.016654327305504
0.2671236120511514	0.738165279093999	9.015346736362787
0.27296852360319634	0.7262835131861191	9.014079909114825
0.28087696256666006	0.7154414959244849	9.013137391333219
0.2879721832212117	0.7053896252624665	9.01236710537659
0.2948924366985381	0.6871812544554663	9.011046567222152
0.2942244741187187	0.6976060061854095	9.011864145187644
0.30537507510321416	0.6807248911320009	9.010840036871143
0.30567964036699247	0.66861925023627	9.010045683979264
0.3156388066645103	0.6494831775511583	9.009204614417635
0.3152973712255842	0.6617787930746568	9.009865073651243
0.3266319881922252	0.630168859389501	9.008568396226812
0.32751598493437195	0.6440240227303903	9.00920139855175
0.3372376205456593	0.6235293627961017	9.008531140852712
0.34743986609496214	0.6169270881929548	9.008493185506644
0.34724587602665224	0.6038961038965011	9.008061247699585
0.35776783114978966	0.5713692838654911	9.007467742164648
0.3577844111313311	0.5842705588224989	9.007741463257615
0.3578607663077476	0.5970366869661908	9.00806821983799
0.36826456300387794	0.5648600852190476	9.007544676903732
0.37877644554361506	0.5453871972950591	9.007456002242074
0.37876653193775445	0.5583505252147936	9.00762681892227
0.38927911373033003	0.5259209993391852	9.0074696532963
0.389272333443795	0.5388776012718249	9.007568229072
0.39977780991313794	0.5064760754051232	9.007581015105046
0.39978153695171714	0.519419209127856	9.00761064155032
0.41025336723708644	0.48699402752065657	9.007787634333228
0.41026224371011405	0.5000248400039807	9.007749270677586
0.4205598084260278	0.4674934916873617	9.008087021727446
0.4206844477348615	0.48049585554773006	9.007982074878287
0.430908474941267	0.4610120445540878	9.008307322993135
0.4412181447422511	0.4545168905412903	9.00853083082358
0.45042610341868905	0.450568369309625	9.008708583771423
0.4556502401815562	0.4417932353741511	9.00891083322132
0.46163418969872505	0.431248858140725	9.009184747107186
0.4677802492163612	0.4208224728841368	9.00947991925907
0.4740891792844854	0.41036239549949194	9.009808838197559
0.48052079138203024	0.39985609455597637	9.010179371079554
0.4870127708123942	0.38933528250656435	9.010576485582
0.4935060971349403	0.3788133407154994	9.011009916186893
0.49999957927080513	0.3682910505005966	9.011489817469908
0.506493453582215	0.35776847678273976	9.012004917537011
0.5129870129869757	0.34724587602851503	9.012562211403527
0.5194805194805799	0.33672327372455474	9.013166586589008
0.5259740259740965	0.3262006714206207	9.013844409487968
0.5324675324675732	0.31567806911671026	9.014559282602155
0.5389610389610666	0.30515546681281275	9.01535036981029
0.545454545454547	0.2946328645089301	9.016234705165273
0.5519480519480516	0.2841102622050512	9.017183672078177
0.5584415584415564	0.27358765990116884	9.018234061552283
0.5649350649350607	0.26306505759728305	9.019427705290438
0.5714285714285667	0.2525424552933963	9.020725277080016
0.5779220779220736	0.24201985298950765	9.022185733117391
0.5844155844155817	0.23149725068561755	9.023853021030211
0.5909090909090902	0.22097464838172606	9.025681285354672
0.5974025974025982	0.21045204607783377	9.02792185700985
0.6038961038961054	0.19992944377394128	9.0302709215141
0.6103896103896119	0.18940684147004894	9.033203577538272
0.616883116883118	0.17888423916615678	9.036466144374367
0.623376623376624	0.16836163686226502	9.040322555104426
0.6298701298701297	0.1578390345583737	9.045136863108047
0.636363636363636	0.1473164322544824	9.050637763242378
0.6428571428571423	0.13679382995059125	9.057337444549963
0.649350649350649	0.1262712276467002	9.066131892453868
0.6558441558441557	0.11574862534280875	9.07651636770843
0.6623376623376623	0.10522602303891722	9.0896953624941
0.668831168831169	0.09470342073502562	9.108412326582233
0.6753246753246755	0.08418081843113394	9.132203869445192
0.6818181818181822	0.07365821612724222	9.16248148618856
0.6883116883116888	0.06313561382335048	9.210474887383256
0.6948051948051952	0.05261301151945872	9.305211941763988
0.7142857142857145	0.021045204607783478	9.44218851420971
0.7077922077922081	0.031567806911675225	9.499891066986073
0.7012987012987016	0.042090409215566976	9.499899991377404
0.12983971749948037	0.9789887800715027	9.509955985663952
0.13632127202466002	0.9684751768667902	9.543069107569364
0.14280765998738748	0.957956270428081	9.459051367399434
0.14930072777960576	0.9474334259541138	9.295526066037688
0.15580183347698975	0.9369097862795227	9.21455123629269
0.16230909446186628	0.9263837491926025	9.170653532093146
0.16881426222226095	0.9158524140161793	9.134262225780063
0.175316136440731	0.9053096084182036	9.109694413210292
0.1818158839382281	0.8947775542616919	9.091328539289451
0.18831318940296785	0.8842513018812196	9.076305984719852
0.19481186650034413	0.8737260398019964	9.064656120244377
0.20132012855695788	0.863200361447482	9.05573378692194
0.20783678176806938	0.8527045670974123	9.048304574570343
0.2142852915877448	0.8422322192157756	9.042233457968935
0.22079439178633628	0.8316518168420665	9.037277223321345
0.22731254549952462	0.8211568635213969	9.033127537340762
0.23374125136060817	0.8107716300812111	9.029659827083934
0.2400763143576826	0.8003240491644953	9.0266144017215
0.24686339427450746	0.7899216115102309	9.024114839040488
0.25380935501231455	0.7794060918603662	9.021902886670228
0.26074142294424313	0.7689580858739439	9.020042487650423
0.2672797896370988	0.758620964361732	9.018394887072178
0.27347030331230365	0.7481364645875576	9.01696879759681
0.2795707093173169	0.737275014033069	9.015626988731425
0.28611810402042803	0.7265530602509402	9.014509858398002
0.2930284627508641	0.7160733686418062	9.013553607093728
0.29975908864683837	0.705857004966716	9.012728831687282
0.3056276661998804	0.6943018933935836	9.011883661043777
0.31455079800698593	0.6860703960108707	9.011460348206354
0.3175162147690003	0.6747975260626976	9.010723946612167
0.32562117887292813	0.6559670291938898	9.009774131627436
0.325257775386101	0.6655766391259647	9.010322997354328
0.33727710970872693	0.6360520523063249	9.009047616971587
0.33412182926982104	0.652313958141563	9.00976317227361
0.3380240067883312	0.6456897744918222	9.009505998128088
0.34891693910712496	0.6304591992740943	9.009041315168956
0.35883895551888356	0.6211329097214482	9.008867284935834
0.35816497305488443	0.6091529964455731	9.00843758653186
0.36826156839624136	0.5777533577575503	9.007790906447655
0.36828029266458495	0.5905577533958696	9.008089071238752
0.3684863173424322	0.6030596963543444	9.008436535831763
0.3787189566152307	0.5712820094317205	9.007846438808224
0.3892751657514297	0.5518239118630363	9.007714081362431
0.3892667303953048	0.5647984196116369	9.007908907066197
0.3997573991227932	0.5323933671115763	9.007685485586904
0.3997540601925982	0.5453118232813408	9.007806575491722
0.4102257668127662	0.5129904479071049	9.007755689160364
0.4102513829650432	0.5259505315958588	9.007807914771794
0.4207568443888435	0.4935667458222197	9.007921907207546
0.42073925622814734	0.5066437186604926	9.007906000976291
0.43107716358061554	0.4739403302248044	9.008180624934893
0.43123630524012974	0.48704605259298367	9.008098575292538
0.44132241791540316	0.4674794985079347	9.008381079041444
0.45134226886848916	0.4612868633001776	9.00858032737991
0.4617794155148378	0.45385692588907384	9.008803217365495
0.4682172400473607	0.44216758623451513	9.00905600464151
0.4743314916044072	0.4315004416782116	9.009326751630896
0.4806227859968125	0.4209408839790958	9.00961939579794
0.48705090911330146	0.41038880457198323	9.009944698608068
0.4935084519237824	0.3998595441692614	9.010308769752042
0.49999975935066665	0.389336304067965	9.010698429767602
0.5064932130868595	0.3788136332672012	9.011124118555815
0.5129868124390328	0.368291069795059	9.011596044200353
0.519480498718954	0.3577684777242525	9.012103016477438
0.5259740259741618	0.34724587602837026	9.012652047945851
0.5324675324676075	0.3367232737244461	9.013248093719021
0.538961038961088	0.32620067142054104	9.013917522932731
0.5454545454545439	0.31567806911667495	9.014624030101851
0.5519480519480483	0.30515546681280936	9.01540681074948
0.5584415584415516	0.294632864508937	9.016282940310697
0.564935064935055	0.2841102622050568	9.017223864655984
0.5714285714285611	0.27358765990117495	9.018266430681523
0.5779220779220688	0.2630650575972894	9.019452491666023
0.5844155844155787	0.2525424552934013	9.020742796974202
0.590909090909089	0.24201985298951048	9.022196331295008
0.5974025974025985	0.2314972506856178	9.02385701177952
0.6038961038961063	0.22097464838172423	9.025679336999524
0.6103896103896128	0.21045204607783077	9.027914341846767
0.6168831168831186	0.19992944377393806	9.030258171300936
0.6233766233766245	0.18940684147004638	9.033186076671528
0.6298701298701291	0.17888423916615537	9.036444347490466
0.636363636363635	0.1683616368622642	9.040296996993321
0.6428571428571416	0.15783903455837386	9.045107999996693
0.6493506493506482	0.14731643225448285	9.05060606895192
0.6558441558441551	0.13679382995059186	9.0573034802364
0.6623376623376619	0.12627122764670062	9.06609607342242
0.6688311688311687	0.11574862534280905	9.076479154120888
0.6753246753246754	0.10522602303891739	9.089657356605072
0.6818181818181821	0.09470342073502572	9.108373919123975
0.6883116883116887	0.08418081843113395	9.132165598431571
0.6948051948051952	0.07365821612724222	9.162447463371604
0.7012987012987016	0.06313561382335048	9.21046065429128
0.7077922077922081	0.05261301151945871	9.30525040846485
0.7272727272727275	0.02104520460778348	9.442170184303635
0.7207792207792211	0.031567806911675225	9.499779702949882
0.7142857142857145	0.042090409215566976	9.49977587863471
0.142840833424153	0.97896685895885	9.502247800949965
0.14932980172602828	0.9684469133379098	9.530893713354414
0.15582078778704986	0.9579268836604792	9.458497274133265
0.1623139988145814	0.9474063682646454	9.293789527558452
0.16881161996395866	0.9368845837953077	9.213237272665353
0.17531441820733115	0.9263548572730329	9.169907153575712
0.18181164041905765	0.9158298346636699	9.13401357560305
0.18830879376130794	0.905301081657944	9.109793262005523
0.19480506531039565	0.8947741823571842	9.091638691370784
0.20129969520950403	0.8842512407930585	9.076745345502212
0.20779926410078384	0.8737290966080263	9.065169184770484
0.21429814278932582	0.8632139460588468	9.056291896002032
0.22077901060782815	0.8527032931232572	9.048864928635597
0.22727272727272685	0.8421609654416241	9.042756143710319
0.23376438067196606	0.8316671829941112	9.037836166353896
0.2402262822187623	0.8211903301707862	9.033673288261811
0.24668461087603935	0.81073058337165	9.030160381001663
0.2531542748796857	0.8002396310044576	9.027087995132659
0.25991035291477704	0.7897675400421393	9.024549970237755
0.2666435884471841	0.7792796970844419	9.022315586055088
0.27327405184630577	0.7688255093396661	9.020425701051051
0.27971187846993606	0.7583415314820234	9.01873603153773
0.28607174027548765	0.7477686766747595	9.017288955152393
0.2924903400408973	0.7371476306740169	9.015978054514669
0.29895832270243405	0.7265975308014677	9.014863235606969
0.3055880654965346	0.7161558962734891	9.013886332723049
0.31211368009382057	0.7056152400435407	9.013013182740321
0.31904903469520834	0.6953686949489741	9.0122907025458
0.32532615104053725	0.6851374910818544	9.011636959246472
0.33100126719151984	0.6745311018615017	9.011004056357189
0.3358124325755012	0.6625609981829764	9.010369771190687
0.34636509184421815	0.6427216332059816	9.009531814505907
0.3436355431779729	0.6533279661087363	9.010012933631637
0.35553419066302705	0.6395773617306535	9.009564470589583
0.36121038661013694	0.6318695791829922	9.009330789762133
0.3677261521570552	0.6255309983907148	9.009197736527462
0.3698934378166543	0.615203773066453	9.008854584798863
0.3787533558126334	0.5841804558106743	9.008119534954579
0.37853122353384205	0.5966884732706739	9.0084328841539
0.378243165436591	0.6073416956655443	9.008740079703484
0.38927052620414454	0.5778519633317003	9.00815706645817
0.3998063542938961	0.5582130165919176	9.007975348074936
0.399830931990763	0.5712891922752986	9.008196579841178
0.4102048977203016	0.5388800180079824	9.007904839753225
0.4102045109701543	0.551682083320886	9.00804663075241
0.42072715398044164	0.5197027997032196	9.007935886860155
0.4207262214206548	0.5326573491301839	9.00801083544282
0.43131946585036074	0.5002446258019767	9.008061328995433
0.4313438536453225	0.5135406865417301	9.00806936081584
0.4416116082282442	0.48041558341725743	9.008278996134615
0.44196127888989456	0.4936186316585816	9.00822172847068
0.4517904644804438	0.47400815624297926	9.008460108164511
0.4619254759869993	0.4676986629737971	9.008643134613086
0.47103759875586054	0.46204636297318086	9.008814969379552
0.4750634760713692	0.452561749750428	9.00897758189153
0.4809312488961191	0.4420300661234564	9.009202358216967
0.48717681599425405	0.4314769072717921	9.009466581751722
0.4935726142396848	0.42092634145485147	9.009753830579976
0.5000202968275559	0.410387818301935	9.010072277331517
0.5064957821964462	0.3998598073131262	9.010429414386865
0.5129869413208108	0.3893363664880676	9.010811863927726
0.519480350136636	0.3788136763722379	9.011230133303677
0.5259739511656294	0.3682910773175599	9.011694463188634
0.532467525801715	0.35776847813689144	9.012193732011994
0.5389610389611182	0.34724587602821927	9.012734963364037
0.5454545454545345	0.33672327372438193	9.01332317391527
0.5519480519480406	0.3262006714205428	9.013984738161634
0.5584415584415422	0.3156780691166906	9.014683432133294
0.5649350649350436	0.3051554668128214	9.015458481974692
0.5714285714285499	0.29463286450894893	9.016326999402525
0.577922077922059	0.2841102622050692	9.017260486364746
0.5844155844155723	0.2735876599011848	9.018295838378329
0.5909090909090865	0.2630650575972951	9.019474927306534
0.597402597402599	0.25254245529340197	9.020758575319434
0.6038961038961081	0.24201985298950693	9.022205762541526
0.6103896103896146	0.23149725068561175	9.023860446364163
0.6168831168831197	0.22097464838171768	9.025677400950345
0.6233766233766251	0.21045204607782567	9.027907295341208
0.6298701298701282	0.1999294437739355	9.030246383063398
0.6363636363636338	0.18940684147004516	9.033169988737484
0.64285714285714	0.17888423916615534	9.036424379791839
0.649350649350647	0.16836163686226527	9.04027364110941
0.6558441558441541	0.1578390345583747	9.045081672351293
0.6623376623376614	0.14731643225448365	9.050577204558245
0.6688311688311684	0.1367938299505924	9.05727259299695
0.6753246753246752	0.1262712276467009	9.06606353804515
0.6818181818181818	0.1157486253428092	9.076445389531097
0.6883116883116883	0.10522602303891748	9.089622908020083
0.6948051948051951	0.09470342073502573	9.108339124995807
0.7012987012987016	0.08418081843113397	9.132131036079109
0.7077922077922081	0.07365821612724222	9.162416735217349
0.7402597402597406	0.02104520460778348	9.442148626089896
0.7142857142857145	0.06313561382335048	9.2104497359457
0.7207792207792211	0.05261301151945872	9.305290995931832
0.7337662337662341	0.03156780691167524	9.499677477729847
0.7272727272727275	0.04209040921556698	9.4996582143841
0.15583682802562585	0.9789578841470067	9.49556385798918
0.16232915478749607	0.9684357146465544	9.52050985561519
0.16882216615734313	0.9579144950890232	9.458127408375303
0.17531578254571392	0.947393581536622	9.292184640398416
0.1818111559817007	0.9368710525960083	9.211899556272344
0.18830743241342288	0.9263470160399973	9.169066836904285
0.19480316122891997	0.915822149820719	9.133569961960225
0.20129844785576298	0.9052969431229059	9.109649027580836
0.20779219418190711	0.894774024994458	9.091709028058572
0.2142857524623201	0.8842515076024121	9.076956865162431
0.2207808431383526	0.8737302846811912	9.065472042274367
0.22727503274375038	0.8632111286985271	9.056649514219698
0.23376623376623318	0.8526835677455158	9.049247764395433
0.24025170497347778	0.8421720863694682	9.04317724978666
0.24673225786846295	0.8316719372004903	9.038259747251642
0.2532096730132575	0.8211780362465714	9.034090164797226
0.2596998694262399	0.8106798235623777	9.030559812011218
0.26624991287651245	0.8001724665455745	9.027477864896928
0.2728446746011647	0.7896575162667085	9.0249131924474
0.27941935045050365	0.7791522165031561	9.022661119328264
0.28592015494561684	0.7686430310904304	9.020747420279319
0.29241280777702	0.7581512790524068	9.019049288165492
0.2988732988823866	0.7476154375895495	9.01760137498752
0.3053498650473303	0.7370760646943152	9.016292328950952
0.3118249472083705	0.726553665061717	9.015169608011325
0.3184133934026319	0.7160693555107884	9.014176916335856
0.3249952915840993	0.7056181504221359	9.013303139837928
0.3314369870665108	0.6951684703032186	9.012542410828145
0.33763797225310616	0.6847134151162315	9.01186364240552
0.34349306031030397	0.6739035769629923	9.01121748672024
0.34954126688936993	0.6632453773343383	9.010681366810738
0.35555900882869196	0.651219062890676	9.010132898951708
0.3647729697391514	0.642814490673615	9.009887044208831
0.37181441567356327	0.6334337340721601	9.00958534322312
0.37719306497478067	0.6242550282166274	9.009315743482965
0.38001581287519764	0.6160355788011255	9.009058470034965
0.38627749926822874	0.6119859344817636	9.009021954877944
0.3894537746366989	0.5909398270610653	9.008464607919686
0.3884950492960366	0.603193690104148	9.008785918733041
0.4001441132505362	0.5846547535385944	9.008481571356098
0.4107112669607046	0.576447936320851	9.008465979807996
0.41048410464657964	0.5643419806970029	9.008238720223241
0.4205353404070152	0.5452850630957508	9.008124055467432
0.4205395115192896	0.5578914125916514	9.008286903226841
0.4314935096295567	0.526876872406928	9.008128158734621
0.43114504382157004	0.539248809971364	9.00821345625914
0.44186578956445444	0.5070580747672813	9.008205203838658
0.44207655393478806	0.5204966240180919	9.008240530427303
0.4522996812148507	0.4868869032791077	9.008384045892562
0.4527100745789393	0.4997893321937151	9.008350683179659
0.462657105284262	0.4802924162206812	9.008550927212363
0.47419554789483054	0.4734293495469417	9.008736890421195
0.4814901639935502	0.4627139652523056	9.008927411036781
0.4874253839530619	0.45244990518295514	9.00911570229742
0.4937003579394279	0.44197051286778904	9.009338960895105
0.5000912615433485	0.43144538676452177	9.0095983206787
0.5065245779254378	0.42091328598602135	9.009879426153516
0.5129944266777064	0.41038397740096216	9.010191387939228
0.5194810026204147	0.39985911189896167	9.01054177545396
0.525974073903849	0.38933634731994604	9.010917329043835
0.5324674891579858	0.37881369154226313	9.011328536125719
0.5389610149144615	0.36829107971071884	9.011785662399758
0.5454545435595198	0.3577684782765542	9.012277650639275
0.5519480519480268	0.34724587602822865	9.012811536240333
0.558441558441523	0.3367232737244151	9.013392392244135
0.5649350649350218	0.32620067142056836	9.014046600252298
0.5714285714285281	0.31567806911671376	9.014738008611822
0.5779220779220399	0.30515546681284506	9.015505872638569
0.5844155844155595	0.29463286450896775	9.0163673358539
0.5909090909090807	0.28411026220508034	9.017293950494519
0.597402597402599	0.2735876599011862	9.018322653704432
0.6038961038961114	0.26306505759728843	9.019495335693932
0.610389610389618	0.2525424552933903	9.020772883303861
0.616883116883122	0.24201985298949405	9.022214248020424
0.6233766233766267	0.23149725068560148	9.023863506782378
0.6298701298701267	0.22097464838171263	9.025675576157797
0.6363636363636318	0.21045204607782378	9.027900789935709
0.6428571428571372	0.19992944377393534	9.030235575123285
0.6493506493506451	0.1894068414700468	9.033155286965401
0.6558441558441528	0.17888423916615712	9.036406171868927
0.6623376623376603	0.16836163686226654	9.040252378590113
0.6688311688311677	0.15783903455837553	9.045057734943981
0.6753246753246748	0.14731643225448418	9.050550991257024
0.6818181818181817	0.13679382995059264	9.057244573544304
0.6883116883116883	0.12627122764670098	9.06603404973015
0.6948051948051948	0.11574862534280925	9.07641481183248
0.7012987012987014	0.10522602303891748	9.089591731625136
0.7077922077922081	0.09470342073502573	9.108307649995096
0.7142857142857145	0.08418081843113397	9.132099913314384
0.7207792207792211	0.07365821612724222	9.16238865480297
0.7532467532467537	0.021045204607783488	9.442121937963195
0.7467532467532472	0.03156780691167524	9.499584788354438
0.7272727272727275	0.06313561382335048	9.210441787711723
0.7337662337662341	0.05261301151945874	9.305333344631384
0.7402597402597406	0.042090409215567	9.499548013935064
0.16882876947305517	0.9789554799063233	9.489838386154835
0.17532200673546536	0.9684330939039184	9.511574307111426
0.18181543501489505	0.9579110147812328	9.457813197387011
0.18830911316573665	0.9473888571602155	9.29070412443336
0.19480340147895128	0.9368659170739013	9.210602912143875
0.20129787583623251	0.9263425525428276	9.16816605981475
0.20779190957683036	0.9158194994948518	9.133009419407962
0.21428571428571397	0.9052965792649742	9.109352434851937
0.22077922666899438	0.894774043510866	9.091612032732419
0.22727273177465643	0.8842516746826218	9.077004788528557
0.23376622590102306	0.8737295105329445	9.065618827276284
0.2402597402597397	0.8632061700494074	9.056862947839571
0.24674917788007497	0.852685867483109	9.049515492125705
0.25323412840047715	0.842170742319937	9.043473769667374
0.2597183720407911	0.8316610060163901	9.03857137648584
0.2662072266976497	0.8211475300039606	9.034405898997761
0.27271143885517274	0.8106309411954458	9.030875166049825
0.2792330984616145	0.800107335791694	9.027789158764682
0.28572556007927397	0.7895572564448554	9.025212189215218
0.2922376978879734	0.7790447315813577	9.022954869981318
0.298736645270504	0.7685393103240038	9.021037377942475
0.30523170043707204	0.7580396149294875	9.019332972195615
0.3117326522321082	0.7475331876225924	9.017883713857254
0.3182336779537519	0.7370160977983727	9.01657113069124
0.3247182568499029	0.7264892590526592	9.0154407851481
0.33124011918306384	0.7159839222111887	9.01443700393254
0.33775040501158626	0.7055118284646119	9.013552524639692
0.3441522153232788	0.6950444119770337	9.012783967090897
0.3503799280053203	0.6844940062938489	9.012092981675378
0.35658549494700686	0.6738765629890571	9.011462178507605
0.362734394081744	0.6631977357858078	9.010920006676256
0.36899326119008496	0.6533159418448129	9.010482799810191
0.3767173478506669	0.6429983021262222	9.010103165288548
0.38321118349421873	0.632844162075063	9.009752159938115
0.38847544573971515	0.6213984797906023	9.009394512839307
0.3961580229936036	0.6119602280473979	9.009177889457114
0.40157044381680657	0.5989873804138189	9.00887143313704
0.41166241499487544	0.5886629303243914	9.008754247371577
0.4193600681787968	0.5815801186195365	9.008703786604471
0.4222457705019805	0.5702901277463197	9.008514939137761
0.43039163685061704	0.5513507183299067	9.008338994607136
0.42983252709983505	0.5614212478039071	9.008474373106894
0.4389948313664838	0.546119458375514	9.008394030554973
0.44353206933594	0.5352760637271943	9.008347269896094
0.45273018954380895	0.512898728776189	9.008356867375584
0.45318594433525605	0.5255476920188837	9.008411241425094
0.46295675286789506	0.4932037230720612	9.00849385010931
0.4632914916739004	0.5060068969534287	9.008480712711654
0.4727747092605522	0.4865277022092003	9.00863701070922
0.48220344002547144	0.48204335805968945	9.008770314595324
0.4874337712882808	0.47293966852313585	9.008889416883973
0.493785205997898	0.462856755537192	9.00905848152649
0.5001269342471072	0.45245210978586536	9.009247750767775
0.5065623941543091	0.4419535459137629	9.00946733611331
0.5130209741430082	0.431432562341681	9.009721398225894
0.5194910961841159	0.4209068956997084	9.009996726604264
0.5259741902089758	0.41038155648563507	9.010302471942625
0.5324676308883398	0.3998589433380577	9.010646387961081
0.5389610551011902	0.38933630887178977	9.011015374964854
0.5454545328285915	0.378813687243857	9.01141987980692
0.5519480449590419	0.36829108039362213	9.011870193610326
0.5584415579454709	0.3577684783175676	9.01235531763332
0.5649350649349807	0.347245876028281	9.012882300397235
0.5714285714284871	0.33672327372446076	9.013456266315828
0.5779220779220035	0.3262006714206133	9.014103605101896
0.5844155844155342	0.3156780691167495	9.014788229323612
0.5909090909090692	0.3051554668128666	9.01554942172818
0.5974025974025987	0.2946328645089708	9.016404353775087
0.6038961038961165	0.2841102622050679	9.017324622529182
0.6103896103896238	0.2735876599011639	9.018347200583229
0.616883116883126	0.2630650575972637	9.019513997997558
0.6233766233766298	0.25254245529337044	9.020785952127957
0.6298701298701239	0.24201985298948403	9.022221979177845
0.6363636363636279	0.23149725068559782	9.023866333296818
0.6428571428571324	0.22097464838171216	9.025673941457129
0.6493506493506414	0.21045204607782644	9.027894878275733
0.6558441558441502	0.19992944377393854	9.030225755222562
0.6623376623376588	0.18940684147004896	9.03314193710486
0.6688311688311668	0.1788842391661585	9.036389650740828
0.6753246753246742	0.16836163686226743	9.040233101169223
0.6818181818181813	0.157839034558376	9.04503604691043
0.6883116883116882	0.1473164322544844	9.050527258241667
0.6948051948051948	0.13679382995059272	9.057219224365356
0.7012987012987013	0.126271227646701	9.066007388221673
0.7077922077922079	0.11574862534280922	9.07638717910558
0.7142857142857144	0.10522602303891748	9.089563571002431
0.7207792207792211	0.09470342073502573	9.108279241390816
0.7272727272727275	0.08418081843113397	9.132071997462019
0.7337662337662341	0.07365821612724222	9.16236230841944
0.7662337662337667	0.021045204607783488	9.442088462825817
0.7597402597402603	0.03156780691167524	9.499501941196748
0.7532467532467537	0.042090409215567	9.49944653619233
0.7402597402597406	0.06313561382335048	9.21043728330882
0.7467532467532472	0.052613011519458734	9.30537661551338
0.18181778305480112	0.978954897065075	9.485087283972144
0.18831125429090356	0.9684323499203235	9.50388720829576
0.19480473810180102	0.9579098551472552	9.457490205338305
0.2012982547276683	0.9473873298096883	9.289333289008452
0.20779189186418776	0.9368646591949408	9.209363682856159
0.2142855885284298	0.9263418978719216	9.16726458693516
0.2207792207792204	0.915819181568866	9.13239386891346
0.2272727272727269	0.9052965792649743	9.108962206999676
0.23376623319864087	0.8947740302317785	9.091403868633618
0.2402597384488495	0.8842515446160784	9.07693708064919
0.24675324675324634	0.8737287723532989	9.065652869153235
0.253246753246753	0.8632061700494073	9.056972983041293
0.2597365584468174	0.8526850846118847	9.049680054034853
0.2662239190083863	0.842165733339368	9.043675232891792
0.2727129779354636	0.8316477549811081	9.038796708391514
0.2792078005623102	0.8211216269218445	9.034645743251694
0.2857065682908942	0.8106005087851349	9.031125708141488
0.29220525825167293	0.8000694396273981	9.028045138993049
0.2987015630725024	0.7895485661687187	9.025479251739887
0.3051930708787416	0.7790285519624449	9.023220316494305
0.3116854431580046	0.7685191631489503	9.021300241133249
0.31818468977873166	0.7580141494116127	9.019592163099075
0.32468282327050213	0.7474976828882779	9.018137428437372
0.3311827931051335	0.7369778325048566	9.016820302116002
0.33767574140177214	0.7264541563114487	9.015685740389777
0.344169482724456	0.7159513224709766	9.014676595366945
0.3506351673920242	0.7054568615522561	9.013784623587405
0.3570269324595518	0.6949720962370963	9.01300975399564
0.3633789127040554	0.6844531041073367	9.012319180990474
0.3697236976713789	0.673964689174183	9.011694555140885
0.37600363496393174	0.6635647804817792	9.011165796928836
0.38246456214661784	0.6533074320735791	9.010704398647876
0.38938539972951597	0.6427140835029843	9.010293477807302
0.3956047926517117	0.6323237100703255	9.009926279875145
0.40168798296630237	0.6221397371392451	9.009625610989543
0.4087705093450631	0.6110487053107386	9.009339952154749
0.4160162535440428	0.6004570471586805	9.00912676713365
0.4233637319885595	0.5903109395374906	9.008963948261732
0.42954457622043046	0.5803864258579509	9.008821468861237
0.43547873438751095	0.5699402513893319	9.008691645941289
0.4415240993462486	0.5580780472211399	9.008581768769185
0.44923672550179583	0.547182664431983	9.008541528589133
0.4561895686478889	0.5369954012062859	9.008524635587875
0.4632512831755154	0.5184937527057335	9.00850633673179
0.46217896154250004	0.5291317292771581	9.008544779959617
0.4739870049657124	0.499690226350419	9.008611557029072
0.47407256162893074	0.5119367230472769	9.008616495431381
0.48344694334002625	0.4926028212166052	9.008736144987175
0.4931662279703842	0.4847172526245142	9.008874567938356
0.4998360740425467	0.47342807200386444	9.009016122922683
0.5064441214099757	0.46296147196226967	9.00918562441887
0.5129894278122783	0.4524688557873533	9.009372819401017
0.5194836592574886	0.44194954410992027	9.0095878264994
0.5259784872430888	0.43142735770785123	9.009836528898212
0.5324695060623891	0.4209041548810955	9.01010623282958
0.5389610839219143	0.4103813801381393	9.010406012929778
0.5454545529186727	0.3998588948104115	9.010743767048451
0.5519480531748424	0.3893362918667684	9.011106520577277
0.5584415544444256	0.37881368436871404	9.011504683548447
0.5649350630466391	0.36829108057533433	9.011948571421371
0.5714285713061417	0.35776847832858155	9.01242723845276
0.5779220779219341	0.3472458760283664	9.012947747515712
0.584415584415486	0.3367232737245287	9.013515269791158
0.5909090909090463	0.3262006714206546	9.01415620361942
0.5974025974025968	0.31567806911675583	9.014834518675228
0.6038961038961257	0.30515546681284317	9.015589523256923
0.6103896103896346	0.29463286450892834	9.016438413425407
0.6168831168831337	0.2841102622050204	9.017352825836676
0.6233766233766352	0.2735876599011258	9.018369763583557
0.6298701298701186	0.26306505759724425	9.019531158512022
0.6363636363636204	0.2525424552933629	9.020797980471356
0.6428571428571231	0.2420198529894828	9.022229121489
0.6493506493506348	0.23149725068560245	9.02386904333588
0.6558441558441453	0.220974648381718	9.025672550106252
0.6623376623376557	0.21045204607783033	9.027889594883797
0.668831168831165	0.19992944377394098	9.030216920682678
0.6753246753246733	0.1894068414700504	9.033129899116906
0.6818181818181808	0.17888423916615925	9.036374741459168
0.6883116883116881	0.1683616368622679	9.040215702295429
0.6948051948051948	0.1578390345583762	9.045016472751216
0.7012987012987013	0.14731643225448446	9.050505843681487
0.7077922077922079	0.13679382995059275	9.057196361173114
0.7142857142857144	0.126271227646701	9.065983350947798
0.720779220779221	0.11574862534280923	9.076362271610252
0.7272727272727275	0.10522602303891748	9.089538201711216
0.7337662337662341	0.09470342073502573	9.108253687731276
0.7402597402597406	0.08418081843113397	9.132047033746963
0.7467532467532472	0.07365821612724222	9.162335939021304
0.7792207792207797	0.021045204607783488	9.44204675654435
0.7727272727272733	0.03156780691167524	9.499429374812147
0.7662337662337667	0.042090409215567	9.499355354966944
0.7597402597402603	0.052613011519458734	9.305419826407006
0.7532467532467537	0.06313561382335048	9.21043580288252
0.19480519480519454	0.9789547953922165	9.481178619036603
0.201298701298701	0.9684321930883246	9.49729876840938
0.2077922077922075	0.9579095907844329	9.457162194340397
0.21428571428571397	0.9473869884805413	9.288073122078247
0.22077922077922038	0.9368643861766496	9.208196624921491
0.22727272727272693	0.9263417838727577	9.166381498943442
0.2337662337662334	0.9158191815688661	9.131758676200038
0.24025974025973987	0.9052965792649742	9.108523255471399
0.24675324659107703	0.8947739921812811	9.091126154059447
0.2532467532467529	0.8842513746571906	9.076790150973784
0.25974025974025955	0.873728772353299	9.065606502211265
0.2662332159660733	0.8632064104938011	9.05700283389956
0.27272499499339015	0.8526844182482445	9.049767352070623
0.2792160748483333	0.8421624707145924	9.043804332834986
0.28570820166665406	0.8316403009800629	9.038956225731233
0.29220283704631494	0.821116603032246	9.03482989624627
0.2986985571088418	0.8105926517379191	9.031325690241074
0.3051935284982384	0.8000701151875239	9.028259153125022
0.3116870565317012	0.7895488100059255	9.025700228671804
0.31817857241733655	0.7790304410834735	9.02344592835364
0.3246675997059403	0.7685138771951036	9.02152625240302
0.3311581828012349	0.757996221767339	9.019816370147412
0.3376530044305727	0.7474706234352028	9.018359497252531
0.34415180998286093	0.7369522042310496	9.017041096769974
0.3506443309001428	0.7264383383141997	9.015905319010074
0.35712609383769633	0.7159362065288349	9.014893342862822
0.3635856577602304	0.7054409765737719	9.013998118832626
0.37002131322553006	0.6949504961402667	9.013220425043066
0.3765057298114987	0.6844892287688444	9.012532689207218
0.3828743335671028	0.6740227279872818	9.01190623452461
0.38923130351716656	0.6635803368687854	9.011371838019748
0.39575863568580666	0.6531224548812099	9.010897315956244
0.402252874366592	0.6426444098637348	9.01048285883198
0.4086158696139263	0.6322013880503238	9.010112867197842
0.4150668843422922	0.6215921672667144	9.009799039097905
0.4220593258120853	0.6109997687071868	9.009526842704288
0.42899499809428465	0.6005585826743632	9.00930868007252
0.43564889466388906	0.5902359123682993	9.00912844069017
0.4419560964398153	0.5797826904176802	9.008973340925309
0.44818452381995044	0.5689434143538237	9.008839580294813
0.4547298188297757	0.5580900867096564	9.008750979038602
0.4616880640010537	0.5475093609197355	9.008700967455312
0.4682149362277512	0.5373160179702242	9.008673830560165
0.47426793785908206	0.5256854621559	9.00866732155661
0.48333236899373866	0.5172361328198326	9.008737154109937
0.48606669237694516	0.5052077469284149	9.008744144888091
0.4927465911276401	0.4956980515308017	9.008829476803879
0.50059615809931	0.4925799374426608	9.008921455240936
0.5059006178694136	0.48372885959484135	9.009010687290713
0.5124134861213423	0.47350696565269657	9.009140120606814
0.5193039551252924	0.46302511674435876	9.009307135548063
0.5258575666986404	0.452491608648571	9.009489922128727
0.5324675324850517	0.4419492967539316	9.009700975393129
0.5389617905790295	0.4314245612365338	9.009944247507184
0.5454547644510814	0.42090273159966535	9.010208423835508
0.5519480480743147	0.41038115595514557	9.01050249954975
0.5584415601605737	0.39985889066514474	9.01083440585083
0.5649350644048378	0.3893362871607391	9.011191258504587
0.5714285701676017	0.37881368333873805	9.0115834355013
0.5779220774391157	0.3682910806213467	9.012021275744624
0.584415584386585	0.35776847833141273	9.012493881317402
0.5909090909090012	0.347245876028445	9.01300833013665
0.5974025974025922	0.33672327372454114	9.01356983590223
0.6038961038961422	0.3262006714206102	9.014204805718634
0.6103896103896546	0.31567806911667445	9.014877260103647
0.6168831168831479	0.30515546681275196	9.015626530988284
0.6233766233766455	0.29463286450885523	9.016469836137361
0.6298701298701083	0.28411026220498276	9.01737884674857
0.6363636363636064	0.27358765990111106	9.018390592953411
0.642857142857106	0.26306505759724164	9.019547029878654
0.6493506493506223	0.2525424552933715	9.020809138685308
0.6558441558441367	0.24201985298949358	9.022235819571153
0.6623376623376503	0.23149725068560964	9.023871729263277
0.668831168831162	0.2209746483817224	9.025671455292759
0.6753246753246719	0.21045204607783277	9.02788495984396
0.68181818181818	0.19992944377394214	9.030209058855215
0.6883116883116877	0.18940684147005094	9.033119128167604
0.6948051948051946	0.17888423916615956	9.036361368292832
0.7012987012987013	0.1683616368622679	9.040200078211768
0.7077922077922079	0.15783903455837617	9.044998883205153
0.7142857142857144	0.14731643225448446	9.05048659553171
0.720779220779221	0.13679382995059275	9.057175813672005
0.7272727272727275	0.126271227646701	9.065961753254193
0.7337662337662341	0.11574862534280926	9.076339895474417
0.7402597402597406	0.10522602303891748	9.089515448493712
0.7467532467532472	0.09470342073502573	9.108230909023918
0.7532467532467537	0.08418081843113397	9.132024926238268
0.7597402597402602	0.07365821612724222	9.162310930023393
0.7922077922077927	0.021045204607783488	9.442003607443992
0.7857142857142861	0.03156780691167524	9.499368218536175
0.7792207792207797	0.042090409215567004	9.49927599636696
0.7727272727272733	0.05261301151945874	9.30546089166608
0.7662337662337667	0.06313561382335048	9.210434626134484
0.2077922077922075	0.9789547953922164	9.477954029835969
0.21428571428571397	0.9684321930883247	9.491666977284476
0.2207792207792204	0.9579095907844329	9.456836112255912
0.22727272727272685	0.9473869884805413	9.286922783923307
0.2337662337662334	0.9368643861766495	9.20711309218341
0.24025974025973987	0.9263417838727577	9.165533928940972
0.2467532467532464	0.915819181568866	9.13112772815751
0.2532467532467529	0.9052965792649742	9.108064365149273
0.25974025974025944	0.8947739769610822	9.090809579127411
0.266233766233766	0.8842513746571908	9.076591440149612
0.27272725324058505	0.8737287845035411	9.065502629587074
0.27922062685638155	0.8632062410942228	9.056973413932939
0.2857137726168573	0.8526837439172626	9.049796005761657
0.2922067803321338	0.8421611599850194	9.043877487155536
0.29869998907034273	0.831638376030052	9.03906373382682
0.3051936212069561	0.8211155490519638	9.034964309136292
0.3116875689441915	0.8105929205280296	9.031480453754638
0.318181455295807	0.8000704083405975	9.028428587499803
0.3246744950463423	0.7895485520427806	9.025880048010878
0.3311661795429064	0.7790281463755399	9.023632801553218
0.3376575622204226	0.7685081122009573	9.021717462823567
0.3441506885264373	0.7579863685944801	9.020010197343252
0.35064567474162217	0.7474631701902297	9.018555323877338
0.3571387070455942	0.7369419618723287	9.017237100259885
0.36362505514758503	0.7264277332760797	9.016100905122052
0.37010343034296267	0.715922686214387	9.015087667673766
0.3765724340204802	0.7054255046431107	9.014191126229042
0.38303666348705107	0.6949375485633112	9.013412284682355
0.38948279631170496	0.684455765250017	9.012720416788902
0.3959099354842887	0.6739776594717476	9.01209195847448
0.40236447468430603	0.6634994151804362	9.011554668250886
0.40884247507384935	0.6530127125994911	9.011075966186617
0.415300701970202	0.6425193839523415	9.010658192762277
0.42177958767542645	0.631994688134811	9.01028447844017
0.42839890841698997	0.6214401790289835	9.009972780520235
0.43512110556756306	0.6109171286066292	9.009696381294262
0.4417715363760863	0.6004422592489874	9.00947092288957
0.4482674248449114	0.5899399012612779	9.009281899689197
0.45461242470219937	0.579250237275397	9.009120321061532
0.46104399124257067	0.5685787428996962	9.008991228459733
0.46767126324935765	0.5580390225468986	9.008905683826837
0.47426242025293175	0.547565940851391	9.008848804923518
0.48068192461087134	0.5369095183672844	9.008813745897092
0.48770797933850313	0.5267017649883811	9.008823043081096
0.49420121721582955	0.5159167328180669	9.008851282069097
0.5004580387837193	0.5036227064345147	9.008896687302489
0.510687604548109	0.4951997480390068	9.009014626869467
0.5178987108682075	0.48423105173357234	9.009124053068662
0.5249973131998772	0.4736301701547969	9.009256265056784
0.5320700571635228	0.46306640653004993	9.009420380038138
0.5388307683482081	0.45249043196581257	9.009600653545322
0.5454519584505442	0.4419419820368351	9.009806821305704
0.5519473201822693	0.4314220495336807	9.010044815803141
0.5584410464722087	0.42090181772570573	9.01030372804523
0.56493502638873	0.4103809901507689	9.010592394269738
0.5714285715853596	0.3998588886014693	9.01091877137351
0.5779220775357482	0.3893362857809893	9.011270052433888
0.5844155840350782	0.3788136830405098	9.011656592608622
0.5909090907907073	0.36829108063262256	9.012088753166559
0.5974025973960252	0.35776847833204917	9.012555679354358
0.6038961038961871	0.3472458760283348	9.013064464435287
0.6103896103897021	0.3367232737243672	9.013620360744971
0.6168831168831778	0.3262006714204298	9.014249784024583
0.6233766233766654	0.31567806911653395	9.014916800115728
0.629870129870089	0.3051554668126793	9.015660762715706
0.6363636363635797	0.2946328645088262	9.016498908721553
0.6428571428570735	0.28411026220497737	9.017402938999963
0.649350649350599	0.27358765990112704	9.018409909204431
0.6558441558441206	0.26306505759726173	9.019561796465299
0.6623376623376406	0.25254245529338465	9.020819573657372
0.6688311688311567	0.24201985298950154	9.022242198405868
0.675324675324669	0.23149725068561391	9.023874457005485
0.6818181818181787	0.2209746483817243	9.025670705526283
0.6883116883116869	0.21045204607783355	9.027880983829617
0.6948051948051942	0.19992944377394242	9.030202149995032
0.701298701298701	0.18940684147005105	9.03310957622643
0.7077922077922079	0.17888423916615956	9.03634945585115
0.7142857142857144	0.1683616368622679	9.040186128795684
0.720779220779221	0.1578390345583762	9.044983155789973
0.7272727272727275	0.1473164322544845	9.050469371621832
0.7337662337662341	0.13679382995059275	9.057157424548487
0.7402597402597406	0.12627122764670104	9.065942425164755
0.7467532467532472	0.11574862534280926	9.076319875265504
0.7532467532467537	0.10522602303891748	9.089495173210592
0.7597402597402603	0.09470342073502573	9.10821072366746
0.7662337662337667	0.08418081843113397	9.132005454077571
0.7727272727272732	0.07365821612724222	9.162291212758355
0.8051948051948057	0.021045204607783495	9.441962898131306
0.7987012987012991	0.031567806911675246	9.49930582011784
0.7922077922077927	0.042090409215567	9.499208607222146
0.7857142857142861	0.05261301151945874	9.305497581190721
0.7792207792207797	0.06313561382335048	9.210433542238393
0.2207792207792204	0.9789547953922165	9.475270959129135
0.2272727272727269	0.9684321930883246	9.486857361671516
0.23376623376623337	0.9579095907844329	9.456517150970638
0.24025974025973995	0.9473869884805413	9.285878689946033
0.2467532467532464	0.9368643861766495	9.206116702095416
0.2532467532467529	0.9263417838727577	9.16473426044851
0.2597402597402594	0.9158191815688659	9.130514443224797
0.266233766233766	0.9052965792649741	9.10760336162186
0.27272727272727254	0.8947739769610825	9.090475051224166
0.27922077922077915	0.8842513746571911	9.076361254705553
0.28571428571428575	0.8737287723532994	9.065359531007319
0.2922077922077923	0.8632061700494078	9.056901363264862
0.2987012987012988	0.8526835677455165	9.049781080523125
0.305194805194805	0.8421609654416251	9.043907415653775
0.3116883116883109	0.8316383631377336	9.039129244527322
0.3181818181818165	0.8211157608338421	9.0350580106432
0.324675253872003	0.8105931144197368	9.031596043973478
0.33116877026900887	0.8000705465965666	9.02856111882764
0.33766197523270375	0.7895482433164958	9.026025330750135
0.34415467687830015	0.7790264122608308	9.023787601137302
0.35064756299759064	0.7685044796949461	9.021879139991535
0.35714135189431434	0.7579816520929511	9.020177012438324
0.3636355265242394	0.7474583985174194	9.0187257148729
0.3701273664793572	0.7369371738911782	9.017409921198729
0.3766137749533324	0.7264213524019772	9.016274880372668
0.38309513023973124	0.7159121911813501	9.015261893666286
0.389573530038328	0.7054083140332624	9.014364880614027
0.39604566230854665	0.6949082334266484	9.013584741943061
0.40250843517126733	0.6844114065834966	9.012891178344544
0.4089703764463581	0.6739168861372183	9.012261237613822
0.41543868915824667	0.6634202739215768	9.011721932677544
0.42191012043714865	0.6529139043510885	9.011240944914976
0.4283902807852627	0.6423933824219957	9.010820700476616
0.43491116354785997	0.6318576968256527	9.010445730884856
0.44148530359432675	0.6213223648247871	9.010132093027979
0.44806333820308414	0.6107965027033899	9.009851990057905
0.4545742555058244	0.6002498102774985	9.009620926764514
0.46105907844812577	0.5896982464820397	9.009428708926515
0.46751842545003774	0.5790964817981857	9.009268532274838
0.47401627182359357	0.5685519230873197	9.009140155740594
0.48056056586640206	0.5580249634593898	9.009050706238126
0.4871080155151728	0.5475221975776737	9.00898999587555
0.493570439910431	0.5370467733850437	9.00895383663554
0.5004206668259712	0.5265175503115258	9.008955381420014
0.5070689564933006	0.5158528521229201	9.008982529055539
0.5143580370321816	0.5055625958607927	9.009034983404065
0.5229100951791654	0.4950328000935269	9.009130842951166
0.5304657500509958	0.4842829183469363	9.00923826681125
0.5377763780080586	0.4736567238320932	9.009367731511366
0.5448695976792929	0.4630639926632632	9.009527239219578
0.5517221475635322	0.45248977279673586	9.009703570999967
0.5584363129179817	0.44193701719335876	9.009905679115379
0.5649323958806831	0.431420940183081	9.010138656376496
0.571427767039538	0.4209018716403345	9.010392578463595
0.5779220145197269	0.41038103290303857	9.010676140575178
0.5844155843485574	0.39985888788410584	9.010997305877
0.5909090907445437	0.38933628538285014	9.011343338646505
0.5974025972939044	0.37881368296340434	9.011724582223302
0.6038961038682397	0.3682910806350428	9.012151418865
0.610389610388345	0.35776847833182795	9.012613032938875
0.6168831168832539	0.3472458760279327	9.013116532969768
0.6233766233767007	0.3367232737240709	9.013667206413515
0.629870129870113	0.3262006714201955	9.014291477316831
0.6363636363635302	0.3156780691164774	9.014953451982295
0.6428571428570123	0.3051554668126685	9.015692504125994
0.6493506493505555	0.29463286450885623	9.01652588734448
0.6558441558440905	0.2841102622050152	9.017425327784984
0.6623376623376224	0.27358765990115147	9.018427906676989
0.6688311688311468	0.2630650575972762	9.019575617517647
0.675324675324664	0.2525424552933923	9.020829414353754
0.6818181818181763	0.2420198529895047	9.022248357418748
0.6883116883116857	0.23149725068561522	9.023877279813902
0.6948051948051934	0.2209746483817248	9.025670336943646
0.7012987012987008	0.21045204607783385	9.027877671100113
0.7077922077922074	0.19992944377394253	9.030196169930962
0.7142857142857141	0.18940684147005116	9.033101193583597
0.7207792207792207	0.17888423916615961	9.036338929956257
0.7272727272727275	0.16836163686226793	9.040173758049859
0.7337662337662341	0.15783903455837622	9.044969174814801
0.7402597402597406	0.14731643225448451	9.050454038815579
0.7467532467532472	0.13679382995059278	9.05714104648837
0.7532467532467537	0.126271227646701	9.065925202869215
0.7597402597402603	0.11574862534280925	9.076302043127063
0.7662337662337667	0.10522602303891748	9.089477152364042
0.7727272727272733	0.09470342073502573	9.108192664956418
0.7792207792207797	0.08418081843113398	9.131987687143969
0.7857142857142861	0.07365821612724222	9.162274745419149
0.8181818181818185	0.021045204607783502	9.44192216885171
0.811688311688312	0.03156780691167525	9.49925008760193
0.8051948051948057	0.042090409215567004	9.499152580686856
0.7987012987012991	0.05261301151945874	9.305530495497527
0.7922077922077927	0.06313561382335048	9.210433856197044
0.2337662337662334	0.9789547953922164	9.473010677702405
0.2402597402597399	0.9684321930883246	9.482747414548951
0.24675324675324636	0.9579095907844329	9.456208875206693
0.25324675324675283	0.9473869884805413	9.284935867172436
0.25974025974025944	0.9368643861766496	9.205206450439759
0.266233766233766	0.9263417838727577	9.16398833263188
0.2727272727272725	0.915819181568866	9.129928095316911
0.2792207792207791	0.9052965792649744	9.10715056346721
0.2857142857142856	0.8947739769610829	9.090135526573063
0.2922077922077921	0.8842513746571913	9.076114967638127
0.2987012987012985	0.8737287723532997	9.065191385808104
0.30519480519480485	0.8632061700494079	9.056799323112399
0.31168831168831107	0.8526835677455163	9.049733862530632
0.31818181818181723	0.8421609654416247	9.043904159508527
0.3246753246753234	0.8316383631377328	9.039161391865827
0.3311688311688295	0.8211157608338407	9.035118806245078
0.33766233766233594	0.8105931585299487	9.031679829643316
0.34415582473971984	0.8000705683963477	9.028663216133602
0.35064923769032347	0.7895480357684463	9.026141785452127
0.35714257917431236	0.779025577382186	9.023915329430366
0.3636359899988906	0.7685030801331422	9.022015577506068
0.3701295787646031	0.7579804205344222	9.020320300607388
0.37662322711921004	0.7474576856269993	9.01887415100884
0.3831154732460264	0.7369359937823884	9.01756210713863
0.3896044075835566	0.7264173255095785	9.016429427842398
0.3960907444750141	0.7159023625344098	9.015417732954313
0.40257653622954964	0.7053894601541758	9.014521163794127
0.4090592017813694	0.6948784091490822	9.013740911517488
0.4155357190945281	0.6843710009497391	9.013046901505277
0.4220098320679664	0.6738656590910956	9.012416351885124
0.428485013567201	0.6633575135831073	9.011876042989202
0.43496599674116987	0.6528374621994119	9.011393822226538
0.44146027302344876	0.6423050771129565	9.010972237601836
0.44797321517825	0.6317703338699894	9.01059611250225
0.45449728790477195	0.621238812705868	9.01028053773972
0.46100429588672237	0.610695578592429	9.009997611453173
0.46750786860028226	0.6001650685586127	9.009765235939605
0.4740100408679343	0.5896296121759319	9.009571723607207
0.48050905606400285	0.5790902488076168	9.00941103351825
0.4870137142784836	0.5685587629947295	9.009280433387337
0.49353681655775433	0.5580450997159961	9.009188149299794
0.5000445763520414	0.5475428602027711	9.009123976323961
0.5066480952801414	0.5370335922894022	9.00908596416938
0.5135147055317227	0.5264736065795377	9.009084392060574
0.5205790683541138	0.5159575944988372	9.009111926120982
0.5280719332664937	0.505458490334884	9.009162049709358
0.5358083645754091	0.4948691574830972	9.009245882541963
0.543323777898466	0.4842490246526316	9.009348154555388
0.5506809506409246	0.4736385435328099	9.009473454807583
0.5579300280947913	0.46303698332481374	9.009629451048939
0.5647184723360376	0.45247674459893533	9.009800711150978
0.5713944999226521	0.4419405285550907	9.00999770114217
0.5779175104837653	0.43142189192989533	9.010226188867977
0.5844154175752626	0.4209032734769315	9.010475400142097
0.5909090525131084	0.4103812773201107	9.010754163849624
0.5974025973503448	0.39985888764405636	9.01107042669655
0.6038961038405068	0.38933628527289493	9.011411526827693
0.6103896103604306	0.37881368294419465	9.011787803251183
0.6168831168769455	0.36829108063481986	9.01220965840258
0.6233766233764185	0.35776847833113784	9.012666311901098
0.6298701298701097	0.34724587602740764	9.013164887283942
0.6363636363633652	0.3367232737237154	9.01371070392297
0.6428571428569193	0.32620067142022297	9.014330193698541
0.6493506493504736	0.3156780691165339	9.014987499103741
0.6558441558440345	0.30515546681273975	9.015722012246895
0.6623376623375885	0.2946328645089017	9.016551001041206
0.6688311688311286	0.2841102622050417	9.017446213319642
0.6753246753246546	0.27358765990116524	9.018444756526613
0.6818181818181714	0.26306505759728166	9.019588631698314
0.6883116883116832	0.25254245529339464	9.020838774339678
0.6948051948051921	0.24201985298950568	9.02225437709856
0.7012987012986996	0.2314972506856157	9.023880240846275
0.7077922077922066	0.2209746483817252	9.025670375920157
0.7142857142857137	0.2104520460778342	9.027875021580803
0.7207792207792205	0.19992944377394287	9.030191092033851
0.7272727272727272	0.18940684147005138	9.03309393021844
0.7337662337662338	0.17888423916615975	9.0363297184047
0.7402597402597406	0.16836163686226802	9.040162874323542
0.7467532467532472	0.15783903455837625	9.04495683109014
0.7532467532467537	0.14731643225448451	9.050440471953424
0.7597402597402603	0.13679382995059278	9.057126538636071
0.7662337662337667	0.12627122764670098	9.065909930710307
0.7727272727272733	0.11574862534280922	9.076286222963176
0.7792207792207797	0.10522602303891748	9.08946111602947
0.7857142857142861	0.09470342073502573	9.108176533606114
0.7922077922077927	0.08418081843113397	9.131971388154447
0.8311688311688314	0.0210452046077835	9.44188358617245
0.7987012987012991	0.07365821612724222	9.162261566036236
0.824675324675325	0.03156780691167527	9.49919797625675
0.8181818181818187	0.042090409215567004	9.499105234622375
0.811688311688312	0.05261301151945874	9.30555938251483
0.8051948051948057	0.06313561382335048	9.210434970087688
0.2467532467532464	0.9789547953922165	9.471082917345585
0.25324675324675283	0.9684321930883247	9.479230467468708
0.2597402597402594	0.9579095907844329	9.455912319848553
0.26623376623376593	0.9473869884805413	9.284086281292957
0.2727272727272725	0.9368643861766497	9.204378134819178
0.27922077922077904	0.9263417838727578	9.163297598479632
0.2857142857142854	0.9158191815688661	9.129374334139989
0.2922077922077921	0.9052965792649745	9.10671240702593
0.2987012987012984	0.8947739769610833	9.089799167653682
0.3051948051948048	0.8842513746571915	9.075862491382962
0.3116883116883111	0.8737287723532998	9.065009207542317
0.3181818181818174	0.8632061700494078	9.056677228279247
0.3246753246753237	0.8526835677455159	9.049663234886053
0.33116883116883	0.8421609654416241	9.043875912626659
0.3376623376623365	0.8316383631377319	9.039167795214967
0.3441558441558434	0.8211157608338401	9.035153684778997
0.35064935064935066	0.8105931585299483	9.031737991939716
0.3571428571428588	0.8000705562260566	9.028740371472047
0.3636363636363676	0.7895479539221663	9.026234257164647
0.37012987012987625	0.7790253516182765	9.024020202517798
0.3766233766233852	0.7685027493143893	9.022130339969136
0.38311688311688963	0.7579801470105015	9.020443005239331
0.38961038961038935	0.7474575447066178	9.019003063475678
0.3961032534736085	0.7369354069112629	9.017695846231492
0.4025946588495673	0.7264145335675778	9.016566615707012
0.4090850521489273	0.7158949979666515	9.01555728739968
0.4155760122975636	0.7053756233265283	9.014662240914847
0.4220646830960368	0.6948582505963761	9.013882977906524
0.42854772815298586	0.6843451806725338	9.013189499435569
0.43502841902171346	0.6738331105276902	9.012559116563054
0.4415120875807472	0.6633164017030878	9.012018486222216
0.44800249715795193	0.6527909743252712	9.011535891937207
0.4545008175868288	0.6422580874508962	9.011113710149617
0.46100149436017973	0.6317273197851143	9.010736848506651
0.4675007324593013	0.6212007594036155	9.010419987809135
0.4739988264491619	0.610673886570309	9.01013619483565
0.48050132613100066	0.6001486081526874	9.009902306142003
0.4870020544678535	0.5896196809098678	9.009707054465006
0.49350127228918644	0.5790903998732405	9.009544428051385
0.4999965628853533	0.5685676038696299	9.009411663340572
0.5064974644490727	0.5580542101917823	9.009316575495982
0.5130524439767825	0.5475395838483643	9.009249944467475
0.519747194549661	0.5370076919510903	9.009209988615623
0.5266524208695798	0.5264676326937082	9.00920563800412
0.5338083569314048	0.5159303894011801	9.009229988027508
0.541252063276778	0.5053821859353195	9.009276189300577
0.5488065381926935	0.4947998169159989	9.009354075483001
0.5562951408586215	0.4842084243398466	9.009451917962382
0.5637772760538838	0.4736095857415761	9.009573824678851
0.5710561812408708	0.4629999997872673	9.00972550628362
0.5777412088359671	0.4524589971437845	9.009891659757436
0.5843560867981549	0.4419357790880507	9.010083748698362
0.5909011520467911	0.43142183996361677	9.010307863663627
0.5973984452854059	0.4209027187856393	9.010552636688255
0.603896103891532	0.4103814898544032	9.010826869264179
0.6103896103678902	0.399858887568821	9.011138527855893
0.6168831168655864	0.3893362852480465	9.011475000758267
0.6233766233689849	0.37881368293860357	9.01184662776438
0.6298701298684103	0.3682910806339361	9.012263829522475
0.6363636363632481	0.35776847833034453	9.012715857708868
0.6428571428565089	0.3472458760273339	9.013209850379114
0.6493506493502417	0.3367232737239551	9.01375115593328
0.6558441558439155	0.32620067142036796	9.014366213509875
0.6623376623375256	0.3156780691166192	9.0150191980567
0.6688311688310948	0.30515546681278877	9.015749518551992
0.675324675324637	0.2946328645089267	9.016574454885523
0.6818181818181622	0.28411026220505137	9.017465773869338
0.6883116883116779	0.27358765990116923	9.018460609945484
0.6948051948051884	0.2630650575972837	9.01960096039488
0.7012987012986972	0.2525424552933958	9.020847753537716
0.7077922077922054	0.24201985298950657	9.022260327473846
0.714285714285713	0.23149725068561655	9.023883368152127
0.7207792207792201	0.22097464838172579	9.025670839061604
0.7272727272727271	0.2104520460778346	9.027873029902317
0.7337662337662337	0.1999294437739431	9.03018688751247
0.7402597402597405	0.1894068414700515	9.033087736592508
0.7467532467532472	0.17888423916615978	9.036321751483094
0.7532467532467537	0.168361636862268	9.040153390369055
0.7597402597402602	0.1578390345583761	9.044946021837712
0.7662337662337666	0.1473164322544845	9.050428553055617
0.7727272727272733	0.13679382995059272	9.057113769257581
0.7792207792207797	0.12627122764670096	9.065896464370647
0.7857142857142861	0.11574862534280923	9.076272242958721
0.7922077922077927	0.10522602303891748	9.089446924008085
0.8441558441558445	0.02104520460778349	9.44184779800122
0.7987012987012991	0.09470342073502573	9.108162317252068
0.8051948051948057	0.08418081843113397	9.131956500625327
0.837662337662338	0.031567806911675246	9.49915032418661
0.8116883116883121	0.07365821612724222	9.162251746756107
0.8311688311688316	0.042090409215567004	9.499064156476102
0.824675324675325	0.05261301151945874	9.305584181864264
0.8181818181818187	0.06313561382335048	9.210436584349829
0.2597402597402594	0.9789547953922165	9.469422392872607
0.26623376623376593	0.9684321930883247	9.476214185331267
0.2727272727272725	0.9579095907844332	9.455627027599332
0.27922077922077904	0.9473869884805416	9.283320761684463
0.2857142857142855	0.9368643861766497	9.20362582578798
0.2922077922077919	0.9263417838727579	9.162661076046087
0.29870129870129836	0.9158191815688661	9.12885550632736
0.30519480519480463	0.9052965792649746	9.106294171065363
0.3116883116883111	0.8947739769610831	9.089470657113765
0.31818181818181746	0.8842513746571914	9.075610314571264
0.32467532467532384	0.8737287723532995	9.064820701445354
0.3311688311688303	0.8632061700494077	9.056543052164443
0.3376623376623367	0.8526835677455157	9.049576371730717
0.34415584415584344	0.8421609654416237	9.043829215392746
0.3506493506493505	0.8316383631377319	9.039154571602696
0.3571428571428579	0.8211157608338403	9.03516828836245
0.3636363636363656	0.8105931585299492	9.031775667852777
0.37012987012987336	0.8000705562260585	9.02879719627535
0.3766233766233811	0.7895479539221693	9.026306848721449
0.38311688311688646	0.7790253516182797	9.024105820405191
0.3896103896103899	0.7685027493143912	9.02222657218074
0.39610389610389213	0.7579801470105002	9.02054792378606
0.40259738317911525	0.7474575568659642	9.019114969334096
0.40909069837043016	0.7369350983226616	9.017813372496946
0.41558358019507824	0.7264130044259473	9.016688464946391
0.4220761426894144	0.715891223856652	9.01568244369289
0.42856921825763766	0.7053690821045396	9.014789878692417
0.4350599911382275	0.6948491340084105	9.014012446285664
0.4415474567021902	0.6843322495652107	9.01332015682619
0.4480346555640227	0.6738152558166141	9.012690507214375
0.4545252101276059	0.663293846105438	9.012150179133554
0.4610199283988481	0.6527678555771795	9.011667744900409
0.46751736496866353	0.6422399583798394	9.011245522233862
0.47401249334728585	0.6317143894706359	9.010868299718856
0.4805046412185925	0.6211922836578255	9.010550598237769
0.4870000515617319	0.6106696431570663	9.010265823818154
0.49349865202599097	0.6001445973783934	9.010030469669644
0.4999958193205485	0.5896188027441581	9.00983360442161
0.5064901188117293	0.5790939992091506	9.009669137613797
0.5129811232402088	0.5685736500479764	9.009534368890677
0.5194701347387682	0.5580557309693801	9.009436776104975
0.5260332548474194	0.5475320114579265	9.00936762651254
0.5327116287453736	0.5369942916237799	9.009324961046262
0.5396114139925372	0.5264402057832238	9.00931744981593
0.5469441231016774	0.5158895872189412	9.009339684746267
0.5543317222706003	0.5053288242694999	9.009382190101656
0.5618127283210389	0.4947577366453553	9.009455310806374
0.5692883113910712	0.484177630906327	9.009549094847339
0.5767080564075793	0.4735856641795681	9.009666419306301
0.5839988583805784	0.4629829795867837	9.009813806058956
0.5907625843449417	0.45244625523110915	9.009976502371503
0.597341227213101	0.44193563278928666	9.010164122365152
0.6038800156481553	0.4314228324604755	9.010384016263922
0.6103854179404679	0.42090368693233793	9.010624649275863
0.6168818484950079	0.4103813856914785	9.010894637624043
0.6233766233741308	0.39985888754372095	9.011201978876542
0.6298701298638619	0.3893362852408788	9.011534120015279
0.6363636363604328	0.3788136829368935	9.011901402331203
0.6428571428555908	0.36829108063373805	9.012314263970302
0.6493506493498351	0.35776847833096426	9.012761985539377
0.6558441558436318	0.3472458760277433	9.013251719039635
0.6623376623373747	0.3367232737242018	9.013788839271273
0.6688311688310248	0.32620067142048176	9.014399791991146
0.6753246753246042	0.3156780691166646	9.015048781349536
0.6818181818181448	0.3051554668128057	9.015775231757393
0.6883116883116677	0.2946328645089339	9.016596432739844
0.6948051948051811	0.2841102622050555	9.017484168556562
0.7012987012986915	0.27358765990117223	9.018475600691774
0.707792207792201	0.2630650575972864	9.0196127094978
0.7142857142857105	0.25254245529339786	9.020856441878705
0.7207792207792189	0.24201985298950804	9.022266264660395
0.7272727272727263	0.2314972506856174	9.023886696011738
0.7337662337662335	0.22097464838172629	9.02567173633645
0.7402597402597405	0.2104520460778349	9.027871686023802
0.7467532467532468	0.19992944377394314	9.030183525808765
0.7532467532467536	0.1894068414700515	9.033082564250812
0.7597402597402603	0.1788842391661597	9.03631496239256
0.7662337662337667	0.16836163686226793	9.040145223448908
0.772727272727273	0.1578390345583762	9.044936650658748
0.7792207792207797	0.1473164322544845	9.050418172914897
0.7857142857142861	0.13679382995059275	9.057102619317464
0.7922077922077927	0.126271227646701	9.065884673220237
0.7987012987012991	0.11574862534280925	9.076259983905283
0.8051948051948057	0.10522602303891748	9.089434523312777
0.8571428571428575	0.02104520460778349	9.44181462015972
0.850649350649351	0.031567806911675246	9.499106684826613
0.811688311688312	0.09470342073502573	9.108149864222284
0.8181818181818186	0.08418081843113397	9.131943484780436
0.8441558441558445	0.042090409215567	9.499027822929051
0.824675324675325	0.07365821612724223	9.162244584292095
0.837662337662338	0.05261301151945874	9.305605061577156
0.8311688311688316	0.06313561382335048	9.210438824218441
0.2727272727272724	0.9789547953922165	9.467979274826634
0.27922077922077887	0.9684321930883248	9.473619465408737
0.2857142857142854	0.9579095907844333	9.455352096645855
0.2922077922077919	0.9473869884805416	9.282630106084163
0.2987012987012984	0.9368643861766497	9.202943047905945
0.3051948051948048	0.926341783872758	9.162076359426125
0.31168831168831107	0.9158191815688662	9.128372197594897
0.31818181818181746	0.9052965792649745	9.105898492580396
0.3246753246753239	0.8947739769610826	9.08915414668226
0.33116883116883034	0.8842513746571906	9.075362369245605
0.3376623376623368	0.873728772353299	9.064630932976263
0.3441558441558435	0.8632061700494074	9.056402846757544
0.3506493506493504	0.8526835677455155	9.049479091529975
0.35714285714285726	0.8421609654416238	9.043769313991326
0.3636363636363645	0.8316383631377327	9.03912658027965
0.37012987012987164	0.8211157608338414	9.035167195366713
0.37662337662337886	0.810593158529951	9.03179709584274
0.38311688311688474	0.8000705562260603	9.028837546123997
0.38961038961038963	0.7895479539221704	9.026363026708298
0.3961038961038938	0.7790253516182789	9.024175281860932
0.4025974025973969	0.7685027493143867	9.022307040742048
0.40909090909090023	0.757980147010493	9.020637548550981
0.41558441558440506	0.7474575447065978	9.019212106379188
0.42207790537268247	0.7369349569724791	9.01791669975942
0.42857133112424656	0.7264124250891738	9.016796752455408
0.4350646946952343	0.7158899474378227	9.015794721237874
0.44155819898009807	0.7053673391077548	9.01490532754953
0.44804998408183905	0.694846317894426	9.014130299407483
0.45454087340616184	0.6843262306493666	9.013439674943415
0.4610328814836861	0.6738052747328581	9.012811197401632
0.46752663736802286	0.6632823599866672	9.012271676917495
0.474021607461614	0.6527577984650649	9.011789797439873
0.4805163448034593	0.6422336481390689	9.011367769500735
0.4870094544248904	0.6317110452823251	9.01099040735762
0.49350113100657333	0.6211895695789952	9.010672075318858
0.4999945982986341	0.6106670017498921	9.01038644687833
0.506490851050431	0.6001427294374471	9.010149918118687
0.5129870129813938	0.5896185101455756	9.009951678535034
0.5194790094500752	0.5790960128164563	9.009785580851606
0.5259680376870016	0.5685745931718094	9.009648986976819
0.532456380014662	0.558053342919452	9.009549252049098
0.5389515078933796	0.5475284928836787	9.009477213983788
0.5457388964840284	0.5369695997817164	9.009432931813933
0.5527419624095214	0.5264086540635549	9.009423399966074
0.5599192197292233	0.5158472638608687	9.009441084361278
0.5673488721169119	0.5052957387592655	9.009480833645691
0.5748057850963351	0.4947359846811934	9.009549844212607
0.5822501410966845	0.4841613445757614	9.009639646734563
0.589635925827168	0.47358204910085294	9.009752808661107
0.5968127770623809	0.46301061007701366	9.00989509860772
0.6037794653551604	0.45245432434913413	9.010055429883904
0.6103309972859323	0.4419429096655818	9.01023906269193
0.6168632915933241	0.4314236975379442	9.010455086883967
0.6233709731707752	0.42090339603503696	9.010691833151212
0.6298691830099533	0.41038140747334256	9.01095783018276
0.6363635475369726	0.3998588862107228	9.011261127357635
0.6428571428529619	0.3893362852383183	9.011589220503696
0.6493506493483366	0.3788136829372322	9.011952449584058
0.6558441558430319	0.36829108063464383	9.012361269204348
0.6623376623370744	0.35776847833153	9.012804986264156
0.6688311688308698	0.3472458760280343	9.013290766007893
0.6753246753245304	0.3367232737243279	9.013824007257808
0.6818181818181075	0.3262006714205226	9.014431161710187
0.6883116883116465	0.31567806911667673	9.015076459915699
0.6948051948051681	0.3051554668128123	9.015799340278699
0.7012987012986823	0.29463286450893955	9.016617099726956
0.7077922077921931	0.28411026220506164	9.01750153978483
0.7142857142857051	0.273587659901177	9.018489846458495
0.720779220779216	0.26306505759728943	9.01962397262358
0.7272727272727247	0.2525424552933998	9.020864917676727
0.7337662337662327	0.2420198529895092	9.022272229582542
0.7402597402597401	0.23149725068561797	9.023890254618552
0.7467532467532468	0.2209746483817265	9.025673073751475
0.7532467532467536	0.21045204607783488	9.027870977135239
0.7597402597402599	0.19992944377394317	9.030180975292255
0.7662337662337666	0.18940684147005138	9.033078366480774
0.7727272727272733	0.1788842391661597	9.036309287914746
0.7792207792207797	0.16836163686226796	9.040138295361844
0.7857142857142861	0.15783903455837622	9.044928627792347
0.7922077922077927	0.14731643225448446	9.050409232161968
0.7987012987012991	0.13679382995059275	9.05709298106642
0.8051948051948057	0.126271227646701	9.065874446724012
0.811688311688312	0.11574862534280925	9.076249361348816
0.8701298701298704	0.02104520460778349	9.441783391377369
0.8181818181818186	0.10522602303891748	9.089423775960059
0.8636363636363641	0.031567806911675246	9.499067097632171
0.8571428571428575	0.042090409215567004	9.498994824743939
0.824675324675325	0.09470342073502573	9.108139054703214
0.8311688311688316	0.084180818431134	9.131932436131594
0.850649350649351	0.05261301151945874	9.30562261326453
0.837662337662338	0.07365821612724223	9.162239582673648
0.8441558441558445	0.06313561382335048	9.210442105289076
0.28571428571428537	0.9789547953922166	9.466713729750103
0.2922077922077918	0.968432193088325	9.471380958227066
0.29870129870129836	0.9579095907844333	9.455086967442961
0.30519480519480485	0.9473869884805416	9.2820058132082
0.3116883116883113	0.9368643861766497	9.202323467154402
0.3181818181818176	0.926341783872758	9.161540365794961
0.324675324675324	0.9158191815688661	9.127923922239082
0.33116883116883056	0.9052965792649742	9.105526654182734
0.33766233766233705	0.8947739769610822	9.088852267260181
0.34415584415584355	0.8842513746571907	9.075121625707967
0.3506493506493502	0.873728772353299	9.06444322336372
0.357142857142857	0.8632061700494074	9.056260660342192
0.3636363636363639	0.8526835677455158	9.049376103106047
0.3701298701298707	0.8421609654416246	9.043700503537982
0.3766233766233776	0.8316383631377334	9.039087728389392
0.3831168831168838	0.8211157608338423	9.035154083704539
0.3896103896103894	0.8105931585299516	9.031805753229252
0.3961038961038947	0.80007055622606	9.028864644733702
0.4025974025973993	0.7895479539221677	9.026405734066278
0.409090909090904	0.7790253516182752	9.024231262709726
0.41558441558440945	0.7685027493143816	9.022374173947036
0.4220779220779165	0.7579801470104877	9.020714076713466
0.42857142857142544	0.7474575447065939	9.019296462612433
0.4350649350649356	0.7369349424027009	9.01800761125238
0.4415584415584462	0.726412340098809	9.01689304409088
0.44805194805195425	0.7158897377949195	9.015895440982947
0.45454510195427594	0.7053674144390841	9.015009656208756
0.46103779397155337	0.6948455343215058	9.014237416374769
0.46753067738935283	0.6843235458195598	9.013548894817072
0.4740243601010666	0.6738008994793674	9.012922022883133
0.4805184908482933	0.6632778433131937	9.01238366535003
0.48701256377264546	0.6527546476777267	9.011902602169796
0.4935060464092642	0.6422318394876755	9.011480947944847
0.4999987471567913	0.6317096904553275	9.011103612650773
0.5064915863725266	0.6211874882842028	9.010784874292666
0.5129853728475785	0.6106647142940318	9.010498638112374
0.519479799952339	0.6001415508869598	9.010261182077512
0.5259740259752117	0.5896185101459318	9.01006176369613
0.5324669002738667	0.5790961320826912	9.009894226865883
0.5389583541106336	0.5685739659198739	9.009756047016197
0.5454508313215848	0.558051230593868	9.00965442193098
0.5519631650695163	0.5475171544629625	9.00958033102314
0.5587172360691307	0.536946074074931	9.009533516806302
0.5656495577383627	0.5263718341699268	9.009520778713302
0.572918259543201	0.5158248515276791	9.00953612948584
0.5803246401157847	0.5052780486383616	9.009572806544563
0.5877673435079916	0.49472167226292596	9.009637997429799
0.5952066470897387	0.48415721536114886	9.00972419378133
0.6025821248305666	0.47358901990856955	9.009833569265227
0.6098704360852799	0.46301963879386854	9.009972644620161
0.616657410787147	0.45247932596207224	9.01012817111191
0.623305635111678	0.4419494615000928	9.010308928326898
0.6298474038633974	0.43142610105034446	9.010521398116113
0.6363581799918622	0.42090377739862755	9.010754510256033
0.6428565971900854	0.4103814275800055	9.01101678029566
0.6493505975337236	0.39985888676640086	9.011316300030368
0.6558441558415374	0.3893362852405953	9.011640616066261
0.6623376623363084	0.3788136829383453	9.012000069575668
0.6688311688305387	0.3682910806352964	9.01240513009404
0.675324675324371	0.35776847833183223	9.012845128321382
0.6818181818180236	0.34724587602814844	9.013327242014055
0.6883116883115977	0.33672327372436756	9.013856891846736
0.6948051948051347	0.3262006714205396	9.014460534776378
0.701298701298659	0.31567806911668805	9.015102425343143
0.70779220779218	0.30515546681282296	9.015822014417076
0.7142857142856966	0.2946328645089496	9.016636604510223
0.72077922077921	0.28411026220506813	9.017518014975709
0.7272727272727212	0.2735876599011812	9.01850345088169
0.733766233766231	0.26306505759729176	9.019634833965604
0.740259740259739	0.25254245529340097	9.02087324486814
0.7467532467532466	0.2420198529895097	9.022278257203967
0.7532467532467534	0.2314972506856182	9.023894068053607
0.7597402597402599	0.2209746483817265	9.025674854704986
0.7662337662337665	0.21045204607783483	9.027870889108259
0.772727272727273	0.19992944377394312	9.030179203537552
0.7792207792207796	0.18940684147005146	9.033075098977163
0.7857142857142861	0.1788842391661597	9.036304669654887
0.7922077922077927	0.16836163686226802	9.040132532930853
0.7987012987012991	0.15783903455837622	9.044921869132777
0.8051948051948057	0.14731643225448446	9.050401639661759
0.811688311688312	0.13679382995059275	9.057084756915332
0.8181818181818186	0.126271227646701	9.065865692187502
0.824675324675325	0.11574862534280926	9.076240271435696
0.8831168831168835	0.02104520460778349	9.441753481425115
0.876623376623377	0.031567806911675246	9.499031096016596
0.8311688311688316	0.10522602303891748	9.089414534289704
0.8701298701298705	0.042090409215567004	9.498964375395959
0.863636363636364	0.05261301151945874	9.305637794441454
0.837662337662338	0.09470342073502573	9.10812988617993
0.8441558441558445	0.084180818431134	9.131923069971299
0.8571428571428575	0.06313561382335048	9.210446133668851
0.850649350649351	0.07365821612724223	9.162236585703333
0.29870129870129825	0.9789547953922166	9.46559742115217
0.3051948051948048	0.9684321930883248	9.46944288017819
0.31168831168831124	0.9579095907844333	9.454831353728236
0.3181818181818177	0.9473869884805415	9.281440548363856
0.3246753246753241	0.9368643861766497	9.201761221470148
0.3311688311688306	0.9263417838727578	9.161049808682561
0.3376623376623371	0.9158191815688658	9.127509495521595
0.3441558441558436	0.9052965792649741	9.10517905502956
0.3506493506493502	0.8947739769610822	9.088566499476437
0.3571428571428568	0.8842513746571908	9.074890490613198
0.36363636363636354	0.8737287723532993	9.064259691202809
0.37012987012987025	0.8632061700494075	9.056119220360364
0.3766233766233768	0.8526835677455162	9.049270712043993
0.38311688311688313	0.842160965441625	9.043626350438911
0.38961038961038924	0.8316383631377335	9.039041230648875
0.39610389610389496	0.8211157608338421	9.035131913764616
0.40259740259740046	0.8105931585299503	9.031804467224104
0.4090909090909059	0.8000705562260578	9.02888116708918
0.4155844155844118	0.789547953922165	9.02643744903814
0.4220779220779187	0.7790253516182722	9.024276037245782
0.42857142857142644	0.7685027493143793	9.022430052787323
0.435064935064935	0.7579801470104869	9.020779410488274
0.4415584415584441	0.7474575447065951	9.019369767464253
0.4480519480519531	0.7369349424027035	9.018087668004862
0.4545454545454626	0.7264123400988122	9.016978727104005
0.4610389416223562	0.7158897499640547	9.015985822914397
0.46753235451933745	0.705367215034857	9.015103881196625
0.47402569581122594	0.6948447482211217	9.014334729964796
0.4805191064241113	0.6843222415921987	9.013648671317393
0.48701269521847296	0.6737995831887863	9.013023749714861
0.4935063741362283	0.6632768330952401	9.012486817601314
0.49999996082788023	0.6527541535201489	9.012006763841228
0.5064933907282828	0.6422315931485868	9.011585675221907
0.5129867350594274	0.6317090888586059	9.011208558442616
0.5194801458069673	0.6211865447597184	9.01088964056049
0.5259737342154622	0.6106638925243025	9.010602997557454
0.5324674130404924	0.6001411852180177	9.010364799654992
0.5389610079703931	0.5896185334163281	9.010164382478571
0.5454544097213433	0.5790959803388135	9.009995583624622
0.5519475186294892	0.5685734400457779	9.009855982640934
0.5584415739266415	0.5580504439692264	9.00975263226461
0.5649887556530543	0.5474896522825462	9.009676571187432
0.5716586184806228	0.5369186053695892	9.009627225931645
0.5787341831192295	0.5263669907752052	9.009613160968234
0.5858962917752211	0.5158158489088415	9.00962488669308
0.5933121875434479	0.5052713223565642	9.00965883946843
0.6007338613292367	0.4947183793357963	9.009720408446737
0.6081886474914243	0.48415860335641403	9.009803325084704
0.6156511462647895	0.4735966886788097	9.00990969228635
0.6227674669368927	0.46303148178243686	9.010044155901541
0.6296912643745709	0.4524811011872738	9.010197172247748
0.6362956910612649	0.44195239853149154	9.010374307668224
0.6428375759432783	0.43142713221477985	9.01058335113195
0.6493449202435362	0.42090404610060167	9.010813016456991
0.6558437764125911	0.4103814691035432	9.0110718025141
0.6623376424352233	0.3998588872489727	9.011367801971788
0.6688311688297924	0.3893362852420023	9.011688599468156
0.6753246753240038	0.378813682939006	9.012044541302066
0.6818181818178366	0.3682910806355762	9.01244611053412
0.6883116883114911	0.3577684783319434	9.0128826594937
0.694805194805065	0.34724587602820006	9.013361377661282
0.7012987012986079	0.33672327372439864	9.013887705590783
0.7077922077921421	0.3262006714205658	9.01448810485144
0.7142857142856746	0.3156780691167098	9.015126851866654
0.7207792207791986	0.3051554668128397	9.015843408374536
0.7272727272727154	0.29463286450895937	9.016655081227603
0.7337662337662277	0.2841102622050731	9.017533708274032
0.7402597402597374	0.27358765990118367	9.018516506129805
0.7467532467532457	0.26306505759729276	9.019645369453848
0.7532467532467532	0.25254245529340136	9.020881478118325
0.7597402597402599	0.2420198529895098	9.022284375845716
0.7662337662337665	0.23149725068561813	9.023898154423557
0.7727272727272729	0.22097464838172645	9.025677080823415
0.7792207792207795	0.21045204607783485	9.027871407157226
0.785714285714286	0.19992944377394317	9.0301781764545
0.7922077922077927	0.18940684147005146	9.033072720169715
0.7987012987012991	0.1788842391661597	9.036301057888224
0.8051948051948057	0.16836163686226802	9.040127867160534
0.8116883116883121	0.15783903455837622	9.044916295997007
0.8181818181818186	0.1473164322544845	9.050395309542415
0.824675324675325	0.13679382995059275	9.05707785786967
0.8311688311688316	0.126271227646701	9.0658583200614
0.8961038961038965	0.02104520460778349	9.441724575024345
0.837662337662338	0.11574862534280922	9.07623260186057
0.8896103896103901	0.031567806911675246	9.498997478504867
0.8831168831168835	0.042090409215567	9.498936337845679
0.8441558441558445	0.10522602303891748	9.089406725139865
0.876623376623377	0.05261301151945874	9.305651666671805
0.8701298701298705	0.06313561382335048	9.210450655394192
0.850649350649351	0.09470342073502573	9.108122291515413
0.8571428571428575	0.084180818431134	9.131915239604353
0.863636363636364	0.07365821612724222	9.162235190271057
0.31168831168831135	0.9789547953922166	9.464604277453079
0.3181818181818178	0.968432193088325	9.46776018218256
0.3246753246753242	0.9579095907844333	9.45458585059424
0.3311688311688306	0.9473869884805416	9.28092812757008
0.3376623376623371	0.9368643861766497	9.20125102471632
0.34415584415584366	0.9263417838727577	9.160601389516955
0.3506493506493502	0.9158191815688658	9.127127359516628
0.35714285714285676	0.9052965792649741	9.104855457377512
0.36363636363636337	0.8947739769610825	9.088297607880548
0.3701298701298699	0.8842513746571911	9.074670368968851
0.37662337662337647	0.8737287723532995	9.064082455153082
0.38311688311688297	0.863206170049408	9.055980162431332
0.3896103896103891	0.8526835677455165	9.04916515335731
0.3961038961038952	0.8421609654416248	9.043549567237493
0.40259740259740107	0.8316383631377328	9.038989772069156
0.4090909090909071	0.8211157608338407	9.035103115367408
0.4155844155844131	0.8105931585299483	9.03179552143579
0.42207792207791983	0.800070556226056	9.028889313252195
0.42857142857142705	0.789547953922164	9.026460249279355
0.43506493506493493	0.779025351618272	9.024311533234856
0.44155844155844304	0.7685027493143801	9.022476456312935
0.4480519480519512	0.7579801470104887	9.02083518972884
0.45454545454545964	0.7474575447065973	9.019433527110726
0.46103896103896885	0.7369349424027062	9.018158248223017
0.46753246753247973	0.7264123400988168	9.01705505434821
0.47402597402599284	0.7158897377949319	9.016066998533988
0.48051948051950455	0.7053671354910539	9.015189085300586
0.48701298701302553	0.6948445331871932	9.01442324042908
0.4935064935064804	0.6843219308833247	9.013739863901181
0.4999999999999503	0.6737993285794253	9.013117085420658
0.5064935064933973	0.6632767262755096	9.012581766442262
0.5129870129868705	0.652754123971557	9.012102891851486
0.5194805194804095	0.642231521667593	9.011682546498106
0.5259740259740778	0.6317089193636484	9.011305832311812
0.5324675324679041	0.6211863170598003	9.010986922723431
0.5389610389618378	0.6106637147561316	9.010700036315443
0.5454545454558988	0.6001411124528746	9.01046125992906
0.5519480519489274	0.5896185101492867	9.010260004573576
0.5584415584404293	0.5790959078459488	9.010090104105466
0.564935064927444	0.568573305542315	9.009949227630315
0.5714309631607891	0.5580330269758996	9.009844096847482
0.5779320142429542	0.5474802081673552	9.009766076935504
0.5847077530028499	0.5369164143040247	9.009715661044597
0.5916028541110454	0.526356409413403	9.009698068094687
0.5988917713791245	0.5158193958121707	9.009707967792858
0.6062592171533295	0.5052745891812892	9.009739010772938
0.6137059046594315	0.49471916908132746	9.009797450074283
0.6211757693365288	0.4841589658136151	9.009877276125488
0.6285841279614978	0.4735932352422241	9.00998012598034
0.6359739719657072	0.46301694178223674	9.010112767017121
0.6426847480871867	0.45248751649784913	9.010261366591736
0.6492945734073701	0.4419535833173751	9.010435404434121
0.6558310163007202	0.4314268437360653	9.01064124698591
0.6623350860248559	0.4209040278425875	9.010867675941176
0.6688303411645213	0.410381470918475	9.011123194276463
0.6753246670980597	0.3998588874291409	9.011415918324252
0.6818181818174275	0.389336285242619	9.011733443744637
0.6883116883112467	0.3788136829392787	9.012086124039891
0.6948051948049047	0.3682910806357152	9.012484454998168
0.7012987012984992	0.35776847833202585	9.012917808568629
0.707792207792066	0.34724587602826285	9.013393385171549
0.7142857142856297	0.33672327372444727	9.013916643443432
0.7207792207791716	0.32620067142060005	9.014514048967607
0.727272727272701	0.3156780691167312	9.01514989817669
0.7337662337662211	0.30515546681285133	9.01586366204269
0.7402597402597344	0.2946328645089649	9.01667265120337
0.7467532467532444	0.28411026220507535	9.017548722311767
0.7532467532467523	0.27358765990118444	9.018529094449491
0.7597402597402595	0.263065057597293	9.019655648324807
0.7662337662337664	0.2525424552934014	9.020889667493263
0.7727272727272729	0.24201985298950981	9.022290604827374
0.7792207792207795	0.2314972506856182	9.023902526969652
0.7857142857142859	0.22097464838172662	9.025679751254652
0.7922077922077926	0.21045204607783496	9.027872515440924
0.7987012987012991	0.1999294437739432	9.03017785407265
0.8051948051948057	0.1894068414700515	9.033071194820565
0.811688311688312	0.1788842391661597	9.036298404868967
0.8181818181818186	0.168361636862268	9.040124244863229
0.824675324675325	0.15783903455837622	9.04491183790696
0.8311688311688316	0.14731643225448446	9.050390161446494
0.837662337662338	0.13679382995059275	9.057072199162844
0.8441558441558445	0.126271227646701	9.065852240883558
0.9090909090909095	0.02104520460778349	9.441696764555902
0.9025974025974031	0.031567806911675246	9.498965659006016
0.850649350649351	0.11574862534280925	9.076226258298592
0.8961038961038965	0.042090409215567	9.498911222065885
0.8896103896103901	0.052613011519458734	9.305665071314513
0.8571428571428575	0.10522602303891748	9.089400277959207
0.8831168831168835	0.06313561382335048	9.21045547564779
0.876623376623377	0.07365821612724223	9.162235161604483
0.863636363636364	0.09470342073502575	9.108116142281167
0.8701298701298705	0.08418081843113401	9.131908736818803
0.32467532467532423	0.9789547953922166	9.46371637845464
0.33116883116883067	0.9684321930883247	9.466296032645102
0.33766233766233716	0.957909590784433	9.454351521675465
0.34415584415584366	0.9473869884805413	9.280463419176323
0.3506493506493502	0.9368643861766495	9.200788140452458
0.35714285714285676	0.9263417838727577	9.160191918043353
0.3636363636363633	0.915819181568866	9.126775742397866
0.37012987012987	0.9052965792649743	9.104555208139152
0.37662337662337636	0.8947739769610826	9.08804580507008
0.38311688311688274	0.8842513746571913	9.074462091241104
0.3896103896103891	0.8737287723532997	9.063912773449118
0.39610389610389535	0.8632061700494079	9.05584506973888
0.4025974025974015	0.8526835677455161	9.049060873811856
0.4090909090909076	0.8421609654416239	9.04347199605539
0.41558441558441395	0.8316383631377319	9.038935549790198
0.42207792207792055	0.8211157608338397	9.035069719109897
0.42857142857142744	0.8105931585299476	9.031780779860382
0.4350649350649347	0.800070556226056	9.028890877410092
0.44155844155844237	0.7895479539221645	9.026475864197453
0.4480519480519501	0.7790253516182731	9.024339380646426
0.4545454545454579	0.7685027493143819	9.022514901643115
0.4610389610389661	0.7579801470104907	9.02088282446708
0.46753246753247507	0.7474575447065998	9.019489048289472
0.47402597402598473	0.7369349424027116	9.018220559508741
0.4805194805194934	0.7264123400988272	9.017123138606776
0.4870129870130063	0.7158897377949522	9.016139996529146
0.49350649350648534	0.7053671354910721	9.015266210142002
0.49999999999997263	0.6948445331871763	9.014503795010116
0.506493506493448	0.6843219308832719	9.013823234115963
0.5129870129869372	0.6737993285793484	9.013202729261666
0.5194805194804606	0.6632767262754192	9.01266916051396
0.5259740259740503	0.6527541239714999	9.012191605631246
0.5324675324677209	0.6422315216676348	9.011772152940546
0.5389610389614505	0.6317089193638656	9.011395986085033
0.5454545454552489	0.6211863170603109	9.011077235245672
0.5519480519485295	0.610663714756607	9.010790243310161
0.5584415584415549	0.6001411124529865	9.0105510316426
0.5649350649342034	0.5896185101490173	9.010349079618287
0.5714285714254442	0.5790959078442116	9.010178218964358
0.5779226679656109	0.5685652859936356	9.010036076730115
0.5844227793818663	0.5580251547123252	9.009929585845326
0.5909306022992361	0.5474782092798735	9.009850068279988
0.5976737200736358	0.5369225024066933	9.009797766893998
0.6045540850761161	0.5263689214979365	9.009778020308417
0.6117904915645942	0.5158270242755174	9.009785062017725
0.6192508343838599	0.5052776894624678	9.009814195423054
0.6266918525773668	0.4947195794390195	9.00986951634652
0.6341809235880315	0.48415595447940735	9.009946473429773
0.641665694288786	0.473592203863528	9.010046646189751
0.6487635050827301	0.46303630070996915	9.010174532573801
0.6557042575990755	0.45249201153018787	9.010321444780638
0.6622942765570472	0.44194829316914286	9.010492592417464
0.6688174159791579	0.4314266028131855	9.010695308316393
0.6753230506894689	0.42090406910801187	9.010918748651177
0.6818175407589511	0.4103814830676831	9.01117123833925
0.6883115983303091	0.399858886254818	9.011460916089328
0.6948051948045557	0.3893362852429459	9.011775403425494
0.7012987012982558	0.3788136829394841	9.012125058791753
0.7077922077919022	0.36829108063586885	9.012520390017018
0.7142857142855347	0.3577684783321355	9.012950786899298
0.7207792207791197	0.34724587602833706	9.013423460000032
0.7272727272726724	0.33672327372449223	9.013943884405698
0.7337662337662065	0.3262006714206242	9.014538529179367
0.7402597402597277	0.3156780691167431	9.015171709034064
0.7467532467532414	0.3051554668128562	9.015882902581753
0.753246753246751	0.29463286450896664	9.01668942454203
0.759740259740259	0.28411026220507585	9.017563149281925
0.7662337662337659	0.2735876599011845	9.018541289365677
0.7727272727272726	0.26306505759729304	9.019665734698082
0.7792207792207794	0.2525424552934015	9.020897852082564
0.7857142857142859	0.24201985298950993	9.022296974831205
0.7922077922077926	0.23149725068561833	9.023907195471473
0.798701298701299	0.22097464838172673	9.025682864684123
0.8051948051948056	0.210452046077835	9.027874195395283
0.811688311688312	0.19992944377394323	9.030178223262913
0.8181818181818186	0.1894068414700515	9.033070424542506
0.824675324675325	0.1788842391661597	9.03629666739149
0.8311688311688316	0.16836163686226802	9.040121614012236
0.837662337662338	0.15783903455837622	9.044908437818949
0.8441558441558445	0.14731643225448446	9.050386122018098
0.850649350649351	0.13679382995059275	9.057067697764799
0.8571428571428575	0.126271227646701	9.065847368541945
0.9220779220779225	0.02104520460778349	9.441669187897352
0.9155844155844162	0.031567806911675246	9.49893747196848
0.9090909090909095	0.042090409215567	9.498887722765351
0.863636363636364	0.11574862534280925	9.076221148839283
0.9025974025974031	0.052613011519458734	9.305678393103824
0.8961038961038965	0.06313561382335048	9.210460525903379
0.8701298701298705	0.10522602303891748	9.089395107019051
0.8896103896103901	0.07365821612724223	9.162236254884066
0.8831168831168835	0.08418081843113397	9.13190318932309
0.876623376623377	0.09470342073502573	9.108111310746734
0.3376623376623372	0.9789547953922165	9.462919483118313
0.34415584415584366	0.9684321930883246	9.465019601205698
0.3506493506493502	0.9579095907844329	9.45412940169117
0.35714285714285676	0.9473869884805413	9.28004199355975
0.36363636363636326	0.9368643861766496	9.200368277236256
0.3701298701298698	0.9263417838727579	9.159818338651583
0.37662337662337625	0.9158191815688661	9.126452765120158
0.3831168831168827	0.9052965792649742	9.104277376497507
0.38961038961038896	0.8947739769610827	9.087810908818314
0.3961038961038954	0.8842513746571911	9.074266062782284
0.4025974025974018	0.8737287723532994	9.063751441620463
0.409090909090908	0.8632061700494076	9.055715089398495
0.41558441558441445	0.8526835677455157	9.048958937012145
0.4220779220779209	0.8421609654416234	9.043394914680464
0.42857142857142755	0.8316383631377314	9.03888012508302
0.43506493506493454	0.8211157608338396	9.035033440343623
0.44155844155844187	0.8105931585299481	9.031761794551812
0.4480519480519492	0.8000705562260567	9.02888732027067
0.45454545454545686	0.7895479539221656	9.026485722667912
0.4610389610389645	0.7790253516182748	9.024360951480146
0.46753246753247235	0.7685027493143838	9.02254668021129
0.47402597402598007	0.7579801470104933	9.020923524518935
0.480519480519489	0.7474575447066047	9.019537462160558
0.48701298701299667	0.7369349424027218	9.01827565652914
0.49350649350648884	0.7264123400988365	9.017183960192112
0.4999999999999849	0.7158897377949428	9.016205726025477
0.506493506493475	0.7053671354910444	9.015336094644828
0.5129870129869725	0.694844533187136	9.014577163646608
0.5194805194804873	0.6843219308832248	9.013899491949841
0.5259740259740368	0.6737993285793187	9.013281345931775
0.5324675324676273	0.6632767262754405	9.012749626689201
0.5389610389612481	0.6527541239716114	9.012273495166793
0.5454545454549031	0.6422315216679015	9.01185504684267
0.5519480519483083	0.6317089193641287	9.01147953824744
0.5584415584415982	0.6211863170604089	9.011161067085128
0.5649350649347035	0.6106637147565184	9.010874085129172
0.5714285714278042	0.6001411124523579	9.010634561284986
0.5779220779211602	0.5896185101479549	9.010432035749801
0.58441525964916	0.5790943650901139	9.010260312432493
0.5909089399356603	0.5685653639526437	9.010117181668589
0.5974114886869468	0.5580288339045435	9.010009468883796
0.6039208678465039	0.5474915607784115	9.009928553475298
0.6105858477777768	0.5369352694765589	9.009874182135981
0.6176312303995325	0.5263901391051421	9.009853413829648
0.6248489943453018	0.5158414287734137	9.009858003806881
0.6322085460031349	0.5052843460242399	9.009884258975061
0.6396931071985018	0.4947191335640791	9.00993693913348
0.647168606909245	0.48415424382077316	9.01001101691016
0.654554059670423	0.47359345006897646	9.010107863991704
0.6618056780867796	0.4630368939579916	9.010233581522035
0.668603121384424	0.4524853014856011	9.010377232968652
0.6752837013759341	0.4419482673010715	9.010545925261681
0.6818094526016243	0.431426022475183	9.010745889039226
0.6883105666343001	0.42090409740671764	9.010966516806524
0.694804819422593	0.41038148603549685	9.01121619496444
0.7012986432787729	0.3998588866660271	9.011503045713669
0.7077922077915677	0.389336285243295	9.01181471579055
0.7142857142853304	0.37881368293972817	9.012161569546592
0.7207792207790082	0.3682910806360298	9.012554125561067
0.7272727272726146	0.35776847833223185	9.012981789851205
0.7337662337661787	0.34724587602838713	9.01345178232107
0.7402597402597145	0.33672327372451666	9.0139695930326
0.7467532467532353	0.32620067142063447	9.014561694053489
0.7532467532467481	0.31567806911674695	9.01519241669754
0.7597402597402572	0.30515546681285727	9.015901245896176
0.766233766233765	0.2946328645089668	9.016705501344115
0.7727272727272724	0.284110262205076	9.017577071629974
0.779220779220779	0.2735876599011848	9.018553157917209
0.7857142857142857	0.26306505759729326	9.019675684912956
0.7922077922077925	0.25254245529340175	9.020906060783235
0.7987012987012988	0.24201985298951012	9.022303509073298
0.8051948051948056	0.23149725068561836	9.023912168250915
0.811688311688312	0.22097464838172667	9.025686417079415
0.8181818181818186	0.21045204607783496	9.027876434660355
0.824675324675325	0.1999294437739432	9.030179256841874
0.8311688311688316	0.18940684147005146	9.03307042145431
0.837662337662338	0.17888423916615973	9.036295714245943
0.8441558441558445	0.16836163686226796	9.040119925441402
0.850649350649351	0.15783903455837622	9.044906046122135
0.8571428571428575	0.14731643225448446	9.050383130916375
0.863636363636364	0.13679382995059275	9.057064275180432
0.8701298701298705	0.126271227646701	9.065843615423853
0.9350649350649355	0.0210452046077835	9.441641480097177
0.9285714285714292	0.03156780691167524	9.498911386686855
0.9220779220779226	0.04209040921556698	9.498864122147653
0.9155844155844162	0.05261301151945873	9.305692125365992
0.876623376623377	0.11574862534280923	9.076217178738503
0.9090909090909095	0.06313561382335048	9.210465891509033
0.9025974025974031	0.07365821612724222	9.162238086950518
0.8831168831168835	0.10522602303891748	9.089391129827987
0.8961038961038965	0.08418081843113397	9.131898609549907
0.8896103896103901	0.09470342073502573	9.108107658043997
0.3506493506493502	0.9789547953922164	9.462201924236917
0.35714285714285676	0.9684321930883247	9.463904730579857
0.3636363636363633	0.957909590784433	9.453920250384257
0.3701298701298697	0.9473869884805416	9.279659920662853
0.37662337662337614	0.9368643861766498	9.199987516584349
0.3831168831168826	0.926341783872758	9.159477746264855
0.389610389610389	0.9158191815688662	9.12615651138812
0.3961038961038953	0.9052965792649743	9.104020851581966
0.4025974025974018	0.8947739769610824	9.087592475017987
0.4090909090909083	0.8842513746571908	9.07408234527293
0.4155844155844148	0.8737287723532993	9.063598918800816
0.42207792207792116	0.8632061700494074	9.055590941828635
0.4285714285714277	0.8526835677455155	9.048860365205021
0.4350649350649343	0.8421609654416234	9.043319114290538
0.4415584415584413	0.8316383631377318	9.038824589009794
0.4480519480519485	0.8211157608338402	9.034995619333769
0.45454545454545586	0.810593158529949	9.03173987575547
0.4610389610389635	0.8000705562260578	9.028879847095864
0.4675324675324712	0.7895479539221673	9.026490995754527
0.4740259740259783	0.7790253516182769	9.024377393367692
0.48051948051948484	0.7685027493143864	9.022572888839669
0.48701298701298984	0.7579801470104964	9.020958326169351
0.493506493506493	0.7474575447066064	9.019579745955648
0.49999999999999223	0.7369349424027165	9.01832445879302
0.5064935064934898	0.7264123400988219	9.0172383808393
0.5129870129869912	0.7158897377949218	9.016264993516813
0.5194805194805018	0.7053671354910199	9.015399492953042
0.5259740259740301	0.6948445331871205	9.014644051460037
0.5324675324675796	0.6843219308832356	9.013969296997042
0.5389610389611446	0.673799328579376	9.013353553815804
0.5454545454547267	0.6632767262755772	9.012823745233915
0.5519480519481818	0.6527541239717457	9.012349106782393
0.5584415584415829	0.6422315216679644	9.011931743635655
0.5649350649349133	0.6317089193641193	9.011556977445826
0.5714285714282655	0.6211863170601486	9.01123888213027
0.5779220779217463	0.6106637147560524	9.01095200477823
0.5844155844155252	0.6001411124518482	9.010712272698663
0.5909090909097232	0.5896185101476971	9.010509280699557
0.5974023180615445	0.5790949157942603	9.010336852026755
0.6038955742246473	0.5685691524363505	9.010192862290163
0.6103957391204653	0.5580389704233524	9.010084033129873
0.616965800123248	0.5474986249213044	9.01000204505029
0.6236519475736467	0.5369526468877385	9.009946392446757
0.6304535252794066	0.5264161848521042	9.00992252024424
0.6378307700258868	0.5158493387791855	9.00992572156126
0.6452142464901923	0.5052848775960144	9.009949976060504
0.6526883521114015	0.49471751445848805	9.009999906825518
0.6601480786637585	0.48415442001863457	9.010071286092632
0.6676127023401266	0.473593865896611	9.010165840579601
0.6746843442740434	0.463036080935693	9.010288119822937
0.6815780938608021	0.45248111224542703	9.010429678659195
0.6882525207851042	0.4419430617468143	9.010595819246356
0.6947894760719704	0.4314256155745815	9.010793171737733
0.7012961306927232	0.4209039955447723	9.011011233275111
0.7077915445442979	0.4103814788614221	9.011258306574517
0.7142856706841212	0.39985888680556425	9.01154253991339
0.720779220778777	0.3893362852436222	9.011851601866661
0.7272727272724936	0.3788136829399286	9.012195864504363
0.7337662337661222	0.3682910806361353	9.012585856339284
0.7402597402596891	0.35776847833228326	9.013010998149875
0.7467532467532242	0.34724587602840806	9.013478518398736
0.7532467532467427	0.33672327372452465	9.013993920810961
0.759740259740254	0.32620067142063697	9.014583680001165
0.7662337662337627	0.3156780691167477	9.015212142241273
0.7727272727272705	0.30515546681285755	9.015918797960127
0.779220779220778	0.29463286450896725	9.016720972615419
0.7857142857142853	0.28411026220507646	9.017590563508024
0.7922077922077921	0.2735876599011851	9.018564762431899
0.7987012987012988	0.26306505759729354	9.01968554697453
0.8051948051948056	0.2525424552934019	9.02091432018774
0.8116883116883119	0.2420198529895102	9.02231022701086
0.8181818181818186	0.2314972506856184	9.023917454395225
0.824675324675325	0.22097464838172667	9.02569040224949
0.8311688311688316	0.210452046077835	9.02787920998169
0.837662337662338	0.1999294437739432	9.03018096432337
0.8441558441558445	0.18940684147005146	9.03307113608789
0.850649350649351	0.1788842391661597	9.036295557780859
0.8571428571428575	0.16836163686226802	9.040119066768794
0.863636363636364	0.15783903455837622	9.044904615607502
0.8701298701298705	0.1473164322544845	9.050381141773629
0.876623376623377	0.13679382995059275	9.057061874612247
0.8831168831168835	0.126271227646701	9.065840898641651
0.9480519480519485	0.021045204607783505	9.44161385274259
0.941558441558442	0.03156780691167524	9.498886255294265
0.9350649350649356	0.042090409215566976	9.498842271976057
0.9285714285714292	0.05261301151945871	9.305707116368078
0.9220779220779225	0.06313561382335048	9.210471646918093
0.8896103896103901	0.11574862534280926	9.076214259230811
0.9155844155844161	0.0736582161272422	9.162240399910177
0.9090909090909095	0.08418081843113394	9.131895085144514
0.8961038961038966	0.10522602303891747	9.089388243359087
0.9025974025974032	0.09470342073502572	9.108105012994294
0.36363636363636326	0.9789547953922164	9.461553807733837
0.3701298701298698	0.9684321930883247	9.462928998557517
0.3766233766233762	0.9579095907844333	9.453724459980664
0.3831168831168825	0.9473869884805416	9.27931362904336
0.3896103896103889	0.9368643861766498	9.19964226384244
0.3961038961038954	0.926341783872758	9.159167394751085
0.4025974025974018	0.9158191815688661	9.125885073267535
0.4090909090909083	0.9052965792649742	9.103784422177684
0.41558441558441483	0.8947739769610822	9.087389869427755
0.4220779220779212	0.8842513746571908	9.073910766412338
0.4285714285714279	0.873728772353299	9.063455386476603
0.43506493506493454	0.8632061700494073	9.055473074940693
0.4415584415584411	0.8526835677455153	9.048765792162383
0.448051948051948	0.8421609654416236	9.043245385442354
0.45454545454545486	0.8316383631377322	9.038769660192246
0.4610389610389621	0.821115760833841	9.03495720224612
0.46753246753246974	0.8105931585299498	9.031716129057413
0.47402597402597696	0.8000705562260594	9.028869467028555
0.4805194805194839	0.7895479539221694	9.026492644671636
0.48701298701298956	0.7790253516182791	9.024389660933066
0.49350649350649367	0.768502749314388	9.022594456083612
0.4999999999999962	0.7579801470104958	9.020988115857635
0.5064935064934982	0.7474575447066022	9.01961674271814
0.5129870129870014	0.7369349424027064	9.018367766604369
0.5194805194805098	0.7264123400988094	9.017287157076133
0.5259740259740272	0.7158897377949135	9.016318512712362
0.5324675324675555	0.7053671354910253	9.015457077709897
0.5389610389610918	0.6948445331871497	9.014705092015502
0.5454545454546369	0.6843219308833055	9.014033246242844
0.5519480519481172	0.6737993285794444	9.013419916359785
0.55844155844157	0.6632767262756087	9.012892048313132
0.5649350649349872	0.6527541239717405	9.012418944564592
0.5714285714284332	0.6422315216678376	9.012002721704716
0.5779220779219761	0.6317089193639224	9.011628759567818
0.5844155844156911	0.6211863170599713	9.011311115273392
0.590909090909606	0.6106637147560078	9.011024419469182
0.5974025974036563	0.6001411124521405	9.01078456685862
0.6038961038976361	0.5896185101485086	9.010581202931164
0.6103895823145533	0.5790958142128114	9.010408177170527
0.6168830934026219	0.5685732196183432	9.010263430896822
0.6233785542157574	0.5580482102273263	9.010153579869106
0.6299351250095503	0.5475149333391501	9.010070303138695
0.6366643098155967	0.5369699510171156	9.010013485274266
0.6435573170789214	0.526419851255243	9.00998835299771
0.6507995001780115	0.5158499853065138	9.009988929716899
0.6582232314828173	0.5052794115433578	9.010011399244798
0.6656787876728283	0.4947143641621387	9.01005875120567
0.6731259973519181	0.4841544197382106	9.010127614673438
0.6805023137952476	0.47359516504630256	9.010219340918551
0.687832878326029	0.4630196363415032	9.010340334777078
0.6945675317855783	0.4524907955758883	9.010478654370955
0.7012159098851947	0.44195537211009356	9.010642246783105
0.7077744706041232	0.43142890996664285	9.01083741325054
0.7142820515363267	0.42090545584194966	9.011053111875967
0.7207787330779639	0.4103815743221876	9.011297803393008
0.7272726268974591	0.399858885814907	9.01157961631908
0.7337662337660059	0.38933628524383596	9.011886267681659
0.7402597402596385	0.37881368294003254	9.012228137297713
0.7467532467532045	0.36829108063617794	9.012615763040932
0.753246753246735	0.35776847833229986	9.013038579137175
0.7597402597402492	0.3472458760284136	9.0135038218529
0.7662337662337588	0.33672327372452626	9.014017007411555
0.7727272727272676	0.32620067142063786	9.014604612486819
0.779220779220776	0.3156780691167487	9.0152309967742
0.7857142857142839	0.30515546681285877	9.015935655941185
0.7922077922077914	0.29463286450896803	9.016735921241896
0.7987012987012984	0.28411026220507685	9.017603692316088
0.8051948051948054	0.27358765990118533	9.01857616163573
0.8116883116883119	0.2630650575972937	9.019695365316862
0.8181818181818187	0.25254245529340197	9.020922649354311
0.824675324675325	0.2420198529895102	9.022317145405985
0.8311688311688316	0.2314972506856184	9.023923059226389
0.837662337662338	0.22097464838172667	9.025694811933597
0.8441558441558445	0.21045204607783496	9.027882507183639
0.850649350649351	0.1999294437739432	9.03018327960784
0.8571428571428574	0.18940684147005146	9.03307255320113
0.863636363636364	0.1788842391661597	9.036296145056598
0.9610389610389615	0.021045204607783512	9.441586460018435
0.8701298701298704	0.16836163686226802	9.040118971391657
0.8766233766233772	0.15783903455837625	9.04490399479816
0.8831168831168837	0.14731643225448451	9.050380106782244
0.8896103896103903	0.13679382995059278	9.057060448902233
0.8961038961038966	0.126271227646701	9.065839168566699
0.954545454545455	0.03156780691167525	9.49886214823754
0.9480519480519486	0.042090409215566976	9.49882173680714
0.941558441558442	0.05261301151945869	9.30572338620752
0.9350649350649355	0.06313561382335044	9.210477634266603
0.9285714285714289	0.07365821612724217	9.162243127769258
0.9025974025974032	0.11574862534280922	9.07621231866303
0.9220779220779224	0.0841808184311339	9.131892887062568
0.9155844155844162	0.09470342073502568	9.10810323000927
0.9090909090909097	0.10522602303891743	9.0893863342263
0.3766233766233762	0.9789547953922165	9.46096668481218
0.38311688311688263	0.968432193088325	9.462073111628401
0.389610389610389	0.9579095907844333	9.453542080356291
0.3961038961038954	0.9473869884805416	9.278999836519525
0.4025974025974018	0.9368643861766497	9.199329219737791
0.40909090909090834	0.9263417838727578	9.158884703686264
0.41558441558441483	0.9158191815688659	9.125636588261328
0.4220779220779214	0.9052965792649741	9.103566825901444
0.42857142857142794	0.8947739769610823	9.087202337787568
0.43506493506493443	0.8842513746571908	9.073750982480524
0.4415584415584411	0.873728772353299	9.063320821090757
0.44805194805194776	0.8632061700494074	9.055361726016613
0.4545454545454544	0.8526835677455155	9.04867562849053
0.4610389610389614	0.8421609654416241	9.043174311139067
0.4675324675324683	0.8316383631377328	9.038715830539031
0.4740259740259753	0.8211157608338419	9.034918863033402
0.4805194805194821	0.8105931585299508	9.03169138911454
0.4870129870129885	0.8000705562260606	9.028857034494232
0.4935064935064943	0.78954795392217	9.026491466575415
0.4999999999999986	0.7790253516182785	9.024398542327653
0.5064935064935023	0.7685027493143854	9.022612164184666
0.5129870129870068	0.7579801470104913	9.021013650672602
0.5194805194805139	0.7474575447065964	9.019649178771033
0.5259740259740259	0.736934942402702	9.018406275647727
0.5324675324675435	0.7264123400988117	9.017330952335273
0.5389610389610652	0.7158897377949284	9.01636691466481
0.5454545454545912	0.7053671354910609	9.015509448255822
0.5519480519480845	0.6948445331871845	9.014760854062686
0.5584415584415637	0.6843219308833213	9.014091879395396
0.564935064935025	0.6737993285794411	9.013480946383241
0.5714285714285018	0.6632767262755433	9.012955023399499
0.5779220779220292	0.6527541239716396	9.012483473039834
0.5844155844156665	0.6422315216677774	9.012068424349236
0.5909090909094423	0.6317089193639741	9.011695309183965
0.5974025974033014	0.6211863170602078	9.011378173484596
0.603896103897095	0.610663714756482	9.011091721188594
0.6103896103906215	0.6001411124528238	9.010851822322737
0.6168831168836982	0.5896185101492023	9.010648167590412
0.6233766265030805	0.5790959197891569	9.010474616845846
0.6298701785660386	0.5685734168495905	9.010329160333951
0.6363638754660763	0.5580512054261836	9.0102183918348
0.6429107981528984	0.5475220303053295	9.01013395711933
0.6495504266033703	0.5369839010678396	9.010075527344647
0.6566421165711771	0.5264105504140763	9.010049636701668
0.6638218485936119	0.5158390653585821	9.010048215106218
0.6712388077785958	0.5052710953522034	9.010068827531272
0.6786597150510181	0.4947098568038322	9.010113729427909
0.6860797820157655	0.48415439600761984	9.010180205305344
0.6934517528299092	0.4736001572083371	9.010269616312618
0.7006306200067334	0.4630507115817231	9.010387468877946
0.7076291644184414	0.4525025247614633	9.01052472188409
0.7142197909821554	0.44196871078997596	9.010685870522643
0.7207640837678206	0.43143462132271065	9.010878863116988
0.7272705255224833	0.42090628319647155	9.01109242960667
0.7337660563419547	0.4103814867847091	9.011334905399197
0.740259684404415	0.39985888658263385	9.01161447899525
0.7467532467531638	0.3893362852439263	9.01191890534521
0.7532467532467199	0.378813682940067	9.012258568113994
0.7597402597402448	0.36829108063618876	9.012644013480006
0.766233766233757	0.35776847833230385	9.013064687933456
0.7727272727272649	0.34724587602841694	9.013527834822993
0.7792207792207727	0.3367232737245287	9.014038981828136
0.7857142857142819	0.32620067142064024	9.014624607129422
0.7922077922077903	0.31567806911675034	9.015249082533982
0.7987012987012978	0.3051554668128597	9.01595190920021
0.8051948051948049	0.2946328645089686	9.016750422718026
0.8116883116883118	0.284110262205077	9.01761651973852
0.8181818181818185	0.2735876599011854	9.01858741156713
0.824675324675325	0.26306505759729376	9.01970517506623
0.8311688311688316	0.25254245529340197	9.02093107756044
0.837662337662338	0.24201985298951015	9.022324278124522
0.8441558441558445	0.23149725068561833	9.023928985368132
0.850649350649351	0.22097464838172665	9.02569964028114
0.8571428571428574	0.2104520460778349	9.027886312220831
0.8636363636363639	0.19992944377394326	9.030186186227214
0.8701298701298704	0.1894068414700515	9.033074634518576
0.9740259740259746	0.021045204607783505	9.441559272417514
0.876623376623377	0.1788842391661598	9.03629749565687
0.9675324675324679	0.03156780691167527	9.498839019182755
0.8831168831168835	0.16836163686226804	9.040119616703223
0.8896103896103903	0.15783903455837628	9.044904104350602
0.8961038961038966	0.14731643225448451	9.050379812442365
0.9025974025974033	0.13679382995059275	9.057059884574697
0.9090909090909097	0.12627122764670096	9.065838339679418
0.9610389610389616	0.042090409215567	9.498802187372005
0.954545454545455	0.05261301151945871	9.305740820422697
0.9480519480519485	0.06313561382335041	9.21048388371777
0.9415584415584419	0.07365821612724216	9.162246243775298
0.9350649350649354	0.0841808184311339	9.131891784728177
0.9155844155844162	0.11574862534280918	9.076211298863212
0.9285714285714289	0.09470342073502565	9.108102148184074
0.9220779220779226	0.10522602303891739	9.089385296912566
0.38961038961038896	0.9789547953922166	9.460433339031697
0.3961038961038954	0.9684321930883247	9.461320490564985
0.40259740259740184	0.957909590784433	9.453372894443723
0.40909090909090845	0.9473869884805414	9.278715526800704
0.41558441558441483	0.9368643861766496	9.199045360973871
0.4220779220779214	0.9263417838727577	9.158627263182238
0.42857142857142794	0.915819181568866	9.125409262528777
0.4350649350649345	0.9052965792649741	9.10336678957553
0.441558441558441	0.8947739769610824	9.087029053040153
0.4480519480519476	0.8842513746571906	9.07360253064759
0.45454545454545414	0.873728772353299	9.063195056170178
0.46103896103896086	0.8632061700494075	9.055256957026186
0.4675324675324677	0.8526835677455161	9.048590128365609
0.4740259740259745	0.8421609654416248	9.04310626709294
0.4805194805194812	0.8316383631377334	9.038663631185473
0.4870129870129876	0.8211157608338429	9.03488103601042
0.4935064935064935	0.8105931585299516	9.031666265017137
0.49999999999999856	0.8000705562260604	9.028843270051562
0.5064935064935041	0.7895479539221683	9.02648812935209
0.5129870129870097	0.7790253516182751	9.024404688288044
0.5194805194805164	0.7685027493143818	9.022626669710624
0.5259740259740254	0.7579801470104882	9.021035575981053
0.5324675324675374	0.7474575447065969	9.019677679169247
0.5389610389610516	0.7369349424027091	9.018440590048074
0.5454545454545681	0.72641234009883	9.01737034795225
0.5519480519480678	0.7158897377949461	9.016410756952089
0.5584415584415604	0.7053671354910688	9.015557138313477
0.5649350649350442	0.6948445331871826	9.014811847851364
0.5714285714285363	0.6843219308832874	9.014145684081912
0.5779220779220547	0.6737993285793892	9.013537110291791
0.5844155844156305	0.6632767262755126	9.013013116644963
0.5909090909092783	0.6527541239716671	9.012543119828711
0.5974025974029734	0.6422315216679347	9.01212926186466
0.6038961038966766	0.6317089193642739	9.011757021193743
0.6103896103902606	0.6211863170605864	9.011440437012801
0.6168831168835741	0.6106637147568175	9.011154277810618
0.6233766233765674	0.6001411124529296	9.010914394900915
0.6298701298693445	0.589618510148857	9.010710519581403
0.6363636478979128	0.5790959545230211	9.010536522531345
0.6428572047626483	0.5685734985012378	9.010390436591727
0.6493507154022718	0.5580510780705129	9.01027881866626
0.655844155842663	0.5475281009353251	9.010193162886027
0.6626108367546024	0.5369709329101243	9.010134045350108
0.6695295417983181	0.5263994032973915	9.010106045568795
0.67681577415313	0.5158221424405831	9.010103474487932
0.6842334897181699	0.5052617318047259	9.010122449723328
0.6916352362775652	0.49470537726010205	9.010165138107093
0.6990574424233409	0.4841563437908301	9.01022948823676
0.7065016982349293	0.47361556465413074	9.01031695941152
0.713690079735489	0.4630701091430353	9.010432642595292
0.7205176586215396	0.45252153091870273	9.010567252224346
0.7272299319297884	0.44197525412561817	9.010726888301598
0.7337604527699844	0.43143445119404317	9.01091789900287
0.7402586840066513	0.4209060259658763	9.01112939549808
0.7467531322251652	0.4103815633160491	9.011369804865808
0.7532467317745621	0.39985888717669454	9.011647317947576
0.759740259740232	0.3893362852439522	9.011949694068088
0.7662337662337513	0.3788136829400761	9.012287324730131
0.7727272727272623	0.36829108063619403	9.012670763664827
0.7792207792207703	0.35776847833230824	9.013089468516204
0.7857142857142793	0.3472458760284207	9.013550689040388
0.7922077922077877	0.33672327372453187	9.014059963413954
0.7987012987012961	0.32620067142064213	9.014643770699372
0.805194805194804	0.31567806911675145	9.015266493906195
0.8116883116883113	0.3051554668128604	9.015967640064956
0.8181818181818183	0.2946328645089688	9.016764545558503
0.824675324675325	0.2841102622050771	9.017629103580106
0.8311688311688318	0.2735876599011854	9.018598562947808
0.8376623376623383	0.26306505759729365	9.019715002439044
0.8441558441558445	0.2525424552934018	9.020939628459102
0.850649350649351	0.24201985298950998	9.022331638261237
0.8571428571428572	0.2314972506856183	9.023935235831454
0.8636363636363638	0.22097464838172665	9.025704881481518
0.8701298701298702	0.210452046077835	9.027890610858789
0.8766233766233767	0.19992944377394337	9.030189653362783
0.8831168831168834	0.18940684147005163	9.033077337328765
0.9870129870129876	0.0210452046077835	9.441532152894867
0.9805194805194809	0.03156780691167525	9.498816843949944
0.8896103896103903	0.17888423916615984	9.036299531194087
0.9740259740259747	0.042090409215567004	9.49878358011555
0.8961038961038966	0.16836163686226802	9.040121086039003
0.9025974025974033	0.15783903455837622	9.044904959203935
0.9090909090909097	0.1473164322544844	9.05038024055977
0.9155844155844162	0.13679382995059264	9.057059974461362
0.9220779220779226	0.12627122764670087	9.06583820869181
0.9675324675324678	0.05261301151945874	9.305759212903245
0.9610389610389615	0.06313561382335046	9.210490594990965
0.954545454545455	0.07365821612724219	9.16224965743232
0.9480519480519485	0.08418081843113395	9.131891676092119
0.9415584415584416	0.09470342073502568	9.10810170067105
0.9285714285714289	0.11574862534280912	9.076211019083571
0.9350649350649354	0.10522602303891741	9.089385034864891
0.402597402597402	0.9789547953922165	9.459947654648532
0.4090909090909084	0.9684321930883246	9.460656969968467
0.4155844155844149	0.9579095907844329	9.453216470459717
0.4220779220779215	0.9473869884805413	9.278457937809776
0.42857142857142794	0.9368643861766495	9.198787923465721
0.4350649350649345	0.9263417838727578	9.158392834187127
0.44155844155844104	0.9158191815688658	9.125201387592249
0.4480519480519476	0.9052965792649741	9.103183057515496
0.45454545454545414	0.8947739769610822	9.086869150755957
0.4610389610389607	0.8842513746571908	9.073464873070106
0.46753246753246724	0.8737287723532993	9.063077817048152
0.47402597402597396	0.8632061700494077	9.055158711216556
0.4805194805194808	0.8526835677455165	9.04850940725928
0.48701298701298723	0.8421609654416253	9.043041486010466
0.4935064935064933	0.8316383631377339	9.038613409331871
0.4999999999999991	0.8211157608338423	9.034844032930108
0.5064935064935049	0.8105931585299504	9.031641190890623
0.5129870129870108	0.800070556226058	9.028828723403798
0.5194805194805173	0.7895479539221651	9.026483197263017
0.525974025974025	0.7790253516182727	9.024408640394428
0.5324675324675343	0.7685027493143813	9.022638521537575
0.5389610389610447	0.7579801470104912	9.021054440462619
0.5454545454545562	0.7474575447066056	9.019702781380408
0.5519480519480593	0.736934942402718	9.01847123411389
0.5584415584415586	0.7264123400988339	9.017405853053042
0.5649350649350539	0.715889737794945	9.016450532038048
0.5714285714285534	0.7053671354910512	9.015600622999829
0.5779220779220668	0.6948445331871559	9.01485853099061
0.5844155844156101	0.6843219308832716	9.01419510069462
0.5909090909091907	0.6737993285794035	9.013588832065915
0.5974025974027964	0.6632767262755944	9.01306673611799
0.6038961038964067	0.6527541239718232	9.012598278265052
0.6103896103899095	0.6422315216681477	9.012185613641178
0.6168831168833492	0.631708919364428	9.011814262458879
0.6233766233766525	0.6211863170605666	9.011498260688809
0.6298701298698024	0.6106637147565342	9.011212433618054
0.6363636363629309	0.6001411124523454	9.010972618743565
0.6428571428562565	0.5896185101480357	9.010768584477555
0.6493506558063642	0.5790959391430254	9.010594211427287
0.6558441734300927	0.568573397395048	9.010447568891436
0.662337662338629	0.5580507032364245	9.010335198747017
0.6688311688274245	0.5475281009327084	9.010248603541378
0.6754801860328363	0.5369676655805093	9.010187958011032
0.6826277005938758	0.5263824260900029	9.010159565095293
0.6898370256315149	0.5158083531701791	9.010155271214664
0.6972303713816689	0.5052547012018316	9.010172619865896
0.704617074585541	0.49470275613022635	9.010213278879798
0.7120660563722581	0.4841609991932203	9.010275723915852
0.7195139274960365	0.47362817898837317	9.010361189260406
0.7265805154720816	0.46307577531439126	9.01047456866464
0.7335667486763868	0.4525261783764521	9.010607809804627
0.7401952875470638	0.4419723360984675	9.010765421610026
0.7467497438744936	0.431430745446768	9.010954638887013
0.753246660435392	0.4209041972893641	9.011164218801754
0.7597402190582102	0.41038151429649344	9.011402696806238
0.7662337594030247	0.3998588874297635	9.01167831093568
0.7727272727272543	0.38933628524396463	9.011978801085291
0.779220779220766	0.3788136829400839	9.012314563517753
0.7857142857142756	0.3682910806362003	9.01269615880892
0.7922077922077854	0.35776847833231273	9.013113054728295
0.7987012987012942	0.347245876028424	9.013572506817546
0.8051948051948026	0.33672327372453403	9.014080062820168
0.8116883116883105	0.3262006714206434	9.014662202056934
0.8181818181818176	0.3156780691167523	9.015283318354369
0.8246753246753249	0.3051554668128607	9.01598292432959
0.8311688311688319	0.2946328645089689	9.016778352411295
0.8376623376623384	0.284110262205077	9.017641499605219
0.844155844155845	0.2735876599011851	9.018609659918203
0.8506493506493511	0.2630650575972933	9.019724870582982
0.8571428571428571	0.25254245529340164	9.020948323005028
0.8636363636363634	0.24201985298950998	9.022339237514183
0.8701298701298699	0.23149725068561847	9.02394181295712
0.8766233766233767	0.22097464838172695	9.025710529030123
0.8831168831168834	0.21045204607783527	9.027895386336835
0.8896103896103901	0.1999294437739435	9.030193659042569
0.8961038961038966	0.1894068414700516	9.033080631092924
1.0000000000000007	0.0210452046077835	9.441504951058945
0.9935064935064939	0.031567806911675246	9.498795479664066
0.9870129870129877	0.042090409215567	9.498766115887408
0.9025974025974034	0.1788842391661597	9.036302194820996
0.9805194805194809	0.05261301151945874	9.305778098080296
0.9090909090909097	0.16836163686226785	9.040123212817177
0.9155844155844162	0.15783903455837603	9.044906617973256
0.9220779220779226	0.14731643225448424	9.050381459193224
0.9285714285714289	0.1367938299505925	9.057060831995367
0.9350649350649354	0.12627122764670073	9.065838738414493
0.9740259740259744	0.06313561382335046	9.210497848164813
0.9675324675324678	0.07365821612724222	9.16225337329393
0.9610389610389615	0.08418081843113397	9.131892378070246
0.9545454545454547	0.09470342073502576	9.108101832867192
0.9480519480519485	0.10522602303891744	9.089385397805678
0.9415584415584416	0.11574862534280915	9.076211368024913
0.415584415584415	0.9789547953922164	9.459504982269038
0.4220779220779215	0.9684321930883247	9.460070483312963
0.42857142857142794	0.957909590784433	9.453072288686018
0.4350649350649345	0.9473869884805413	9.278224543766894
0.44155844155844104	0.9368643861766496	9.19855438201988
0.4480519480519476	0.9263417838727577	9.15817934583531
0.45454545454545414	0.9158191815688658	9.125011351080282
0.4610389610389607	0.9052965792649741	9.103014411400173
0.46753246753246724	0.8947739769610825	9.086721757392391
0.47402597402597374	0.8842513746571911	9.073337425338737
0.4805194805194802	0.8737287723532995	9.062968757997185
0.4870129870129867	0.863206170049408	9.055066841676123
0.49350649350649306	0.8526835677455163	9.048433470664085
0.4999999999999992	0.8421609654416248	9.042980110433248
0.5064935064935053	0.8316383631377331	9.038565394111425
0.5129870129870114	0.8211157608338412	9.03480819388114
0.5194805194805178	0.810593158529949	9.031616451195974
0.5259740259740249	0.8000705562260566	9.028813797530745
0.5324675324675325	0.7895479539221647	9.026477144941026
0.538961038961041	0.7790253516182739	9.024410850692393
0.5454545454545501	0.7685027493143852	9.02264817607332
0.5519480519480549	0.7579801470104953	9.021070709174396
0.5584415584415579	0.7474575447066072	9.019724947045992
0.5649350649350586	0.7369349424027171	9.018498662555906
0.571428571428562	0.7264123400988244	9.017437913305413
0.5779220779220725	0.7158897377949308	9.016486674757557
0.5844155844155986	0.7053671354910431	9.015640325198456
0.590909090909144	0.6948445331871635	9.014901313821587
0.5974025974027027	0.6843219308833142	9.014240526888232
0.6038961038962637	0.6737993285794844	9.013636497004212
0.6103896103897697	0.663276726275705	9.013116254892354
0.6168831168832426	0.652754123971904	9.012649309934678
0.6233766233765362	0.6422315216681096	9.012237830216622
0.6298701298699206	0.6317089193641814	9.011867373483767
0.6363636363632782	0.6211863170601268	9.011551975133804
0.6428571428567015	0.6106637147559872	9.011266510564795
0.649350649350313	0.6001411124518249	9.011026807585806
0.6558441558441918	0.5896185101477277	9.010822668186556
0.6623376632934873	0.5790959149771097	9.010647982747331
0.6688311688328619	0.5685733055405374	9.01050085587306
0.6753246753274591	0.5580507032384042	9.010387814996058
0.6818181818305661	0.547528100937953	9.010300360187601
0.6886047899950075	0.5369453765689297	9.010239192898958
0.6955446193298297	0.526355877630108	9.01020886443194
0.702861553543837	0.515801440604144	9.010203729803932
0.7102175984636626	0.5052501962446652	9.010219560645234
0.7176038207526824	0.49470202916746264	9.010258376110352
0.7250581449047596	0.48416277659420204	9.010318995731495
0.7323856386939777	0.47362104848185965	9.010402368286707
0.7396528104071534	0.4630773153871419	9.010514515146815
0.7465611134295864	0.4525152046380299	9.010645933826822
0.7532151396527205	0.4419603929549228	9.010801946663664
0.7597402187696036	0.4314267968619907	9.010989243339024
0.766233743720621	0.4209041099780346	9.01119701702072
0.7727272603502823	0.41038149592477696	9.01143375304878
0.7792207772887304	0.3998588875144575	9.011707623973033
0.7857142857142693	0.3893362852439762	9.012006382547598
0.7922077922077816	0.3788136829400921	9.012340430381583
0.7987012987012915	0.3682910806362049	9.012720334278058
0.8051948051948005	0.357768478332316	9.013135571215914
0.8116883116883088	0.3472458760284262	9.013593401952322
0.8181818181818169	0.3367232737245356	9.014099382858538
0.8246753246753248	0.3262006714206444	9.014679993049741
0.8311688311688323	0.3156780691167526	9.01529963716325
0.8376623376623392	0.3051554668128605	9.015997831731667
0.8441558441558455	0.2946328645089683	9.016791901610672
0.8506493506493515	0.28411026220507635	9.017653762677197
0.8571428571428571	0.27358765990118467	9.018620739426746
0.863636363636363	0.2630650575972933	9.019734807200464
0.8701298701298693	0.25254245529340197	9.020957180121599
0.8766233766233761	0.24201985298951056	9.022347086048326
0.8831168831168831	0.23149725068561908	9.023948718244476
1.0129870129870138	0.021045204607783495	9.441477532156044
0.8896103896103904	0.22097464838172728	9.025716575380939
0.8961038961038971	0.2104520460778353	9.027900623018253
0.9025974025974036	0.19992944377394326	9.03019818059684
0.90909090909091	0.18940684147005124	9.033084485121337
1.006493506493507	0.031567806911675246	9.498774753078806
1.0000000000000007	0.042090409215567	9.498750122446781
0.9935064935064939	0.052613011519458734	9.3057970009636
0.9155844155844163	0.17888423916615936	9.036305459204504
0.9870129870129875	0.06313561382335046	9.210505575383364
0.9220779220779226	0.16836163686226757	9.040125961967021
0.9285714285714288	0.15783903455837586	9.0449088966868
0.9350649350649353	0.14731643225448426	9.0503833526494
0.9415584415584416	0.13679382995059255	9.057062423111352
0.9480519480519485	0.12627122764670087	9.065839993713261
0.9805194805194809	0.0736582161272422	9.162257388769648
0.9740259740259745	0.08418081843113398	9.131893753338959
0.9675324675324678	0.09470342073502573	9.108102485647604
0.9610389610389615	0.1052260230389175	9.089386334834755
0.9545454545454548	0.11574862534280923	9.076212368430804
0.428571428571428	0.9789547953922164	9.459101405046747
0.4350649350649345	0.9684321930883247	9.459550672589161
0.44155844155844104	0.9579095907844329	9.45293982647083
0.4480519480519475	0.9473869884805413	9.278013049454911
0.45454545454545414	0.9368643861766496	9.198342436601209
0.4610389610389607	0.9263417838727577	9.157984891852976
0.46753246753246724	0.915819181568866	9.124837642962929
0.47402597402597374	0.9052965792649741	9.102859684860967
0.4805194805194801	0.8947739769610826	9.08658600935432
0.4870129870129866	0.8842513746571912	9.073219580813328
0.49350649350649295	0.8737287723532997	9.062867487589736
0.4999999999999993	0.8632061700494078	9.054981133951914
0.5064935064935057	0.8526835677455159	9.048362253414766
0.5129870129870119	0.8421609654416241	9.042922194016812
0.5194805194805182	0.8316383631377323	9.038519720814035
0.5259740259740249	0.8211157608338405	9.03477374015935
0.532467532467532	0.8105931585299486	9.03159225666841
0.5389610389610393	0.800070556226057	9.02879879573728
0.5454545454545462	0.7895479539221659	9.026470355452537
0.5519480519480524	0.7790253516182761	9.024411698594408
0.5584415584415572	0.7685027493143856	9.022656014810245
0.5649350649350607	0.7579801470104944	9.021084776238544
0.5714285714285657	0.7474575447066023	9.01974457255718
0.5779220779220747	0.7369349424027098	9.018523269628867
0.5844155844155918	0.7264123400988202	9.0174669187557
0.5909090909091189	0.7158897377949348	9.016519569040282
0.597402597402653	0.7053671354910653	9.015676621311632
0.603896103896188	0.6948445331872056	9.014940564312068
0.6103896103896949	0.684321930883372	9.014282321718376
0.6168831168831842	0.6737993285795273	9.013680455209524
0.6233766233765803	0.6632767262756865	9.013162013959935
0.6298701298700241	0.6527541239717775	9.01269654709561
0.6363636363634552	0.6422315216678067	9.012286235279916
0.6428571428569213	0.6317089193637951	9.01191667002629
0.6493506493504831	0.6211863170597701	9.01160188817151
0.655844155844182	0.610663714755771	9.011316809499403
0.6623376623380243	0.6001411124518531	9.01107725529406
0.6688311688319611	0.5896185101480795	9.0108730580601
0.6753246753258787	0.5790959078446597	9.010698119024179
0.681818181819945	0.5685733055419938	9.01055057416531
0.6883116883153275	0.558050703240808	9.010436940839964
0.694805194812226	0.5475281009437678	9.010348710492508
0.7015297545549958	0.536926392534573	9.010286352568526
0.7086234585993751	0.5263564440892878	9.010255636935314
0.7158418944773111	0.5157968871406524	9.010248955509928
0.7231887064588313	0.5052475097889976	9.010263482788654
0.730587135526079	0.49470121414986035	9.010300624705957
0.7380296799860926	0.48415971751393405	9.010359548581624
0.7454604311336354	0.47362138504619483	9.01044158346784
0.7527042067670586	0.4630700125882554	9.010552073733622
0.7594981209896687	0.4525094605605171	9.010681601212768
0.7662068722796793	0.4419549845867422	9.010836186587653
0.7727272693183194	0.4314266944005098	9.011021813684463
0.7792207718024905	0.42090409645145055	9.011227998730208
0.7857142822316329	0.41038149118865874	9.011463139075403
0.7922077917036753	0.39985888753915483	9.011735412735918
0.7987012987012866	0.3893362852439843	9.012032584593625
0.8051948051947969	0.378813682940097	9.012365061712906
0.811688311688306	0.36829108063620847	9.012743416491064
0.8181818181818152	0.3577684783323189	9.013157134302814
0.8246753246753241	0.3472458760284282	9.013613480555021
0.8311688311688328	0.3367232737245365	9.014118019313658
0.8376623376623403	0.3262006714206441	9.01469722933669
0.8441558441558468	0.3156780691167514	9.015315525986837
0.8506493506493521	0.30515546681285904	9.016012426376408
0.8571428571428571	0.29463286450896736	9.016805249134123
0.8636363636363623	0.28411026220507624	9.017665944221344
0.8701298701298684	0.27358765990118533	9.018631830047424
0.8766233766233752	0.2630650575972944	9.01974483966265
0.8831168831168829	0.2525424552934031	9.020966217823293
0.8896103896103904	0.24201985298951123	9.022355193219004
0.8961038961038975	0.2314972506856192	9.023955952533074
1.0259740259740269	0.02104520460778349	9.441449779873471
1.0194805194805199	0.031567806911675246	9.498754548673501
0.9025974025974043	0.2209746483817269	9.025723013443555
0.9090909090909108	0.21045204607783474	9.027906305966598
0.9155844155844167	0.19992944377394273	9.030203194963434
0.9220779220779226	0.18940684147005094	9.033088871479235
1.0129870129870135	0.042090409215567	9.498735873079992
1.0064935064935068	0.052613011519458734	9.305815519618847
1.0000000000000004	0.06313561382335048	9.210513621796808
0.9285714285714287	0.17888423916615925	9.036309286219707
0.9935064935064939	0.0736582161272422	9.16226174020265
0.935064935064935	0.16836163686226766	9.040129296021652
0.9415584415584412	0.15783903455837603	9.044911777178553
0.948051948051948	0.14731643225448446	9.050385836548841
0.9545454545454547	0.13679382995059272	9.057064601266733
0.9610389610389615	0.12627122764670098	9.065841856278633
0.9870129870129875	0.08418081843113394	9.131895725731793
0.9805194805194809	0.09470342073502569	9.108103628301807
0.9740259740259746	0.10522602303891745	9.089387809537426
0.9675324675324678	0.11574862534280923	9.07621399120764
0.44155844155844104	0.9789547953922165	9.458732565984917
0.4480519480519475	0.9684321930883247	9.459088603646324
0.45454545454545414	0.9579095907844329	9.452818540894802
0.4610389610389605	0.9473869884805414	9.277821371069978
0.4675324675324672	0.9368643861766497	9.198149998157719
0.47402597402597374	0.926341783872758	9.157807724394315
0.4805194805194802	0.9158191815688661	9.124678858316159
0.48701298701298656	0.9052965792649744	9.102717772568546
0.4935064935064929	0.8947739769610827	9.086461067307575
0.49999999999999933	0.8842513746571911	9.073110728529796
0.5064935064935057	0.8737287723532994	9.062773586308866
0.5129870129870121	0.8632061700494075	9.054901330707056
0.5194805194805187	0.8526835677455157	9.048295634245923
0.5259740259740252	0.8421609654416239	9.042867719960583
0.5324675324675319	0.8316383631377322	9.038476467654666
0.5389610389610386	0.8211157608338406	9.034740819361632
0.5454545454545456	0.8105931585299493	9.031568793158321
0.5519480519480515	0.800070556226058	9.028783925717804
0.558441558441557	0.7895479539221664	9.026463110093147
0.5649350649350618	0.7790253516182748	9.024411501600452
0.5714285714285673	0.7685027493143829	9.022662356239813
0.5779220779220752	0.7579801470104907	9.021096974423031
0.5844155844155875	0.7474575447066002	9.019761997797673
0.590909090909105	0.736934942402712	9.018545397161175
0.5974025974026264	0.7264123400988317	9.017493210850946
0.603896103896148	0.7158897377949569	9.016549553957047
0.6103896103896552	0.7053671354910955	9.015709846451172
0.6168831168831526	0.694844533187228	9.01497661249955
0.6233766233766016	0.6843219308833632	9.014320809431206
0.629870129870075	0.673799328579462	9.013721024813146
0.636363636363542	0.6632767262755291	9.013204324953705
0.6428571428570306	0.6527541239715783	9.012740294975357
0.6493506493505746	0.6422315216676275	9.012331127584586
0.655844155844192	0.6317089193636952	9.011962444738332
0.6623376623378743	0.6211863170597975	9.011648286210649
0.6688311688316032	0.6106637147559634	9.01136361117054
0.675324675325375	0.6001411124522398	9.011124236879139
0.6818181818190711	0.5896185101486432	9.010920023831744
0.6883116883124935	0.5790959078452712	9.010744883427472
0.6948051948054962	0.5685733055424945	9.010596980103431
0.7012987012962206	0.5580507032403011	9.01048281976408
0.7077998849130429	0.5475232598471008	9.010393882887051
0.7145692671962541	0.5369268302789707	9.010330972493358
0.7215748794277251	0.5263540004265019	9.01029897111401
0.7287577054759158	0.5157927839871059	9.010291128036359
0.7361742920186084	0.505247988523924	9.010304708140495
0.7435801198402706	0.4946981949333403	9.010340308596122
0.7510361057355375	0.4841518206648966	9.010397751337463
0.7584650377334969	0.47360749606361835	9.010478335620462
0.7655896070590443	0.46305559074524744	9.010587055368033
0.7725259921781671	0.45250076652876614	9.01071548394789
0.7792061284798113	0.4419517213429971	9.010868492608436
0.7857142834311698	0.4314266953609502	9.011052596668423
0.7922077898433332	0.420904093219425	9.011257329392832
0.7987012977727445	0.41038149012677744	9.011491010231923
0.8051948050708021	0.3998588875457329	9.011761823158706
0.8116883116883008	0.3893362852439899	9.012057544146787
0.8181818181818113	0.37881368294010215	9.0123885851964
0.8246753246753227	0.36829108063621274	9.012765523742766
0.8311688311688338	0.3577684783323212	9.013177852789982
0.837662337662343	0.34724587602842805	9.013632841809452
0.8441558441558498	0.33672327372453426	9.014136061720903
0.8506493506493539	0.3262006714206411	9.014713991121468
0.8571428571428571	0.31567806911674906	9.01533105515846
0.8636363636363606	0.3051554668128584	9.016026767735712
0.870129870129866	0.29463286450896836	9.01681845055193
0.8766233766233732	0.28411026220507835	9.01767808790615
0.883116883116882	0.27358765990118755	9.01864295653806
0.8896103896103904	0.26306505759729587	9.019754992440129
0.8961038961038984	0.2525424552934034	9.020975452814843
0.9025974025974054	0.24201985298951065	9.022363567564964
0.9090909090909115	0.23149725068561802	9.023963516523816
1.0389610389610398	0.021045204607783488	9.441421592428325
1.032467532467533	0.031567806911675246	9.498734795633995
1.0259740259740266	0.042090409215567	9.498723558674426
0.915584415584417	0.22097464838172587	9.025729836235838
0.9220779220779228	0.210452046077834	9.027912420835476
0.9285714285714285	0.19992944377394242	9.030208681368096
0.9350649350649347	0.18940684147005088	9.033093761138302
1.0194805194805199	0.052613011519458734	9.305833324291227
1.0129870129870135	0.06313561382335048	9.210521792874372
1.0064935064935068	0.07365821612724222	9.162266464188589
0.941558441558441	0.17888423916615956	9.036313640755303
1.0000000000000004	0.08418081843113392	9.131898197331717
0.9480519480519478	0.168361636862268	9.040133174711082
0.9545454545454546	0.15783903455837625	9.044915208751718
0.9610389610389612	0.14731643225448454	9.05038887302999
0.9675324675324678	0.13679382995059278	9.057067322762407
0.9740259740259746	0.12627122764670098	9.065844239564186
0.9935064935064939	0.09470342073502565	9.108105210017873
0.9870129870129877	0.10522602303891739	9.089389796391231
0.9805194805194809	0.11574862534280916	9.07621615724834
0.4545454545454539	0.9789547953922165	9.458394482274576
0.4610389610389606	0.9684321930883246	9.458676512139391
0.467532467532467	0.957909590784433	9.452707846876613
0.4740259740259735	0.9473869884805416	9.277647611536649
0.48051948051947996	0.9368643861766497	9.197975172731716
0.4870129870129865	0.9263417838727578	9.157646246370795
0.49350649350649295	0.9158191815688661	9.124533697232089
0.49999999999999933	0.9052965792649742	9.10258763577719
0.5064935064935058	0.8947739769610824	9.08634612629612
0.5129870129870122	0.8842513746571908	9.07301026535289
0.5194805194805187	0.8737287723532993	9.062686622315246
0.5259740259740252	0.8632061700494074	9.054827146992237
0.5324675324675319	0.8526835677455155	9.048233449758753
0.5389610389610385	0.8421609654416242	9.042816626622495
0.5454545454545451	0.8316383631377327	9.038435661331901
0.5519480519480513	0.821115760833841	9.034709515609991
0.5584415584415573	0.8105931585299494	9.031546214966736
0.5649350649350627	0.8000705562260574	9.028769340577739
0.5714285714285684	0.789547953922165	9.026455628943175
0.5779220779220754	0.7790253516182727	9.024410524256126
0.5844155844155846	0.7685027493143816	9.022667465659602
0.5909090909090969	0.7579801470104917	9.021107583099614
0.5974025974026115	0.7474575447066062	9.01977751341216
0.6038961038961262	0.7369349424027235	9.018565341339285
0.6103896103896337	0.7264123400988477	9.017517088524095
0.6168831168831357	0.7158897377949688	9.016576929061925
0.6233766233766123	0.7053671354910911	9.015740299083165
0.629870129870101	0.6948445331871943	9.015009754505416
0.6363636363635862	0.684321930883281	9.0143562829178
0.6428571428570828	0.6737993285793573	9.01375849494086
0.6493506493506115	0.6632767262754348	9.013243472681603
0.6558441558441869	0.6527541239715297	9.012780833929169
0.6623376623378049	0.6422315216676565	9.01237278279436
0.6688311688314404	0.6317089193638185	9.012004968741687
0.6753246753250588	0.6211863170600103	9.011691435533988
0.6818181818186605	0.6106637147562696	9.011407177404072
0.6883116883123402	0.6001411124526774	9.011168009609387
0.6948051948055678	0.5896185101489887	9.010963818063013
0.7012987012984767	0.5790959078453572	9.01078852430305
0.7077922077902025	0.5685733055416358	9.010640318457382
0.7142857142790952	0.5580507032367176	9.010525696388298
0.720791520175007	0.5475199407831886	9.010436139918255
0.7274905175522326	0.5369321448031646	9.010372375604893
0.7344894806636365	0.5263622319307695	9.010339503732311
0.7417968158268402	0.5158046325981427	9.010331076756005
0.7491758868635815	0.50524840225992	9.010343456940921
0.7565856658460998	0.49469063390243084	9.010377627539976
0.7640476048992488	0.4841393336240465	9.010433699328578
0.7713779147638511	0.4735945239427297	9.010512705620288
0.7785664422988532	0.4630488075787174	9.010620210614574
0.7855619471217238	0.4524980272475228	9.010747424090132
0.7922077922077356	0.4419492967636116	9.010899036826636
0.7987012977853958	0.43142669483418383	9.01108175146601
0.8051948044881412	0.4209040924114122	9.01128516207055
0.8116883114511245	0.41038148990588524	9.011517511423383
0.8181818181526537	0.3998588875473817	9.011786992148364
0.8246753246753197	0.3893362852439986	9.012081389627104
0.8311688311688356	0.37881368294010764	9.012411120599348
0.8376623376623483	0.36829108063621313	9.012786766975886
0.8441558441558555	0.35776847833231695	9.01319782869607
0.8506493506493578	0.3472458760284218	9.013651578689618
0.8571428571428575	0.3367232737245291	9.014153594123014
0.8636363636363579	0.3262006714206391	9.014730353691538
0.8701298701298615	0.3156780691167507	9.015346289971475
0.876623376623369	0.30515546681286243	9.016040912796202
0.8831168831168793	0.29463286450897275	9.016831561632777
0.8896103896103903	0.28411026220508123	9.017690228286376
0.8961038961039002	0.27358765990118833	9.0186541521163
0.9025974025974076	0.26306505759729476	9.01976528905067
0.9090909090909137	0.25254245529340136	9.020984900811428
0.9155844155844184	0.24201985298950868	9.022372217141394
0.922077922077923	0.2314972506856167	9.023971410787679
1.0519480519480529	0.02104520460778349	9.44139286055344
1.045454545454546	0.031567806911675246	9.498715472499972
1.0389610389610398	0.042090409215567	9.49871327136656
1.032467532467533	0.052613011519458734	9.305850167667073
0.9285714285714284	0.22097464838172534	9.025737037116512
0.9350649350649342	0.21045204607783427	9.027918954258679
0.9415584415584406	0.19992944377394298	9.030214619382079
0.9480519480519473	0.1894068414700515	9.033099127849098
1.0259740259740266	0.06313561382335048	9.210529888451978
1.0194805194805199	0.07365821612724223	9.162271535586884
1.0129870129870135	0.08418081843113395	9.131901079849909
0.9545454545454541	0.1788842391661599	9.036318490780753
1.006493506493507	0.09470342073502568	9.10810719680863
0.9610389610389612	0.1683616368622681	9.040137558396127
0.9675324675324679	0.15783903455837628	9.044919148967681
0.9740259740259746	0.14731643225448446	9.05039241474924
0.9805194805194809	0.13679382995059264	9.057070541085558
0.9870129870129877	0.12627122764670082	9.065847100464099
1.0000000000000007	0.10522602303891741	9.089392242115439
0.993506493506494	0.11574862534280907	9.076218782639723
0.4675324675324669	0.9789547953922164	9.45808376160093
0.47402597402597346	0.9684321930883246	9.45830765599584
0.4805194805194799	0.9579095907844332	9.452607133739106
0.4870129870129864	0.9473869884805416	9.277490045871225
0.49350649350649284	0.9368643861766497	9.197816247574856
0.49999999999999933	0.9263417838727578	9.157499003394404
0.5064935064935058	0.915819181568866	9.124400962851837
0.5129870129870123	0.9052965792649741	9.102468305146566
0.5194805194805189	0.8947739769610822	9.086240422025528
0.5259740259740252	0.8842513746571908	9.072917605250893
0.5324675324675319	0.8737287723532993	9.062606162645098
0.5389610389610383	0.8632061700494075	9.054758281216392
0.5454545454545449	0.8526835677455159	9.04817550953466
0.5519480519480512	0.8421609654416244	9.042768818746
0.5584415584415575	0.8316383631377325	9.038397282688962
0.5649350649350634	0.8211157608338406	9.034679870120797
0.5714285714285695	0.8105931585299485	9.031524623597472
0.5779220779220758	0.800070556226056	9.028755144705771
0.5844155844155834	0.789547953922164	9.026448077778333
0.5909090909090926	0.7790253516182729	9.024408983825962
0.5974025974026032	0.7685027493143842	9.022671566093932
0.6038961038961141	0.7579801470104975	9.021116837787742
0.6103896103896215	0.7474575447066146	9.019791368024874
0.6168831168831261	0.7369349424027298	9.018583358763031
0.6233766233766174	0.7264123400988456	9.017538813508994
0.6298701298701145	0.7158897377949515	9.016601959087241
0.6363636363636095	0.7053671354910481	9.015768245158291
0.6428571428571103	0.6948445331871396	9.015040256143612
0.6493506493506286	0.6843219308832306	9.014389006849655
0.655844155844172	0.6737993285793301	9.01379312843129
0.6623376623377437	0.6632767262754494	9.013279717471258
0.6688311688313394	0.6527541239716038	9.012818421466578
0.6753246753249323	0.6422315216677941	9.012411455226555
0.6818181818184854	0.6317089193640008	9.012044493117353
0.6883116883119702	0.621186317060204	9.011731583597317
0.6948051948053836	0.6106637147565069	9.011447752229776
0.7012987012986232	0.6001411124527818	9.011208813696491
0.7077922077918647	0.5896185101489011	9.011004677155709
0.7142857142847229	0.5790959078448131	9.010829273877222
0.7207792207771256	0.5685733055402636	9.010680816325918
0.7272727272703784	0.5580507032342579	9.010565794866771
0.733782612074564	0.5475226133533546	9.010475738459755
0.740474314513243	0.5369526773589463	9.010411451103698
0.7475081449046748	0.5263777813695167	9.010377842657519
0.7547950739906356	0.5158076811134997	9.010368443066428
0.7621660098606803	0.5052447908408008	9.010379843488472
0.7695908812351635	0.49468385424637074	9.01041271661194
0.7770156270059191	0.484130785718989	9.01046743219307
0.7843739280831831	0.4735894547395167	9.010545279209824
0.7916542728090286	0.4630500245284482	9.010651713963531
0.7984903850203223	0.4525023784840278	9.010777316681384
0.8051948051949364	0.4419492967634837	9.010927912369212
0.8116884935415953	0.4314266474185846	9.011109434896364
0.8181820683420948	0.42090401529350596	9.0113116425336
0.8246754382836761	0.41038144091236956	9.011542780900134
0.8311688506094065	0.39985887509904755	9.011811048835495
0.837662337662359	0.38933628524400027	9.012104241836619
0.8441558441558684	0.3788136829400995	9.012432780535953
0.850649350649367	0.3682910806362001	9.01280725051552
0.8571428571428594	0.35776847833230563	9.013217157944885
0.8636363636363532	0.3472458760284169	9.013669778661674
0.8701298701298533	0.3367232737245316	9.014170695751583
0.8766233766233609	0.32620067142064674	9.014746387691929
0.8831168831168742	0.3156780691167594	9.015361291344531
0.8896103896103892	0.3051554668128686	9.016054918734474
0.8961038961039023	0.2946328645089747	9.016844631406416
0.9025974025974118	0.28411026220507946	9.017702392089582
0.9090909090909175	0.27358765990118455	9.018665446051761
0.9155844155844207	0.263065057597291	9.019775751994615
0.9220779220779237	0.25254245529339886	9.020994576850354
0.9285714285714275	0.24201985298950782	9.022381149681047
0.9350649350649332	0.2314972506856171	9.023979635987876
1.0649350649350657	0.021045204607783502	9.441363420674394
1.0584415584415592	0.03156780691167525	9.498696635898257
1.0519480519480529	0.042090409215567	9.498704982407908
1.045454545454546	0.052613011519458734	9.30586588063043
1.0389610389610398	0.06313561382335048	9.210537722601275
0.9415584415584398	0.2209746483817263	9.025744609973197
0.9480519480519467	0.2104520460778351	9.027925893435322
0.954545454545454	0.19992944377394353	9.030220990085008
0.961038961038961	0.18940684147005168	9.033104946753268
1.032467532467533	0.07365821612724223	9.162276885575237
1.0259740259740266	0.08418081843113397	9.131904336223984
1.0194805194805199	0.09470342073502569	9.108109552860272
0.9675324675324677	0.17888423916615973	9.036323805395488
1.0129870129870135	0.10522602303891743	9.089395084584412
0.9740259740259746	0.16836163686226782	9.040142412226402
0.9805194805194809	0.15783903455837597	9.04492355832585
0.9870129870129877	0.14731643225448418	9.050396418307962
0.993506493506494	0.1367938299505925	9.057074209543492
1.0000000000000007	0.12627122764670076	9.06585039202629
1.006493506493507	0.11574862534280912	9.076221823357885
0.4805194805194799	0.9789547953922165	9.457797489292053
0.48701298701298634	0.9684321930883248	9.45797621952717
0.4935064935064928	0.9579095907844332	9.452515790533667
0.4999999999999993	0.9473869884805416	9.277347113345472
0.5064935064935058	0.9368643861766497	9.197671678912938
0.5129870129870122	0.9263417838727577	9.157364675306807
0.5194805194805188	0.9158191815688658	9.124279557904202
0.5259740259740253	0.9052965792649741	9.102358881144356
0.5324675324675318	0.8947739769610825	9.086143234630482
0.5389610389610383	0.884251374657191	9.072832185652102
0.5454545454545446	0.8737287723532995	9.062531780798913
0.5519480519480512	0.8632061700494078	9.054694424644444
0.5584415584415574	0.8526835677455161	9.048121606342988
0.5649350649350636	0.8421609654416239	9.0427241748675
0.57142857142857	0.8316383631377318	9.03836128005394
0.5779220779220765	0.8211157608338397	9.03465189463815
0.5844155844155835	0.8105931585299478	9.031504080399374
0.5909090909090909	0.800070556226056	9.028741426257325
0.597402597402599	0.7895479539221651	9.026440569886374
0.6038961038961076	0.7790253516182757	9.024407045218233
0.6103896103896144	0.7685027493143887	9.022674844541413
0.6168831168831201	0.7579801470105011	9.02112493781948
0.6233766233766194	0.7474575447066139	9.019803774606643
0.6298701298701213	0.736934942402721	9.018599671861736
0.6363636363636217	0.7264123400988233	9.017558615058336
0.642857142857125	0.7158897377949227	9.01662487810036
0.6493506493506376	0.7053671354910218	9.015793921786097
0.6558441558441636	0.6948445331871241	9.015068356157217
0.6623376623377063	0.6843219308832369	9.014419220516388
0.6688311688312609	0.6737993285793679	9.013825164318094
0.6753246753248217	0.6632767262755223	9.013313297334294
0.6818181818183852	0.6527541239717157	9.012853294137834
0.6883116883119013	0.6422315216679227	9.012447379489286
0.694805194805353	0.6317089193641098	9.012081250344862
0.7012987012987223	0.6211863170602534	9.011768960292587
0.7077922077920159	0.6106637147563627	9.011485562952581
0.7142857142852801	0.6001411124524174	9.011246873537756
0.7207792207786102	0.5896185101483714	9.011042822505294
0.7272727272720988	0.5790959078441974	9.010867350248326
0.733766233766168	0.5685733055398646	9.01071869050291
0.7402597402621618	0.5580507032355888	9.01060332724981
0.7467730869083271	0.5475238965954916	9.01051282626444
0.7534930757744494	0.5369620520073035	9.010448116713391
0.7605617890925633	0.5263792449252715	9.010413852380507
0.7677284150110832	0.5158027924177669	9.010403389164923
0.7751784437348516	0.5052389645300782	9.010414133012803
0.7826070080741482	0.49467119546368066	9.010445816014906
0.7900128537150005	0.484128372902499	9.01049930305799
0.7973669714240862	0.4735899346275434	9.010576007515509
0.8045479559979363	0.4630504117006103	9.01068109641112
0.8115569697753376	0.45250222600670575	9.010806008364133
0.8181818181818659	0.4419492967634004	9.010955350299122
0.82467664040878	0.4314263790257042	9.011135791442575
0.8311699795391781	0.4209037340487962	9.011336910716677
0.8376627144147277	0.41038133201582155	9.011566947527525
0.8441558441558978	0.39985888754790605	9.011834113511762
0.850649350649387	0.38933628524397396	9.012126214570644
0.857142857142866	0.3788136829400754	9.012453671156097
0.8636363636363457	0.3682910806361884	9.012827072733069
0.8701298701298373	0.3577684783323092	9.013235931016949
0.8766233766233446	0.34724587602843116	9.013687524374618
0.8831168831168639	0.33672327372454863	9.014187441531602
0.8896103896103869	0.3262006714206592	9.014762159301613
0.8961038961039066	0.3156780691167638	9.01537611811163
0.9025974025974189	0.3051554668128656	9.016068844502193
0.9090909090909239	0.2946328645089678	9.01685769643121
0.9155844155844252	0.28411026220507235	9.017714616375727
0.9220779220779253	0.2735876599011798	9.018676867041451
0.9285714285714269	0.2630650575972893	9.0197864028858
0.935064935064931	0.2525424552933996	9.021004495439898
0.9415584415584376	0.2420198529895096	9.0223903727795
0.9480519480519455	0.23149725068561885	9.023988193025657
1.0779220779220788	0.0210452046077835	9.441333045770191
1.071428571428572	0.03156780691167526	9.498678490005128
1.0649350649350657	0.042090409215567	9.498698540674503
1.0584415584415592	0.052613011519458734	9.305880351582068
1.0519480519480529	0.06313561382335048	9.210545146721644
1.045454545454546	0.07365821612724223	9.162282434347183
0.9545454545454536	0.22097464838172734	9.025752549197803
0.961038961038961	0.2104520460778354	9.027933226591884
0.967532467532468	0.1999294437739433	9.030227775716627
0.9740259740259747	0.18940684147005127	9.033111194392275
1.0389610389610398	0.08418081843113397	9.131907917857623
1.032467532467533	0.09470342073502573	9.108112227413047
1.0259740259740266	0.10522602303891747	9.089398262119564
0.9805194805194811	0.17888423916615934	9.036329556257314
1.0194805194805199	0.11574862534280918	9.076225232385232
0.9870129870129875	0.1683616368622675	9.040147703102702
0.9935064935064939	0.15783903455837578	9.04492839967317
1.0000000000000007	0.14731643225448407	9.05040084284831
1.0064935064935068	0.1367938299505925	9.05707828463819
1.0129870129870135	0.12627122764670087	9.065854066570248
0.4935064935064928	0.9789547953922165	9.457533174343899
0.4999999999999992	0.9684321930883247	9.457677202748142
0.5064935064935058	0.9579095907844332	9.452433221248247
0.5129870129870122	0.9473869884805414	9.277217407023272
0.5194805194805188	0.9368643861766496	9.19754007925861
0.5259740259740253	0.9263417838727577	9.157242066859494
0.5324675324675319	0.915819181568866	9.12416847990628
0.5389610389610382	0.9052965792649745	9.102258532666626
0.5454545454545446	0.894773976961083	9.086053890395641
0.5519480519480511	0.8842513746571911	9.072753471285301
0.5584415584415574	0.8737287723532994	9.062463062289465
0.5649350649350638	0.8632061700494078	9.054635268468004
0.5714285714285704	0.8526835677455157	9.048071523080194
0.5779220779220768	0.8421609654416237	9.042682555366339
0.5844155844155836	0.8316383631377317	9.038327580367115
0.5909090909090906	0.8211157608338399	9.034625575225617
0.5974025974025979	0.8105931585299483	9.031484613058018
0.6038961038961052	0.800070556226057	9.028728259097948
0.6103896103896114	0.7895479539221673	9.026433189361468
0.6168831168831171	0.7790253516182778	9.024404832454303
0.6233766233766191	0.7685027493143886	9.022677455040247
0.629870129870124	0.7579801470104967	9.02113205092679
0.6363636363636279	0.7474575447066022	9.019814915327268
0.6428571428571328	0.7369349424027062	9.018614473480953
0.6493506493506425	0.7264123400988094	9.017576694085703
0.6558441558441592	0.7158897377949146	9.016645893187087
0.662337662337685	0.7053671354910249	9.015817540505502
0.6688311688312177	0.6948445331871431	9.015094269117638
0.6753246753247568	0.684321930883276	9.014447140387816
0.6818181818182909	0.6737993285794266	9.013854820091202
0.6883116883118108	0.6632767262755896	9.013344429955302
0.6948051948053092	0.6527541239717884	9.012885669283756
0.7012987012987613	0.6422315216679516	9.012480772023428
0.7077922077921555	0.631708919364068	9.012115455665947
0.7142857142855217	0.6211863170601194	9.011803779134484
0.7207792207789193	0.6106637147561106	9.011520821269409
0.727272727272441	0.6001411124520734	9.0112823986137
0.7337662337661975	0.5896185101480803	9.011078461059784
0.7402597402603286	0.5790959078442436	9.010902958113157
0.7467532467550816	0.5685733055407747	9.0107541417447
0.75324675325045	0.5580507032380461	9.010638493032324
0.7597795651992334	0.5475201253726368	9.010547602496098
0.7665620647871506	0.536951519254608	9.010482531334114
0.7734802365086989	0.526374867976385	9.010447326107936
0.7808139780529356	0.515801666962151	9.010436652505533
0.7881995448418869	0.5052341868779057	9.01044647556522
0.7956317153786802	0.4946619970298803	9.010477055183008
0.8030780560001053	0.4841290524508873	9.010529553811706
0.8103795247594895	0.47359226548703415	9.010605131697337
0.8176477090462057	0.4630553698597109	9.010709371510721
0.8244807581347687	0.45250132259036996	9.010832995304378
0.8311714196749795	0.4419488660885187	9.010981491728485
0.8376663911256528	0.43142563760820646	9.011160963861697
0.8441577807071342	0.420903330064782	9.011361090933322
0.8506493506494858	0.4103814898518392	9.011590124212814
0.8571428571428834	0.3998588875478595	9.011856301874749
0.863636363636334	0.3893362852439473	9.012147415395795
0.8701298701298078	0.3788136829400794	9.012473892824746
0.8766233766233128	0.3682910806362149	9.012846326686976
0.883116883116842	0.35776847833234243	9.013254233599824
0.8896103896103806	0.3472458760284563	9.01370489428966
0.8961038961039135	0.3367232737245584	9.014203902292417
0.9025974025974323	0.3262006714206546	9.01477773093753
1.090909090909092	0.0210452046077835	9.441301488387893
0.9090909090909373	0.3156780691167511	9.01539083054199
0.9155844155844335	0.30515546681285216	9.01608274017248
0.9220779220779279	0.2946328645089586	9.016870788844555
0.9285714285714254	0.284110262205069	9.017726935611407
0.9350649350649277	0.27358765990118095	9.018688442937153
0.9415584415584344	0.2630650575972925	9.01979726268393
0.9480519480519433	0.25254245529340275	9.021014670774333
0.9545454545454525	0.24201985298951148	9.022399894058161
0.9610389610389611	0.23149725068561933	9.023997083128664
1.0844155844155852	0.031567806911675246	9.498661300348793
1.0779220779220786	0.042090409215567	9.498693302517195
1.0714285714285723	0.052613011519458734	9.30589344362125
1.064935064935066	0.06313561382335048	9.210552052360482
1.0584415584415592	0.07365821612724223	9.162288085914652
1.0519480519480529	0.08418081843113397	9.131911773936318
0.9675324675324685	0.22097464838172678	9.025760849869512
0.9740259740259751	0.21045204607783438	9.027940942855963
0.9805194805194816	0.1999294437739423	9.030234959711708
0.9870129870129877	0.1894068414700506	9.033117848993554
1.045454545454546	0.09470342073502573	9.10811516594081
1.0389610389610398	0.10522602303891748	9.089401717022554
1.032467532467533	0.11574862534280923	9.07622896284735
0.9935064935064939	0.17888423916615895	9.036335716543137
1.0259740259740266	0.12627122764670096	9.065858077991981
1.0000000000000002	0.16836163686226727	9.04015339975682
1.0064935064935066	0.15783903455837575	9.044933637485684
1.0129870129870133	0.1473164322544842	9.050405649250477
1.0194805194805199	0.1367938299505926	9.057082723932922
0.5064935064935058	0.9789547953922165	9.457288663604801
0.5129870129870122	0.9684321930883247	9.457406309050329
0.5194805194805188	0.9579095907844329	9.452358853539808
0.5259740259740253	0.9473869884805413	9.277099662353416
0.5324675324675319	0.9368643861766496	9.197420204582995
0.5389610389610383	0.926341783872758	9.15713009781667
0.5454545454545447	0.9158191815688663	9.124066815450929
0.551948051948051	0.9052965792649746	9.10216649434537
0.5584415584415574	0.8947739769610826	9.085971761795735
0.5649350649350637	0.8842513746571906	9.072680956298122
0.5714285714285704	0.8737287723532993	9.062399608452838
0.577922077922077	0.8632061700494075	9.054580508669062
0.5844155844155836	0.8526835677455155	9.048025038210215
0.5909090909090905	0.8421609654416237	9.042643809508832
0.5974025974025975	0.8316383631377321	9.038296094948707
0.6038961038961043	0.8211157608338405	9.03460087510861
0.6103896103896107	0.8105931585299494	9.03146622599735
0.6168831168831166	0.8000705562260583	9.028715688784088
0.6233766233766208	0.7895479539221677	9.026426000874666
0.629870129870126	0.779025351618276	9.024402442078982
0.6363636363636309	0.7685027493143832	9.02267952331462
0.6428571428571368	0.7579801470104893	9.021138317380808
0.6493506493506452	0.7474575447065951	9.01982494555238
0.6558441558441571	0.7369349424027017	9.018627930743707
0.6623376623376739	0.7264123400988112	9.017593226765191
0.6688311688311943	0.7158897377949246	9.016665187703301
0.6753246753247183	0.7053671354910461	9.015839290192476
0.6818181818182402	0.6948445331871742	9.015118188018532
0.6883116883117578	0.6843219308833168	9.014472962423698
0.6948051948052587	0.6737993285794626	9.013882293751807
0.7012987012987368	0.6632767262756033	9.013373314515777
0.7077922077921568	0.6527541239717478	9.012915746658466
0.7142857142856228	0.6422315216678472	9.012511832546345
0.7207792207790784	0.6317089193639	9.012147308373594
0.7272727272725814	0.6211863170599217	9.011836238439342
0.7337662337662092	0.6106637147559558	9.01155372433585
0.7402597402600065	0.6001411124520808	9.011315584448424
0.7467532467540149	0.589618510148411	9.011111786654512
0.7532467532483045	0.57909590784508	9.010936288853008
0.7597402597429473	0.5685733055422756	9.010787360386404
0.7662337662380327	0.5580507032400662	9.01067147757552
0.7728017511760479	0.5475115998134655	9.010580248272065
0.7794893708414166	0.5369514606367155	9.010514594149
0.7865561425115223	0.5263713260936339	9.01047920766286
0.7937967970060527	0.5157995653217188	9.010467763488961
0.8011930404717128	0.5052374283180162	9.010476934759398
0.8086215848485304	0.49468029728877544	9.010506448661088
0.8160524623251754	0.48413485954544616	9.010557982175355
0.8234789896011027	0.4735953744699733	9.010632936509865
0.8305669680126261	0.46304860314769614	9.01073599332719
0.8375515426342076	0.4524962982522376	9.010859050069966
0.8441668071005995	0.4419478986464782	9.011006486177566
0.8506543191126767	0.43142419360137224	9.0111850746172
0.8571450148146821	0.420902767632052	9.011384304893914
0.8636364454008737	0.41038143043433023	9.011612438509387
0.8701298895743618	0.3998588750923798	9.011877722405105
0.8766233766232506	0.38933628524399655	9.012167946217652
0.8831168831167985	0.3788136829401442	9.01249354073938
0.8896103896103659	0.36829108063626576	9.012865100730773
0.8961038961039242	0.3577684783323636	9.013272147235808
0.9025974025974565	0.34724587602844914	9.013721963119309
0.909090909090962	0.3367232737245349	9.014220144967338
0.9155844155844499	0.326200671420629	9.014793164500174
1.1038961038961046	0.021045204607783502	9.441268516733517
1.0974025974025983	0.03156780691167525	9.498645184548414
0.9220779220779338	0.3156780691167333	9.015405490176063
0.9285714285714229	0.3051554668128454	9.016096641689039
0.9350649350649213	0.2946328645089606	9.016883950859013
0.9415584415584277	0.28411026220507496	9.017739383266429
0.9480519480519386	0.2735876599011868	9.018700200710633
0.9545454545454506	0.26306505759729587	9.01980835184935
0.9610389610389611	0.2525424552934034	9.021025116897192
0.9675324675324694	0.24201985298951023	9.022409721293135
0.9740259740259763	0.23149725068561725	9.024006307975945
1.0909090909090917	0.042090409215567	9.498688174954848
1.0844155844155854	0.052613011519458734	9.305905777036843
1.077922077922079	0.06313561382335048	9.210558379915453
1.0714285714285723	0.07365821612724222	9.162293747536635
1.064935064935066	0.08418081843113397	9.131915857405893
1.0584415584415592	0.09470342073502573	9.10811831196969
0.9805194805194822	0.22097464838172498	9.025769507750459
0.9870129870129878	0.2104520460778332	9.027949032285697
0.9935064935064939	0.1999294437739413	9.030242526697391
1	0.1894068414700502	9.033124890000861
1.0519480519480529	0.10522602303891748	9.089405396558469
1.045454545454546	0.11574862534280926	9.076232965010385
1.0389610389610398	0.126271227646701	9.065862380835016
1.0064935064935066	0.17888423916615903	9.036342260803638
1.032467532467533	0.13679382995059272	9.057087485138956
1.012987012987013	0.16836163686226754	9.040159472204296
1.0194805194805197	0.15783903455837606	9.044939237366357
1.0259740259740264	0.14731643225448438	9.050410799353935
0.5194805194805188	0.9789547953922165	9.45706206771179
0.5259740259740253	0.9684321930883247	9.45715984757055
0.5324675324675319	0.9579095907844332	9.452292147158476
0.5389610389610383	0.9473869884805416	9.276992744981198
0.5454545454545447	0.9368643861766499	9.197310941823146
0.551948051948051	0.9263417838727581	9.15702779288406
0.5584415584415574	0.9158191815688662	9.123973733926947
0.5649350649350638	0.9052965792649742	9.102082062882515
0.5714285714285704	0.8947739769610822	9.085896266304582
0.577922077922077	0.8842513746571908	9.072614165108348
0.5844155844155835	0.8737287723532993	9.062341038793575
0.5909090909090902	0.8632061700494074	9.05452984936376
0.597402597402597	0.8526835677455155	9.047981930126099
0.6038961038961038	0.8421609654416239	9.042607780367284
0.6103896103896104	0.8316383631377327	9.038266723166089
0.6168831168831165	0.8211157608338411	9.034577741071042
0.6233766233766221	0.8105931585299496	9.031448906912788
0.6298701298701276	0.8000705562260579	9.028703741546396
0.6363636363636331	0.7895479539221656	9.026419048308512
0.6428571428571392	0.779025351618273	9.02439994890034
0.6493506493506466	0.76850274931438	9.022681152069673
0.655844155844156	0.7579801470104873	9.021143854400533
0.6623376623376681	0.7474575447065961	9.019833997528501
0.668831168831182	0.7369349424027072	9.018640188396077
0.6753246753246979	0.7264123400988224	9.017608367649599
0.6818181818182126	0.7158897377949417	9.016682924126926
0.688311688311725	0.7053671354910684	9.0158593396354
0.6948051948052284	0.6948445331871945	9.01514028659176
0.701298701298715	0.6843219308833327	9.01449686415255
0.7077922077921984	0.6737993285794466	9.01390776567743
0.7142857142856683	0.6632767262755479	9.013400133365097
0.7207792207791431	0.6527541239716302	9.012943709929429
0.7272727272726481	0.6422315216676978	9.012540745399095
0.7337662337662166	0.6317089193637698	9.01217699303612
0.7402597402598728	0.6211863170598827	9.011866522427958
0.7467532467536437	0.6106637147560972	9.01158445574611
0.7532467532474816	0.60014111245249	9.011346613598349
0.7597402597414236	0.5896185101491529	9.011142980271783
0.7662337662354927	0.5790959078462183	9.01096752198769
0.772727272729938	0.56857330554383	9.010818522358468
0.7792207792255441	0.558050703242779	9.010702458429469
0.7857176616229913	0.5475222305463541	9.010610859866311
0.7925198041668416	0.5369464659547375	9.010545001338391
0.7993744404481503	0.5263683262625479	9.010508682288389
0.8067673907272104	0.5158054244298402	9.010497130619187
0.814173207657339	0.5052491040464672	9.010505717271739
0.8215945433051819	0.4946955220824971	9.010534269421825
0.8290299861786902	0.4841465556073417	9.010584952015684
0.8363878111791254	0.47359928413963565	9.010659001708062
0.8436607951028318	0.46304531398478943	9.010761690525813
0.850469360052041	0.45249099661325887	9.010883669240725
0.8571427847111602	0.44194430342515084	9.011030432346713
0.8636370727518795	0.4314239166821732	9.011208209065279
0.8701302246045932	0.4209038228392072	9.011406631413356
0.8766234932907148	0.41038141511883924	9.0116339932037
0.883116883116573	0.39985888754791876	9.01189847707554
0.889610389610334	0.38933628524409825	9.012187903944453
0.8961038961039426	0.37881368294018936	9.012512705532659
0.9025974025975017	0.36829108063625515	9.012883479136661
0.9090909090910082	0.35776847833232	9.013289749887315
0.915584415584481	0.34724587602840046	9.013738801981733
0.9220779220779448	0.33672327372450067	9.01423623411725
0.9285714285714186	0.32620067142061554	9.014808525250984
1.1168831168831175	0.021045204607783502	9.441233935286062
1.1103896103896114	0.03156780691167525	9.49863009365203
1.1038961038961048	0.042090409215567	9.498682165819341
0.9350649350649096	0.3156780691167367	9.015420141132466
0.9415584415584157	0.30515546681285655	9.016110592826777
0.9480519480519304	0.29463286450897147	9.016897221240498
0.9545454545454469	0.28411026220508123	9.01775199211434
0.9610389610389604	0.2735876599011879	9.018712166788866
0.9675324675324707	0.26306505759729326	9.01981969057785
0.9740259740259782	0.2525424552933991	9.021035847870115
0.9805194805194836	0.24201985298950623	9.022419862542685
0.9870129870129886	0.2314972506856147	9.024015869750336
1.0974025974025985	0.052613011519458734	9.3059180364515
1.0909090909090922	0.06313561382335048	9.21056409901834
1.0844155844155854	0.07365821612724222	9.162299291469246
1.077922077922079	0.08418081843113397	9.131920129727698
1.0714285714285723	0.09470342073502573	9.108121601844253
1.064935064935066	0.10522602303891748	9.089409249025481
0.993506493506494	0.2209746483817235	9.025778519316255
0.9999999999999996	0.21045204607783274	9.02795748582754
1.006493506493506	0.19992944377394176	9.030250462264112
1.0129870129870129	0.18940684147005069	9.033132297892651
1.0584415584415592	0.11574862534280926	9.076237186731513
1.0519480519480529	0.126271227646701	9.06586692919396
1.045454545454546	0.13679382995059275	9.057092525492594
1.0194805194805194	0.17888423916615928	9.036349164568676
1.0389610389610395	0.14731643225448446	9.050416255349973
1.0259740259740262	0.1683616368622678	9.040165891302847
1.0324675324675328	0.15783903455837617	9.044945165501277
0.5324675324675318	0.9789547953922165	9.456851708542743
0.5389610389610383	0.9684321930883248	9.456934657309075
0.5454545454545447	0.9579095907844334	9.452232598936732
0.5519480519480511	0.9473869884805416	9.276895636986639
0.5584415584415574	0.9368643861766498	9.197211297421909
0.5649350649350638	0.9263417838727578	9.156934271695143
0.5714285714285704	0.9158191815688658	9.123888480853433
0.577922077922077	0.9052965792649741	9.102004592730252
0.5844155844155835	0.8947739769610822	9.085826864324373
0.59090909090909	0.8842513746571908	9.072552652320399
0.5974025974025968	0.8737287723532993	9.062286992260615
0.6038961038961035	0.8632061700494075	9.054483005139417
0.61038961038961	0.8526835677455158	9.047941980382864
0.6168831168831165	0.8421609654416242	9.042574308144552
0.6233766233766225	0.8316383631377325	9.038239356428646
0.6298701298701284	0.8211157608338407	9.034556108627108
0.6363636363636344	0.8105931585299487	9.031432630178351
0.6428571428571405	0.8000705562260565	9.028692426695558
0.6493506493506476	0.7895479539221641	9.026412358473486
0.6558441558441557	0.779025351618272	9.024397408919752
0.662337662337665	0.7685027493143806	9.022682424530709
0.6688311688311753	0.7579801470104902	9.021148760231462
0.675324675324687	0.7474575447066022	9.019842183898637
0.6818181818181978	0.7369349424027164	9.018651371813633
0.6883116883117074	0.7264123400988347	9.017622252397244
0.6948051948052122	0.7158897377949528	9.016699246557566
0.7012987012987074	0.7053671354910773	9.01587783981126
0.7077922077922011	0.6948445331871872	9.015160721371602
0.7142857142856841	0.6843219308832914	9.014519006540235
0.7207792207791712	0.6737993285793866	9.013931400313036
0.7272727272726794	0.6632767262754719	9.013425053549012
0.7337662337662176	0.6527541239715579	9.0129697280623
0.7402597402598005	0.6422315216676658	9.012567680805226
0.7467532467534451	0.6317089193638271	9.012204680645665
0.7532467532471263	0.6211863170600799	9.011894802268337
0.7597402597408665	0.6106637147564723	9.011613186539357
0.7662337662345667	0.6001411124530661	9.011375656405045
0.7727272727282433	0.5896185101499395	9.011172211330198
0.7792207792219955	0.5790959078471496	9.010996824869503
0.7857142857155113	0.5685733055445309	9.010847792918243
0.7922077922071437	0.5580507032431147	9.010731597659012
0.7987093235289515	0.5475195300597877	9.01063975340915
0.8054866239500288	0.5369522061809772	9.010573596240604
0.8124262252496569	0.5263812954301421	9.01053709089941
0.8197262837910168	0.5158184831601353	9.010524910509899
0.8271525391134942	0.5052650496123332	9.01053299603098
0.8345680900131456	0.4947092103729517	9.010560695266301
0.8419734974028709	0.4841629966454602	9.010610539861714
0.8493355796935526	0.4736099827742841	9.010683903515016
0.8565185633435443	0.463049787558115	9.010785758397203
0.8635493025905128	0.45247305629473056	9.010907715955218
0.8701220289773741	0.4419439000157924	9.011053414611938
0.8766214962767188	0.4314262031750944	9.011230467425404
0.883117343020532	0.4209040197166138	9.011428232957607
0.8896104576298192	0.4103814905007335	9.011654890702134
0.896103896103792	0.3998588875480323	9.01191866514226
0.9025974025975851	0.3893362852440834	9.012207381119305
0.9090909090910967	0.3788136829401085	9.012531473884678
0.9155844155845413	0.36829108063616217	9.012901542709784
0.9220779220779671	0.35776847833225384	9.013307116254213
0.9285714285714107	0.34724587602837403	9.013755479008625
0.9350649350648871	0.3367232737245063	9.014252236906893
0.9415584415583931	0.3262006714206363	9.014823867354892
1.1298701298701306	0.02104520460778349	9.441197611084577
1.1233766233766243	0.03156780691167525	9.498615880436338
1.1168831168831177	0.042090409215567	9.498674338708286
1.1103896103896114	0.05261301151945874	9.305930872470393
0.9480519480519153	0.31567806911675694	9.015434827271315
0.9545454545454405	0.30515546681286815	9.016124638816414
0.9610389610389606	0.29463286450897314	9.016910638331607
0.9675324675324735	0.2841102622050759	9.017764794299039
0.9740259740259812	0.27358765990117945	9.018724367254235
0.9805194805194853	0.2630650575972861	9.019831298987329
0.987012987012989	0.2525424552933945	9.021046877920538
0.9935064935064941	0.24201985298950224	9.022430326239302
0.9999999999999987	0.23149725068561375	9.024025771187537
1.103896103896105	0.06313561382335048	9.21056924899962
1.0974025974025985	0.07365821612724222	9.162304572095982
1.090909090909092	0.08418081843113397	9.131924527951634
1.0844155844155854	0.09470342073502573	9.108124967881265
1.077922077922079	0.10522602303891748	9.08941322119536
1.0714285714285723	0.11574862534280926	9.076241573055286
1.0064935064935059	0.22097464838172418	9.025787881735228
1.0129870129870124	0.21045204607783352	9.02796629519584
1.0194805194805192	0.19992944377394237	9.030258752809793
1.025974025974026	0.18940684147005107	9.033140053899197
1.064935064935066	0.126271227646701	9.065871676399722
1.0584415584415592	0.13679382995059275	9.05709780104545
1.0519480519480526	0.1473164322544845	9.050421979216948
1.0324675324675328	0.1788842391661596	9.036356404010128
1.045454545454546	0.1578390345583762	9.044951388175948
1.0389610389610393	0.16836163686226793	9.04017262830691
0.5454545454545447	0.9789547953922166	9.45665611542111
0.5519480519480512	0.968432193088325	9.456728019039069
0.5584415584415575	0.9579095907844333	9.452179742841034
0.564935064935064	0.9473869884805416	9.27680742414183
0.5714285714285704	0.9368643861766496	9.19712038660859
0.577922077922077	0.9263417838727577	9.156848738722998
0.5844155844155836	0.915819181568866	9.123810370906755
0.59090909090909	0.9052965792649741	9.101933491441514
0.5974025974025966	0.8947739769610825	9.085763056568657
0.6038961038961033	0.8842513746571911	9.072496002021042
0.6103896103896098	0.8737287723532994	9.062237127830832
0.6168831168831165	0.8632061700494077	9.054439702623151
0.6233766233766227	0.8526835677455158	9.047904975880776
0.6298701298701289	0.8421609654416239	9.042543232832562
0.636363636363635	0.8316383631377319	9.038213881508883
0.6428571428571412	0.8211157608338399	9.03453590531607
0.6493506493506481	0.8105931585299481	9.03141736005648
0.6558441558441555	0.8000705562260562	9.028681739445178
0.6623376623376634	0.7895479539221646	9.026405947927513
0.6688311688311721	0.7790253516182738	9.024394860578441
0.6753246753246812	0.768502749314384	9.022683406305646
0.68181818181819	0.7579801470104951	9.02115311713152
0.6883116883116979	0.747457544706609	9.019849600742154
0.6948051948052033	0.7369349424027226	9.01866158966107
0.7012987012987035	0.7264123400988397	9.017635000165095
0.707792207792203	0.715889737794949	9.016714282913538
0.7142857142856965	0.705367135491055	9.015894925899191
0.7207792207791921	0.6948445331871557	9.015179633534117
0.7272727272726988	0.6843219308832502	9.014539535668776
0.7337662337662217	0.6737993285793445	9.013953347703337
0.7402597402597683	0.663276726275451	9.013448228206803
0.746753246753343	0.6527541239715847	9.012993956598713
0.7532467532469397	0.6422315216677675	9.012592796040552
0.7597402597405651	0.6317089193640233	9.012230529692467
0.766233766234175	0.6211863170603772	9.011921237079497
0.7727272727277713	0.6106637147568749	9.011640076073226
0.7792207792213857	0.6001411124535139	9.011402872023611
0.7857142857147752	0.589618510150161	9.011199638285253
0.7922077922081465	0.5790959078468058	9.011024355316735
0.7987012987004838	0.5685733055435177	9.010875331086503
0.805194805189203	0.5580507032376536	9.010759051051359
0.8116883116751353	0.5475281009253259	9.0106670884184
0.8183497271740912	0.5369646125690338	9.0106004552606
0.82540679004812	0.5264009327147056	9.010563857829046
0.8327433072566536	0.5158401604965833	9.010551385845252
0.8401171657247882	0.5052848776246008	9.01055888912117
0.8475219548490798	0.49473230711094346	9.010585801123634
0.8549916022791656	0.4841822066935968	9.010635089251265
0.8623926291659623	0.47362511539152	9.010707903959698
0.8694984240029676	0.46306220148465566	9.010809008000038
0.8764837474972107	0.4524900347724925	9.010930203301664
0.883090243373787	0.44195918718990773	9.011075345109974
0.8896032766379882	0.4314321543774043	9.011251935053002
0.8961040972912308	0.4209049136771292	9.011449180550029
0.9025974538785944	0.4103815157864225	9.01167523357732
0.9090909090910656	0.39985888754790033	9.011938380409363
0.9155844155846574	0.38933628524390634	9.012226466519207
0.9220779220780112	0.37881368293998036	9.01254992912777
0.9285714285713976	0.3682910806361099	9.012919369261567
0.9350649350648462	0.3577684783322633	9.013324318133906
0.9415584415583506	0.3472458760284128	9.013772063678395
0.9480519480518866	0.3367232737245443	9.014268216029528
0.9545454545454289	0.3262006714206577	9.014839236209518
1.1428571428571437	0.02104520460778347	9.44115948663031
1.1363636363636374	0.03156780691167522	9.49860229677864
1.1298701298701306	0.042090409215566976	9.4986638254513
1.1233766233766243	0.052613011519458734	9.305944896575822
1.1168831168831177	0.06313561382335048	9.210573936838275
0.9610389610389608	0.3156780691167596	9.015449600466383
0.9675324675324791	0.3051554668128572	9.016138822859327
0.974025974025988	0.2946328645089566	9.016924239621032
0.9805194805194897	0.284110262205062	9.017777821536631
0.9870129870129897	0.27358765990117123	9.018736828054344
0.9935064935064929	0.26306505759728116	9.019843197293925
0.9999999999999968	0.25254245529339325	9.021058221568806
1.006493506493504	0.24201985298950476	9.022441121268452
1.0129870129870113	0.23149725068561564	9.024036015593515
1.1103896103896114	0.07365821612724223	9.16230944923734
1.103896103896105	0.08418081843113397	9.13192895563144
1.0974025974025983	0.09470342073502573	9.108128334436552
1.090909090909092	0.10522602303891748	9.089417255534194
1.0844155844155854	0.11574862534280922	9.07624606440075
1.077922077922079	0.126271227646701	9.065876574516238
1.0194805194805188	0.22097464838172529	9.025797592816069
1.0259740259740255	0.21045204607783427	9.02797545276433
1.0324675324675325	0.1999294437739428	9.030267385343697
1.0389610389610393	0.18940684147005135	9.033148139746928
1.0714285714285723	0.13679382995059275	9.057103266243805
1.0649350649350657	0.1473164322544845	9.050427932218595
1.0584415584415592	0.15783903455837622	9.044957871361433
1.045454545454546	0.1788842391661597	9.036363955607492
1.0519480519480526	0.16836163686226796	9.040179654456251
0.5584415584415576	0.9789547953922165	9.456473950128741
0.5649350649350641	0.9684321930883247	9.456537591205674
0.5714285714285705	0.957909590784433	9.45213315713957
0.5779220779220771	0.9473869884805413	9.276727283589635
0.5844155844155835	0.9368643861766496	9.197037422255592
0.59090909090909	0.9263417838727578	9.156770473041346
0.5974025974025968	0.915819181568866	9.123738780645821
0.6038961038961032	0.9052965792649741	9.1018682151555
0.6103896103896098	0.8947739769610826	9.085704381369892
0.6168831168831163	0.8842513746571911	9.072443826768263
0.6233766233766227	0.8737287723532993	9.062191124637271
0.6298701298701291	0.8632061700494075	9.054399681373242
0.6363636363636355	0.8526835677455157	9.047870710337245
0.6428571428571419	0.8421609654416237	9.042514396237152
0.6493506493506483	0.8316383631377314	9.038190182879267
0.6558441558441552	0.8211157608338396	9.034517053404377
0.6623376623376627	0.8105931585299482	9.031403052873522
0.6688311688311703	0.8000705562260569	9.028671663860719
0.6753246753246782	0.7895479539221664	9.026399826429724
0.681818181818186	0.7790253516182765	9.02439232915282
0.688311688311693	0.7685027493143876	9.022684147678232
0.6948051948051986	0.7579801470104984	9.021156993413078
0.7012987012987013	0.7474575447066117	9.019856329955502
0.7077922077922042	0.7369349424027206	9.018670936150135
0.7142857142857034	0.7264123400988277	9.017646715687661
0.7207792207792038	0.7158897377949319	9.016728146859748
0.7272727272727099	0.7053671354910324	9.015910719062235
0.7337662337662246	0.6948445331871326	9.015197150536743
0.7402597402597518	0.6843219308832387	9.01455858424437
0.7467532467532944	0.6737993285793591	9.013973744880916
0.7532467532468488	0.6632767262755052	9.013469797848193
0.7597402597404164	0.6527541239716882	9.013016538833497
0.7662337662339717	0.6422315216679183	9.012616236519944
0.772727272727518	0.6317089193642231	9.012254687179107
0.779220779221077	0.6211863170606134	9.011945974856408
0.7857142857145254	0.6106637147569726	9.011665272956122
0.7922077922079905	0.6001411124533466	9.011428409126966
0.7987012987014986	0.58961851014966	9.011225409548983
0.8051948051948735	0.579095907845876	9.01105026116817
0.8116883116876971	0.5685733055413873	9.010901282743909
0.8181818181818642	0.5580507032351402	9.01078495885168
0.8247092405087686	0.5475221587435418	9.010692894196
0.8313725377067716	0.536978743979367	9.010626216451909
0.8384649710911597	0.526416528131172	9.01058938697792
0.8456938681954437	0.5158598217311292	9.010576428786434
0.853052442383503	0.505306033466769	9.01058350264089
0.8604698604959737	0.4947573487463767	9.010609761273754
0.8679159881913888	0.4842021940458521	9.010658423924333
0.875284967765011	0.47364545656176854	9.010730620299002
0.8825882045062414	0.4630814341549688	9.010831512245678
0.8893882866711836	0.45252050157379636	9.010951712817063
0.8960792917072555	0.4419695621946151	9.011096684308965
0.9025937733926972	0.43143196839843356	9.011272904692975
0.9090909090907324	0.420904092156533	9.011469622246809
0.9155844155847768	0.41038148985167644	9.01169511788013
0.9220779220779334	0.39985888754766247	9.011957713626243
0.9285714285713748	0.38933628524380404	9.012245245754485
0.9350649350647688	0.37881368293999834	9.012568151827315
0.9415584415582696	0.3682910806361872	9.012937033976357
0.9480519480518305	0.35776847833234227	9.013341427627866
0.9545454545454034	0.34724587602845985	9.013788623048297
0.9610389610389588	0.3367232737245524	9.014284219464237
0.9675324675324894	0.32620067142063686	9.014854689726405
1.1558441558441566	0.021045204607783446	9.441119527929528
1.1493506493506502	0.0315678069116752	9.498589002104412
1.1428571428571437	0.04209040921556694	9.498649952420378
1.1363636363636374	0.05261301151945869	9.305960619533932
1.1298701298701306	0.06313561382335046	9.210578312201376
1.1233766233766243	0.07365821612724222	9.162313802856774
0.9740259740260004	0.3156780691167271	9.015464508557175
0.9805194805194972	0.30515546681283034	9.016153187578249
0.9870129870129913	0.29463286450894083	9.016938062232029
0.9935064935064916	0.28411026220505226	9.017791105412213
0.9999999999999927	0.2735876599011688	9.018749575219177
1.0064935064935006	0.2630650575972837	9.019855405974754
1.0129870129870089	0.2525424552933964	9.02106989374103
1.019480519480517	0.24201985298950704	9.02245225702683
1.0259740259740249	0.2314972506856169	9.02404660684448
1.1168831168831177	0.08418081843113397	9.1319332996113
1.1103896103896114	0.09470342073502573	9.108131616632365
1.1038961038961046	0.10522602303891748	9.08942128604052
1.0974025974025983	0.11574862534280925	9.076250596726412
1.090909090909092	0.12627122764670098	9.065881574121072
1.0844155844155854	0.13679382995059275	9.057108873585618
1.032467532467532	0.2209746483817259	9.02580765095121
1.038961038961039	0.21045204607783463	9.027984951440828
1.0454545454545459	0.19992944377394303	9.030276347303326
1.0519480519480526	0.18940684147005138	9.033156537409944
1.0779220779220786	0.1473164322544845	9.05043407449834
1.0714285714285723	0.15783903455837622	9.044964580371085
1.0649350649350657	0.168361636862268	9.04018694060848
1.0584415584415592	0.1788842391661597	9.036371795836315
0.5714285714285707	0.9789547953922165	9.456304031107964
0.5779220779220772	0.9684321930883247	9.456361369365782
0.5844155844155837	0.9579095907844329	9.452092471348434
0.5909090909090902	0.9473869884805414	9.27665446559591
0.5974025974025966	0.9368643861766497	9.196961703164531
0.6038961038961032	0.926341783872758	9.156698817840747
0.6103896103896098	0.9158191815688661	9.123673140882772
0.6168831168831161	0.9052965792649744	9.101808264838736
0.6233766233766228	0.8947739769610825	9.085650412503023
0.6298701298701292	0.8842513746571908	9.072395766514193
0.6363636363636356	0.8737287723532993	9.062148681686638
0.6428571428571421	0.8632061700494074	9.054362694206437
0.6493506493506487	0.8526835677455155	9.047838985184226
0.6558441558441553	0.8421609654416234	9.042487643331528
0.6623376623376623	0.8316383631377318	9.038168144490841
0.6688311688311693	0.8211157608338402	9.034499471793678
0.6753246753246765	0.8105931585299492	9.031389658524562
0.6818181818181835	0.8000705562260584	9.028662175937724
0.6883116883116907	0.7895479539221684	9.026393994992647
0.6948051948051964	0.7790253516182782	9.024389831174853
0.7012987012987009	0.768502749314389	9.022684686646981
0.7077922077922052	0.7579801470104975	9.021160445236772
0.7142857142857076	0.7474575447066053	9.019862441196521
0.7207792207792104	0.7369349424027113	9.018679492960366
0.7272727272727165	0.7264123400988153	9.017657491077758
0.7337662337662271	0.7158897377949188	9.016740939496081
0.7402597402597443	0.705367135491025	9.015925328023433
0.7467532467532693	0.6948445331871386	9.015213387580134
0.7532467532468011	0.6843219308832654	9.014576272952182
0.7597402597403404	0.6737993285794122	9.013992717123825
0.766233766233872	0.6632767262755822	9.013489891520019
0.772727272727395	0.6527541239717888	9.013037606899253
0.7792207792209195	0.642231521668037	9.012638136809713
0.7857142857143942	0.6317089193642648	9.012277289564574
0.792207792207882	0.6211863170604991	9.011969153382637
0.7987012987014017	0.6106637147567081	9.011688915880326
0.8051948051949558	0.6001411124528794	9.011452406881093
0.8116883116886823	0.5896185101489909	9.011249664464826
0.8181818181826341	0.5790959078451171	9.011074681607314
0.8246753246768673	0.5685733055411052	9.010925786643838
0.8311688311733962	0.5580507032377209	9.010809465660712
0.837697712060646	0.5475244354100269	9.010717350033174
0.8444315524238136	0.5369826397532667	9.010650675340374
0.8514120249060021	0.526431704823659	9.010613457279916
0.8585788753310298	0.5158794126498074	9.010600190586372
0.8659921527777198	0.505322959472263	9.010607024402605
0.8734311982673417	0.4947684467318722	9.010632771379194
0.8808589948212472	0.48421549776878864	9.010680908914098
0.8882365568892737	0.473657805431464	9.010752667898982
0.8954263951060666	0.4630930247362284	9.010852908306832
0.9024286328919761	0.45252304719908154	9.010973091506456
0.9090440288077223	0.4419672037987203	9.011117572445663
0.9155837359657324	0.4314275012598542	9.011293426362775
0.9220779220788917	0.4209040921550244	9.011489606002852
0.9285714285712251	0.41038148985131717	9.011714633573611
0.9350649350645184	0.3998588875475397	9.01197675195458
0.9415584415581187	0.3893362852439526	9.012263801692468
0.9480519480517277	0.37881368294015355	9.012586220296905
0.9545454545453608	0.36829108063628463	9.012954612014285
0.9610389610389625	0.35776847833236775	9.013358514794136
0.9675324675325129	0.3472458760284352	9.013805209744222
0.9740259740260196	0.33672327372450844	9.014300310306977
0.980519480519507	0.3262006714205942	9.014870280227035
1.1688311688311697	0.021045204607783453	9.441077788839225
1.1623376623376631	0.031567806911675184	9.49857558883456
1.1558441558441566	0.042090409215566914	9.498632447042953
1.1493506493506505	0.05261301151945865	9.30597833329643
1.1428571428571437	0.06313561382335041	9.210582523802069
1.1363636363636374	0.07365821612724219	9.162317545519548
1.1298701298701306	0.08418081843113394	9.131937429190236
0.9870129870129936	0.31567806911669694	9.01547959914271
0.9935064935064876	0.30515546681281186	9.016167775300987
0.9999999999999849	0.29463286450893644	9.016952143202728
1.0064935064934948	0.2841102622050578	9.01780467761956
1.0129870129870044	0.2735876599011747	9.018762635055182
1.0194805194805139	0.2630650575972876	9.019867945915989
1.0259740259740229	0.25254245529339875	9.021081909867604
1.0324675324675308	0.24201985298950843	9.022463743469347
1.0389610389610382	0.23149725068561755	9.024057549380872
1.1233766233766243	0.0947034207350257	9.108134726474548
1.1168831168831177	0.1052260230389175	9.089425239310456
1.1103896103896114	0.11574862534280927	9.076255101997
1.1038961038961048	0.12627122764670104	9.065886624903984
1.0974025974025983	0.13679382995059275	9.057114573333708
1.0909090909090917	0.1473164322544845	9.050440364741116
1.0454545454545456	0.22097464838172629	9.025818055053579
1.0519480519480526	0.21045204607783474	9.027994784548996
1.058441558441559	0.19992944377394306	9.030285626381186
1.0649350649350657	0.1894068414700514	9.033165228881437
1.0844155844155852	0.15783903455837622	9.044971479567756
1.0779220779220788	0.16836163686226793	9.040194456930388
1.071428571428572	0.1788842391661597	9.036379900885978
0.5844155844155837	0.9789547953922165	9.456145391400781
0.5909090909090902	0.9684321930883246	9.456197670632646
0.5974025974025967	0.9579095907844329	9.452057359271329
0.6038961038961032	0.9473869884805416	9.276588266768671
0.6103896103896097	0.9368643861766498	9.19689259891414
0.6168831168831163	0.926341783872758	9.156633169283124
0.6233766233766228	0.9158191815688661	9.123612929281267
0.6298701298701292	0.9052965792649742	9.101753183865478
0.6363636363636358	0.8947739769610822	9.085600757759954
0.6428571428571422	0.8842513746571908	9.072351487284797
0.6493506493506487	0.8737287723532992	9.062109517058964
0.6558441558441553	0.8632061700494074	9.054328507008785
0.662337662337662	0.8526835677455153	9.047809609974605
0.668831168831169	0.8421609654416238	9.042462823160902
0.6753246753246759	0.8316383631377322	9.0381476510817
0.6818181818181825	0.821115760833841	9.034483077328831
0.6883116883116891	0.8105931585299503	9.031377122314398
0.6948051948051952	0.8000705562260594	9.028653245909668
0.7012987012987008	0.7895479539221691	9.026388447267808
0.7077922077922058	0.7790253516182775	9.024387375904594
0.7142857142857101	0.7685027493143854	9.022685051506569
0.7207792207792146	0.7579801470104924	9.02116351834394
0.7272727272727207	0.7474575447065984	9.019867993578613
0.7337662337662291	0.7369349424027041	9.018687330908834
0.7402597402597407	0.7264123400988108	9.01766740739558
0.7467532467532568	0.7158897377949209	9.01675275083597
0.7532467532467767	0.7053671354910377	9.015938850459742
0.7597402597402976	0.6948445331871639	9.015228448912275
0.7662337662338201	0.6843219308833045	9.014592711674117
0.7727272727273349	0.6737993285794623	9.014010379095241
0.7792207792208484	0.6632767262756412	9.013508627872667
0.7857142857143362	0.6527541239718062	9.013057282766823
0.7922077922078351	0.6422315216679725	9.012658621566308
0.7987012987013483	0.6317089193641275	9.01229846365829
0.8051948051948853	0.621186317060262	9.0119909010605
0.8116883116885171	0.6106637147563712	9.011711134440434
0.8181818181823622	0.6001411124525126	9.011474995604475
0.8246753246763648	0.5896185101487285	9.011272533605238
0.831168831170506	0.5790959078453554	9.011097746828243
0.8376623376641663	0.5685733055422483	9.010948972347187
0.8441558441564003	0.5580507032405123	9.010832699440803
0.8506775709073318	0.5475259603362115	9.010740557351028
0.8574201884793157	0.5369869126425618	9.010673828071438
0.8642993752379317	0.5264432357440835	9.010636307580157
0.8716332247536799	0.5158823722027359	9.010623178028958
0.879003904651806	0.5053248367526958	9.010629697727671
0.8863942911340225	0.49477158219550127	9.01065491012024
0.8938260202596003	0.4842162012807694	9.01070268430591
0.9012025887406372	0.47365717513283273	9.010774103463852
0.9085036173832272	0.46309470638485295	9.01087414665132
0.9153389988132683	0.4525233909690047	9.010993720109363
0.9220517987002339	0.4419571098715167	9.011138140765196
0.9285713234148064	0.4314267455989641	9.011313459949035
0.9350649350644603	0.42090409215464203	9.011509239623136
0.9415584415576873	0.4103814898515057	9.011733870040343
0.9480519480514386	0.39985888754792204	9.01199558020812
0.9545454545452744	0.3893362852441375	9.012282215512498
0.9610389610389536	0.37881368294020085	9.012604213154306
1.1818181818181825	0.021045204607783467	9.441034364294294
0.967532467532541	0.3682910806362328	9.01297217410867
0.9740259740260576	0.3577684783322761	9.013375637622088
0.9805194805195409	0.347245876028347	9.013821891393045
0.9870129870130256	0.3367232737244412	9.01431654519864
0.9935064935064832	0.32620067142057374	9.014886060068513
1.175324675324676	0.03156780691167519	9.498561555337998
1.1688311688311694	0.0420904092155669	9.49861146155959
1.1623376623376631	0.05261301151945862	9.305997866409443
1.1558441558441566	0.06313561382335035	9.210586706924069
1.1493506493506505	0.07365821612724208	9.162320620540667
1.1428571428571437	0.08418081843113388	9.131941201331118
1.1363636363636374	0.09470342073502563	9.108137575140562
0.9999999999999687	0.3156780691166893	9.015494919584148
1.0064935064934826	0.3051554668128228	9.016182628359312
1.0129870129869962	0.2946328645089479	9.016966519754193
1.0194805194805083	0.28411026220506513	9.017818570188536
1.0259740259740195	0.27358765990117895	9.018776034328345
1.0324675324675288	0.26306505759728993	9.019880838550456
1.038961038961037	0.2525424552933999	9.021094285973673
1.0454545454545447	0.24201985298950904	9.022475591151318
1.051948051948052	0.2314972506856178	9.024068848199162
1.1298701298701308	0.10522602303891743	9.089429038477526
1.1233766233766247	0.11574862534280925	9.076259507624966
1.116883116883118	0.12627122764670104	9.065891668536288
1.1103896103896114	0.13679382995059283	9.057120315212531
1.1038961038961046	0.14731643225448457	9.050446759626558
1.097402597402598	0.15783903455837628	9.04497853220473
1.058441558441559	0.22097464838172637	9.025828804498376
1.0649350649350655	0.21045204607783466	9.028004945719948
1.0714285714285718	0.19992944377394306	9.030295210371543
1.0779220779220784	0.18940684147005138	9.033174195965897
1.0909090909090915	0.16836163686226796	9.040202172633458
1.084415584415585	0.17888423916615964	9.036388246423412
0.5974025974025966	0.9789547953922164	9.455997551466496
0.6038961038961033	0.9684321930883247	9.456045070032433
0.6103896103896097	0.9579095907844332	9.452027607003453
0.6168831168831161	0.9473869884805416	9.276528000135494
0.6233766233766227	0.9368643861766497	9.196829529467111
0.6298701298701292	0.9263417838727578	9.156572969430385
0.6363636363636358	0.9158191815688659	9.123557667590957
0.6428571428571423	0.9052965792649741	9.101702557801344
0.6493506493506488	0.8947739769610822	9.085555057183479
0.6558441558441553	0.8842513746571907	9.072310679131364
0.662337662337662	0.873728772353299	9.06207336638541
0.6688311688311686	0.8632061700494074	9.054296898147046
0.6753246753246751	0.8526835677455158	9.047782402501419
0.681818181818182	0.8421609654416242	9.042439789478737
0.6883116883116885	0.831638363137733	9.03812858910816
0.6948051948051949	0.8211157608338417	9.034467785992165
0.7012987012987006	0.8105931585299506	9.031365386622474
0.7077922077922062	0.8000705562260589	9.02864483966397
0.7142857142857114	0.7895479539221671	9.026383170916146
0.7207792207792169	0.7790253516182748	9.024384966394528
0.7272727272727231	0.7685027493143818	9.022685262809608
0.7337662337662305	0.7579801470104885	9.021166249611172
0.7402597402597396	0.747457544706596	9.019873037141409
0.7467532467532508	0.736934942402705	9.01869451141021
0.753246753246764	0.7264123400988168	9.017676536023034
0.759740259740278	0.7158897377949333	9.016763661102338
0.7662337662337928	0.7053671354910567	9.015951374235165
0.7727272727273035	0.6948445331871898	9.015242428993325
0.7792207792208128	0.6843219308833335	9.01460800058444
0.7857142857143113	0.6737993285794693	9.014026835876793
0.7922077922078139	0.6632767262756055	9.013526116135688
0.7987012987013243	0.6527541239717353	9.013075679167407
0.8051948051948514	0.6422315216678532	9.012677806412375
0.8116883116884283	0.6317089193639608	9.012318327450055
0.818181818182114	0.6211863170600903	9.01201133771575
0.8246753246758832	0.6106637147562611	9.011732049888694
0.8311688311697402	0.6001411124526518	9.011496297504479
0.8376623376634905	0.5896185101491512	9.011294139727381
0.8441558441571769	0.5790959078462667	9.01111957993129
0.8506493506489372	0.5685733055425612	9.010970962950013
0.8571428571374727	0.5580507032382981	9.010854779683816
0.8636833919041537	0.547524551353301	9.010762681092162
0.8703129907812973	0.536991247727309	9.010695768555381
0.8773773819112608	0.5264366167010054	9.010658431572336
0.884600253237525	0.5158809579958007	9.010645076002762
0.8919723077405467	0.5053227019180017	9.010651422299253
0.899384434621723	0.49476483414562633	9.010676333826083
0.9068446518845915	0.48420725321676467	9.010723886740083
0.9142862474208712	0.47365351918711823	9.010795125528944
0.9214088626085749	0.4630817708239161	9.010894699804583
0.9284045738041969	0.45251055293631026	9.011014274172354
0.9350633155535297	0.4419497590863146	9.011158277340686
0.9415584415550775	0.4314266944567829	9.011333150642578
0.9480519480504209	0.4209040921549592	9.011528613507892
0.9545454545449443	0.4103814898518526	9.011752913775304
0.9610389610389114	0.39985888754806104	9.012014281728854
1.1948051948051956	0.021045204607783485	9.440989278587738
0.9675324675325908	0.3893362852440496	9.01230056950004
0.9740259740261002	0.378813682940033	9.012622199996274
1.1883116883116889	0.03156780691167522	9.498546387936136
0.9805194805195546	0.3682910806360519	9.012989785382329
0.9870129870130243	0.357768478332138	9.01339286750502
0.9935064935064815	0.3472458760282676	9.013838728789642
0.999999999999962	0.3367232737244439	9.014332981072116
1.0064935064934688	0.3262006714205851	9.014902081474903
1.1818181818181823	0.04209040921556694	9.498587205493434
1.1753246753246758	0.05261301151945864	9.306018841252806
1.1688311688311694	0.06313561382335031	9.210590990840982
1.1623376623376631	0.07365821612724203	9.162323001175196
1.1558441558441566	0.0841808184311337	9.131944459080826
1.1493506493506502	0.09470342073502548	9.1081400771032
1.1428571428571437	0.10522602303891726	9.089432597951479
1.0129870129869805	0.315678069116711	9.01551051736744
1.0194805194804983	0.30515546681283673	9.016197789378706
1.0259740259740135	0.2946328645089557	9.016981229543978
1.0324675324675254	0.28411026220506946	9.01783281569997
1.0389610389610353	0.27358765990118106	9.018789800438057
1.0454545454545434	0.2630650575972911	9.019894105989195
1.0519480519480513	0.2525424552934006	9.021107038766525
1.0584415584415587	0.24201985298950945	9.022487811270851
1.0649350649350653	0.23149725068561788	9.024080508848767
1.1363636363636378	0.1157486253428091	9.076263739901703
1.1298701298701312	0.126271227646701	9.065896637319229
1.1233766233766247	0.13679382995059283	9.05712604887289
1.1168831168831181	0.14731643225448462	9.05045321406052
1.1103896103896114	0.15783903455837642	9.04498570025779
1.1038961038961046	0.16836163686226815	9.040210055812599
1.0714285714285718	0.2209746483817263	9.025839899073771
1.0779220779220786	0.21045204607783474	9.028015428802092
1.084415584415585	0.1999294437739431	9.03030508703852
1.0909090909090913	0.18940684147005152	9.0331834200941
1.0974025974025978	0.17888423916615984	9.036396807412151
0.6103896103896097	0.9789547953922165	9.455859961961155
0.6168831168831161	0.9684321930883246	9.455902295497461
0.6233766233766226	0.957909590784433	9.452003242643242
0.6298701298701291	0.9473869884805413	9.276472924169305
0.6363636363636357	0.9368643861766495	9.196771938703767
0.6428571428571422	0.9263417838727577	9.156517713552477
0.6493506493506489	0.9158191815688658	9.123506931165105
0.6558441558441553	0.9052965792649741	9.10165601198406
0.6623376623376619	0.8947739769610822	9.08551297953459
0.6688311688311686	0.8842513746571908	9.072273052568212
0.6753246753246751	0.8737287723532993	9.062039980785045
0.6818181818181817	0.8632061700494077	9.054267657625212
0.6883116883116882	0.8526835677455162	9.047757188752366
0.6948051948051944	0.8421609654416247	9.042418401177967
0.7012987012987008	0.8316383631377333	9.038110847479205
0.7077922077922065	0.8211157608338415	9.034453513946168
0.7142857142857123	0.8105931585299496	9.031354392070213
0.720779220779218	0.8000705562260575	9.028636919886301
0.7272727272727244	0.789547953922165	9.026378148827119
0.7337662337662314	0.7790253516182725	9.02438260051211
0.7402597402597393	0.7685027493143802	9.022685334920586
0.7467532467532482	0.7579801470104887	9.0211686683906
0.753246753246758	0.7474575447065991	9.01987761409321
0.7597402597402683	0.7369349424027112	9.018701087739137
0.7662337662337788	0.7264123400988267	9.017684939867936
0.7727272727272876	0.715889737794946	9.016773741865512
0.7792207792207946	0.7053671354910702	9.015962978493178
0.785714285714302	0.694844533187191	9.015255413538261
0.7922077922078056	0.6843219308833141	9.014622231137144
0.7987012987013146	0.6737993285794329	9.014042183906268
0.8051948051948332	0.6632767262755456	9.013542457010432
0.8116883116883783	0.6527541239716536	9.013092900444166
0.8181818181819803	0.6422315216677743	9.012695798747783
0.8246753246756261	0.6317089193639187	9.012336990889592
0.8311688311693155	0.6211863170601791	9.01203057533363
0.8376623376629458	0.6106637147564968	9.011751775830293
0.8441558441565356	0.6001411124531376	9.011516427351298
0.8506493506495404	0.589618510149376	9.011314598427525
0.857142857142222	0.5790959078456083	9.011140296987444
0.8636363636342881	0.5685733055411051	9.010991874307075
0.8701298701261301	0.5580507032344387	9.010875825045956
0.8766233766242908	0.5475281009229915	9.010783747796077
0.883362867444731	0.5369820540044606	9.010716959574586
0.8902529901943433	0.5264303706712535	9.010679342613392
0.8975676750911012	0.5158728682610522	9.010666141527281
0.9049358823322953	0.5053149182565744	9.010672385424131
0.9123902764022301	0.49475528813585495	9.010697114948465
0.919854060898616	0.4841960013720992	9.010744486694774
0.9272391091007415	0.47363374648302914	9.010815529192959
0.9345125512996728	0.4630673953739768	9.010915132076812
0.9413516656554508	0.4525018058435357	9.011034225388114
0.9480509291500977	0.44194950570505975	9.011177971138368
0.9545454811681634	0.4314266926042241	9.011352603144326
0.9610389929902968	0.42090408993028067	9.011547816059919
0.9675324766617671	0.41038148921596274	9.011771850231595
0.9740259740262086	0.3998588875477504	9.012032940911917
1.2077922077922085	0.02104520460778349	9.440942395205438
1.201298701298702	0.03156780691167523	9.498529592411272
0.9805194805195901	0.3893362852437192	9.012318931007846
0.9870129870130353	0.3788136829397621	9.012640254144875
1.1948051948051954	0.04209040921556697	9.498559966022036
0.9935064935064105	0.36829108063596855	9.01300751986456
0.9999999999998668	0.357768478332112	9.013410269181852
1.0064935064934255	0.3472458760283137	9.013855783273995
1.0129870129869623	0.3367232737244725	9.014349674868951
1.0194805194804863	0.32620067142060377	9.01491839694806
1.1883116883116887	0.05261301151945869	9.306041120682979
1.1818181818181823	0.06313561382335038	9.21059545365319
1.1753246753246758	0.07365821612724208	9.162324707448976
1.1688311688311694	0.08418081843113374	9.131947010756768
1.1623376623376631	0.09470342073502543	9.1081421678566
1.1558441558441566	0.10522602303891712	9.089435822210051
1.1493506493506507	0.11574862534280887	9.076267727502854
1.0259740259740033	0.3156780691167252	9.015526440411902
1.0324675324675197	0.30515546681284417	9.016213301556633
1.038961038961032	0.2946328645089592	9.0169963109109
1.0454545454545416	0.2841102622050713	9.017847447494196
1.0519480519480502	0.27358765990118217	9.018803961587155
1.0584415584415579	0.26306505759729154	9.01990777115166
1.0649350649350648	0.2525424552934006	9.021120185724525
1.0714285714285716	0.24201985298950932	9.022500415716811
1.077922077922078	0.2314972506856178	9.024092537437985
1.1428571428571443	0.1262712276467007	9.065901465407068
1.1363636363636378	0.13679382995059255	9.057131716114839
1.1298701298701315	0.14731643225448443	9.050459682767233
1.1233766233766247	0.1578390345583763	9.044992944376695
1.1168831168831181	0.1683616368622682	9.040218073386677
1.1103896103896111	0.17888423916616006	9.036405558027878
1.0844155844155845	0.2209746483817263	9.025851338946266
1.0909090909090908	0.21045204607783505	9.028026227795317
1.0974025974025978	0.19992944377394348	9.030315244004825
1.1038961038961044	0.18940684147005182	9.033192882175818
0.6233766233766227	0.9789547953922165	9.455731657061092
0.6298701298701292	0.9684321930883247	9.455768168047099
0.6363636363636357	0.957909590784433	9.451984629470305
0.6428571428571421	0.9473869884805413	9.276422042189166
0.6493506493506487	0.9368643861766495	9.196719288441358
0.6558441558441553	0.9263417838727577	9.156467014491753
0.6623376623376619	0.9158191815688658	9.123460352414343
0.6688311688311684	0.9052965792649741	9.101613207615545
0.675324675324675	0.8947739769610825	9.085474216881677
0.6818181818181815	0.8842513746571913	9.072238336238827
0.6883116883116881	0.8737287723532995	9.062009125765927
0.6948051948051943	0.8632061700494078	9.0542405865911
0.7012987012987005	0.8526835677455163	9.047733802897959
0.7077922077922066	0.8421609654416246	9.042398522605936
0.714285714285713	0.8316383631377325	9.038094318146035
0.7207792207792189	0.8211157608338405	9.034440178315215
0.7272727272727252	0.8105931585299483	9.03134407839707
0.7337662337662318	0.8000705562260562	9.028629447057769
0.740259740259739	0.7895479539221641	9.026373360096857
0.7467532467532468	0.7790253516182727	9.024380271833431
0.7532467532467552	0.7685027493143818	9.02268527731246
0.759740259740264	0.757980147010492	9.021170797699348
0.7662337662337719	0.7474575447066043	9.019881759841054
0.7727272727272796	0.7369349424027172	9.018707106095265
0.7792207792207857	0.7264123400988333	9.017692674414965
0.7857142857142931	0.7158897377949464	9.016783057043368
0.7922077922077987	0.7053671354910614	9.015973734624687
0.7987012987013071	0.694844533187175	9.015267480452152
0.8051948051948229	0.684321930883285	9.014635486958626
0.8116883116883518	0.6737993285793932	9.01405651183052
0.8181818181819086	0.6632767262755095	9.01355774348785
0.8246753246754887	0.6527541239716389	9.013109043337108
0.8311688311690896	0.6422315216678289	9.012712698505494
0.8376623376626583	0.6317089193640494	9.012354556613381
0.8441558441562034	0.6211863170604404	9.012048718762204
0.8506493506494422	0.6106637147566172	9.0117704189218
0.8571428571425096	0.6001411124527908	9.011535493190095
0.8636363636354966	0.5896185101487553	9.011334018753523
0.870129870128641	0.579095907844375	9.011160007413082
0.8766233766224759	0.5685733055395433	9.011011816557927
0.883116883119086	0.5580507032342166	9.010895944813017
0.8896103896230176	0.547528100931618	9.01080398571244
0.8962138725040377	0.5369704995720299	9.010736993225597
0.9033134940858769	0.5264188259563936	9.010699765086903
0.9105115906655223	0.5158604054107737	9.010686453722371
0.9179591387718954	0.5053067247686979	9.01069278347996
0.9254048295592403	0.49474607640366375	9.010717337234134
0.9328653694416457	0.484186693940541	9.010764589363909
0.9403418360696799	0.47362010798885285	9.010835701077506
0.9474347665411207	0.4630551386316419	9.010934918770765
0.9544225389915186	0.4524882163860314	9.011054137627198
0.9610389610354249	0.4419492967662692	9.011197452448938
0.9675325752562176	0.43142668635086834	9.011371908941998
0.9740260526827593	0.4209040629026173	9.011566936084476
0.9805195038777684	0.4103814740830773	9.011790764095814
1.2207792207792216	0.02104520460778349	9.44089351440276
0.9870129870130343	0.399858887547259	9.012051628382823
1.2142857142857149	0.03156780691167524	9.498510718732602
1.2077922077922085	0.04209040921556698	9.49853031469287
0.9935064935063113	0.3893362852435695	9.012337381537796
0.9999999999997927	0.37881368293977474	9.012658451225965
1.2012987012987018	0.05261301151945872	9.306064265752239
1.0064935064933322	0.36829108063601285	9.01302544613089
1.0129870129868916	0.3577684783321872	9.013427908216526
1.019480519480457	0.34724587602835416	9.013873116355684
1.025974025973992	0.3367232737244898	9.014366683983559
1.032467532467512	0.32620067142061204	9.014935059592403
1.1948051948051954	0.06313561382335045	9.210600071095634
1.1883116883116887	0.07365821612724216	9.16232567319644
1.1818181818181823	0.08418081843113384	9.131948610521398
1.1753246753246758	0.0947034207350255	9.10814378060973
1.1688311688311694	0.10522602303891711	9.089438603125492
1.1623376623376631	0.11574862534280879	9.076271396608057
1.1558441558441568	0.12627122764670046	9.06590608186788
1.0389610389610264	0.3156780691167313	9.015542737374638
1.0454545454545379	0.3051554668128476	9.016229208936233
1.0519480519480484	0.2946328645089611	9.01701180311636
1.058441558441557	0.2841102622050723	9.017862499877815
1.0649350649350646	0.2735876599011823	9.01881854695239
1.0714285714285712	0.2630650575972915	9.01992185789882
1.077922077922077	0.2525424552934006	9.02113374519196
1.0844155844155834	0.24201985298950945	9.022513417126214
1.09090909090909	0.23149725068561822	9.02410494065248
1.1493506493506507	0.13679382995059225	9.057137256833746
1.1428571428571443	0.14731643225448407	9.050466112944122
1.1363636363636378	0.15783903455837592	9.045000226494503
1.1298701298701317	0.1683616368622679	9.040226190971346
1.123376623376625	0.17888423916615992	9.036414471685147
1.1168831168831184	0.18940684147005196	9.03320256253595
1.0974025974025967	0.2209746483817272	9.02586312464556
1.1038961038961042	0.21045204607783566	9.028037336810572
1.1103896103896114	0.19992944377394387	9.030325668648898
1.2337662337662347	0.02104520460778349	9.440842399501152
0.6363636363636357	0.9789547953922165	9.455611599274313
0.6428571428571421	0.9684321930883247	9.455641610992513
0.6493506493506487	0.957909590784433	9.451972684964476
0.6558441558441551	0.9473869884805413	9.276373347171777
0.6623376623376617	0.9368643861766496	9.196671218458318
0.6688311688311684	0.9263417838727577	9.156420520045705
0.675324675324675	0.915819181568866	9.123417584720748
0.6818181818181813	0.9052965792649744	9.101573814793609
0.6883116883116879	0.894773976961083	9.085438476836101
0.6948051948051943	0.8842513746571913	9.072206275634985
0.7012987012987008	0.8737287723532995	9.06198058113054
0.7077922077922069	0.8632061700494078	9.054215497438143
0.714285714285713	0.8526835677455158	9.0477120874491
0.7207792207792193	0.8421609654416239	9.042380023858355
0.7272727272727257	0.8316383631377318	9.038078896562256
0.7337662337662323	0.8211157608338397	9.034427697763633
0.740259740259739	0.8105931585299477	9.031334385156844
0.7467532467532462	0.8000705562260562	9.028622380297646
0.7532467532467537	0.7895479539221649	9.026368780739224
0.7597402597402614	0.7790253516182742	9.02437797043328
0.7662337662337686	0.7685027493143841	9.022685095658957
0.7727272727272756	0.7579801470104951	9.021172655331709
0.7792207792207819	0.7474575447066067	9.019885503861495
0.785714285714289	0.7369349424027173	9.018712606504382
0.7922077922077949	0.7264123400988286	9.017699788643563
0.798701298701303	0.715889737794939	9.016791663775725
0.8051948051948153	0.7053671354910477	9.015983707118956
0.8116883116883344	0.6948445331871563	9.015278700667492
0.8181818181818684	0.6843219308832698	9.014647844658732
0.824675324675414	0.6737993285793902	9.01406990128399
0.8311688311689697	0.6632767262755429	9.01357206159737
0.8376623376625076	0.6527541239717116	9.01312419770855
0.8441558441560275	0.6422315216679668	9.01272859885434
0.8506493506493934	0.631708919364114	9.01237112062867
0.8571428571426659	0.6211863170602571	9.012065866382535
0.8636363636358942	0.6106637147562899	9.011788079533874
0.8701298701292028	0.6001411124521409	9.01155359697975
0.8766233766227273	0.5896185101478839	9.011352503857752
0.883116883116651	0.5790959078436485	9.011178815480124
0.8896103896114035	0.568573305539761	9.011030894984843
0.8961038961075526	0.558050703236992	9.010915240574228
0.9026125207900466	0.5475243184783609	9.010823443593337
0.909258282931646	0.5369694821467801	9.010756671034214
0.9162422795846795	0.5264106923082044	9.010719331684399
0.9235728766385473	0.5158594630653401	9.010706343930815
0.9309579071043124	0.505303830182303	9.010712588822292
0.9384133327825254	0.49474423357383435	9.010737062903067
0.9459283543446979	0.4841817513611238	9.010784355346962
0.9532512476352633	0.47361385992683286	9.010855208394405
0.9605295634671371	0.4630420034554119	9.010954721660362
0.9673319396163315	0.4524906569737801	9.011073439694195
0.9740244720507829	0.44194941051203057	9.01121680313038
0.9805196624021255	0.43142663377498586	9.01139115883941
0.9870130579014037	0.42090396677584757	9.011586054014883
0.9935065142812399	0.41038145540751453	9.011809730744922
1.227272727272728	0.03156780691167524	9.498489332178766
0.9999999999995569	0.39985888754727883	9.012070429129901
1.2207792207792216	0.042090409215567	9.498498944668738
1.2142857142857149	0.052613011519458734	9.30608762942734
1.0064935064931626	0.3893362852436688	9.01235599817628
1.0129870129867724	0.3788136829398943	9.012676863751038
1.2077922077922085	0.06313561382335046	9.21060473611729
1.0194805194803804	0.3682910806360837	9.01304363382154
1.0259740259739516	0.35776847833222813	9.013445850541105
1.0324675324674975	0.347245876028365	9.013890790194091
1.0389610389610213	0.3367232737244951	9.0143840666088
1.0454545454545323	0.3262006714206164	9.014952123445399
1.2012987012987018	0.07365821612724219	9.162325683547051
1.1948051948051954	0.0841808184311339	9.131949177204563
1.1883116883116887	0.0947034207350256	9.10814484861198
1.1818181818181823	0.10522602303891726	9.08944084075307
1.1753246753246758	0.1157486253428089	9.07627466988403
1.1688311688311694	0.12627122764670054	9.065910416068578
1.1623376623376631	0.13679382995059217	9.057142610239756
1.051948051948045	0.31567806911673496	9.015559457953202
1.0584415584415554	0.30515546681285016	9.01624555667937
1.0649350649350635	0.2946328645089619	9.01702774658621
1.0714285714285703	0.2841102622050724	9.017878008332646
1.0779220779220764	0.2735876599011823	9.018833586859154
1.0844155844155818	0.2630650575972921	9.019936391172847
1.0909090909090884	0.2525424552934015	9.021147736483345
1.0974025974025956	0.24201985298951087	9.02252682895409
1.1038961038961033	0.23149725068561966	9.02411772578864
1.155844155844157	0.1473164322544837	9.05047244756136
1.1493506493506507	0.15783903455837547	9.045007507144208
1.1428571428571446	0.16836163686226727	9.040234374669161
1.1363636363636382	0.17888423916615917	9.036423520663911
1.1298701298701321	0.1894068414700513	9.033212441007736
1.1233766233766256	0.1999294437739436	9.030336348023779
1.1103896103896111	0.220974648381728	9.025875257073913
1.1168831168831186	0.21045204607783588	9.028048750042593
1.2467532467532476	0.02104520460778349	9.44078876487748
1.240259740259741	0.03156780691167524	9.49846511944908
1.2597402597402605	0.02104520460778349	9.440732299021718
0.6493506493506487	0.9789547953922165	9.455498724561467
0.6558441558441551	0.9684321930883247	9.455521867065828
0.6623376623376617	0.9579095907844329	9.45196786237245
0.6688311688311681	0.9473869884805413	9.276326147168591
0.6753246753246748	0.9368643861766496	9.196627433946544
0.6818181818181813	0.9263417838727578	9.156377890286054
0.6883116883116878	0.9158191815688661	9.123378249738762
0.6948051948051942	0.9052965792649745	9.101537503113114
0.7012987012987008	0.8947739769610826	9.085405479369213
0.707792207792207	0.884251374657191	9.072176630489073
0.7142857142857132	0.8737287723532994	9.061954139841896
0.7207792207792195	0.8632061700494075	9.054192213253886
0.7272727272727258	0.8526835677455155	9.047691893085833
0.7337662337662324	0.8421609654416234	9.04236278086268
0.7402597402597392	0.8316383631377314	9.038064481967028
0.746753246753246	0.8211157608338396	9.034415992892407
0.7532467532467528	0.8105931585299482	9.031325252281952
0.7597402597402599	0.800070556226057	9.02861567804681
0.7662337662337672	0.789547953922166	9.026364384103998
0.7727272727272738	0.7790253516182756	9.024375683748742
0.7792207792207801	0.7685027493143858	9.022684792495411
0.7857142857142869	0.7579801470104949	9.021174254834003
0.7922077922077934	0.7474575447066044	9.019888870531446
0.7987012987013009	0.7369349424027134	9.018717623639505
0.8051948051948106	0.7264123400988222	9.017706325853636
0.8116883116883246	0.7158897377949306	9.016799613192232
0.818181818181846	0.7053671354910418	9.01599295430175
0.8246753246753734	0.6948445331871573	9.01528913889142
0.8311688311689056	0.6843219308832897	9.014659374569161
0.8376623376624277	0.6737993285794307	9.0140824275979
0.8441558441559391	0.6632767262756174	9.013585491095283
0.8506493506493706	0.6527541239717461	9.013138447215697
0.8571428571427514	0.642231521667873	9.012743586857246
0.8636363636361083	0.6317089193639415	9.012386772959884
0.8701298701295063	0.621186317059914	9.012082110743853
0.8766233766230159	0.610663714755828	9.011804852370311
0.8831168831167345	0.6001411124517501	9.011570835187412
0.8896103896106896	0.5896185101477799	9.011370151695955
0.8961038961047839	0.5790959078440304	9.011196820376052
0.9025974025987115	0.5685733055409037	9.011049209027519
0.9090909090916429	0.5580507032388125	9.0109338156947
0.915622724581827	0.5475212889938483	9.010842246742769
0.9222994822171567	0.5369721718745631	9.010775740769231
0.9293400385592596	0.5264176378907648	9.010738633757539
0.9365015765576342	0.5158632801465011	9.010725530652104
0.9439291917946083	0.5053058961023973	9.010731894061479
0.9514167214670027	0.4947438416620014	9.01075640699783
0.9589213490391089	0.4841778703498592	9.010803716399876
0.9663448411856344	0.47360619245615276	9.010874777582861
0.9734327008882476	0.4630428346878652	9.010973951714762
0.9803410294617878	0.4524873436271491	9.011092864228175
0.9869988119596804	0.44195006632640343	9.011236098815944
0.9935065675520299	0.4314261802107564	9.011410436017973
0.9999999935716003	0.4209036193452049	9.011605258942751
1.0064936041789545	0.4103813744278099	9.011828839309237
1.2337662337662347	0.042090409215567	9.498466101518728
1.0129870324395303	0.39985887511421864	9.012089422830648
1.227272727272728	0.05261301151945874	9.306110685846503
1.2207792207792216	0.06313561382335046	9.210609187364385
1.0194805194802559	0.38933628524380315	9.012374857330402
1.0259740259738857	0.37881368293997236	9.012695565309928
1.2142857142857149	0.0736582161272422	9.162324578607375
1.0324675324674584	0.3682910806361133	9.013062153164725
1.0389610389609973	0.35776847833224074	9.013464162960787
1.045454545454522	0.3472458760283697	9.013908867964291
1.0519480519480404	0.3367232737244987	9.014401882091049
1.058441558441553	0.32620067142062154	9.01496964380734
1.2077922077922085	0.08418081843113394	9.131948673750967
1.2012987012987018	0.09470342073502565	9.10814529812856
1.1948051948051954	0.10522602303891736	9.089442452525505
1.1883116883116887	0.11574862534280905	9.07627745751486
1.1818181818181823	0.12627122764670068	9.065914398340276
1.1753246753246758	0.13679382995059233	9.057147712957333
1.1688311688311692	0.14731643225448385	9.050478631645023
1.0649350649350626	0.31567806911673735	9.015576653189557
1.0714285714285696	0.3051554668128506	9.016262391342321
1.0779220779220744	0.29463286450896203	9.017044183156642
1.08441558441558	0.28411026220507324	9.017894009730353
1.090909090909086	0.27358765990118417	9.0188491129638
1.0974025974025932	0.2630650575972946	9.019951397146455
1.103896103896102	0.252542455293404	9.021162179999996
1.1103896103896103	0.24201985298951256	9.022540665557171
1.1168831168831188	0.2314972506856202	9.024130900805472
1.162337662337663	0.1578390345583754	9.045014735409426
1.1558441558441566	0.1683616368622668	9.040242594347431
1.149350649350651	0.1788842391661584	9.036432676076773
1.1428571428571452	0.18940684147005016	9.033222496856153
1.1363636363636394	0.1999294437739422	9.030347268909752
1.1298701298701332	0.21045204607783471	9.028060461731267
1.1233766233766265	0.2209746483817275	9.025887737538985
1.253246753246754	0.03156780691167524	9.498437845445066
1.2467532467532478	0.042090409215567	9.498431976764008
1.2727272727272736	0.02104520460778349	9.44067268233231
1.266233766233767	0.031567806911675246	9.498407346615103
1.2857142857142865	0.02104520460778348	9.440609611730352
0.6623376623376617	0.9789547953922164	9.45539204073239
0.6688311688311681	0.9684321930883247	9.455408509698481
0.6753246753246747	0.957909590784433	9.451969501921623
0.6818181818181813	0.9473869884805414	9.276280262537
0.6883116883116878	0.9368643861766497	9.196587932127072
0.6948051948051942	0.926341783872758	9.156338728714713
0.7012987012987005	0.9158191815688662	9.123342006990848
0.707792207792207	0.9052965792649742	9.101503987945593
0.7142857142857135	0.8947739769610823	9.085374971222478
0.7207792207792197	0.8842513746571908	9.07214917915327
0.7272727272727262	0.8737287723532993	9.061929608653228
0.7337662337662326	0.8632061700494074	9.054170567682943
0.7402597402597392	0.8526835677455153	9.047673078478653
0.7467532467532458	0.8421609654416233	9.04234667536282
0.7532467532467527	0.8316383631377317	9.038050977537829
0.7597402597402594	0.8211157608338402	9.0344049864936
0.766233766233766	0.810593158529949	9.03131662057446
0.7727272727272729	0.8000705562260576	9.028609298527114
0.7792207792207796	0.7895479539221665	9.026360141097483
0.7857142857142858	0.7790253516182757	9.024373397772225
0.7922077922077927	0.7685027493143846	9.022684367021974
0.7987012987012999	0.757980147010493	9.021175606207331
0.8051948051948085	0.7474575447066013	9.01989187987917
0.8116883116883189	0.7369349424027098	9.018722187568786
0.8181818181818334	0.7264123400988199	9.017712324436822
0.8246753246753512	0.7158897377949324	9.016806951109297
0.8311688311688711	0.7053671354910539	9.016001528988665
0.8376623376623855	0.6948445331871801	9.0152988542731
0.8441558441558934	0.6843219308833302	9.014670141395037
0.8506493506493594	0.6737993285794494	9.014094160446264
0.8571428571427983	0.6632767262755676	9.013598106102252
0.863636363636224	0.6527541239716548	9.013151869938369
0.8701298701296705	0.6422315216676914	9.012757744089365
0.8766233766231751	0.6317089193636961	9.012401598258434
0.8831168831167892	0.6211863170597031	9.012097539164648
0.8896103896105284	0.6106637147557639	9.011820827064222
0.896103896104344	0.6001411124519371	9.011587299422631
0.9025974025981204	0.5896185101482608	9.011387055523954
0.9090909090917193	0.5790959078447301	9.011214116524663
0.9155844155846603	0.5685733055415408	9.011066854256093
0.9220779220762806	0.5580507032375914	9.010951768166036
0.9286098503224319	0.5475229587125746	9.01086047851206
0.9353686673405077	0.5369766410511855	9.010794334838868
0.9422555431945955	0.5264328004538249	9.01075723045457
0.9494930074223961	0.5158754322691667	9.010744402081441
0.9569612377961981	0.5053063509799496	9.010750934346559
0.9644116981404426	0.4947405057132542	9.010775472953691
0.9719267993647684	0.4841715742245412	9.010822909990791
0.9792733380742816	0.4736024139738538	9.010893947025428
0.9865929054929914	0.4630311379040747	9.010993618839832
0.993339995959837	0.4524884753803045	9.011112216915578
0.9999959904291436	0.4419467397476716	9.011255532567047
1.006492800407431	0.431425117423472	9.011429832353656
1.0129872469100873	0.4209033882465553	9.011624630217083
1.0194807478275016	0.4103812333982246	9.011848170821208
1.240259740259741	0.052613011519458734	9.306133090705329
1.0259740259738188	0.3998588875477749	9.012108688149043
1.2337662337662347	0.06313561382335048	9.210613286963692
1.2272727272727277	0.07365821612724222	9.162322042912747
1.0324675324674015	0.389336285243854	9.012394036286421
1.0389610389609658	0.37881368293998957	9.012714630302382
1.2207792207792216	0.08418081843113395	9.13194721281153
1.045454545454508	0.36829108063611593	9.013081075505385
1.0519480519480267	0.3577684783322491	9.013482913543562
1.0584415584415485	0.3472458760283797	9.013927414240547
1.0649350649350613	0.33672327372450406	9.01442019128885
1.0714285714285687	0.326200671420623	9.014987677575805
1.2142857142857149	0.0947034207350257	9.10814496976541
1.2077922077922085	0.10522602303891743	9.089443384912668
1.2012987012987018	0.11574862534280911	9.07627964715889
1.1948051948051954	0.12627122764670085	9.06591795555839
1.1883116883116884	0.1367938299505925	9.057152500708183
1.1818181818181819	0.14731643225448407	9.05048460803087
1.175324675324675	0.15783903455837556	9.045021861096556
1.077922077922072	0.31567806911673785	9.015594375779111
1.0844155844155752	0.305155466812852	9.016279761157593
1.0909090909090808	0.29463286450896553	9.01706115632737
1.097402597402589	0.284110262205078	9.017910542555823
1.103896103896099	0.2735876599011889	9.018865158446268
1.1103896103896096	0.2630650575972978	9.019966903384427
1.1168831168831195	0.2525424552934053	9.021177097360477
1.1233766233766278	0.24201985298951187	9.0225549422923
1.1298701298701348	0.2314972506856182	9.024144474399357
1.1688311688311688	0.168361636862267	9.040250817640633
1.1623376623376627	0.17888423916615828	9.03644190958771
1.1558441558441568	0.1894068414700492	9.033232708252143
1.1493506493506513	0.19992944377394073	9.03035841791863
1.142857142857146	0.21045204607783255	9.028072466162522
1.1363636363636407	0.22097464838172498	9.025900567785827
1.2597402597402607	0.042090409215567	9.498396728219006
1.253246753246754	0.052613011519458734	9.306154400558883
1.2792207792207801	0.03156780691167523	9.498373553180926
1.2727272727272736	0.042090409215567	9.498360599421718
1.2987012987012994	0.02104520460778346	9.440542860026857
1.292207792207793	0.031567806911675204	9.498336532532889
1.3116883116883122	0.021045204607783464	9.44047234881061
0.6753246753246746	0.9789547953922165	9.455290739097508
0.6818181818181812	0.9684321930883247	9.455301332714205
0.6883116883116877	0.9579095907844329	9.45197590851793
0.6948051948051941	0.9473869884805415	9.276236274889717
0.7012987012987004	0.9368643861766497	9.196551986348583
0.707792207792207	0.926341783872758	9.156302587812043
0.7142857142857135	0.9158191815688661	9.123308565034703
0.72077922077922	0.9052965792649742	9.10147301158709
0.7272727272727264	0.8947739769610823	9.085346721684571
0.7337662337662328	0.8842513746571908	9.07212371657979
0.7402597402597393	0.8737287723532992	9.061906807208645
0.746753246753246	0.8632061700494074	9.05415040437113
0.7532467532467525	0.8526835677455153	9.047655509962874
0.7597402597402593	0.8421609654416237	9.04233159480526
0.7662337662337658	0.8316383631377321	9.038038290428476
0.7727272727272724	0.8211157608338406	9.034394603709218
0.7792207792207789	0.8105931585299492	9.031308432157724
0.7857142857142857	0.8000705562260576	9.028603199840319
0.7922077922077925	0.7895479539221663	9.026356020712951
0.7987012987012992	0.7790253516182747	9.024371097843302
0.805194805194807	0.7685027493143831	9.022683815251328
0.8116883116883159	0.7579801470104913	9.021176716343165
0.8181818181818268	0.7474575447066006	9.019894548061066
0.8246753246753391	0.7369349424027115	9.018726324316297
0.8311688311688528	0.7264123400988272	9.01771781857898
0.8376623376623629	0.7158897377949452	9.016813718731568
0.8441558441558694	0.705367135491076	9.016009479150789
0.8506493506493539	0.6948445331871901	9.015307900938986
0.8571428571428239	0.6843219308833035	9.014680204781316
0.8636363636362865	0.6737993285794007	9.014105164438197
0.8701298701297598	0.663276726275471	9.013609975696339
0.8766233766232635	0.652754123971524	9.013164538966336
0.883116883116824	0.6422315216675772	9.012771147218897
0.8896103896104514	0.6317089193636569	9.012415676378188
0.8961038961041208	0.6211863170597939	9.012112234302748
0.9025974025977729	0.6106637147560084	9.011836088753398
0.9090909090913346	0.6001411124522985	9.011603076968505
0.9155844155847515	0.5896185101486257	9.011403304426212
0.9220779220780576	0.5790959078449563	9.01123079467623
0.9285714285712983	0.5685733055412141	9.011083922916024
0.9350649350652516	0.558050703237298	9.010969189677082
0.9416185803122635	0.5475226386860103	9.010878243606063
0.9482634260777654	0.5369908123121485	9.010812304937664
0.9553268773681922	0.5264336287120822	9.010775630641339
0.9625577830735995	0.515870732599228	9.010763039825305
0.969959024879139	0.5053016975336496	9.010769667752276
0.9774026565343129	0.4947332732498387	9.010794364765845
0.9848864981956504	0.484164915823601	9.010841934712884
0.9923772975770543	0.47359827183715625	9.010913350216535
0.9994460756873442	0.4630444688822608	9.011012611847205
1.0063764374263207	0.452492464738464	9.011131673585481
1.012982546845049	0.4419460441712129	9.011275058171499
1.0194799895107662	0.4314245064207166	9.01144942195286
1.0259742834228336	0.4209029134854834	9.011644259024052
1.0324678555905726	0.41038112097828466	9.011867806189839
1.2467532467532476	0.06313561382335048	9.210616924161272
1.0389610389609978	0.39985888754772264	9.012128306836685
1.2402597402597408	0.07365821612724223	9.162317791714708
1.2337662337662345	0.08418081843113398	9.131944880927977
1.0454545454544852	0.38933628524386155	9.012413613337499
1.0519480519480164	0.3788136829400062	9.012734134434185
1.227272727272728	0.09470342073502573	9.108143696461196
1.0584415584415439	0.36829108063613397	9.013100473686265
1.0649350649350635	0.35776847833226216	9.013502172016848
1.0714285714285685	0.3472458760283838	9.013946495378603
1.0779220779220686	0.33672327372450545	9.014439056936025
1.0844155844155676	0.3262006714206254	9.015006283586267
1.2207792207792216	0.10522602303891745	9.089443615861141
1.2142857142857149	0.11574862534280916	9.076281123969267
1.2077922077922085	0.12627122764670087	9.065920999152864
1.2012987012987015	0.13679382995059258	9.057156909469752
1.1948051948051952	0.14731643225448426	9.050490317651674
1.1883116883116884	0.15783903455837586	9.045028834458776
1.1818181818181814	0.16836163686226735	9.040258997872643
1.0909090909090708	0.31567806911674406	9.015612680387186
1.0974025974025796	0.3051554668128608	9.016297716324333
1.1038961038960926	0.2946328645089744	9.017078711524704
1.1103896103896072	0.28411026220508445	9.017927647141791
1.1168831168831204	0.27358765990119144	9.018881758215317
1.1233766233766305	0.26306505759729676	9.019982939019203
1.1298701298701377	0.25254245529340164	9.021192511545381
1.1363636363636431	0.24201985298950715	9.022569675632456
1.1428571428571475	0.2314972506856142	9.024158456095607
1.1753246753246749	0.1788842391661587	9.036451196560861
1.1688311688311683	0.18940684147004969	9.033243052703261
1.1623376623376622	0.19992944377394054	9.030369781268506
1.1558441558441563	0.21045204607783066	9.028084757810317
1.1493506493506513	0.2209746483817223	9.02591375002193
1.266233766233767	0.052613011519458734	9.306174044889106
1.2597402597402607	0.06313561382335048	9.210619889932373
1.2857142857142865	0.04209040921556695	9.498324061539192
1.27922077922078	0.05261301151945871	9.306191137689668
1.305194805194806	0.0315678069116752	9.498296450715655
1.2987012987012994	0.042090409215566914	9.498287536069682
1.3246753246753253	0.02104520460778347	9.44039820086322
1.318181818181819	0.031567806911675204	9.498253529964844
1.3376623376623382	0.021045204607783485	9.440320780664997
0.6883116883116877	0.9789547953922164	9.455194223506902
0.6948051948051941	0.9684321930883247	9.455200578642732
0.7012987012987004	0.9579095907844329	9.451984297464792
0.7077922077922069	0.9473869884805415	9.276196616439195
0.7142857142857134	0.9368643861766497	9.196518539480643
0.7207792207792201	0.9263417838727578	9.156269261276327
0.7272727272727265	0.915819181568866	9.123277674390996
0.7337662337662331	0.9052965792649741	9.101444337318698
0.7402597402597394	0.8947739769610822	9.08532051552143
0.746753246753246	0.8842513746571908	9.072100051329981
0.7532467532467525	0.873728772353299	9.06188556663667
0.759740259740259	0.8632061700494074	9.054131576238198
0.7662337662337655	0.8526835677455156	9.047639061140616
0.7727272727272722	0.8421609654416238	9.042317432160788
0.7792207792207787	0.8316383631377321	9.038026331712402
0.7857142857142853	0.8211157608338409	9.03438477215641
0.792207792207792	0.8105931585299491	9.031300630835032
0.798701298701299	0.8000705562260575	9.028597339772986
0.8051948051948061	0.7895479539221656	9.026351991586756
0.8116883116883139	0.7790253516182739	9.024368768517656
0.8181818181818229	0.7685027493143829	9.02268313098966
0.8246753246753324	0.7579801470104925	9.021177589345635
0.8311688311688427	0.747457544706605	9.01989688744588
0.8376623376623512	0.7369349424027187	9.018730056041376
0.8441558441558572	0.7264123400988394	9.017722838829771
0.8506493506493514	0.7158897377949507	9.016819953716881
0.857142857142838	0.7053671354910618	9.016016848422643
0.8636363636363206	0.6948445331871641	9.015316328480738
0.8701298701298086	0.6843219308832523	9.0146896198314
0.876623376623312	0.6737993285793308	9.014115499650151
0.883116883116846	0.6632767262754089	9.013621164452209
0.8896103896104153	0.6527541239715001	9.013176522940059
0.896103896104008	0.6422315216676205	9.012783868548858
0.9025974025975931	0.6317089193637809	9.01242908291794
0.9090909090911329	0.6211863170599804	9.012126274698376
0.9155844155845968	0.6106637147561996	9.01185071860894
0.9220779220779981	0.6001411124524193	9.011618251307809
0.9285714285713781	0.5896185101486081	9.011418983961212
0.9350649350648541	0.5790959078448078	9.011246942294221
0.9415584415586847	0.5685733055410902	9.011100503616582
0.9480519480528419	0.5580507032376251	9.010986172384646
0.9545454545453512	0.5475281009343795	9.010895551642358
0.9613074208812257	0.5369868239894418	9.010830043805505
0.9681917045146887	0.5264369347204926	9.01079346975378
0.9755264270373597	0.5158633427615665	9.010781308737497
0.9829369200992306	0.5052930178301086	9.01078822160755
0.9904093380972724	0.49472459514808187	9.010813203121373
0.9979370994560844	0.48416008701622043	9.010861080131944
1.0052666864930435	0.4736029349413817	9.010932415325847
1.0125112102777976	0.4630472963656312	9.011032128778554
1.0192981564678225	0.4524947158926013	9.011151153194332
1.0259674497004945	0.44194668800481207	9.011294793064659
1.032467510190843	0.4314242306003146	9.011469293794292
1.0389614495316717	0.4209028829910606	9.011664219345931
1.0454547966915058	0.41038115114363305	9.011887827490845
1.253246753246754	0.07365821612724223	9.162311743912852
1.0519480519480047	0.39985888754769033	9.012148360957804
1.2467532467532476	0.08418081843113398	9.131941349531518
1.240259740259741	0.09470342073502573	9.108141324482233
1.0584415584415376	0.38933628524387975	9.012433668494388
1.064935064935071	0.3788136829400158	9.012754155218893
1.2337662337662347	0.10522602303891745	9.089443037171327
1.0714285714285732	0.36829108063613664	9.013120422500712
1.0779220779220664	0.3577684783322613	9.013522010187437
1.084415584415555	0.34724587602838825	9.013966179914085
1.0909090909090533	0.33672327372451677	9.014458544017927
1.0974025974025625	0.32620067142064185	9.01502552296463
1.227272727272728	0.11574862534280919	9.076281829869485
1.2207792207792216	0.12627122764670087	9.065923417290472
1.2142857142857146	0.13679382995059258	9.057160869632463
1.2077922077922083	0.14731643225448432	9.050495700058468
1.2012987012987015	0.157839034558376	9.045035602455213
1.194805194805195	0.16836163686226766	9.040267088572095
1.188311688311688	0.17888423916615923	9.036460514005155
1.1038961038960802	0.31567806911676105	9.01563162397697
1.1103896103896014	0.30515546681287337	9.016316309310533
1.1168831168831204	0.29463286450897996	9.017096896377227
1.123376623376634	0.28411026220508295	9.017945365916967
1.1298701298701428	0.273587659901185	9.018898949128195
1.1363636363636478	0.2630650575972884	9.019999534941752
1.1428571428571501	0.2525424552933943	9.021208447056983
1.1493506493506522	0.2420198529895022	9.02258488330328
1.1558441558441561	0.23149725068561078	9.02417285633969
1.1818181818181808	0.1894068414700504	9.033253508705249
1.1753246753246742	0.1999294437739414	9.030381344281926
1.168831168831167	0.2104520460778316	9.028097331505437
1.162337662337661	0.2209746483817218	9.025927286995438
1.2727272727272736	0.06313561382335048	9.210621970475266
1.266233766233767	0.07365821612724223	9.162303757822011
1.2922077922077928	0.05261301151945866	9.306204399590145
1.2857142857142865	0.06313561382335042	9.21062285951209
1.3116883116883122	0.04209040921556693	9.498250940702741
1.305194805194806	0.05261301151945864	9.306213416748712
1.3311688311688321	0.03156780691167522	9.498207890103444
1.3246753246753253	0.04209040921556695	9.498213857768166
1.3506493506493513	0.021045204607783488	9.440240727596475
1.3441558441558448	0.03156780691167523	9.49815947412825
1.3636363636363642	0.02104520460778348	9.440158499987819
0.7012987012987004	0.9789547953922164	9.455102102906539
0.707792207792207	0.9684321930883246	9.455106472231174
0.7142857142857135	0.957909590784433	9.451993095502642
0.72077922077922	0.9473869884805415	9.276160699974499
0.7272727272727265	0.9368643861766497	9.196487400855291
0.7337662337662331	0.9263417838727578	9.156238494167999
0.7402597402597396	0.915819181568866	9.123249096196892
0.7467532467532461	0.9052965792649743	9.10141774095687
0.7532467532467526	0.8947739769610825	9.085296150248025
0.759740259740259	0.8842513746571908	9.072078003778687
0.7662337662337655	0.873728772353299	9.06186572843144
0.772727272727272	0.8632061700494074	9.054113944829266
0.7792207792207785	0.8526835677455157	9.047623612505733
0.785714285714285	0.8421609654416238	9.042304085724544
0.7922077922077915	0.8316383631377321	9.038015016268469
0.7987012987012984	0.8211157608338403	9.034375422044052
0.8051948051948056	0.810593158529949	9.0312931622006
0.811688311688313	0.8000705562260572	9.028591675611544
0.8181818181818209	0.7895479539221659	9.02634802295674
0.8246753246753289	0.7790253516182749	9.024366394068911
0.8311688311688371	0.7685027493143854	9.022682306941379
0.8376623376623445	0.7579801470104969	9.021178226910019
0.8441558441558509	0.7474575447066117	9.01989890614199
0.8506493506493505	0.7369349424027217	9.018733399907783
0.857142857142846	0.7264123400988315	9.01772741349407
0.8636363636363392	0.7158897377949366	9.01682569036801
0.8701298701298353	0.7053671354910342	9.016023676914672
0.8766233766233396	0.6948445331871266	9.015324182745703
0.8831168831168595	0.6843219308832181	9.014698437747297
0.8896103896103987	0.6737993285793165	9.01412522219205
0.8961038961039508	0.6632767262754294	9.013631732971314
0.9025974025975003	0.652754123971563	9.013187886568943
0.9090909090910267	0.6422315216677169	9.012795976532159
0.9155844155845142	0.6317089193638814	9.012441889737227
0.9220779220779662	0.6211863170600457	9.012139735286153
0.9285714285714034	0.610663714756193	9.011864794349172
0.9350649350648818	0.6001411124523407	9.011632902665582
0.9415584415584396	0.5896185101484875	9.011434176598335
0.9480519480521283	0.5790959078447006	9.011262643611124
0.9545454545460561	0.5685733055409653	9.011116682901351
0.9610389610404368	0.5580507032369845	9.011002802519776
0.9675324675343298	0.5475281009312472	9.010912594489987
0.9742055940116201	0.5369823053780038	9.010847330717796
0.9812821390607489	0.526417257555881	9.01081136215686
0.9884514308541205	0.5158467090067422	9.010799379020378
0.9959416503632462	0.5052844427302641	9.01080676623612
1.0034144631122464	0.49471974051905104	9.010832051635496
1.0108837888270694	0.48416127777861667	9.010880112515904
1.0183403242263234	0.47360764698924224	9.010951893839474
1.025394174149569	0.4630532029220582	9.011051547640418
1.03232542285074	0.4524915868514412	9.011171118658433
1.038956913955577	0.44194562000607907	9.01131488057713
1.0454558766163282	0.43142443670458924	9.011489532072396
1.0519483513746086	0.42090327608695904	9.011684597914039
1.0584416484994545	0.4103812956029768	9.011908321211171
1.2597402597402605	0.084180818431134	9.13193636749142
1.064935064935056	0.39985888754770293	9.012168934631937
1.253246753246754	0.09470342073502573	9.10813780746909
1.2467532467532476	0.10522602303891744	9.089441466133676
1.0714285714285856	0.3893362852438717	9.012454283805669
1.0779220779220668	0.3788136829400021	9.012774772378615
1.240259740259741	0.1157486253428092	9.07628180286993
1.0844155844155368	0.3682910806361371	9.013140999094668
1.090909090909023	0.35776847833227937	9.013542502343844
1.0974025974025305	0.34724587602841916	9.013986538958724
1.1038961038960569	0.3367232737245493	9.014478720154303
1.11038961038959	0.32620067142066644	9.015045459490302
1.2337662337662347	0.12627122764670093	9.06592507989926
1.2272727272727277	0.13679382995059258	9.057164289264817
1.2207792207792214	0.14731643225448432	9.050500693892614
1.2142857142857146	0.15783903455837603	9.045042109578082
1.2077922077922083	0.16836163686226777	9.040275047136044
1.2012987012987013	0.17888423916615948	9.036469830261096
1.1948051948051943	0.18940684147005102	9.033264055775772
1.11688311688312	0.31567806911677243	9.015651266150071
1.12337662337664	0.3051554668128715	9.016335595169117
1.1298701298701512	0.29463286450896836	9.01711576100626
1.1363636363636556	0.28411026220506747	9.017963743669666
1.1428571428571548	0.2735876599011716	9.018916770226442
1.1493506493506531	0.26306505759727916	9.020016724008146
1.1558441558441552	0.2525424552933881	9.021224930095189
1.1623376623376587	0.2420198529895016	9.0226005844349
1.168831168831165	0.23149725068561255	9.024187686584513
1.1883116883116873	0.1999294437739423	9.030393091386417
1.1818181818181797	0.2104520460778331	9.028110182346758
1.1753246753246722	0.22097464838172345	9.025941182158151
1.27922077922078	0.07365821612724222	9.162293766946442
1.2727272727272736	0.08418081843113397	9.131929773984753
1.2987012987012991	0.06313561382335038	9.21062145277307
1.2922077922077928	0.07365821612724215	9.16228217933032
1.318181818181819	0.052613011519458665	9.306218461229385
1.3116883116883122	0.06313561382335037	9.210615833671598
1.3376623376623382	0.042090409215566976	9.498175096176299
1.3311688311688321	0.052613011519458706	9.30622102163459
1.3571428571428577	0.031567806911675225	9.498108153878805
1.3506493506493513	0.04209040921556698	9.49813216292916
1.3766233766233773	0.021045204607783467	9.440074340368383
1.3701298701298708	0.03156780691167521	9.4980532697591
1.3896103896103904	0.021045204607783453	9.4399882669326
0.7142857142857135	0.9789547953922164	9.455014199665625
0.7207792207792201	0.9684321930883247	9.455018357050134
0.7272727272727265	0.957909590784433	9.452002396663586
0.7337662337662331	0.9473869884805415	9.276128275018712
0.7402597402597396	0.9368643861766497	9.196458468160996
0.7467532467532461	0.9263417838727578	9.15621001460559
0.7532467532467525	0.9158191815688661	9.123222597382728
0.759740259740259	0.9052965792649743	9.101393012840491
0.7662337662337655	0.8947739769610825	9.085273435912045
0.772727272727272	0.8842513746571908	9.072057404886865
0.7792207792207785	0.873728772353299	9.06184714340616
0.785714285714285	0.8632061700494074	9.054097379606013
0.7922077922077916	0.8526835677455155	9.047609051010253
0.7987012987012982	0.8421609654416238	9.042291458854393
0.8051948051948049	0.8316383631377321	9.038004262614391
0.8116883116883121	0.8211157608338405	9.034366486230674
0.8181818181818193	0.8105931585299491	9.031285973532656
0.824675324675327	0.8000705562260579	9.028586163884865
0.8311688311688342	0.7895479539221674	9.0263440843125
0.8376623376623411	0.7790253516182774	9.024363959632849
0.8441558441558472	0.7685027493143892	9.022681336248622
0.8506493506493498	0.7579801470104983	9.021178630344352
0.8571428571428505	0.7474575447066073	9.019900605447146
0.8636363636363497	0.7369349424027142	9.018736370296006
0.8701298701298502	0.7264123400988166	9.017731562786265
0.8766233766233548	0.7158897377949164	9.016830957981869
0.8831168831168682	0.7053671354910156	9.016030000917011
0.8896103896103916	0.6948445331871178	9.01533150599438
0.8961038961039222	0.6843219308832276	9.01470670619972
0.9025974025974519	0.6737993285793481	9.014134384644732
0.9090909090909708	0.6632767262754793	9.013641738352717
0.9155844155844691	0.6527541239716161	9.013198691116505
0.9220779220779485	0.6422315216677527	9.012807536260938
0.9285714285714181	0.63170891936388	9.012454165447151
0.9350649350649047	0.621186317060005	9.012152687887498
0.9415584415584304	0.6106637147561275	9.011878390741145
0.9480519480520142	0.6001411124522796	9.01164710848998
0.9545454545456845	0.589618510148471	9.011448962136328
0.9610389610395335	0.5790959078447159	9.011277980795436
0.9675324675340377	0.5685733055409427	9.011132544881848
0.974025974030004	0.5580507032367467	9.011019163382171
0.9805194805307869	0.5475281009311169	9.010929425437654
0.9872061225771143	0.5369684522295936	9.010864549060111
0.9942719469031734	0.5264046357384317	9.01082903547558
1.0015282494491402	0.5158406232055345	9.01081764975167
1.0089533126996517	0.5052805458274697	9.010825364789655
1.0163974137102458	0.4947214582318449	9.010850953957059
1.0238592059436291	0.48416855571764433	9.010899324415453
1.031225443615763	0.473617203360802	9.010971289340388
1.0384825512265368	0.4630601459181	9.011071566999172
1.045296651922044	0.45250021455344624	9.011191220405259
1.0519464558432037	0.4419465897194989	9.011335351603002
1.0584412968453683	0.4314259388873405	9.01151021108864
1.0649350298203881	0.42090386789940515	9.011705488790703
1.0714285708467737	0.4103814299893538	9.011929378846064
1.2662337662337668	0.09470342073502575	9.108133116409798
1.077922077922052	0.39985888754768534	9.012190114699033
1.2597402597402605	0.10522602303891747	9.08943866890169
1.253246753246754	0.1157486253428092	9.07628091032396
1.0844155844155068	0.38933628524385844	9.012475544108016
1.0909090909089691	0.37881368294002554	9.012796068441288
1.2467532467532476	0.12627122764670093	9.065925931469392
1.0974025974024724	0.3682910806361905	9.01316228347566
1.103896103896012	0.3577684783323402	9.013563725709739
1.1103896103895672	0.34724587602846696	9.014007646622135
1.1168831168831177	0.33672327372457245	9.01449965599767
1.1233766233766511	0.32620067142066417	9.0150661599731
1.2402597402597408	0.1367938299505926	9.057167050085456
1.2337662337662345	0.14731643225448432	9.050505234491732
1.2272727272727277	0.15783903455837603	9.045048300923986
1.2207792207792214	0.16836163686226774	9.04028282801386
1.2142857142857146	0.17888423916615948	9.036479103774456
1.207792207792208	0.18940684147005127	9.033274674964304
1.201298701298701	0.19992944377394276	9.030405007200878
1.129870129870166	0.31567806911675156	9.01567166950192
1.1363636363636689	0.30515546681284295	9.016355631870058
1.1428571428571626	0.2946328645089436	9.017135358333219
1.1493506493506545	0.2841102622050506	9.01798282782872
1.155844155844153	0.27358765990116013	9.018935262989089
1.162337662337655	0.2630650575972781	9.02003454126232
1.168831168831161	0.2525424552933916	9.021241988750722
1.175324675324669	0.2420198529895047	9.022616799719998
1.1818181818181774	0.23149725068561536	9.024202959394776
1.1948051948051936	0.21045204607783416	9.02812330542015
1.188311688311686	0.2209746483817252	9.02595543985599
1.2857142857142863	0.0841808184311339	9.131921276472548
1.27922077922078	0.09470342073502569	9.108127085975795
1.305194805194806	0.07365821612724209	9.16227007593361
1.2987012987012991	0.08418081843113384	9.131910586377002
1.3246753246753253	0.06313561382335044	9.210604147865743
1.318181818181819	0.07365821612724215	9.162258056520217
1.3441558441558448	0.05261301151945871	9.306222622063665
1.3376623376623382	0.06313561382335049	9.21058445265347
1.3636363636363642	0.042090409215566976	9.498083655847516
1.3571428571428577	0.05261301151945874	9.306221361285388
1.3831168831168839	0.031567806911675184	9.49799361601849
1.376623376623377	0.04209040921556693	9.498029174513961
1.4025974025974033	0.02104520460778346	9.439900727486306
1.3961038961038967	0.031567806911675184	9.49792790628486
1.4155844155844164	0.02104520460778348	9.439811808165553
0.7272727272727266	0.9789547953922164	9.454930337474883
0.7337662337662331	0.9684321930883247	9.45493531956567
0.7402597402597395	0.957909590784433	9.45201216178985
0.7467532467532461	0.9473869884805413	9.276098856453048
0.7532467532467525	0.9368643861766496	9.196431603234236
0.759740259740259	0.9263417838727578	9.15618358364931
0.7662337662337655	0.9158191815688661	9.123197959464905
0.772727272727272	0.9052965792649743	9.101369960666887
0.7792207792207785	0.8947739769610825	9.085252196886016
0.785714285714285	0.8842513746571908	9.072038096911013
0.7922077922077914	0.873728772353299	9.06182967161701
0.7987012987012982	0.8632061700494074	9.054081757582507
0.8051948051948048	0.8526835677455155	9.04759526970318
0.8116883116883117	0.8421609654416237	9.042279459683114
0.8181818181818183	0.8316383631377322	9.03799399270226
0.8246753246753257	0.821115760833841	9.03435790029292
0.8311688311688329	0.81059315852995	9.0312790134957
0.8376623376623394	0.8000705562260592	9.028580759644422
0.8441558441558453	0.7895479539221694	9.026340147501697
0.8506493506493497	0.7790253516182782	9.024361445623656
0.8571428571428529	0.7685027493143869	9.02268021525242
0.8636363636363553	0.7579801470104943	9.02117879911202
0.8701298701298584	0.7474575447065995	9.019902023691456
0.8766233766233636	0.7369349424027032	9.018738981397101
0.8831168831168735	0.7264123400988063	9.01773530737763
0.8896103896103886	0.7158897377949112	9.016835783970292
0.896103896103908	0.7053671354910197	9.016035853868695
0.9025974025974269	0.6948445331871338	9.015338337437802
0.9090909090909407	0.6843219308832534	9.014714469728373
0.9155844155844441	0.6737993285793763	9.014143036467987
0.9220779220779375	0.6632767262754989	9.013651234628044
0.9285714285714249	0.6527541239716169	9.01320899485347
0.9350649350649195	0.6422315216677322	9.01281860992969
0.9415584415584329	0.6317089193638453	9.012465975880623
0.948051948051975	0.6211863170599705	9.012165201684438
0.9545454545455629	0.6106637147561161	9.01189158006816
0.9610389610391977	0.6001411124523005	9.011660943890872
0.9675324675328975	0.5896185101485477	9.011463418262315
0.9740259740269065	0.5790959078449028	9.011293033809537
0.980519480521851	0.5685733055414792	9.011148171223377
0.9870129870187158	0.5580507032387492	9.011035339358868
0.99351529359059	0.5475265124272235	9.010946130014618
1.0002638454371733	0.5369636454671313	9.010881830206273
1.0070888501750963	0.5263982055161116	9.010846487484953
1.0145167110674334	0.5158383098129119	9.010835869104874
1.0219446143700657	0.5052823591164642	9.010844065615375
1.029375559445722	0.49472850331051904	9.010870034446368
1.0368265234316087	0.4841792110155316	9.010918768758346
1.0442511690211496	0.4736305117937756	9.01099119541058
1.0513781373428128	0.4630665389832204	9.011091685579215
1.05841436330561	0.45248894350265334	9.011212238395972
1.064933791773316	0.44195060923862717	9.011356281607958
1.0714284299505703	0.4314268600835907	9.011531459214543
1.0779222384783977	0.4209040361321226	9.011726995298117
1.0844156802949854	0.41038144204025945	9.011951092936899
1.2727272727272734	0.10522602303891748	9.08943464413504
1.090909110352553	0.39985887508996526	9.01221199065012
1.266233766233767	0.11574862534280923	9.076278928284692
1.2597402597402607	0.12627122764670098	9.065926042590888
1.0974025974023633	0.38933628524394964	9.012497537110379
1.1038961038959265	0.37881368294013656	9.012818129128723
1.253246753246754	0.13679382995059272	9.057169023641547
1.1103896103895223	0.3682910806362812	9.013184358981254
1.1168831168831115	0.35776847833238623	9.013585760913786
1.123376623376669	0.34724587602846485	9.014029580454297
1.1298701298701939	0.3367232737245343	9.014521425650534
1.1363636363636946	0.3262006714206111	9.015087694648095
1.2467532467532474	0.14731643225448443	9.050509234552548
1.2402597402597408	0.15783903455837606	9.04505412134696
1.2337662337662343	0.16836163686226777	9.040290382302151
1.2272727272727277	0.17888423916615936	9.036488286201136
1.2207792207792214	0.18940684147005107	9.033285350656366
1.2142857142857146	0.19992944377394276	9.030417077611768
1.2077922077922076	0.21045204607783438	9.028136695581665
1.1428571428571768	0.31567806911670526	9.015692899995353
1.149350649350656	0.30515546681281136	9.016376480651147
1.1558441558441483	0.29463286450892207	9.017155744405992
1.162337662337647	0.2841102622050488	9.018002668763474
1.1688311688311532	0.27358765990116657	9.01895447160433
1.1753246753246633	0.26306505759728394	9.02005302417596
1.1818181818181737	0.25254245529339675	9.021259653214914
1.1883116883116838	0.2420198529895078	9.022633551575886
1.1948051948051925	0.23149725068561713	9.02421868858809
1.2012987012987004	0.22097464838172595	9.025970065461566
1.2922077922077928	0.09470342073502559	9.10811953592453
1.2857142857142863	0.10522602303891741	9.08942927234222
1.311688311688312	0.08418081843113386	9.131897587149895
1.305194805194806	0.09470342073502555	9.108110175175197
1.3311688311688321	0.07365821612724223	9.16224544969784
1.3246753246753251	0.08418081843113394	9.131882563123062
1.3506493506493513	0.06313561382335049	9.210558918349163
1.3441558441558448	0.07365821612724226	9.162230207767971
1.3701298701298708	0.052613011519458706	9.306215886928795
1.3636363636363642	0.06313561382335046	9.210535164784316
1.3896103896103902	0.04209040921556689	9.49796699705238
1.3831168831168836	0.05261301151945865	9.306207642040645
1.4090909090909094	0.03156780691167521	9.497854455879555
1.402597402597403	0.0420904092155669	9.497895500381224
1.4285714285714295	0.021045204607783474	9.439720288967509
1.4220779220779225	0.03156780691167523	9.49777209763024
0.7402597402597396	0.9789547953922164	9.454850274870367
0.7467532467532461	0.9684321930883247	9.454856622733798
0.7532467532467525	0.9579095907844329	9.452022468227492
0.759740259740259	0.9473869884805413	9.276071982132605
0.7662337662337655	0.9368643861766496	9.1964067376015
0.7727272727272719	0.9263417838727578	9.15615897708102
0.7792207792207785	0.9158191815688661	9.123174967363257
0.785714285714285	0.9052965792649742	9.101348401662724
0.7922077922077915	0.8947739769610825	9.085232269848104
0.7987012987012981	0.8842513746571908	9.072019932887114
0.8051948051948047	0.873728772353299	9.061813182082666
0.8116883116883113	0.8632061700494074	9.054066962996481
0.818181818181818	0.8526835677455155	9.04758216739677
0.8246753246753249	0.8421609654416242	9.042268000798058
0.8311688311688318	0.831638363137733	9.037984131756884
0.8376623376623387	0.8211157608338419	9.034349602732775
0.8441558441558445	0.8105931585299512	9.031272230931462
0.8506493506493499	0.8000705562260597	9.028575418652052
0.8571428571428542	0.7895479539221681	9.026336186877598
0.8636363636363585	0.779025351618276	9.024358832260427
0.8701298701298631	0.7685027493143824	9.022678898803221
0.8766233766233689	0.7579801470104882	9.021178730067646
0.8831168831168767	0.7474575447065938	9.019903140243644
0.8896103896103876	0.7369349424027	9.018741247079255
0.896103896103901	0.726412340098808	9.017738667118666
0.9025974025974143	0.715889737794919	9.016840193835092
0.909090909090925	0.705367135491033	9.016041266991381
0.9155844155844307	0.6948445331871488	9.015344713694434
0.9220779220779307	0.6843219308832644	9.014721770183918
0.9285714285714275	0.6737993285793776	9.014151224434428
0.9350649350649273	0.663276726275489	9.013660273184824
0.9415584415584363	0.6527541239715989	9.013218853486789
0.9480519480519599	0.6422315216677135	9.012829257274161
0.954545454545507	0.6317089193638387	9.012477384543375
0.9610389610390798	0.6211863170599833	9.012177343673743
0.9675324675326876	0.6106637147561619	9.01190443258607
0.9740259740263646	0.6001411124524187	9.011674482145878
0.9805194805200642	0.5896185101487673	9.011477620900846
0.9870129870139849	0.5790959078453677	9.011307881060368
0.9935064935083215	0.5685733055424738	9.011163642293994
1.000000000001648	0.558050703241617	9.011051411175272
1.0065094552875502	0.5475249682078969	9.010962797706375
1.0132853042801826	0.5369647120277904	9.010899115188181
1.0202029567063404	0.5264018689482967	9.010864455997565
1.027534697666564	0.5158423585512172	9.010854302201723
1.0349211711241892	0.5052884297122957	9.010862972352903
1.0423492529933858	0.49473754549067667	9.010889395255035
1.0498001316807837	0.48418833482943	9.010938581133965
1.0571745949285962	0.47363475545298955	9.011011432344018
1.0644765749552547	0.4630732975129552	9.011112608781305
1.0712592993175256	0.4525108049941267	9.011232979965394
1.0778963861960775	0.44195970426472736	9.011377702801703
1.0844125486184404	0.43142913482050443	9.011553336103384
1.090909390616896	0.420904388284659	9.01174920077276
1.0974028165650869	0.4103813793037305	9.011973556016825
1.2792207792207801	0.11574862534280916	9.076275643972814
1.1038961038955855	0.3998588875478824	9.012234653696545
1.2727272727272738	0.12627122764670098	9.065925218887687
1.266233766233767	0.13679382995059278	9.0571701635066
1.1103896103894333	0.3893362852441211	9.012520353853366
1.116883116883095	0.37881368294022616	9.012841043746633
1.2597402597402607	0.14731643225448451	9.050512588125914
1.1233766233767002	0.36829108063628024	9.01320731272857
1.1298701298702427	0.35776847833231634	9.013608692445203
1.1363636363637404	0.3472458760283656	9.014052421894165
1.1428571428572025	0.3367232737244475	9.01454410709986
1.1493506493506591	0.3262006714205519	9.015110137591298
1.253246753246754	0.15783903455837625	9.045059512318465
1.2467532467532474	0.1683616368622679	9.040297659547361
1.2402597402597406	0.17888423916615956	9.036497340089179
1.233766233766234	0.18940684147005105	9.03329606115017
1.2272727272727277	0.19992944377394262	9.030429290579518
1.2207792207792214	0.21045204607783422	9.028150347074911
1.2142857142857144	0.22097464838172584	9.025985065399341
1.1558441558441388	0.3156780691166649	9.015715027355883
1.1623376623376314	0.3051554668128081	9.016398206390518
1.1688311688311386	0.2946328645089342	9.017176978746859
1.1753246753246522	0.28411026220505947	9.018023320104858
1.1818181818181668	0.27358765990117606	9.018974443261216
1.1883116883116795	0.26306505759728954	9.02007221290698
1.1948051948051905	0.25254245529339975	9.021277956004544
1.2012987012986998	0.2420198529895089	9.022650864314308
1.2077922077922074	0.2314972506856174	9.024234889397404
1.2987012987012991	0.10522602303891732	9.089422436399431
1.292207792207793	0.11574862534280905	9.076271065061158
1.318181818181819	0.09470342073502562	9.108098651202868
1.311688311688312	0.10522602303891732	9.089413991172423
1.3376623376623382	0.08418081843113397	9.131866324385635
1.3311688311688321	0.09470342073502569	9.108084687618998
1.3571428571428577	0.07365821612724223	9.16220970693074
1.3506493506493513	0.08418081843113397	9.131849578000017
1.3766233766233773	0.06313561382335042	9.210509271581264
1.3701298701298708	0.07365821612724217	9.162183559770169
1.3961038961038965	0.052613011519458595	9.30619688976567
1.3896103896103904	0.06313561382335033	9.21048228886759
1.4155844155844162	0.042090409215567004	9.497814670173357
1.4090909090909094	0.05261301151945869	9.30618626001111
1.4415584415584421	0.021045204607783446	9.439623340404038
1.4350649350649356	0.0315678069116752	9.497680651994685
1.4285714285714295	0.042090409215567004	9.49772594014704
1.454545454545455	0.021045204607783443	9.439516594722901
0.7532467532467525	0.9789547953922164	9.454773732182145
0.759740259740259	0.9684321930883246	9.454781670170922
0.7662337662337655	0.9579095907844329	9.452033326782393
0.772727272727272	0.9473869884805413	9.276047244607446
0.7792207792207785	0.9368643861766496	9.196383724454149
0.7857142857142849	0.9263417838727578	9.156136023537714
0.7922077922077915	0.915819181568866	9.123153430682427
0.7987012987012981	0.9052965792649741	9.101328165130083
0.8051948051948047	0.8947739769610822	9.08521350198828
0.8116883116883113	0.8842513746571908	9.072002774936978
0.8181818181818178	0.8737287723532993	9.061797551695717
0.8246753246753246	0.8632061700494075	9.054052886656144
0.831168831168831	0.8526835677455161	9.047569648196289
0.8376623376623377	0.8421609654416248	9.04225699883851
0.844155844155844	0.8316383631377334	9.03797460833326
0.8506493506493501	0.821115760833842	9.0343415347373
0.8571428571428554	0.8105931585299504	9.031265573271634
0.8636363636363603	0.8000705562260584	9.02857010383279
0.8701298701298658	0.7895479539221656	9.026332178126863
0.8766233766233719	0.7790253516182726	9.024356102467026
0.883116883116879	0.7685027493143792	9.022677396219128
0.8896103896103877	0.7579801470104863	9.021178418349018
0.8961038961038975	0.7474575447065943	9.019903963251961
0.902597402597408	0.7369349424027037	9.018743176298527
0.909090909090917	0.7264123400988148	9.017741657961352
0.9155844155844234	0.715889737794927	9.01684421106409
0.9220779220779267	0.7053671354910395	9.016046269244113
0.9285714285714284	0.6948445331871503	9.015350669101627
0.9350649350649313	0.6843219308832603	9.01472864717339
0.9415584415584387	0.673799328579369	9.01415899307735
0.9480519480519533	0.6632767262754792	9.013668903201834
0.9545454545454803	0.6527541239715952	9.013228320583858
0.9610389610390214	0.642231521667721	9.012839535999207
0.9675324675325815	0.6317089193638656	9.012488453052656
0.9740259740261782	0.6211863170600525	9.012189179106874
0.9805194805197819	0.6106637147562857	9.011917016979071
0.9870129870134238	0.6001411124526592	9.011687795096714
0.9935064935069541	0.5896185101490915	9.011491644646787
1.0000000000004048	0.5790959078458676	9.011322599774902
1.006493506492785	0.5685733055430532	9.011179035284897
1.0129870129828724	0.5580507032393146	9.011067464274007
1.0195115844403708	0.5475222076714719	9.010979501034692
1.026185659976658	0.5369715926095013	9.010916376815574
1.0332710271614292	0.5264076770995624	9.010882544570327
1.0404589049099067	0.5158483803823992	9.010872861311862
1.0478965868749395	0.5052964308219339	9.010882197388513
1.0553224753913972	0.4947458446121444	9.010909144133096
1.0627827123885139	0.4841956694478111	9.010958867929432
1.0702469270821944	0.4736452193291958	9.011032379462916
1.0775010228455049	0.46308031571067354	9.01113400424497
1.0842617660199947	0.45251714197340553	9.011254802629177
1.0908544352587577	0.4419737457654726	9.011399742410616
1.0973921492135472	0.43143580582873775	9.011575887225385
1.1038957824325752	0.42090626478870813	9.011772179293073
1.1103896103883986	0.41038148985195916	9.011996860551113
1.2857142857142867	0.12627122764670082	9.065923333636734
1.1168831168828324	0.3998588875480975	9.012258201881293
1.2792207792207801	0.1367938299505926	9.057170557221289
1.2727272727272738	0.1473164322544845	9.050515184512319
1.1233766233767535	0.38933628524412206	9.012544089578517
1.1298701298703324	0.37881368294009476	9.012864905841129
1.2662337662337673	0.15783903455837633	9.045064395138128
1.136363636363828	0.36829108063609167	9.013231236100536
1.1428571428572516	0.35776847833215153	9.013632609112976
1.1493506493506624	0.34724587602825396	9.014076256725266
1.1558441558441208	0.33672327372437166	9.01456778266572
1.1623376623376025	0.32620067142054593	9.015133567154352
1.2597402597402607	0.16836163686226804	9.040304608528787
1.2532467532467537	0.17888423916615978	9.036506224276648
1.246753246753247	0.18940684147005138	9.033306775896504
1.2402597402597404	0.19992944377394287	9.030441634792702
1.2337662337662338	0.21045204607783427	9.028164254180963
1.2272727272727273	0.22097464838172556	9.026000446918813
1.220779220779221	0.231497250685617	9.024251578664398
1.1688311688311102	0.3156780691166878	9.015738125488822
1.1753246753246316	0.3051554668128278	9.016420878002243
1.181818181818154	0.29463286450895143	9.017199124723836
1.1883116883116733	0.28411026220506924	9.018044839089542
1.1948051948051877	0.2735876599011812	9.018995228462968
1.2012987012986984	0.2630650575972913	9.020092150577957
1.2077922077922068	0.25254245529339997	9.021296932201446
1.2142857142857142	0.24201985298950845	9.022668764319304
1.305194805194806	0.11574862534280901	9.076265026910816
1.2987012987012994	0.1262712276467007	9.065920063413818
1.3246753246753251	0.10522602303891737	9.08940372205054
1.3181818181818186	0.11574862534280905	9.076257383662478
1.3441558441558452	0.0947034207350257	9.108068127603692
1.3376623376623382	0.10522602303891743	9.08939136255678
1.3636363636363644	0.08418081843113394	9.13183091513089
1.3571428571428583	0.09470342073502569	9.108048846235882
1.3831168831168836	0.0736582161272421	9.162152655658973
1.3766233766233773	0.08418081843113386	9.131808587894554
1.4025974025974033	0.0631356138233504	9.210454101224016
1.3961038961038965	0.07365821612724206	9.162117502979441
1.4220779220779225	0.052613011519458824	9.3061744747953
1.4155844155844164	0.06313561382335048	9.210420037808335
1.4480519480519487	0.031567806911675184	9.497580333400137
1.4415584415584421	0.042090409215566914	9.497628404745809
1.4350649350649356	0.052613011519458706	9.306158704553537
1.467532467532468	0.021045204607783457	9.4393960280926
1.4610389610389614	0.03156780691167517	9.497470927565208
1.4805194805194812	0.02104520460778346	9.439259230674871
0.7662337662337655	0.9789547953922165	9.454700394333045
0.772727272727272	0.9684321930883247	9.454709980139585
0.7792207792207785	0.9579095907844329	9.452044698932278
0.7857142857142849	0.9473869884805413	9.27602439604617
0.7922077922077915	0.9368643861766495	9.196362304823067
0.7987012987012979	0.9263417838727577	9.156114559423523
0.8051948051948047	0.9158191815688658	9.12313318190627
0.8116883116883113	0.9052965792649741	9.10130909428223
0.8181818181818178	0.8947739769610825	9.085195751120954
0.8246753246753245	0.8842513746571911	9.071986493554746
0.8311688311688309	0.8737287723532995	9.061782664402942
0.8376623376623374	0.8632061700494079	9.054039425320994
0.8441558441558435	0.8526835677455162	9.047557620958484
0.8506493506493497	0.8421609654416248	9.042246374140099
0.8571428571428558	0.831638363137733	9.037965354417674
0.8636363636363615	0.8211157608338411	9.034333638335191
0.8701298701298672	0.810593158529949	9.031258985995175
0.8766233766233733	0.8000705562260565	9.028564781736348
0.8831168831168802	0.7895479539221638	9.026328094928898
0.8896103896103877	0.7790253516182714	9.024353231258912
0.8961038961038962	0.7685027493143796	9.022675692044324
0.9025974025974048	0.7579801470104881	9.02117785772059
0.9090909090909127	0.7474575447065979	9.019904492971007
0.9155844155844196	0.736934942402708	9.01874477510276
0.9220779220779246	0.7264123400988184	9.017744294049919
0.9285714285714287	0.7158897377949285	9.016847856152069
0.9350649350649333	0.7053671354910378	9.016050887129305
0.94155844155844	0.6948445331871466	9.015356235817832
0.948051948051951	0.6843219308832561	9.014735138265086
0.9545454545454682	0.673799328579368	9.014166385021868
0.9610389610389923	0.6632767262754843	9.013677172020953
0.9675324675325264	0.6527541239716107	9.013237447972463
0.9740259740260789	0.6422315216677599	9.012849502194042
0.9805194805196407	0.6317089193639381	9.012499241564976
0.9870129870132186	0.621186317060184	9.01220077191145
0.9935064935067205	0.6106637147564531	9.011929400750892
1.0000000000001785	0.6001411124529006	9.01170095349052
1.0064935064934475	0.589618510149135	9.01150556267923
1.0129870129863372	0.5790959078454042	9.01133726437508
1.019480519479236	0.5685733055412451	9.011194434667177
1.0259740259723071	0.558050703235537	9.0110835839686
1.032490290913778	0.5475245107578401	9.010996341972318
1.039254380439597	0.5369713603264564	9.010934013223128
1.0461559814896206	0.5264181666548459	9.010900666366112
1.0534862583001254	0.5158570864257191	9.010891921468522
1.0608745401080217	0.5053039136266674	9.010901842233421
1.0683130492492188	0.49475391723883816	9.01092940655782
1.075817572540527	0.4842041911528241	9.010979782338152
1.0832928154602623	0.47365294552717674	9.011053935067595
1.090342521587649	0.46309190659467286	9.011155729673805
1.0972824363074856	0.45252703771750763	9.01127736438457
1.103854456481761	0.44198061246111753	9.011422761875037
1.1103751424916488	0.4314435786058282	9.011599281899121
1.1168818803204388	0.4209089172168376	9.011796046867232
1.1233769568479544	0.41038209918252405	9.012021103488125
1.2922077922077928	0.1367938299505924	9.057169976604454
1.129870129870261	0.3998588875478899	9.012282736538396
1.2857142857142867	0.14731643225448418	9.050516899014177
1.2792207792207804	0.15783903455837597	9.04506867549386
1.1363636363639855	0.3893362852437612	9.01256884471636
1.14285714285734	0.37881368293977774	9.012889813880063
1.272727272727274	0.16836163686226782	9.040311174561056
1.1493506493506684	0.36829108063587923	9.013256225350238
1.155844155844083	0.3577684783320095	9.013657604595418
1.1623376623375463	0.34724587602824314	9.014101175589273
1.1688311688310578	0.3367232737244148	9.01459253948988
1.1753246753245936	0.32620067142058257	9.015158066431047
1.2662337662337673	0.17888423916615978	9.036514897843391
1.2597402597402605	0.18940684147005168	9.033317463101874
1.2532467532467535	0.1999294437739434	9.03045409811516
1.2467532467532465	0.21045204607783488	9.028178412195254
1.2402597402597395	0.22097464838172584	9.026016218073282
1.233766233766233	0.2314972506856171	9.024268774981245
1.2272727272727264	0.24201985298950812	9.022687280258454
1.18181818181813	0.31567806911671936	9.015762272925079
1.188311688311661	0.3051554668128453	9.016444568859397
1.1948051948051828	0.2946328645089602	9.017222249948757
1.2012987012986975	0.2841102622050719	9.018067286930021
1.207792207792207	0.27358765990118133	9.019016881364713
1.214285714285714	0.26306505759729026	9.020112883577555
1.22077922077922	0.25254245529339914	9.021316619706353
1.311688311688312	0.1262712276467007	9.065915458687991
1.3051948051948055	0.13679382995059225	9.05716834422631
1.3311688311688317	0.11574862534280914	9.076247989563546
1.324675324675325	0.1262712276467008	9.06590933313825
1.3506493506493513	0.10522602303891743	9.089376607483958
1.3441558441558448	0.11574862534280916	9.076236662807139
1.370129870129871	0.09470342073502562	9.108026962797256
1.3636363636363644	0.10522602303891737	9.08935918409703
1.3896103896103904	0.0841808184311338	9.131781556657971
1.3831168831168836	0.09470342073502552	9.108002607277257
1.4090909090909094	0.07365821612724217	9.1620771477572
1.4025974025974033	0.08418081843113388	9.131749566139673
1.4285714285714295	0.06313561382335049	9.210380747933035
1.4220779220779225	0.0736582161272422	9.162032824647177
1.454545454545455	0.0420904092155669	9.497521256383147
1.4480519480519487	0.05261301151945862	9.30613801105997
1.4415584415584421	0.06313561382335041	9.210336882577392
1.4740259740259747	0.03156780691167519	9.49735125224712
1.467532467532468	0.04209040921556693	9.497403192347571
1.4935064935064943	0.021045204607783446	9.439105751633635
1.4870129870129878	0.0315678069116752	9.497219730126028
1.506493506493507	0.021045204607783426	9.43893413487705
0.7792207792207785	0.9789547953922164	9.454629945043072
0.7857142857142849	0.9684321930883247	9.454641145656488
0.7922077922077914	0.9579095907844329	9.452056513688545
0.798701298701298	0.9473869884805413	9.276003265800767
0.8051948051948046	0.9368643861766495	9.196342275213695
0.811688311688311	0.9263417838727577	9.15609441655203
0.8181818181818177	0.915819181568866	9.123114062777596
0.8246753246753243	0.9052965792649741	9.10129104227989
0.8311688311688309	0.8947739769610826	9.085178884624623
0.8376623376623374	0.8842513746571914	9.071970967040995
0.8441558441558437	0.8737287723532998	9.061768410600772
0.8506493506493498	0.8632061700494079	9.054026481155425
0.8571428571428559	0.8526835677455161	9.04754599874804
0.8636363636363621	0.8421609654416241	9.042236050630287
0.8701298701298682	0.8316383631377322	9.037956305137563
0.8766233766233745	0.8211157608338401	9.03432585441363
0.8831168831168811	0.8105931585299478	9.03125242216713
0.8896103896103881	0.800070556226056	9.02855942163908
0.8961038961038956	0.789547953922164	9.026323906915835
0.9025974025974032	0.7790253516182725	9.024350195827099
0.9090909090909108	0.768502749314381	9.022673772751778
0.9155844155844175	0.7579801470104903	9.021177043826855
0.9220779220779233	0.7474575447065996	9.019904732475263
0.9285714285714288	0.7369349424027088	9.018746054519418
0.9350649350649345	0.7264123400988182	9.017746588194711
0.941558441558441	0.7158897377949273	9.016851148414887
0.9480519480519497	0.7053671354910365	9.016055145888311
0.9545454545454618	0.694844533187147	9.015361444360785
0.9610389610389788	0.68432193088326	9.014741279378617
0.9675324675324998	0.6737993285793776	9.01417344126797
0.974025974026029	0.6632767262755063	9.01368512548759
0.9805194805195631	0.6527541239716506	9.013246286129517
0.9870129870131028	0.6422315216678297	9.012859210737405
0.9935064935066464	0.6317089193640477	9.012509809184005
1.0000000000000726	0.6211863170603003	9.012212185032498
1.0064935064934615	0.6106637147564674	9.011941650432677
1.0129870129866436	0.6001411124526477	9.011714026224622
1.0194805194800511	0.5896185101486439	9.011519448444107
1.0259740259735715	0.5790959078444047	9.011351956718308
1.0324675324676742	0.5685733055399327	9.011209922876098
1.0389610389639967	0.55805070323512	9.011099851443833
1.0454774273235017	0.5475249649260281	9.011013396006069
1.0521512432406164	0.5369791273415842	9.010951745995184
1.0592187883575506	0.5264172108708699	9.01091936935316
1.066449653305319	0.5158609533134094	9.010911329488911
1.0738145893964337	0.5053098694588982	9.010921942561161
1.0812974376938742	0.49476183116108435	9.010950246701169
1.0887656029601986	0.4842143653805962	9.011001204375033
1.0961365236258132	0.4736639606549797	9.011075846561267
1.10339163012146	0.4631077754691723	9.011178562359435
1.1101825936109926	0.4525492844274617	9.011300419636889
1.1168510116428567	0.4419903471357058	9.01144664709823
1.123368929882013	0.43144356655395144	9.011623791006611
1.1298687817721063	0.4209093519594413	9.01182097046157
1.1363636363640186	0.41038148985173284	9.012046427587697
1.298701298701299	0.14731643225448388	9.050517879374778
1.1428571428573169	0.39985888754730475	9.012308363871872
1.2922077922077932	0.1578390345583756	9.045072263328196
1.285714285714287	0.16836163686226732	9.040317297248377
1.1493506493506724	0.3893362852433549	9.012594724338578
1.1558441558440118	0.3788136829395044	9.012915871403576
1.2792207792207806	0.1788842391661594	9.036523318919725
1.1623376623374388	0.36829108063585764	9.013282381999458
1.1688311688309567	0.35776847833208963	9.013683777923477
1.1753246753245221	0.34724587602831164	9.014127274491146
1.181818181818086	0.33672327372447297	9.014618470039446
1.188311688311639	0.326200671420614	9.015183723747965
1.2727272727272743	0.18940684147005135	9.033328087661452
1.2662337662337675	0.19992944377394342	9.030466667616814
1.2597402597402603	0.21045204607783544	9.028192817386467
1.253246753246753	0.22097464838172706	9.026032387964266
1.2467532467532456	0.23149725068561824	9.024286498849811
1.240259740259738	0.24201985298950868	9.022706443315988
1.2337662337662314	0.2525424552933989	9.021337059520782
1.194805194805174	0.3156780691167345	9.015787553294926
1.2012987012986958	0.3051554668128493	9.016469357246317
1.2077922077922079	0.29463286450895976	9.017246426704972
1.2142857142857155	0.28411026220506974	9.018090729213922
1.2207792207792205	0.27358765990117956	9.019039460139764
1.2272727272727255	0.2630650575972893	9.020134461887464
1.3181818181818183	0.13679382995059242	9.057165348036703
1.3116883116883118	0.14731643225448396	9.050517867443263
1.337662337662338	0.1262712276467009	9.065901508321195
1.3311688311688312	0.13679382995059255	9.057160987424341
1.357142857142858	0.11574862534280915	9.076223186683698
1.3506493506493513	0.12627122764670087	9.065891812542224
1.3766233766233773	0.10522602303891725	9.089338819910127
1.370129870129871	0.11574862534280901	9.076207320411228
1.3961038961038965	0.09470342073502552	9.107975269248724
1.3896103896103904	0.10522602303891715	9.089315281486543
1.4155844155844164	0.08418081843113395	9.131712890546247
1.4090909090909094	0.09470342073502562	9.107944073499091
1.4350649350649356	0.07365821612724217	9.161982918346188
1.4285714285714295	0.0841808184311339	9.131671230865178
1.4610389610389614	0.052613011519458665	9.306112317671493
1.454545454545455	0.06313561382335041	9.210287278640443
1.4480519480519487	0.07365821612724212	9.161926781935286
1.4805194805194812	0.04209040921556695	9.497272900387683
1.4740259740259747	0.05261301151945871	9.306081529277796
1.5000000000000009	0.03156780691167516	9.497074930596751
1.4935064935064943	0.04209040921556692	9.497128749311985
1.5194805194805199	0.0210452046077834	9.438741498992018
1.5129870129870138	0.031567806911675135	9.496915556153139
1.5324675324675328	0.02104520460778339	9.438524073907702
0.7922077922077915	0.9789547953922165	9.454562072268486
0.798701298701298	0.9684321930883247	9.454574803736932
0.8051948051948045	0.957909590784433	9.45206871029373
0.811688311688311	0.9473869884805413	9.27598366734689
0.8181818181818176	0.9368643861766496	9.19632345108188
0.824675324675324	0.9263417838727578	9.156075436098336
0.8311688311688306	0.9158191815688661	9.123095925174733
0.8376623376623372	0.9052965792649744	9.101273869998762
0.8441558441558437	0.894773976961083	9.08516277789912
0.8506493506493498	0.8842513746571914	9.071956080634935
0.8571428571428562	0.8737287723532995	9.06175468649552
0.8636363636363623	0.8632061700494078	9.054013961137642
0.8701298701298685	0.8526835677455158	9.047534698375822
0.8766233766233751	0.8421609654416238	9.042225955816
0.8831168831168815	0.8316383631377317	9.03794739658271
0.8896103896103885	0.8211157608338397	9.034318122445923
0.8961038961038953	0.8105931585299481	9.031245843297297
0.9025974025974023	0.8000705562260563	9.02855398545652
0.9090909090909095	0.7895479539221649	9.026319584136518
0.9155844155844163	0.7790253516182735	9.02434697460636
0.9220779220779226	0.7685027493143822	9.022671624526877
0.9285714285714287	0.7579801470104909	9.021175958243473
0.9350649350649346	0.7474575447065995	9.019904682308377
0.9415584415584412	0.7369349424027085	9.018747021679212
0.948051948051949	0.7264123400988178	9.01774855111931
0.9545454545454587	0.7158897377949279	9.01685410610447
0.9610389610389714	0.7053671354910397	9.016059069855451
0.9675324675324865	0.6948445331871539	9.015366324466134
0.9740259740260053	0.6843219308832736	9.014747105083858
0.9805194805195238	0.6737993285793992	9.014180201485532
0.9870129870130454	0.6632767262755429	9.013692808287724
0.99350649350657	0.6527541239717078	9.013254884548614
1.0000000000000306	0.6422315216678874	9.012868715669839
1.0064935064934781	0.6317089193640216	9.012520214288783
1.01298701298681	0.6211863170601621	9.01222348048868
1.0194805194802679	0.6106637147562085	9.011953829750745
1.025974025973795	0.6001411124521419	9.011727084016384
1.0324675324674903	0.5896185101480278	9.011533382393308
1.0389610389614732	0.5790959078439041	9.0113667568269
1.0454545454560615	0.5685733055400871	9.011225581426404
1.0519480519519255	0.5580507032372956	9.011116358705706
1.0584743640169008	0.5475228801785141	9.011030744858795
1.0652307400042038	0.5369719656077346	9.010970023746138
1.072116932526393	0.5264173885259236	9.010938306395138
1.079363955300287	0.5158626101244761	9.010931201943533
1.086800124089695	0.5053160774306694	9.010942726709253
1.0942634387708998	0.49477236827087373	9.010971741653721
1.10171338897485	0.4842287845198026	9.011023361883522
1.1091655529172422	0.473685104364891	9.01109882921695
1.1164412174121188	0.4631329985581824	9.01120221917168
1.1232313192808916	0.4525571715480756	9.011324883204354
1.1298584318072455	0.4419846003833152	9.011471801836295
1.1363609035728086	0.43143934168143294	9.011649446005338
1.1428566722309774	0.420907654729411	9.011847063546652
1.1493506693778064	0.4103814555856225	9.012072908300821
1.3051948051948055	0.15783903455837553	9.045075043764028
1.1558441558438648	0.3998588875467383	9.012335196533883
1.2987012987012994	0.16836163686226688	9.040322889273009
1.292207792207793	0.17888423916615856	9.036531440901216
1.1623376623372315	0.38933628524331426	9.01262183965869
1.168831168830765	0.37881368293965884	9.012943187962678
1.285714285714287	0.1894068414700503	9.033338611265435
1.1753246753243862	0.36829108063598653	9.013309813544657
1.1818181818180025	0.35776847833219744	9.013711234093526
1.1883116883115974	0.34724587602836854	9.014154655369245
1.1948051948051583	0.3367232737244996	9.014645672653375
1.201298701298693	0.32620067142062015	9.01521063319093
1.279220779220781	0.1999294437739423	9.030479330347331
1.2727272727272745	0.21045204607783471	9.028207466826707
1.2662337662337675	0.22097464838172712	9.026048966826933
1.25974025974026	0.23149725068561933	9.024304772915848
1.2532467532467517	0.24201985298951087	9.022726287454402
1.2467532467532434	0.2525424552934015	9.021358296062475
1.2402597402597353	0.26306505759729115	9.020156939442892
1.20779220779221	0.31567806911673274	9.015814055835904
1.2142857142857182	0.30515546681284467	9.016495326844867
1.2207792207792216	0.29463286450895637	9.017271732409123
1.227272727272725	0.28411026220506813	9.0181152363374
1.2337662337662294	0.27358765990118	9.019063027379088
1.3246753246753247	0.14731643225448418	9.050516810502751
1.3181818181818181	0.15783903455837572	9.04507704752677
1.3441558441558445	0.13679382995059264	9.057155087480519
1.3376623376623378	0.14731643225448438	9.050514578238092
1.3636363636363644	0.12627122764670076	9.065880065934328
1.3571428571428579	0.13679382995059267	9.057147495893632
1.3831168831168836	0.11574862534280893	9.076188772298847
1.3766233766233773	0.12627122764670065	9.0658660630393
1.4025974025974033	0.1052260230389173	9.089288357434405
1.3961038961038965	0.11574862534280896	9.076167232591843
1.4220779220779225	0.09470342073502565	9.107908358584412
1.4155844155844164	0.10522602303891737	9.089257734839954
1.4415584415584421	0.08418081843113386	9.131624217755688
1.4350649350649356	0.09470342073502558	9.107867724865864
1.467532467532468	0.06313561382335044	9.21023097458423
1.4610389610389614	0.07365821612724217	9.161864062365686
1.454545454545455	0.08418081843113384	9.131571233503708
1.4870129870129878	0.052613011519458706	9.306045512143422
1.4805194805194812	0.06313561382335045	9.21016708768933
1.5064935064935074	0.042090409215566865	9.496968872569182
1.5000000000000009	0.05261301151945863	9.306003975143312
1.5259740259740266	0.031567806911675114	9.49674026478282
1.5194805194805203	0.04209040921556683	9.496791494303862
1.5454545454545459	0.02104520460778338	9.438276846416146
1.5389610389610393	0.03156780691167511	9.496547592267925
1.558441558441559	0.021045204607783426	9.437993778104937
0.8051948051948045	0.9789547953922165	9.454496484349763
0.811688311688311	0.9684321930883247	9.454510626820637
0.8181818181818176	0.9579095907844329	9.452081249271622
0.824675324675324	0.9473869884805416	9.27596541749138
0.8311688311688306	0.9368643861766497	9.196305662992451
0.837662337662337	0.926341783872758	9.156057467947884
0.8441558441558435	0.9158191815688662	9.123078632977041
0.8506493506493498	0.9052965792649744	9.101257445925468
0.8571428571428562	0.8947739769610825	9.085147313440542
0.8636363636363624	0.884251374657191	9.071941725791573
0.870129870129869	0.8737287723532993	9.061741393497742
0.8766233766233754	0.8632061700494075	9.054001776440115
0.8831168831168817	0.8526835677455155	9.047523640208373
0.8896103896103885	0.8421609654416234	9.042216020085329
0.8961038961038953	0.8316383631377317	9.037938562822745
0.9025974025974022	0.8211157608338399	9.034310393830557
0.9090909090909088	0.8105931585299485	9.031239209167419
0.9155844155844153	0.800070556226057	9.028548435591672
0.9220779220779219	0.7895479539221654	9.026315097105249
0.9285714285714284	0.7790253516182736	9.024343544963005
0.9350649350649348	0.768502749314382	9.02266923386597
0.9415584415584412	0.7579801470104907	9.021174595479481
0.9480519480519484	0.7474575447065993	9.01990433946395
0.9545454545454563	0.7369349424027088	9.018747678158121
0.961038961038966	0.7264123400988195	9.01775019107719
0.9675324675324783	0.7158897377949321	9.016856744579075
0.9740259740259939	0.7053671354910488	9.016062683543561
0.9805194805195082	0.6948445331871679	9.01537090502636
0.9870129870130211	0.6843219308832952	9.014752649205976
0.9935064935065241	0.6737993285794235	9.014186704609799
1.0000000000000138	0.663276726275574	9.013700264413059
1.006493506493489	0.6527541239716917	9.013263292139564
1.0129870129869325	0.642231521667806	9.012878070505847
1.0194805194803898	0.6317089193638847	9.012530514557987
1.025974025973907	0.6211863170599015	9.012234716332292
1.0324675324675174	0.6106637147558939	9.011966010510534
1.0389610389612756	0.6001411124519169	9.011740204491405
1.0454545454551705	0.5896185101480463	9.011547438975194
1.0519480519490838	0.5790959078442336	9.011381744422032
1.0584415584426703	0.5685733055408395	9.011241496257995
1.0649350649349498	0.5580507032383075	9.011133190594231
1.0714884108966365	0.5475177312658438	9.011048494258901
1.0781311987754378	0.5369721494021267	9.010988564374136
1.0851905484449882	0.5264170254528414	9.010958062239483
1.0923742095767	0.5158670857776636	9.010951863226706
1.0997777316001545	0.5053253622936423	9.010964213521818
1.107222939444728	0.4947846900752509	9.010994015124908
1.1146725862297957	0.4842420393088191	9.01104640711732
1.1220648766435057	0.4736909702760537	9.01112263300986
1.1292650324344506	0.46312332980516396	9.011226788381128
1.1363199427434676	0.45253984432756506	9.01135080656394
1.1428588224147247	0.44196610537862696	9.011498272102818
1.149351362884544	0.43143152906589455	9.011676350881276
1.1558443114366352	0.42090405598887337	9.01187443676492
1.1623377381246378	0.4103813388226362	9.01210067750092
1.3116883116883116	0.16836163686226704	9.040327873393734
1.1688311688303694	0.3998588875470243	9.012363352171024
1.305194805194805	0.17888423916615806	9.036539213741994
1.298701298701299	0.18940684147004952	9.033348998837864
1.175324675324133	0.389336285243556	9.012650307896367
1.1818181818178488	0.3788136829398603	9.01297187947553
1.2922077922077932	0.19992944377394106	9.03049207119665
1.1883116883115206	0.3682910806360909	9.013338633985994
1.1948051948051275	0.35776847833224484	9.013740084644683
1.2012987012986873	0.3472458760283777	9.014183426677716
1.2077922077922132	0.3367232737244949	9.014674252117361
1.214285714285723	0.3262006714206109	9.015238895165396
1.2857142857142876	0.21045204607783285	9.028222358653245
1.279220779220782	0.22097464838172512	9.026065965952377
1.2727272727272754	0.23149725068561802	9.024323622184227
1.2662337662337677	0.2420198529895111	9.022746849714709
1.2597402597402592	0.25254245529340363	9.021380377517422
1.2532467532467493	0.26306505759729487	9.020180374533707
1.2467532467532394	0.2735876599011844	9.019087650530837
1.2207792207792239	0.3156780691167263	9.015841875937454
1.227272727272724	0.3051554668128417	9.016522567258738
1.233766233766226	0.29463286450895737	9.017298250111976
1.2402597402597313	0.2841102622050717	9.018140883978164
1.331168831168831	0.15783903455837603	9.045078088663615
1.3246753246753245	0.16836163686226746	9.040332166107506
1.3506493506493513	0.14731643225448443	9.050510841014392
1.3441558441558445	0.15783903455837622	9.045078097553173
1.370129870129871	0.13679382995059242	9.057138011418415
1.3636363636363644	0.14731643225448424	9.050505606555284
1.3896103896103902	0.12627122764670057	9.065849565018096
1.3831168831168836	0.13679382995059225	9.057126437390908
1.4090909090909094	0.11574862534280914	9.07614239723283
1.4025974025974033	0.12627122764670076	9.065830300844782
1.4285714285714295	0.10522602303891733	9.089222948208201
1.4220779220779227	0.11574862534280908	9.07611394418236
1.4480519480519487	0.09470342073502554	9.107821773419007
1.4415584415584421	0.10522602303891722	9.089183535973527
1.4740259740259747	0.07365821612724223	9.16179417392532
1.467532467532468	0.08418081843113395	9.131511610069724
1.4610389610389614	0.09470342073502562	9.107769978091802
1.4935064935064943	0.06313561382335041	9.210094808740422
1.487012987012988	0.07365821612724217	9.161716396645879
1.5129870129870138	0.052613011519458554	9.305956442720557
1.5064935064935074	0.0631356138233503	9.210013376659106
1.532467532467533	0.042090409215566796	9.496595012727056
1.5259740259740264	0.05261301151945852	9.305902194806555
1.5519480519480524	0.031567806911675135	9.496336051607678
1.5454545454545456	0.042090409215566844	9.496377910514468
1.5714285714285718	0.02104520460778343	9.437668450863207
1.5649350649350655	0.031567806911675156	9.496103974837238
1.584415584415585	0.02104520460778342	9.437295337266844
0.8181818181818176	0.9789547953922164	9.454432908892413
0.8246753246753241	0.9684321930883247	9.454448323003474
0.8311688311688306	0.9579095907844332	9.452094098657732
0.837662337662337	0.9473869884805416	9.275948332850199
0.8441558441558434	0.9368643861766497	9.196288758141991
0.8506493506493498	0.926341783872758	9.156040366983175
0.8571428571428562	0.9158191815688661	9.123062061601482
0.8636363636363628	0.9052965792649742	9.101241645441261
0.8701298701298691	0.8947739769610822	9.085132379873352
0.8766233766233755	0.8842513746571907	9.07192779953521
0.8831168831168821	0.873728772353299	9.061728437624106
0.8896103896103886	0.8632061700494074	9.053989841904128
0.8961038961038952	0.8526835677455153	9.047512748043621
0.9025974025974018	0.8421609654416234	9.042206173085182
0.9090909090909086	0.8316383631377318	9.037929744685286
0.915584415584415	0.8211157608338405	9.034302622726145
0.9220779220779215	0.8105931585299487	9.031232474676811
0.928571428571428	0.8000705562260569	9.028542735288887
0.9350649350649345	0.7895479539221651	9.026310416162872
0.941558441558441	0.7790253516182735	9.024339885205379
0.948051948051948	0.768502749314382	9.022666584145142
0.9545454545454554	0.7579801470104909	9.021172949886664
0.9610389610389634	0.7474575447066004	9.019903704609582
0.9675324675324726	0.7369349424027111	9.018748029953848
0.9740259740259837	0.726412340098824	9.01775150976224
0.9805194805194967	0.7158897377949405	9.016859078372706
0.9870129870130123	0.705367135491063	9.016066005193133
0.993506493506517	0.6948445331871825	9.015375212390339
1.0000000000000162	0.684321930883313	9.014757944504813
1.006493506493498	0.6737993285794216	9.014192988959193
1.0129870129869711	0.6632767262755288	9.01370753743806
1.0194805194804524	0.6527541239716185	9.013271557501808
1.0259740259739656	0.6422315216676774	9.01288732816039
1.032467532467529	0.631708919363725	9.012540762844816
1.03896103896117	0.6211863170597896	9.01224596461975
1.0454545454548831	0.6106637147559106	9.01197826300647
1.0519480519485946	0.6001411124521346	9.011753458616576
1.0584415584421694	0.5896185101484788	9.01156169614015
1.064935064935507	0.5790959078446793	9.011397002383598
1.0714285714279757	0.5685733055408482	9.011257752238079
1.077922077919381	0.558050703234419	9.011150441785295
1.084434864269316	0.5475251402879259	9.011066742568135
1.091183260636536	0.5369696126706531	9.011007878537788
1.0980120052720694	0.5264146923088509	9.010978101341108
1.1053305212579685	0.5158750636113733	9.010973191714008
1.112773653903565	0.5053350710623449	9.010986555868362
1.120185487003173	0.4947946056889831	9.011017207070887
1.1276293630102783	0.4842467170260476	9.01107047576839
1.13502098761689	0.4736852853592594	9.011147684455615
1.1423334726429206	0.4631109099840142	9.011252985869334
1.1491632142709332	0.45252372109763256	9.01137742750329
1.155848245732726	0.44195141403788063	9.011525930655097
1.1623394306793444	0.4314260477868883	9.011704532504702
1.1688314644036273	0.42090331478421206	9.011903124139023
1.1753247887079994	0.4103812210974506	9.0121298593349
1.3181818181818177	0.17888423916615867	9.036546570969362
1.1818181818175522	0.39985888754740334	9.01239295610572
1.3116883116883111	0.18940684147004969	9.033359214238105
1.3051948051948048	0.19992944377394073	9.03050487133106
1.1883116883113847	0.3893362852437461	9.012680253506453
1.1948051948050764	0.3788136829399445	9.013002069046207
1.2987012987012987	0.2104520460778312	9.028237491883418
1.201298701298677	0.36829108063610533	9.013368964516031
1.207792207792217	0.35776847833223435	9.01377044830673
1.2142857142857304	0.3472458760283594	9.014213704014844
1.2207792207792263	0.3367232737244827	9.014704320279394
1.227272727272721	0.32620067142060544	9.01526861699721
1.2922077922077932	0.22097464838172273	9.026083397936626
1.2857142857142885	0.23149725068561453	9.024343074205516
1.2792207792207835	0.24201985298950812	9.022768170559864
1.2727272727272763	0.2525424552934013	9.021403356234556
1.266233766233768	0.2630650575972953	9.020204830253428
1.2597402597402576	0.2735876599011885	9.019113402387545
1.253246753246745	0.2841102622050791	9.018167753615096
1.2337662337662196	0.31567806911672863	9.015871115727565
1.240259740259723	0.30515546681284894	9.016551174581425
1.246753246753233	0.29463286450896614	9.017326069044502
1.3376623376623378	0.1683616368622679	9.04033566222909
1.3311688311688308	0.17888423916615934	9.036553449817516
1.3571428571428583	0.1578390345583762	9.045076958201536
1.3506493506493513	0.16836163686226802	9.040338401184805
1.3766233766233773	0.14731643225448388	9.05049867947553
1.3701298701298712	0.15783903455837572	9.045074515479245
1.3961038961038963	0.13679382995059233	9.057112561616163
1.3896103896103897	0.14731643225448368	9.050489895670905
1.4155844155844164	0.12627122764670082	9.065807977026573
1.4090909090909094	0.13679382995059258	9.057096147090675
1.4350649350649356	0.1157486253428089	9.076081504647886
1.4285714285714295	0.12627122764670068	9.065782286322479
1.454545454545455	0.1052260230389173	9.089139067259582
1.4480519480519485	0.11574862534280884	9.076044678643987
1.4805194805194815	0.08418081843113405	9.131444644847596
1.4740259740259747	0.09470342073502575	9.107711742242502
1.467532467532468	0.10522602303891744	9.089089059969403
1.5000000000000009	0.07365821612724209	9.161629867800388
1.493506493506495	0.08418081843113387	9.131369592601068
1.51948051948052	0.06313561382335023	9.209921889110731
1.5129870129870138	0.07365821612724195	9.161533772208863
1.5389610389610393	0.05261301151945853	9.305840245369565
1.5324675324675328	0.06313561382335024	9.209819280029125
1.558441558441559	0.04209040921556689	9.496138446913564
1.5519480519480524	0.0526130115194586	9.30576953947755
1.5779220779220784	0.031567806911675135	9.495849076187227
1.5714285714285718	0.04209040921556689	9.495874186724263
1.597402597402598	0.021045204607783405	9.436870692436658
1.590909090909091	0.03156780691167512	9.495568238502074
1.6103896103896111	0.0210452046077834	9.436391542801696
0.8311688311688306	0.9789547953922166	9.454371090240821
0.837662337662337	0.9684321930883248	9.454387635356575
0.8441558441558433	0.9579095907844332	9.452107239345493
0.8506493506493498	0.9473869884805416	9.275932241275981
0.8571428571428562	0.9368643861766497	9.19627260063317
0.8636363636363628	0.9263417838727578	9.156023987866304
0.8701298701298692	0.915819181568866	9.123046097278516
0.8766233766233756	0.9052965792649741	9.10122635015925
0.8831168831168822	0.8947739769610822	9.085117870757088
0.8896103896103887	0.8842513746571908	9.071914203760329
0.8961038961038953	0.873728772353299	9.061715728933835
0.9025974025974017	0.8632061700494073	9.053978075713381
0.9090909090909084	0.8526835677455155	9.047501947165683
0.9155844155844148	0.8421609654416237	9.042196343878587
0.9220779220779212	0.831638363137732	9.037920891051174
0.9285714285714278	0.8211157608338402	9.0342947575253
0.9350649350649343	0.8105931585299485	9.03122559650806
0.941558441558441	0.8000705562260567	9.028536848188866
0.9480519480519476	0.789547953922165	9.026305512032607
0.9545454545454545	0.7790253516182738	9.024335972631206
0.9610389610389619	0.7685027493143827	9.022663658104479
0.9675324675324698	0.7579801470104922	9.021171010911337
0.9740259740259787	0.7474575447066029	9.019902782339834
0.9805194805194888	0.7369349424027155	9.018748080071006
0.9870129870129992	0.7264123400988315	9.017752556082142
0.9935064935065067	0.7158897377949499	9.016861122260538
1.0000000000000138	0.7053671354910741	9.016069055446259
1.0064935064935117	0.694844533187181	9.015379273215872
1.0129870129869953	0.6843219308832856	9.01476302347268
1.0194805194804852	0.673799328579381	9.014199092646157
1.0259740259739956	0.663276726275461	9.013714670820088
1.0324675324675334	0.6527541239715363	9.013279728900931
1.0389610389611124	0.6422315216676217	9.012896536075855
1.0454545454547288	0.6317089193637375	9.012551027051074
1.0519480519483444	0.6211863170599078	9.012257289423324
1.0584415584418883	0.6106637147561415	9.011990656011124
1.0649350649352747	0.6001411124524098	9.011766921852873
1.0714285714284488	0.5896185101486389	9.01157623424394
1.0779220779215875	0.579095907844536	9.01141261503252
1.0844155844144452	0.5685733055398324	9.011274442523389
1.0909090909099446	0.5580507032338505	9.011168199622922
1.0974206577123746	0.5475249896246638	9.011085580437596
1.1041970449222511	0.5369727165011761	9.011027848545432
1.11107814770552	0.5264260178286045	9.010999329143255
1.1183797281616674	0.5158867605473837	9.01099553289225
1.1257455159536989	0.5053439441574361	9.011009796082435
1.1331606132636705	0.4947990036590388	9.011041462664657
1.140631677832617	0.4842424846232207	9.011095778046828
1.1481051555903155	0.47367672431183366	9.011174201687295
1.15522242238095	0.46308847419933397	9.01128018763403
1.1621836738195697	0.4524977460711256	9.011405857650551
1.168822002828121	0.4419451418714371	9.01155482864963
1.1753224027914757	0.4314238769661765	9.01173409819927
1.181817415784991	0.4209030940698301	9.011933300730858
1.1883117741295302	0.41038124749456933	9.012160583195358
1.324675324675324	0.18940684147005046	9.033369216803711
1.1948051948049865	0.3998588875475528	9.012424141131222
1.3181818181818168	0.19992944377394137	9.030517710196973
1.31168831168831	0.21045204607783174	9.028252866163877
1.2012987012986651	0.38933628524376807	9.012711808685298
1.2077922077922272	0.3788136829399236	9.013033887608627
1.3051948051948037	0.220974648381722	9.026101277218418
1.2142857142857422	0.3682910806360708	9.01340093419155
1.2207792207792283	0.35776847833221176	9.01380245167426
1.227272727272713	0.34724587602834966	9.014245610789658
1.233766233766205	0.3367232737244877	9.014735996707971
1.240259740259707	0.32620067142061987	9.0152999135785
1.298701298701298	0.23149725068561133	9.024363159371473
1.292207792207793	0.2420198529895028	9.022790294277046
1.2857142857142894	0.25254245529339475	9.021427289177792
1.2792207792207866	0.2630650575972898	9.020230375004509
1.272727272727278	0.2735876599011842	9.019140361629965
1.2662337662337684	0.28411026220508023	9.018195933102449
1.2597402597402545	0.29463286450897436	9.017355285216524
1.2467532467532199	0.31567806911674584	9.015901884707352
1.253246753246737	0.3051554668128635	9.016581252014413
1.3441558441558445	0.1788842391661598	9.036559785747501
1.3376623376623373	0.1894068414700513	9.033378971407751
1.3636363636363649	0.1683616368622676	9.040340184279664
1.3571428571428585	0.17888423916615961	9.036565501369417
1.3831168831168836	0.15783903455837522	9.045070634689493
1.3766233766233775	0.1683616368622667	9.040340926215558
1.4025974025974026	0.14731643225448401	9.050479061251705
1.396103896103896	0.15783903455837536	9.045065164013883
1.4220779220779227	0.13679382995059253	9.057076936334312
1.415584415584416	0.14731643225448418	9.050465969949956
1.441558441558442	0.1262712276467004	9.065752902754165
1.4350649350649354	0.13679382995059217	9.057054656511887
1.4610389610389614	0.1157486253428091	9.076003041956021
1.4545454545454546	0.1262712276467006	9.065719474795147
1.487012987012988	0.09470342073502569	9.107646419929544
1.4805194805194815	0.10522602303891748	9.089032975858387
1.4740259740259747	0.1157486253428093	9.075956137031186
1.5064935064935074	0.08418081843113372	9.131285675052327
1.5000000000000009	0.09470342073502551	9.107573338355495
1.5259740259740264	0.07365821612724192	9.161427476459957
1.51948051948052	0.08418081843113359	9.131191979145187
1.5454545454545456	0.06313561382335028	9.209704428772982
1.5389610389610393	0.07365821612724198	9.161310194603985
1.5649350649350655	0.052613011519458644	9.305689375346331
1.558441558441559	0.06313561382335044	9.209576307164205
1.5844155844155852	0.04209040921556684	9.495581939752261
1.5779220779220788	0.052613011519458595	9.305599365725952
1.6038961038961042	0.031567806911675114	9.495257385263857
1.597402597402598	0.04209040921556682	9.495258154063194
1.6233766233766236	0.021045204607783422	9.435854247064187
1.6168831168831173	0.031567806911675114	9.49491235294338
1.6363636363636365	0.021045204607783457	9.435253614634044
0.8441558441558433	0.9789547953922165	9.454310787204003
0.8506493506493498	0.9684321930883246	9.454328342228672
0.8571428571428561	0.957909590784433	9.452120600929637
0.8636363636363626	0.9473869884805414	9.275916998812704
0.8701298701298693	0.9368643861766496	9.196257073623167
0.8766233766233757	0.9263417838727578	9.156008182843543
0.8831168831168822	0.9158191815688659	9.123030635074926
0.8896103896103889	0.9052965792649741	9.101211448295208
0.8961038961038954	0.8947739769610825	9.085103683425658
0.9025974025974018	0.8842513746571908	9.071900844395786
0.9090909090909083	0.873728772353299	9.06170318122488
0.9155844155844147	0.8632061700494073	9.053966397972745
0.9220779220779213	0.8526835677455155	9.047491165361505
0.9285714285714278	0.8421609654416238	9.042186475988423
0.9350649350649343	0.831638363137732	9.03791194269192
0.9415584415584409	0.8211157608338402	9.034286748431652
0.9480519480519473	0.8105931585299485	9.031218531753076
0.9545454545454541	0.8000705562260569	9.028530738126323
0.961038961038961	0.7895479539221655	9.026300355069736
0.967532467532468	0.7790253516182744	9.024331783973913
0.9740259740259756	0.7685027493143838	9.022660438284701
0.9805194805194838	0.7579801470104944	9.021168770930027
0.9870129870129936	0.7474575447066066	9.019901527616495
0.9935064935065018	0.736934942402721	9.018747829626678
1.0000000000000053	0.726412340098838	9.017753307590487
1.0064935064935052	0.7158897377949482	9.016862894151297
1.0129870129870082	0.7053671354910547	9.016071856469209
1.019480519480508	0.6948445331871548	9.015383114496608
1.0259740259740135	0.6843219308832474	9.014767918700834
1.0324675324675352	0.6737993285793366	9.014205053941938
1.03896103896108	0.6632767262754323	9.013721708006157
1.0454545454546451	0.6527541239715446	9.013287848967794
1.0519480519482098	0.642231521667686	9.012905758142013
1.0584415584417373	0.631708919363861	9.012561367887251
1.064935064935182	0.621186317060055	9.01226875644794
1.0714285714285146	0.6106637147562293	9.012003261794723
1.077922077921754	0.6001411124523283	9.011780671692549
1.0844155844149916	0.5896185101483048	9.011591135673454
1.0909090909085524	0.5790959078441097	9.011428671676045
1.0974025974030863	0.568573305539848	9.011291656186243
1.1038961038993103	0.558050703236602	9.011186568773233
1.1104243396096156	0.5475224749955783	9.011105118573562
1.1171024928981954	0.5369772203632907	9.01104844362406
1.124151155790796	0.5264353582308405	9.01102146257292
1.1312929756281018	0.5158975352505814	9.011018610960742
1.138725413558543	0.5053482827030138	9.011034112876603
1.1461613359690341	0.49479554609879095	9.011066940412435
1.1536418852747918	0.484231392430403	9.011122370183182
1.161032863041788	0.47365500149907397	9.011201825592485
1.1683096125166303	0.4630656751504059	9.011309206748619
1.1751122159948206	0.45249904344497	9.011435241349917
1.1818020903289104	0.441944112428328	9.011585201586472
1.1883068746556247	0.4314251370812222	9.011765201088268
1.1948037465936319	0.4209035634106401	9.011965107874092
1.20129873419244	0.4103813844243243	9.012192991203987
1.33116883116883	0.19992944377394242	9.030530566910167
1.2077922077922654	0.3998588875474913	9.012457048464247
1.3246753246753225	0.21045204607783308	9.028268481513905
1.3181818181818148	0.22097464838172332	9.02611962062039
1.2142857142857741	0.3893362852437028	9.012745114116251
1.2207792207792327	0.37881368293988404	9.013067474642236
1.3116883116883078	0.23149725068561242	9.024383911318042
1.2272727272726953	0.3682910806360546	9.013434680643003
1.2337662337661754	0.3577684783322226	9.013836229917707
1.240259740259674	0.34724587602837803	9.014279278930262
1.2467532467531932	0.3367232737245212	9.014769409397543
1.253246753246721	0.32620067142064835	9.015332908064613
1.3051948051948012	0.2420198529895004	9.022813269468928
1.2987012987012962	0.2525424552933883	9.021452238454986
1.2922077922077928	0.2630650575972796	9.020257083072556
1.2857142857142911	0.2735876599011717	9.019168613438216
1.2792207792207915	0.2841102622050699	9.018225517308167
1.2727272727272818	0.2946328645089666	9.017386002076181
1.2662337662337688	0.3051554668128662	9.0166129105431
1.2597402597402485	0.31567806911676205	9.015934300440357
1.3506493506493513	0.1894068414700516	9.033388426402269
1.3441558441558443	0.1999294437739433	9.030543420645996
1.3701298701298716	0.17888423916615875	9.036570534045437
1.3636363636363653	0.1894068414700508	9.03339753445915
1.3896103896103895	0.1683616368622664	9.040340507337378
1.3831168831168836	0.1788842391661578	9.036574808091979
1.4090909090909094	0.15783903455837572	9.045057943669976
1.4025974025974024	0.168361636862267	9.040338809560636
1.428571428571429	0.147316432254484	9.050450402904225
1.422077922077923	0.15783903455837575	9.045048804151152
1.4480519480519483	0.13679382995059222	9.057029019345203
1.4415584415584417	0.14731643225448385	9.050432129011822
1.467532467532468	0.12627122764670096	9.065681624553049
1.461038961038961	0.13679382995059255	9.056999718208502
1.493506493506495	0.1052260230389174	9.088970230301108
1.487012987012988	0.11574862534280916	9.075903475427495
1.4805194805194815	0.12627122764670098	9.065638950307447
1.5129870129870138	0.0947034207350253	9.107491775794104
1.5064935064935074	0.10522602303891705	9.088900188469966
1.5324675324675328	0.08418081843113362	9.131087449803585
1.5259740259740264	0.09470342073502525	9.107400936814221
1.5519480519480524	0.07365821612724209	9.16118053528931
1.5454545454545456	0.08418081843113374	9.13097104148423
1.571428571428572	0.06313561382335038	9.209433936255882
1.5649350649350655	0.07365821612724215	9.161036593489799
1.5909090909090917	0.05261301151945853	9.305499628177886
1.5844155844155852	0.06313561382335028	9.20927607266812
1.6103896103896111	0.04209040921556683	9.494899286948536
1.6038961038961042	0.05261301151945852	9.305389808801204
1.62987012987013	0.03156780691167516	9.494528993913393
1.6233766233766236	0.042090409215566865	9.494501629440627
1.6493506493506496	0.02104520460778348	9.434582757936433
1.6428571428571432	0.03156780691167521	9.494103179511605
0.8571428571428563	0.9789547953922165	9.454251776129887
0.8636363636363628	0.9684321930883247	9.45427024716197
0.8701298701298691	0.9579095907844329	9.452134127125879
0.8766233766233757	0.9473869884805413	9.275902449207132
0.8831168831168822	0.9368643861766496	9.19624207985535
0.8896103896103889	0.9263417838727577	9.155992807161526
0.8961038961038953	0.915819181568866	9.123015573371632
0.9025974025974018	0.9052965792649742	9.101196835469795
0.9090909090909083	0.8947739769610825	9.085089718115055
0.9155844155844148	0.8842513746571907	9.071887630615448
0.9220779220779213	0.873728772353299	9.061690710870947
0.9285714285714278	0.8632061700494073	9.053954728240251
0.9350649350649343	0.8526835677455156	9.04748033867479
0.9415584415584409	0.8421609654416238	9.042176505678393
0.9480519480519474	0.831638363137732	9.037902843572873
0.954545454545454	0.8211157608338402	9.034278546271437
0.9610389610389604	0.810593158529949	9.031211237741887
0.9675324675324674	0.8000705562260574	9.028524368867961
0.9740259740259746	0.789547953922166	9.026294915508275
0.9805194805194816	0.7790253516182756	9.024327295865158
0.9870129870129895	0.768502749314386	9.022656909304123
0.9935064935064967	0.7579801470104972	9.02116622235984
1.0000000000000018	0.747457544706609	9.01989996981215
1.0064935064935054	0.7369349424027186	9.018747279655871
1.0129870129870093	0.7264123400988259	9.017753779378346
1.019480519480513	0.7158897377949301	9.016864408156907
1.0259740259740202	0.7053671354910308	9.01607442887155
1.0324675324675356	0.6948445331871297	9.01538676296949
1.0389610389610624	0.6843219308832308	9.014772663008559
1.0454545454546	0.6737993285793409	9.014210911564584
1.0519480519481375	0.6632767262754669	9.013728687274345
1.0584415584416556	0.6527541239716109	9.013295973161187
1.0649350649351301	0.6422315216677649	9.012915051668246
1.0714285714285456	0.6317089193639093	9.0125718471964
1.077922077921911	0.621186317060015	9.012280434371648
1.0844155844152727	0.6106637147560566	9.012016154788443
1.0909090909087111	0.6001411124520312	9.011794788091178
1.0974025974023098	0.5896185101479744	9.01160648680127
1.103896103896188	0.5790959078440551	9.01144526228183
1.1103896103904638	0.568573305540648	9.01130949118203
1.1168831168842732	0.5580507032382251	9.011205651781095
1.123410815390199	0.5475233185730473	9.011125454857366
1.1301660247503615	0.5369807104927843	9.011070187406595
1.1370515476182776	0.5264424313434181	9.011044302190454
1.144343397839189	0.5158984326077607	9.011043015033815
1.1516974681706833	0.505350067334624	9.011059596957681
1.1591726090003476	0.4947876264634102	9.011093742561199
1.1666503343256058	0.48421998268158145	9.011150343462816
1.1741374621884473	0.47364110558980266	9.011231233824176
1.1813233056259653	0.46305605575697584	9.011339495031025
1.1881398432262225	0.45249646481507927	9.011466515410048
1.1947888416289938	0.441949531202416	9.011617177300538
1.201295232216501	0.4314264112637245	9.011798055208645
1.2077914977535384	0.4209038974600163	9.011998714751728
1.2142858275961135	0.4103814265052674	9.012227239156317
1.3376623376623364	0.21045204607783463	9.028284338340562
1.220779240223689	0.39985887509146806	9.012491828945427
1.3311688311688281	0.22097464838172534	9.026138447874132
1.3246753246753198	0.23149725068561497	9.024405367459034
1.2272727272726778	0.3893362852436759	9.012780319803268
1.2337662337661184	0.3788136829399084	9.013102978964026
1.3181818181818115	0.24201985298950354	9.022837149638972
1.240259740259609	0.36829108063611077	9.01347035083967
1.2467532467531404	0.3577684783322879	9.013871927541219
1.2532467532466878	0.34724587602843354	9.014314849640366
1.2597402597402352	0.3367232737245532	9.014804695527198
1.2662337662337686	0.32620067142065423	9.015367732628357
1.3116883116883036	0.25254245529339014	9.02147827194762
1.3051948051947966	0.26306505759727683	9.020285035286214
1.2987012987012923	0.2735876599011598	9.019198250183164
1.2922077922077917	0.2841102622050506	9.018256608827569
1.2857142857142947	0.294632864508943	9.01741833123995
1.2792207792208006	0.305155466812847	9.01664626967885
1.272727272727288	0.31567806911674784	9.01596848930386
1.3571428571428588	0.19992944377394303	9.030556246788493
1.3506493506493518	0.2104520460778352	9.028300438153751
1.3766233766233773	0.1894068414700495	9.033406253172659
1.3701298701298716	0.1999294437739416	9.030569022351086
1.3961038961038954	0.17888423916615803	9.036578237832503
1.3896103896103886	0.18940684147004924	9.033414535874186
1.4155844155844164	0.16836163686226735	9.040335707625141
1.409090909090909	0.17888423916615878	9.036580736125792
1.4350649350649356	0.1578390345583755	9.045037567851978
1.4285714285714295	0.16836163686226716	9.040331071204049
1.4545454545454544	0.14731643225448415	9.050410905856511
1.4480519480519478	0.15783903455837564	9.045024050333366
1.4740259740259747	0.13679382995059278	9.056966428575022
1.4675324675324675	0.14731643225448457	9.050386480045452
1.5000000000000009	0.11574862534280883	9.07584453491359
1.493506493506495	0.12627122764670073	9.065591028215538
1.4870129870129885	0.13679382995059255	9.056928810357952
1.51948051948052	0.10522602303891684	9.08882217274004
1.5129870129870138	0.11574862534280853	9.075778757550127
1.5389610389610393	0.09470342073502541	9.107299955739181
1.5324675324675328	0.10522602303891697	9.088735487661204
1.558441558441559	0.08418081843113383	9.130841892389384
1.5519480519480524	0.09470342073502552	9.107187960412597
1.5779220779220788	0.07365821612724203	9.160876968301736
1.571428571428572	0.08418081843113384	9.130699028710035
1.597402597402598	0.06313561382335023	9.209101596868221
1.5909090909090915	0.07365821612724195	9.160700262137178
1.6168831168831173	0.052613011519458554	9.305269385541218
1.6103896103896107	0.06313561382335023	9.208909094187716
1.6363636363636365	0.042090409215566935	9.494061525369082
1.62987012987013	0.05261301151945862	9.305137442498959
1.6623376623376627	0.02104520460778346	9.433834277416578
1.6558441558441563	0.03156780691167522	9.493630700166479
1.6493506493506498	0.04209040921556698	9.493575416030081
1.6753246753246755	0.021045204607783426	9.433003445436073
0.8701298701298693	0.9789547953922164	9.454193849018173
0.8766233766233757	0.9684321930883247	9.454213165196402
0.8831168831168823	0.957909590784433	9.452147768604258
0.8896103896103889	0.9473869884805414	9.275888430665274
0.8961038961038953	0.9368643861766495	9.196227528955397
0.9025974025974018	0.9263417838727577	9.155977732161105
0.9090909090909083	0.915819181568866	9.123000806493593
0.9155844155844148	0.9052965792649742	9.101182414590587
0.9220779220779213	0.8947739769610824	9.085075877624703
0.9285714285714278	0.8842513746571907	9.071874472561953
0.9350649350649343	0.873728772353299	9.061678234990664
0.9415584415584409	0.8632061700494074	9.053942996469212
0.9480519480519474	0.8526835677455156	9.047469396611369
0.954545454545454	0.8421609654416238	9.04216637145281
0.9610389610389604	0.831638363137732	9.03789353851525
0.9675324675324671	0.8211157608338406	9.034270102120471
0.9740259740259737	0.8105931585299491	9.031203671825876
0.9805194805194805	0.8000705562260576	9.028517704060542
0.9870129870129872	0.7895479539221671	9.026289163357239
0.9935064935064941	0.779025351618277	9.024322484829566
1	0.768502749314387	9.02265305464232
1.0064935064935052	0.7579801470104959	9.021163350004215
1.0129870129870107	0.7474575447066033	9.019898096038217
1.0194805194805159	0.7369349424027094	9.018746432569985
1.0259740259740229	0.7264123400988137	9.017753977288054
1.0324675324675343	0.7158897377949169	9.016865678071753
1.038961038961052	0.7053671354910215	9.016076793175564
1.0454545454545752	0.6948445331871311	9.015390245669101
1.0519480519480984	0.684321930883249	9.014777290031093
1.0584415584416114	0.6737993285793763	9.014216700999482
1.0649350649351017	0.6632767262755094	9.013735652288025
1.0714285714285603	0.6527541239716376	9.013304158181741
1.0779220779219918	0.6422315216677456	9.012924473903682
1.0844155844154202	0.6317089193638202	9.01258252993354
1.0909090909088868	0.6211863170598593	9.012292394231272
1.0974025974024355	0.6106637147558801	9.012029412190754
1.1038961038960873	0.6001411124519213	9.011809354623296
1.1103896103898139	0.5896185101480288	9.011622376818552
1.1168831168834892	0.5790959078443676	9.0114624822807
1.1233766233769675	0.5685733055410757	9.0113280502531
1.1298701298697662	0.5580507032372629	9.011225552474327
1.1364230835201157	0.5475209055066758	9.01114672288447
1.1430644859406096	0.5369857154744283	9.011092679656526
1.1500219983935158	0.5264449744471569	9.011068377762102
1.1573476945105743	0.5158963075520103	9.011068555191528
1.1647042192699908	0.5053441324082373	9.011086477049004
1.172173955672402	0.49478306491457785	9.011121940818155
1.1796465638755842	0.4842180056787746	9.011179760778193
1.1870306427211192	0.4736461090242252	9.011261640669192
1.1942106346237389	0.46307145183128035	9.01137092023148
1.2011949910905786	0.452492756736991	9.011499650963108
1.2077842098888258	0.44195102290706245	9.011651071957168
1.21428465372712	0.4314266950897388	9.011832826843817
1.2207799732802402	0.42090379100252057	9.012034284926957
1.227273084519309	0.41038134020488587	9.012263487922816
1.3441558441558437	0.22097464838172695	9.026157781803567
1.233766233766099	0.39985888754740717	9.01252864182029
1.3376623376623347	0.2314972506856178	9.024427569570365
1.3311688311688252	0.24201985298950748	9.022861993873521
1.2402597402594817	0.38933628524376107	9.012817585846578
1.2467532467530384	0.37881368294003637	9.013140559549944
1.324675324675315	0.2525424552933951	9.021505464046689
1.2532467532466225	0.36829108063621857	9.01350810190633
1.2597402597402074	0.35776847833235026	9.013909699199024
1.2662337662337662	0.34724587602844575	9.014352474216928
1.2727272727272974	0.33672327372452676	9.014842002282021
1.2792207792208161	0.32620067142061815	9.01540452927951
1.3181818181818048	0.26306505759728116	9.020314319781436
1.3116883116882956	0.2735876599011634	9.01922937221277
1.3051948051947877	0.2841102622050455	9.018289318785518
1.2987012987012854	0.2946328645089217	9.017452393304369
1.2922077922077888	0.30515546681281075	9.016681458276786
1.2857142857142994	0.31567806911670343	9.016004587310631
1.363636363636366	0.21045204607783408	9.028316783790636
1.3571428571428596	0.22097464838172676	9.026177649524037
1.383116883116883	0.1999294437739407	9.03058172677698
1.376623376623378	0.2104520460778325	9.02833338066187
1.4025974025974015	0.18940684147005016	9.033422334965946
1.3961038961038943	0.19992944377394148	9.03059433987864
1.422077922077923	0.17888423916615884	9.036582216102259
1.415584415584416	0.18940684147005069	9.033429604185924
1.4415584415584417	0.16836163686226702	9.040324766804467
1.4350649350649356	0.17888423916615848	9.036582591732612
1.4610389610389607	0.15783903455837622	9.045008061579336
1.454545454545454	0.1683616368622676	9.040316659362382
1.4805194805194815	0.14731643225448454	9.050358589218044
1.4740259740259747	0.15783903455837653	9.04498940797636
1.5064935064935077	0.12627122764670018	9.065537413253978
1.500000000000001	0.13679382995059194	9.056886510476305
1.493506493506495	0.147316432254484	9.050326965141943
1.5259740259740262	0.11574862534280848	9.075705559590332
1.5194805194805199	0.12627122764669987	9.065477644738495
1.5454545454545456	0.1052260230389172	9.088639421542007
1.538961038961039	0.11574862534280876	9.075624345624782
1.5649350649350655	0.09470342073502562	9.107064035344413
1.558441558441559	0.1052260230389173	9.08853320265031
1.5844155844155852	0.08418081843113372	9.130541206946347
1.5779220779220788	0.09470342073502548	9.106927302798324
1.6038961038961042	0.07365821612724191	9.160505208767601
1.597402597402598	0.08418081843113362	9.130367044046016
1.6233766233766236	0.0631356138233503	9.208697233247314
1.616883116883117	0.07365821612724195	9.160290325380616
1.6428571428571432	0.05261301151945875	9.304992834449024
1.6363636363636365	0.06313561382335045	9.20846426810972
1.6688311688311694	0.03156780691167518	9.493105931489952
1.662337662337663	0.04209040921556695	9.493039499838572
1.6558441558441563	0.05261301151945874	9.304834431324158
1.6883116883116884	0.02104520460778341	9.432090613934221
1.681818181818182	0.03156780691167513	9.492520133053587
1.7012987012987015	0.021045204607783394	9.431100588419428
0.8831168831168823	0.9789547953922165	9.454136810014914
0.8896103896103887	0.9684321930883246	9.454156920918736
0.8961038961038953	0.957909590784433	9.452161485784481
0.9025974025974017	0.9473869884805413	9.275874781219331
0.9090909090909083	0.9368643861766495	9.19621332237554
0.9155844155844148	0.9263417838727577	9.155962853179224
0.9220779220779213	0.915819181568866	9.122986222732356
0.9285714285714278	0.9052965792649742	9.101168094169681
0.9350649350649343	0.8947739769610825	9.085062070655738
0.9415584415584409	0.8842513746571908	9.07186128706748
0.9480519480519473	0.873728772353299	9.06166567763148
0.9545454545454539	0.8632061700494074	9.053931127230106
0.9610389610389604	0.8526835677455155	9.047458272025949
0.9675324675324671	0.8421609654416238	9.04215601240672
0.9740259740259735	0.8316383631377323	9.037883972568222
0.9805194805194802	0.8211157608338407	9.034261367071677
0.9870129870129867	0.8105931585299493	9.03119579121572
0.9935064935064929	0.8000705562260583	9.028510707115258
0.9999999999999987	0.7895479539221675	9.026283068335916
1.0064935064935048	0.7790253516182761	9.02431732701335
1.0129870129870109	0.768502749314384	9.022648855607974
1.019480519480517	0.7579801470104911	9.021160142026135
1.0259740259740242	0.747457544706597	9.019895903551271
1.0324675324675336	0.7369349424027027	9.018745289617344
1.0389610389610462	0.7264123400988093	9.017753909181025
1.0454545454545618	0.7158897377949183	9.016866718170235
1.0519480519480773	0.7053671354910317	9.016078970248929
1.0584415584415874	0.6948445331871503	9.015393590585093
1.0649350649350855	0.684321930883272	9.014781832495713
1.071428571428567	0.6737993285793912	9.014222454914206
1.0779220779220335	0.6632767262755003	9.013742661135675
1.084415584415498	0.6527541239715915	9.01331245567498
1.090909090908981	0.6422315216676641	9.012934085644012
1.0974025974025063	0.6317089193637261	9.01259348343014
1.103896103896085	0.6211863170597972	9.01230471000545
1.110389610389705	0.6106637147559013	9.012043114710849
1.1168831168833238	0.6001411124520553	9.01182445844091
1.1233766233768818	0.5896185101482548	9.011638899353256
1.1298701298702296	0.5790959078445826	9.011480431985374
1.1363636363635203	0.5685733055407263	9.011347437674162
1.1428571428566454	0.5580507032365379	9.011246387863018
1.1493685082148373	0.5475266261709602	9.011168967075347
1.1560564328581728	0.5369907471119338	9.011116475092566
1.163105337066044	0.5264432175259771	9.01109392051548
1.170274060114328	0.5158939540365282	9.011095288274944
1.177694445326632	0.5053407337369424	9.011114782169152
1.1851600622173601	0.49478653829872	9.011151653014686
1.192607881756847	0.4842282280170284	9.011210713192527
1.1999824039171216	0.4736605040129762	9.011293860482885
1.2072778085622708	0.463080198580172	9.011404704595629
1.214149827175082	0.4525010409567229	9.011534322140692
1.2207774285466426	0.44195004663428217	9.011687005819132
1.2272756024254454	0.4314258857003476	9.01186968770635
1.2337685549575081	0.4209030468537898	9.012071989683298
1.240260492441315	0.4103810936106059	9.012301908800668
1.3506493506493518	0.2314972506856191	9.024450564549158
1.2467532467529083	0.39985888754763305	9.012567659109498
1.3441558441558425	0.2420198529895107	9.022887867660673
1.3376623376623316	0.2525424552934006	9.021533896519253
1.2532467532465017	0.3893362852439956	9.012857083158353
1.259740259740153	0.3788136829401579	9.013180386322922
1.3311688311688192	0.26306505759728843	9.02034503288556
1.2662337662337588	0.3682910806362436	9.013548101961321
1.2727272727273127	0.3577684783323009	9.013949710567756
1.2792207792208434	0.34724587602837775	9.014392314931222
1.2857142857143065	0.3367232737244426	9.014881487742572
1.2922077922077815	0.3262006714205495	9.01544345075713
1.3246753246753058	0.27358765990117234	9.019262088750862
1.3181818181817921	0.28411026220505337	9.01832376774138
1.31168831168828	0.2946328645089273	9.017488318752159
1.3051948051947704	0.30515546681280087	9.016718615440139
1.29870129870127	0.31567806911666324	9.016042741010459
1.3701298701298728	0.22097464838172476	9.026198082989596
1.3636363636363678	0.23149725068561758	9.024474405511294
1.389610389610388	0.21045204607783266	9.028350238705473
1.3831168831168823	0.2209746483817238	9.026219120191753
1.4090909090909083	0.19992944377394262	9.030606844172247
1.4025974025974006	0.21045204607783444	9.028367373077009
1.42857142857143	0.18940684147005019	9.03343629966762
1.4220779220779238	0.19992944377394237	9.030619226113396
1.4480519480519476	0.17888423916615842	9.036581780455519
1.4415584415584417	0.1894068414700498	9.033442381921292
1.4675324675324675	0.16836163686226835	9.040306614675933
1.46103896103896	0.17888423916615984	9.036579706029942
1.4870129870129885	0.15783903455837614	9.044967895333562
1.480519480519482	0.16836163686226838	9.04029450285015
1.5129870129870138	0.1367938299505913	9.056839168008345
1.5064935064935077	0.1473164322544833	9.050291337983483
1.5000000000000016	0.1578390345583753	9.044943332969567
1.5324675324675323	0.12627122764670012	9.065411251199912
1.5259740259740262	0.13679382995059142	9.056786421173998
1.5519480519480522	0.115748625342809	9.075534510204902
1.5454545454545452	0.1262712276467006	9.065337752400099
1.571428571428572	0.10522602303891729	9.088416015406494
1.5649350649350655	0.11574862534280901	9.075435446386892
1.5909090909090915	0.0947034207350253	9.106776805790167
1.5844155844155852	0.10522602303891705	9.088287055045756
1.6103896103896107	0.08418081843113363	9.13017515324479
1.6038961038961042	0.09470342073502529	9.106611504682848
1.62987012987013	0.07365821612724212	9.160054060394486
1.6233766233766234	0.08418081843113377	9.129964224541132
1.6493506493506498	0.06313561382335048	9.208207980100477
1.6428571428571432	0.07365821612724224	9.159794883668397
1.675324675324676	0.04209040921556688	9.492448919825348
1.6688311688311694	0.052613011519458665	9.304661604009384
1.662337662337663	0.06313561382335044	9.207925750606586
1.6948051948051952	0.031567806911675114	9.491861961994372
1.6883116883116889	0.04209040921556684	9.491796813878237
1.7142857142857144	0.021045204607783405	9.430043049992518
1.707792207792208	0.03156780691167503	9.491119261681694
1.7272727272727275	0.021045204607783446	9.428933162223037
0.8961038961038953	0.9789547953922165	9.454080474355862
0.9025974025974017	0.9684321930883247	9.454101348633126
0.9090909090909083	0.9579095907844329	9.45217524125639
0.9155844155844148	0.9473869884805413	9.275861345402005
0.9220779220779213	0.9368643861766496	9.196199352069838
0.9285714285714278	0.9263417838727577	9.155948077776076
0.9350649350649343	0.915819181568866	9.122971707038019
0.9415584415584408	0.9052965792649743	9.10115377427089
0.9480519480519473	0.8947739769610825	9.085048212339652
0.9545454545454539	0.8842513746571907	9.071847993239153
0.9610389610389604	0.873728772353299	9.061652958641917
0.9675324675324669	0.8632061700494074	9.05391904892611
0.9740259740259735	0.8526835677455157	9.047446898309444
0.98051948051948	0.842160965441624	9.042145367755317
0.9870129870129865	0.8316383631377325	9.037874090732004
0.9935064935064929	0.8211157608338407	9.034252291996834
0.9999999999999991	0.8105931585299495	9.031187552782967
1.006493506493505	0.8000705562260578	9.028503340991058
1.012987012987011	0.7895479539221659	9.026276599552931
1.0194805194805174	0.7790253516182736	9.024311797381925
1.0259740259740247	0.7685027493143807	9.022644293628845
1.032467532467533	0.7579801470104875	9.021156587019851
1.038961038961043	0.7474575447065949	9.0198933867713
1.0454545454545545	0.736934942402704	9.018743852040979
1.0519480519480657	0.7264123400988148	9.017753582867241
1.0584415584415745	0.7158897377949288	9.0168675429975
1.0649350649350766	0.7053671354910441	9.016080981715454
1.0714285714285698	0.6948445331871586	9.015396826745947
1.0779220779220549	0.6843219308832676	9.01478631744929
1.0844155844155383	0.6737993285793675	9.01422822255425
1.090909090909031	0.6632767262754573	9.013749759926482
1.0974025974025456	0.652754123971541	9.013320922251767
1.1038961038960882	0.6422315216676288	9.012943950197133
1.110389610389653	0.6317089193637329	9.012604778133891
1.1168831168832194	0.6211863170598624	9.012317459217677
1.1233766233767568	0.610663714756016	9.012057346960098
1.12987012987024	0.6001411124521788	9.011840191113
1.1363636363636638	0.5896185101483263	9.011656153194496
1.142857142857051	0.5790959078444338	9.011499215916844
1.1493506493504608	0.5685733055404646	9.011367769982563
1.1558441558440127	0.5580507032363927	9.011268268822596
1.1623437960255822	0.547527615825361	9.011192376783754
1.1690967267129142	0.5369866958782709	9.011141609144401
1.1759934284259403	0.5264403138173845	9.011120472738945
1.1833286554596425	0.5158925285972299	9.011123783122246
1.1906758671846214	0.5053452861165806	9.011144662197628
1.198137449071371	0.4947998098544309	9.011183039447873
1.2055937110071397	0.4842466595235966	9.01124350238949
1.2130423946984072	0.4736818712693414	9.011328237004756
1.2201435557135354	0.4630938197446382	9.01143993670406
1.2270494050907903	0.4525142975067984	9.01157087151181
1.2337605591049674	0.4419510852207496	9.011725063403498
1.2402631695097437	0.4314242099046306	9.011908799128149
1.2467561241561274	0.42090201037592223	9.012112001558357
1.2532477731268077	0.41038079992625587	9.012342681207803
1.3571428571428612	0.24201985298951068	9.022914843869925
1.259740259740081	0.39985888754784743	9.012609063139562
1.350649350649352	0.25254245529340336	9.02156365953099
1.34415584415584	0.2630650575972946	9.020377280146192
1.266233766233743	0.3893362852440512	9.012898994382951
1.272727272727337	0.37881368294006523	9.013222641032051
1.337662337662325	0.27358765990118267	9.01929651892617
1.2792207792208907	0.36829108063611504	9.01359053103778
1.2857142857143153	0.3577684783321415	9.013992139284554
1.2922077922077648	0.34724587602824825	9.014434545978483
1.2987012987012423	0.336723273724371	9.01492332185036
1.3051948051947362	0.3262006714205307	9.015484661504429
1.3311688311688077	0.28411026220506685	9.018360086713686
1.3246753246752883	0.2946328645089436	9.017526248966975
1.318181818181765	0.3051554668128127	9.016757891523879
1.3116883116882494	0.3156780691166729	9.016083108482716
1.3766233766233784	0.2314972506856152	9.024499153016942
1.370129870129875	0.24201985298950737	9.022943003974005
1.3961038961038932	0.22097464838172556	9.026240806661002
1.3896103896103866	0.23149725068561589	9.024524876519726
1.4155844155844168	0.21045204607783496	9.028384806397588
1.4090909090909085	0.22097464838172756	9.026263196816194
1.4350649350649363	0.19992944377394126	9.030631477789337
1.4285714285714315	0.2104520460778334	9.02840257172987
1.454545454545453	0.18940684147005082	9.033447817115901
1.4480519480519467	0.19992944377394153	9.03064359929732
1.4740259740259747	0.17888423916616056	9.036576301911483
1.4675324675324666	0.18940684147005238	9.033452578652549
1.493506493506496	0.16836163686226757	9.04028020304746
1.4870129870129896	0.17888423916616003	9.036571514922004
1.51948051948052	0.14731643225448282	9.050251442215272
1.5129870129870142	0.15783903455837447	9.044915538797504
1.5064935064935083	0.16836163686226643	9.040263609540593
1.5389610389610386	0.13679382995059206	9.056727911821485
1.5324675324675323	0.14731643225448332	9.050207023644225
1.558441558441559	0.12627122764670076	9.06525667139435
1.5519480519480517	0.13679382995059244	9.056663290675184
1.5779220779220788	0.11574862534280886	9.075326542729371
1.5714285714285723	0.12627122764670065	9.065167557881772
1.597402597402598	0.10522602303891687	9.08814551979115
1.5909090909090917	0.11574862534280862	9.075207177291903
1.6168831168831168	0.09470342073502536	9.106430297850052
1.6103896103896107	0.10522602303891694	9.08799064683086
1.6363636363636365	0.08418081843113395	9.129733026110586
1.6298701298701295	0.09470342073502559	9.106232059697815
1.6558441558441561	0.07365821612724224	9.159511063735978
1.6493506493506496	0.08418081843113404	9.129480408916988
1.6818181818181823	0.05261301151945858	9.304474855592675
1.675324675324676	0.06313561382335035	9.207614826035718
1.6688311688311694	0.07365821612724213	9.159200601260823
1.7012987012987015	0.042090409215566796	9.49107371304868
1.6948051948051954	0.052613011519458526	9.3042763643937
1.7207792207792212	0.03156780691167515	9.490279852971211
1.7142857142857144	0.042090409215566824	9.490267568666846
1.7402597402597406	0.021045204607783457	9.427786710867545
1.733766233766234	0.03156780691167519	9.489330155941017
1.7532467532467537	0.021045204607783415	9.426604939800484
0.9090909090909083	0.9789547953922165	9.454024667664955
0.9155844155844148	0.9684321930883247	9.454046294171546
0.9220779220779213	0.9579095907844329	9.45218899101026
0.9285714285714278	0.9473869884805413	9.2758479794354
0.9350649350649343	0.9368643861766495	9.196185506457134
0.9415584415584409	0.9263417838727578	9.155933316368115
0.9480519480519473	0.9158191815688661	9.122957154144457
0.9545454545454539	0.9052965792649743	9.101139372126442
0.9610389610389604	0.8947739769610825	9.08503420968185
0.9675324675324669	0.8842513746571908	9.071834509190806
0.9740259740259734	0.873728772353299	9.06164000126274
0.98051948051948	0.8632061700494074	9.053906690163776
0.9870129870129865	0.8526835677455158	9.047435209037983
0.9935064935064929	0.8421609654416242	9.042134376581032
0.999999999999999	0.8316383631377325	9.037863837682819
1.0064935064935054	0.8211157608338406	9.034242827312502
1.0129870129870115	0.8105931585299486	9.031178912847338
1.0194805194805179	0.8000705562260566	9.028495568008722
1.0259740259740249	0.7895479539221643	9.026269725361116
1.0324675324675323	0.7790253516182718	9.024305870640086
1.038961038961041	0.7685027493143797	9.022639350039244
1.0454545454545503	0.7579801470104881	9.021152672645455
1.0519480519480597	0.747457544706598	9.019890540195094
1.0584415584415674	0.7369349424027095	9.018742121023623
1.0649350649350715	0.7264123400988217	9.017753006426352
1.0714285714285712	0.7158897377949334	9.016868167582205
1.0779220779220664	0.7053671354910422	9.01608285076181
1.0844155844155603	0.6948445331871463	9.015399980639957
1.0909090909090586	0.684321930883245	9.01479077517204
1.0974025974025678	0.6737993285793404	9.014234052317006
1.1038961038960922	0.6632767262754373	9.013757000369097
1.1103896103896285	0.6527541239715423	9.01332961686588
1.1168831168831665	0.6422315216676602	9.012954133991379
1.1233766233766915	0.6317089193637907	9.012616488073926
1.1298701298701899	0.621186317059927	9.01233072342781
1.1363636363636576	0.6106637147560566	9.012072198071136
1.1428571428571066	0.6001411124521675	9.01185664939102
1.149350649350562	0.5896185101482547	9.011674242018344
1.155844155844046	0.5790959078443244	9.01151894700326
1.162337662337577	0.5685733055403983	9.011389162405386
1.168831168831151	0.5580507032365262	9.011291322514444
1.175353307435406	0.5475236034056777	9.011217105348747
1.1818919189725845	0.5369904864795854	9.011167722660792
1.1890598384190267	0.5264390317146592	9.01114893573473
1.1962742932873058	0.5158958521612845	9.011153687710477
1.2036941967777268	0.505358755088669	9.011176384049547
1.2111212628634167	0.494816595712287	9.01121631002354
1.2185780328239673	0.484262133213423	9.011278300049964
1.2259533019782447	0.4736855548913384	9.011364460901772
1.2332381163842348	0.4630896809381675	9.011478170464665
1.2400415678557801	0.4525104258086859	9.011610168369314
1.2467403323854733	0.4419467966394176	9.01176555178503
1.253251058663604	0.4314215523632221	9.011950364643182
1.2597430409444372	0.4209014349098367	9.012154500279822
1.266234773901869	0.4103806855993562	9.012385994734862
1.363636363636371	0.25254245529340075	9.021594852852319
1.2727272921757078	0.3998588751020022	9.012653049587096
1.357142857142864	0.26306505759729487	9.020411177525562
1.3506493506493527	0.2735876599011882	9.01933279295463
1.2792207792208756	0.38933628524383374	9.012943514821176
1.2857142857142938	0.3788136829398092	9.013267518272146
1.3441558441558354	0.28411026220507885	9.018398418341883
1.292207792207726	0.3682910806358694	9.013635582058976
1.298701298701181	0.357768478332006	9.014037175937363
1.3051948051946696	0.34724587602821283	9.014479354491465
1.3116883116881917	0.3367232737243851	9.014967687451074
1.3181818181817162	0.3262006714205524	9.01552833873243
1.3376623376623125	0.29463286450896325	9.017566337372356
1.3311688311687853	0.30515546681283984	9.016799449250355
1.3246753246752536	0.31567806911670293	9.016125860429907
1.3831168831168819	0.24201985298950587	9.02297243948986
1.3766233766233797	0.2525424552933965	9.021627587284838
1.4025974025973993	0.23149725068561933	9.024551656195266
1.39610389610389	0.24201985298950954	9.023003253649039
1.4220779220779256	0.2209746483817265	9.026286355965453
1.4155844155844184	0.2314972506856202	9.024579585032818
1.4415584415584413	0.21045204607783238	9.02842071613337
1.4350649350649374	0.2209746483817238	9.0263103626922
1.4610389610389587	0.1999294437739436	9.030655602372493
1.4545454545454515	0.21045204607783405	9.028439304852382
1.4805194805194821	0.1894068414700526	9.033456650065682
1.4740259740259745	0.19992944377394495	9.030667516058365
1.5000000000000024	0.1788842391661587	9.036565309324644
1.4935064935064968	0.18940684147005124	9.033460030626708
1.5259740259740262	0.15783903455837422	9.044884345681325
1.5194805194805203	0.16836163686226593	9.040244639337338
1.5129870129870147	0.17888423916615756	9.036557671457642
1.5454545454545452	0.147316432254484	9.050157847694203
1.5389610389610384	0.1578390345583753	9.044849610269539
1.5649350649350655	0.13679382995059258	9.056592228342671
1.558441558441559	0.14731643225448435	9.050103709778348
1.5844155844155852	0.12627122764670037	9.06506999291473
1.5779220779220788	0.1367938299505922	9.056514429328814
1.6038961038961042	0.11574862534280854	9.075076735160897
1.597402597402598	0.12627122764670015	9.0649635940061
1.623376623376623	0.1052260230389172	9.087821716882367
1.6168831168831166	0.11574862534280862	9.074934646620209
1.642857142857143	0.09470342073502586	9.106015672192413
1.636363636363636	0.10522602303891757	9.08763808397761
1.6623376623376627	0.08418081843113395	9.129205413895514
1.6558441558441561	0.09470342073502583	9.10578009225125
1.6883116883116889	0.06313561382335026	9.207272761946461
1.6818181818181823	0.073658216127242	9.158861456638574
1.6753246753246758	0.08418081843113383	9.12890730312567
1.7077922077922079	0.05261301151945852	9.3040702777627
1.7012987012987015	0.06313561382335023	9.20689788689726
1.7272727272727275	0.042090409215566914	9.489363898908026
1.720779220779221	0.0526130115194586	9.30386252535015
1.746753246753247	0.03156780691167517	9.488256871323252
1.7402597402597404	0.04209040921556694	9.488345457482763
1.7662337662337666	0.021045204607783335	9.425364890045039
1.75974025974026	0.031567806911675114	9.487050099462893
1.7792207792207797	0.021045204607783388	9.424032619704453
0.9220779220779213	0.9789547953922164	9.453969225048398
0.9285714285714278	0.9684321930883247	9.453991617361389
0.9350649350649343	0.957909590784433	9.452202677354505
0.9415584415584408	0.9473869884805413	9.27583455940079
0.9480519480519473	0.9368643861766496	9.196171665835925
0.954545454545454	0.9263417838727578	9.155918483116976
0.9610389610389604	0.9158191815688661	9.12294246819947
0.9675324675324669	0.9052965792649742	9.101124796893375
0.9740259740259734	0.8947739769610825	9.085019974410782
0.98051948051948	0.8842513746571908	9.071820754080056
0.9870129870129865	0.8737287723532993	9.061626728872396
0.993506493506493	0.8632061700494075	9.053893979471532
0.9999999999999991	0.8526835677455158	9.047423137546673
1.0064935064935052	0.8421609654416239	9.042122977492689
1.0129870129870118	0.8316383631377319	9.037853157488534
1.019480519480518	0.8211157608338399	9.034232922740175
1.025974025974025	0.8105931585299478	9.031169826979239
1.032467532467532	0.800070556226056	9.02848734971454
1.03896103896104	0.789547953922164	9.026262413524508
1.0454545454545479	0.7790253516182725	9.024299520984833
1.0519480519480562	0.7685027493143815	9.022634005510428
1.0584415584415632	0.7579801470104913	9.021148386348129
1.0649350649350686	0.7474575447066019	9.019887358109555
1.0714285714285716	0.7369349424027122	9.018740097885646
1.0779220779220717	0.7264123400988208	9.017752188255818
1.0844155844155716	0.7158897377949272	9.016868607911617
1.0909090909090735	0.7053671354910304	9.016084601601468
1.0974025974025807	0.6948445331871319	9.015403074849019
1.1038961038960957	0.6843219308832339	9.014795252652746
1.1103896103896174	0.6737993285793399	9.014239988226507
1.1168831168831408	0.6632767262754523	9.013764436411519
1.123376623376658	0.6527541239715713	9.013338601512944
1.1298701298701619	0.6422315216676938	9.012964707059067
1.1363636363636507	0.6317089193638136	9.012628691401064
1.1428571428571292	0.6211863170599246	9.01234458880588
1.1493506493506092	0.6106637147560239	9.012087762404816
1.1558441558441046	0.6001411124521143	9.011873935361747
1.1623376623376234	0.5896185101482043	9.011693276653814
1.1688311688311572	0.579095907844304	9.011539742375623
1.1753246753247009	0.5685733055404361	9.011411740303044
1.1818181818181395	0.5580507032365979	9.011315692335993
1.188356235930707	0.5475201640220265	9.01124324800466
1.194979383089994	0.5369803733312952	9.011195932839952
1.2020083391958323	0.5264418997598818	9.011178854474089
1.2093058906532568	0.5159136543745052	9.011185600651418
1.2166504176063888	0.5053813323129265	9.011209868069946
1.2241062048295304	0.4948281044009815	9.011251657384127
1.2315671208959371	0.4842669529287455	9.011315351708175
1.239046040044089	0.47368708914068974	9.011403505318855
1.2461311852868515	0.463088712650571	9.011518179113567
1.2531006285978779	0.4524942056162546	9.011652322602075
1.2597376552413562	0.4419393675780322	9.011808716345051
1.2662364045560592	0.43142132736064825	9.011994519333584
1.2727294515935643	0.42090219381959265	9.012199675176108
1.279220895911214	0.41038141517687926	9.012432040083494
1.370129870129879	0.2630650575972888	9.020446852788737
1.2857142857146169	0.3998588875475588	9.01269982612377
1.3636363636363769	0.27358765990118356	9.01937105349513
1.3571428571428694	0.2841102622050796	9.018438918206348
1.2922077922076805	0.38933628524356917	9.01299085381421
1.2987012987010615	0.3788136829396435	9.013315226650532
1.3506493506493529	0.2946328645089742	9.017608750711524
1.3051948051945368	0.3682910806358019	9.013683461947041
1.3116883116880778	0.35776847833203074	9.01408502516662
1.3181818181816176	0.3472458760282474	9.014526941653989
1.3246753246751883	0.33672327372443994	9.015014781436603
1.331168831168742	0.3262006714206031	9.01557467358718
1.344155844155826	0.3051554668128634	9.016843464952117
1.3376623376622874	0.3156780691167405	9.016171181386134
1.3896103896103833	0.25254245529339814	9.021661986333894
1.3831168831168803	0.2630650575972861	9.020484447112961
1.4090909090909083	0.24201985298951353	9.023035563417539
1.4025974025973964	0.25254245529340497	9.021698188145093
1.428571428571434	0.23149725068561666	9.02460877137293
1.4220779220779292	0.24201985298951115	9.02306950186977
1.4480519480519451	0.220974648381724	9.026335311781809
1.4415584415584413	0.2314972506856141	9.024639341829198
1.4675324675324655	0.21045204607783677	9.028458424654415
1.461038961038956	0.2209746483817275	9.026361318098411
1.4870129870129907	0.19992944377394414	9.030679393118872
1.4805194805194828	0.21045204607783727	9.028478186007687
1.5064935064935092	0.18940684147004946	9.033462742946623
1.5000000000000044	0.19992944377394184	9.030691315742304
1.5324675324675319	0.1683616368622664	9.040223242174589
1.5259740259740258	0.1788842391661573	9.036548613922589
1.51948051948052	0.18940684147004838	9.033464839229083
1.5519480519480522	0.15783903455837606	9.044811225602695
1.545454545454545	0.16836163686226754	9.04019941159158
1.5714285714285723	0.14731643225448415	9.05004444642469
1.5649350649350657	0.15783903455837614	9.044769135518413
1.5909090909090917	0.13679382995059183	9.056429645271557
1.5844155844155854	0.1473164322544836	9.049979949877937
1.6103896103896105	0.1262712276467	9.064848033152549
1.6038961038961042	0.13679382995059167	9.056337691782131
1.6298701298701292	0.11574862534280907	9.074780424018998
1.623376623376623	0.12627122764670054	9.064723068195839
1.6493506493506496	0.10522602303891765	9.087439216612076
1.6428571428571428	0.11574862534280941	9.074613691456866
1.6688311688311694	0.09470342073502565	9.105524432955583
1.662337662337663	0.10522602303891754	9.08722472132532
1.6948051948051954	0.07365821612724194	9.158491773915879
1.6883116883116887	0.08418081843113366	9.128585398699292
1.6818181818181823	0.09470342073502547	9.105248006474001
1.7142857142857142	0.06313561382335026	9.20648935205041
1.7077922077922079	0.07365821612724197	9.15808993117362
1.733766233766234	0.05261301151945867	9.303659616889881
1.7272727272727275	0.06313561382335041	9.20604684787955
1.7532467532467537	0.04209040921556688	9.48719185294896
1.7467532467532474	0.05261301151945867	9.303467531012055
1.772727272727273	0.03156780691167507	9.485698356952627
1.7662337662337666	0.04209040921556679	9.485880556560838
1.7922077922077926	0.021045204607783422	9.422565824038282
1.7857142857142858	0.03156780691167511	9.484185484915805
1.8051948051948055	0.021045204607783446	9.420910077901771
0.9350649350649343	0.9789547953922164	9.453913989639965
0.9415584415584408	0.9684321930883247	9.4539371913951
0.9480519480519473	0.9579095907844329	9.452216223773684
0.9545454545454539	0.9473869884805413	9.275820986743929
0.9610389610389604	0.9368643861766496	9.196157698237215
0.9675324675324669	0.9263417838727578	9.1559034954549
0.9740259740259734	0.915819181568866	9.122927553155392
0.9805194805194799	0.9052965792649743	9.101109960162495
0.9870129870129865	0.8947739769610826	9.085005420420716
0.993506493506493	0.8842513746571911	9.071806646695835
0.9999999999999992	0.8737287723532993	9.061613064742064
1.0064935064935057	0.8632061700494074	9.053880844827487
1.012987012987012	0.8526835677455155	9.047410616503235
1.0194805194805183	0.8421609654416237	9.042111108287576
1.025974025974025	0.8316383631377317	9.037841993330881
1.032467532467532	0.8211157608338396	9.034222527081097
1.0389610389610393	0.8105931585299478	9.031160249833016
1.0454545454545465	0.8000705562260563	9.028478646831395
1.051948051948054	0.789547953922165	9.026254631069234
1.058441558441561	0.7790253516182742	9.02429272192096
1.064935064935067	0.7685027493143836	9.022628240280921
1.0714285714285716	0.7579801470104929	9.021143715256919
1.0779220779220748	0.7474575447066015	9.019883834782261
1.0844155844155778	0.736934942402709	9.018737784191545
1.0909090909090813	0.7264123400988147	9.017751137220577
1.0974025974025878	0.7158897377949193	9.01686888163218
1.1038961038960984	0.705367135491024	9.016086256439209
1.1103896103896125	0.6948445331871307	9.015406134603841
1.116883116883128	0.6843219308832409	9.014799796647877
1.1233766233766405	0.6737993285793543	9.014246079429507
1.1298701298701468	0.6632767262754697	9.013772125178916
1.1363636363636453	0.652754123971584	9.013347941836193
1.1428571428571381	0.6422315216676944	9.012975743594334
1.1493506493506316	0.6317089193637991	9.012641470959599
1.1558441558441312	0.6211863170598992	9.01235914679876
1.162337662337642	0.6106637147559985	9.01210413997601
1.1688311688311637	0.6001411124521019	9.011892157828823
1.1753246753246904	0.5896185101482132	9.011713374278388
1.1818181818182094	0.5790959078443333	9.011561726620895
1.1883116883117033	0.5685733055404663	9.011435642458165
1.1948051948051492	0.558050703236559	9.011341507528003
1.2013549045761782	0.5475209341286811	9.011271005226194
1.2079920821746766	0.5369879403157266	9.011225811959102
1.215057350977088	0.5264589090625474	9.01121088855554
1.2221965092586098	0.5159403843317975	9.01121913829567
1.22964439410967	0.5053823773151075	9.011245583452547
1.2370853650598888	0.49482883666472155	9.011289262077426
1.244550157128337	0.48426049101421026	9.011354811990772
1.2519347515480288	0.47367365119497823	9.011444554653009
1.2592077142512486	0.46307357224126755	9.011561498295192
1.266012840994618	0.45250085558074815	9.0116964297483
1.2727200001899228	0.4419430408277191	9.011854461605369
1.279223001142956	0.43142413169509836	9.012041487711597
1.2857155451548334	0.42090338151895923	9.012247763595214
1.2922077922084652	0.410381489850919	9.012481077967207
1.3766233766233824	0.27358765990117534	9.019411457205463
1.2987012987011424	0.39985888754724236	9.01274961690055
1.3701298701298867	0.28411026220506813	9.018481756327018
1.3636363636363882	0.29463286450896536	9.017653670487112
1.305194805194354	0.38933628524348607	9.01304123526314
1.3116883116878617	0.378813682939664	9.013365989667394
1.357142857142879	0.30515546681286543	9.016890129957305
1.318181818181425	0.3682910806358573	9.013734392672761
1.3246753246750609	0.35776847833213204	9.014135906807766
1.331168831168658	0.34724587602834567	9.01457752389397
1.3376623376622394	0.3367232737245112	9.015064815986237
1.3441558441558061	0.3262006714206484	9.01562387242891
1.3506493506493522	0.31567806911676227	9.016219271053279
1.3961038961038845	0.2630650575972934	9.020524116952565
1.389610389610377	0.27358765990117867	9.019454176523924
1.4155844155844204	0.2525424552934065	9.021736347771252
1.4090909090909074	0.26306505759730103	9.020566036188098
1.4350649350649398	0.24201985298950549	9.023105221004597
1.4285714285714388	0.2525424552933994	9.021776639800095
1.4545454545454477	0.23149725068561688	9.024671444579942
1.4480519480519425	0.24201985298950526	9.023142895039443
1.4740259740259736	0.22097464838173006	9.026388521669439
1.4675324675324621	0.23149725068562188	9.024705253191634
1.493506493506499	0.21045204607783477	9.028498726940912
1.4870129870129922	0.22097464838172864	9.026417093690348
1.512987012987015	0.19992944377393995	9.030703403227989
1.5064935064935103	0.21045204607783177	9.028520218636574
1.5389610389610378	0.17888423916615873	9.036538175297187
1.532467532467531	0.1894068414700496	9.033466403332609
1.5259740259740247	0.19992944377393967	9.030715827046286
1.558441558441559	0.16836163686226804	9.040173192341852
1.5519480519480517	0.1788842391661598	9.036526419177976
1.5779220779220795	0.1578390345583755	9.044723349235882
1.571428571428573	0.16836163686226757	9.040144682689236
1.597402597402598	0.14731643225448313	9.04991019066622
1.5909090909090917	0.15783903455837475	9.044673959548826
1.6168831168831164	0.13679382995059192	9.056238474543855
1.61038961038961	0.1473164322544831	9.049835247316691
1.636363636363636	0.126271227646701	9.064588576208125
1.6298701298701292	0.13679382995059255	9.056132021813498
1.6558441558441561	0.11574862534280939	9.074434211176913
1.6493506493506496	0.1262712276467012	9.064444589382342
1.675324675324676	0.1052260230389173	9.086994358223807
1.6688311688311694	0.11574862534280916	9.074241918900503
1.7012987012987015	0.08418081843113362	9.128238872861308
1.6948051948051954	0.09470342073502526	9.104950327531034
1.6883116883116889	0.10522602303891708	9.08674808362605
1.720779220779221	0.07365821612724209	9.157654393545767
1.7142857142857142	0.08418081843113374	9.127866722446335
1.7402597402597408	0.06313561382335044	9.20557045111495
1.733766233766234	0.07365821612724219	9.157183550458813
1.7597402597402603	0.05261301151945856	9.303292318159167
1.753246753246754	0.06313561382335033	9.205060268236815
1.7792207792207795	0.042090409215566796	9.484386684927157
1.772727272727273	0.05261301151945849	9.303141177190774
1.798701298701299	0.03156780691167515	9.4824906243103
1.7922077922077924	0.04209040921556685	9.482681298302936
1.8181818181818183	0.021045204607783464	9.418989112234952
1.811688311688312	0.031567806911675184	9.480589573193702
1.831168869932388	0.021045203889475533	9.416697616874215
0.9480519480519473	0.9789547953922164	9.45385881066265
0.9545454545454539	0.9684321930883246	9.453882899819648
0.9610389610389604	0.9579095907844329	9.452229532599931
0.9675324675324669	0.9473869884805413	9.275807180174667
0.9740259740259734	0.9368643861766496	9.196143477622181
0.9805194805194799	0.9263417838727578	9.155888264835262
0.9870129870129861	0.9158191815688661	9.122912315239548
0.993506493506493	0.9052965792649743	9.101094774122481
0.9999999999999994	0.8947739769610827	9.084990462977126
1.0064935064935059	0.8842513746571907	9.071792105504743
1.012987012987012	0.8737287723532988	9.061598931387449
1.0194805194805188	0.8632061700494073	9.053867213178718
1.025974025974025	0.8526835677455155	9.047397577506617
1.032467532467532	0.8421609654416234	9.042098705633654
1.0389610389610386	0.8316383631377318	9.037830287244992
1.0454545454545459	0.8211157608338402	9.034211588008079
1.051948051948053	0.8105931585299486	9.031150135002797
1.0584415584415598	0.8000705562260574	9.028469419111909
1.0649350649350657	0.789547953922166	9.026246344160436
1.0714285714285714	0.7790253516182749	9.024285446286761
1.0779220779220762	0.7685027493143836	9.022622034107258
1.0844155844155807	0.7579801470104913	9.021138646277565
1.0909090909090855	0.7474575447065983	9.019879964567501
1.097402597402592	0.7369349424027046	9.018735181831572
1.1038961038961004	0.7264123400988111	9.017749863036402
1.1103896103896107	0.7158897377949183	9.016869007965653
1.1168831168831217	0.7053671354910271	9.016087835157878
1.1233766233766318	0.6948445331871379	9.015409195964482
1.1298701298701384	0.6843219308832498	9.0148044474864
1.1363636363636413	0.6737993285793614	9.014252378127802
1.1428571428571417	0.663276726275471	9.013780127494355
1.1493506493506414	0.6527541239715777	9.013357707667437
1.1558441558441441	0.6422315216676825	9.012987322512195
1.1623376623376522	0.6317089193637865	9.012654914924715
1.1688311688311652	0.6211863170598921	9.012374494679198
1.175324675324681	0.6106637147560016	9.012121437386197
1.181818181818197	0.6001411124521147	9.011911432599291
1.188311688311711	0.5896185101482312	9.011734659209798
1.1948051948052207	0.5790959078443496	9.011585034874928
1.2012987012987215	0.5685733055404584	9.011461007696205
1.2077922077922327	0.5580507032365293	9.011368927121586
1.2142857142858583	0.5475281009325471	9.0113004052485
1.2210428467121608	0.5369962093479231	9.011257687990055
1.2279338890415554	0.5264718428116771	9.011244511064307
1.2352050529979355	0.5159376616461591	9.011255124803965
1.2426228149056673	0.5053779445340585	9.011283562871553
1.250053386830009	0.49481918271065556	9.011329305822388
1.2575331323183223	0.4842460281489625	9.011396907497712
1.2650123518692478	0.4736638901159413	9.011488878439634
1.2720999448014467	0.4630756534330362	9.011606866909508
1.2790521849586163	0.45249460751249465	9.01174404762361
1.2856889348504392	0.4419535188087854	9.011903071229908
1.2922082461427555	0.43142781150734266	9.012091528160303
1.2987021925976618	0.4209044343263986	9.012299017440684
1.3051948051942024	0.41038148985049405	9.012533332751671
1.383116883116877	0.2841102622050629	9.01852711886549
1.3116883116877063	0.39985888754722027	9.012802660891523
1.3766233766233864	0.2946328645089497	9.017701294580208
1.370129870129901	0.30515546681284356	9.016939652135159
1.3181818181812437	0.38933628524358727	9.013094899065315
1.3246753246748322	0.37881368293976786	9.013420046954293
1.3636363636364088	0.31567806911674595	9.016270345779487
1.3311688311684846	0.3682910806360409	9.013788612465113
1.3376623376621446	0.3577684783322681	9.014190057137265
1.344155844155767	0.3472458760284339	9.01463133417767
1.3506493506493509	0.33672327372455424	9.015118019919763
1.3571428571428967	0.3262006714206534	9.015676158235541
1.4025974025973902	0.273587659901192	9.019499401708693
1.3961038961038728	0.28411026220507707	9.018575210055287
1.4220779220779356	0.2630650575972964	9.020610398607198
1.4155844155844253	0.27358765990119527	9.019547343166444
1.4415584415584413	0.252542455293394	9.021819261398372
1.435064935064945	0.2630650575972852	9.020657420755045
1.461038961038951	0.2420198529895116	9.02318272423058
1.4545454545454417	0.25254245529339886	9.021864435829299
1.4805194805194832	0.23149725068562288	9.024740971239382
1.4740259740259714	0.24201985298951648	9.023224939302056
1.5000000000000069	0.22097464838172454	9.026447243022139
1.493506493506502	0.23149725068561852	9.024778837896365
1.5194805194805197	0.21045204607782958	9.02854287160905
1.512987012987016	0.22097464838172087	9.02647922337335
1.545454545454544	0.18940684147005124	9.033467561801126
1.5389610389610364	0.1999294437739421	9.03072883813904
1.5324675324675292	0.2104520460778321	9.028566943374459
1.5649350649350662	0.17888423916615978	9.036513461002135
1.558441558441559	0.1894068414700519	9.033468519556303
1.5844155844155858	0.1683616368622666	9.040114035000466
1.5779220779220802	0.1788842391661587	9.036499497037392
1.6038961038961042	0.15783903455837411	9.044621156775294
1.597402597402598	0.16836163686226582	9.040081452502754
1.6233766233766225	0.1473164322544839	9.0497553378378
1.616883116883116	0.15783903455837492	9.044565226444591
1.6428571428571426	0.13679382995059297	9.056018528362138
1.6363636363636356	0.14731643225448468	9.049670843967036
1.6623376623376631	0.12627122764670104	9.06429134003446
1.6558441558441563	0.136793829950593	9.055898406876453
1.6818181818181823	0.11574862534280884	9.074036981093306
1.6753246753246762	0.12627122764670073	9.064129324300355
1.7077922077922079	0.09470342073502541	9.104631119673796
1.7012987012987015	0.10522602303891698	9.08648611325407
1.6948051948051952	0.11574862534280857	9.073819871906311
1.7272727272727275	0.0841808184311339	9.127467931973781
1.720779220779221	0.09470342073502558	9.104290322002962
1.7467532467532474	0.07365821612724222	9.1566757244254
1.7402597402597408	0.08418081843113391	9.127041610801077
1.7662337662337666	0.06313561382335023	9.204515649444808
1.7597402597402603	0.073658216127242	9.156129321590576
1.7857142857142858	0.05261301151945854	9.303023705588602
1.7792207958444781	0.06313560617535278	9.203935161610802
1.8051948051948055	0.04209040921556689	9.480730114426393
1.798701298701299	0.0526130115194586	9.302952980486973
1.8246754151236242	0.03156780523562335	9.47845513269071
1.8181818784806847	0.04209040809819903	9.47849334207068
1.8441558441558443	0.02104520460778347	9.41389815993849
1.8376626510010883	0.03156780110535271	9.476056505464037
1.8571434517206924	0.02104500389766999	9.41041723380757
0.9610389610389604	0.9789547953922164	9.453803541520996
0.9675324675324669	0.9684321930883246	9.453828637529968
0.9740259740259734	0.9579095907844329	9.452242484900717
0.9805194805194799	0.9473869884805413	9.275793047650799
0.9870129870129863	0.9368643861766495	9.196128907875433
0.9935064935064929	0.9263417838727578	9.155872692539036
0.9999999999999991	0.9158191815688661	9.122896660742747
1.0064935064935057	0.9052965792649743	9.10107915143197
1.0129870129870124	0.8947739769610823	9.084975017745935
1.019480519480519	0.8842513746571904	9.071777047831828
1.0259740259740253	0.8737287723532988	9.061584249956416
1.032467532467532	0.8632061700494073	9.053853010012354
1.0389610389610386	0.8526835677455153	9.047383950734458
1.0454545454545456	0.8421609654416237	9.042085704780904
1.0519480519480522	0.8316383631377322	9.037817979876754
1.058441558441559	0.8211157608338406	9.034200051868792
1.0649350649350653	0.8105931585299492	9.031139434852463
1.071428571428571	0.8000705562260576	9.028459625206148
1.0779220779220766	0.7895479539221663	9.02623751804171
1.0844155844155823	0.779025351618274	9.024277666204897
1.090909090909088	0.7685027493143818	9.022615366291413
1.0974025974025938	0.7579801470104891	9.02113316615798
1.1038961038961013	0.7474575447065964	9.019875742016481
1.1103896103896103	0.736934942402704	9.018732293107023
1.1168831168831188	0.7264123400988124	9.017748376856206
1.1233766233766271	0.7158897377949215	9.016869006156037
1.1298701298701344	0.7053671354910317	9.016089358430285
1.1363636363636391	0.6948445331871418	9.015412306865478
1.1428571428571426	0.684321930883251	9.014809250364616
1.1493506493506456	0.6737993285793588	9.014258939453894
1.1558441558441503	0.6632767262754653	9.013788508181491
1.162337662337657	0.6527541239715715	9.01336797352892
1.1688311688311666	0.6422315216676785	9.012999528052704
1.1753246753246775	0.6317089193637871	9.012669117411717
1.1818181818181885	0.6211863170598977	9.01239073630805
1.188311688311699	0.6106637147560101	9.012139768490258
1.19480519480521	0.6001411124521241	9.011931883051757
1.2012987012987255	0.5896185101482403	9.011757265305993
1.2077922077922474	0.5790959078443619	9.011609808838609
1.2142857142857735	0.5685733055404858	9.01148799329742
1.2207792207793258	0.5580507032366248	9.011398105896632
1.2272772754217707	0.5475277745977655	9.01133180452627
1.2338965040924679	0.5370005823732953	9.011291136633348
1.2410158162436153	0.5264620804593654	9.01128083462031
1.248161144018431	0.5159240244020901	9.01129332016226
1.2556030889672865	0.5053637679646547	9.011324067686777
1.2630365602886768	0.4948007495782026	9.011372081807318
1.2705232634735288	0.4842279498636994	9.011441838845284
1.2779078296055169	0.47364889156922146	9.011535573247178
1.2851677513904993	0.46306643251389507	9.011656016894483
1.2919839099867487	0.45250359018811764	9.01179425671357
1.2986872794310553	0.44195650443122414	9.011955160543975
1.3051948991280888	0.4314292734899756	9.012144948598996
1.311688806039076	0.4209048088274052	9.012353697055438
1.3181818181805702	0.41038148985076	9.012589057328254
1.3896103896103635	0.29463286450895626	9.017751839070847
1.3246753246745389	0.39985888754743	9.012859214134307
1.3831168831168699	0.3051554668128333	9.016992257619302
1.3766233766233948	0.31567806911671564	9.01632464019467
1.3311688311682912	0.3893362852438129	9.013152102274404
1.3376623376619803	0.37881368294002815	9.013477655551531
1.3701298701299278	0.32620067142061154	9.015731772141173
1.3441558441556865	0.368291080636218	9.013846377096975
1.3506493506493449	0.3577684783323536	9.014247730209037
1.3571428571429296	0.34724587602844564	9.014688623406443
1.3636363636364488	0.336723273724524	9.015174640169674
1.409090909090905	0.2841102622050923	9.018626254389519
1.4025974025973766	0.29463286450898224	9.017805540282948
1.4285714285714495	0.2735876599011814	9.019598234109578
1.4220779220779487	0.28411026220508345	9.018680499095867
1.4480519480519376	0.2630650575972844	9.020707345200911
1.4415584415584417	0.27358765990117034	9.0196523335811
1.4675324675324573	0.25254245529340813	9.021912416515645
1.4610389610389418	0.2630650575972962	9.02076044427138
1.4870129870129951	0.2420198529895139	9.023269806556039
1.4805194805194846	0.2525424552934099	9.021963491733862
1.5064935064935137	0.23149725068561255	9.024819134566036
1.5000000000000109	0.24201985298950623	9.023317633735909
1.5259740259740227	0.2209746483817205	9.02651334096093
1.5194805194805188	0.23149725068561056	9.024862192628722
1.5519480519480506	0.1999294437739438	9.030742766325618
1.545454545454542	0.21045204607783508	9.028592751833061
1.5389610389610329	0.220974648381725	9.026549961557656
1.5714285714285738	0.18940684147005105	9.033469589955994
1.5649350649350666	0.1999294437739436	9.030757984107943
1.5909090909090924	0.17888423916615748	9.036484795456703
1.5844155844155867	0.1894068414700493	9.033471218428794
1.6103896103896096	0.16836163686226568	9.040047234322204
1.6038961038961033	0.17888423916615692	9.036469753074051
1.6298701298701286	0.15783903455837597	9.044506538280018
1.6233766233766218	0.16836163686226693	9.040011805844392
1.6493506493506496	0.14731643225448487	9.049582303036303
1.6428571428571423	0.1578390345583766	9.044445587352762
1.66883116883117	0.13679382995059272	9.055772323787659
1.6623376623376631	0.14731643225448465	9.049490354306274
1.688311688311689	0.12627122764670037	9.063959359983755
1.6818181818181825	0.1367938299505922	9.055641185606959
1.7142857142857142	0.10522602303891719	9.086208996230093
1.7077922077922076	0.11574862534280873	9.07359145417931
1.701298701298701	0.12627122764670035	9.063782540393168
1.733766233766234	0.09470342073502569	9.103928149139334
1.7272727272727275	0.10522602303891737	9.085917717480832
1.753246753246754	0.0841808184311338	9.126587135548583
1.7467532467532474	0.09470342073502566	9.103545291737346
1.7727273696988484	0.0736581715139235	9.155543197301569
1.766234005430319	0.08418070838494822	9.126104743680742
1.7922079511514237	0.06313559622389854	9.20331674659923
1.7857150207347514	0.07365797059638009	9.154917178272335
1.811688311688312	0.05261301151945866	9.302947392257032
1.8051954129851486	0.06313580514706396	9.202656826221999
1.8311691550957756	0.04209040321303998	9.475927276129582
1.8246753246753247	0.052613011519458706	9.30303313778907
1.85065150621695	0.03156708308661065	9.47335391822095
1.8441611797269333	0.04208867561473061	9.472992899809087
1.870134682382699	0.02104233693630966	9.405878648033392
1.863646004679701	0.031562384298732114	9.470265915119578
1.88313287061352	0.021030556618331128	9.399453507642521
0.9740259740259734	0.9789547953922165	9.453748037631359
0.9805194805194799	0.9684321930883247	9.453774320355285
0.9870129870129863	0.957909590784433	9.452254943527338
0.9935064935064929	0.9473869884805413	9.275778454518713
0.9999999999999994	0.9368643861766496	9.196113925644548
1.0064935064935059	0.9263417838727578	9.155856681658518
1.012987012987012	0.9158191815688659	9.122880497727865
1.0194805194805188	0.905296579264974	9.101063003563153
1.0259740259740255	0.8947739769610822	9.084958998140516
1.0324675324675323	0.8842513746571905	9.071761388944724
1.0389610389610386	0.873728772353299	9.061568939739471
1.0454545454545456	0.8632061700494074	9.053838159012727
1.0519480519480517	0.8526835677455155	9.04736966463429
1.0584415584415587	0.8421609654416241	9.042072039290938
1.0649350649350648	0.8316383631377328	9.037805010248404
1.071428571428571	0.8211157608338407	9.034187863483249
1.0779220779220768	0.8105931585299491	9.03112810035193
1.084415584415583	0.8000705562260574	9.028449222547765
1.090909090909089	0.7895479539221654	9.026228116956647
1.0974025974025954	0.779025351618273	9.024269353063277
1.1038961038961022	0.7685027493143807	9.022608215701945
1.1103896103896094	0.7579801470104885	9.021127261573225
1.1168831168831173	0.747457544706597	9.01987116197658
1.1233766233766251	0.7369349424027057	9.018729120926855
1.1298701298701317	0.7264123400988147	9.017746691787528
1.1363636363636376	0.7158897377949237	9.016868893826826
1.1428571428571426	0.7053671354910326	9.016090850558045
1.1493506493506476	0.6948445331871409	9.015415509569946
1.1558441558441532	0.6843219308832486	9.014814255147611
1.1623376623376596	0.6737993285793556	9.014265822711748
1.1688311688311674	0.6632767262754633	9.01379733674469
1.175324675324676	0.6527541239715716	9.013378819274822
1.181818181818185	0.6422315216676809	9.013012450423416
1.188311688311694	0.6317089193637914	9.012684179189087
1.1948051948052028	0.6211863170599027	9.012407982879692
1.2012987012987135	0.6106637147560156	9.012159255021416
1.2077922077922285	0.600141112452132	9.01195364164352
1.214285714285752	0.5896185101482557	9.011781334803137
1.2207792207792882	0.5790959078443942	9.011636203036304
1.2272727272728248	0.5685733055405524	9.01151675839853
1.2337662337662492	0.5580507032367464	9.01142922552507
1.2402688483975808	0.547527038708557	9.011365291072082
1.2469352558575264	0.536985241971989	9.011327246822193
1.2540113540716742	0.5264463362560039	9.011319346755938
1.2612218579036278	0.5159015468063811	9.011334394786102
1.2685502722610942	0.5053464489931223	9.011367185863081
1.2760411348215293	0.49477856127048164	9.011417830383808
1.2835223018556359	0.4842083728610232	9.011489867236847
1.2909963761712422	0.47363692622776066	9.011586119153549
1.2982583568518775	0.46305274101183547	9.011708661544432
1.3050305563056415	0.4524994994136063	9.011848497664127
1.3116884066389187	0.44195462789890105	9.012010861480134
1.3181819568337667	0.43142940043044	9.01220199848048
1.3246755300656712	0.4209048696770437	9.012412064246448
1.3311688311676642	0.41038148985126166	9.012648523843668
1.396103896103849	0.3051554668128608	9.017048192729144
1.3376623376616787	0.3998588875477973	9.012919550588508
1.389610389610338	0.31567806911672797	9.016382409020137
1.3831168831168572	0.3262006714205912	9.015790975124792
1.3441558441555967	0.38933628524407576	9.01321312040435
1.3506493506493416	0.37881368294018175	9.013539091265757
1.3766233766234104	0.3367232737244652	9.015234943388956
1.3571428571429898	0.3682910806362461	9.01390796128347
1.3636363636365247	0.35776847833229747	9.014309199303343
1.3701298701299802	0.3472458760283655	9.014749661936206
1.4155844155844342	0.2946328645089888	9.01786265707902
1.4090909090909	0.3051554668128907	9.017107726109671
1.4350649350649543	0.28411026220506136	9.01873821693252
1.4285714285714695	0.294632864508962	9.017923473430963
1.4545454545454295	0.27358765990117934	9.019709929891597
1.4480519480519283	0.284110262205059	9.01879970934027
1.4740259740259691	0.2630650575973046	9.020817024306341
1.4675324675324475	0.27358765990119566	9.019771344515549
1.4935064935065097	0.2525424552934013	9.022017990012024
1.487012987013004	0.26306505759729776	9.020877430502594
1.5129870129870167	0.24201985298950043	9.023368776726612
1.5064935064935192	0.2525424552933904	9.022076286287424
1.532467532467525	0.2314972506856138	9.02490840229263
1.5259740259740187	0.24201985298950018	9.023423647215806
1.5584415584415587	0.21045204607783616	9.02862069714247
1.551948051948049	0.2209746483817282	9.026589519321798
1.5454545454545385	0.23149725068561902	9.024958222332488
1.577922077922081	0.19992944377394153	9.030774937733495
1.5714285714285754	0.21045204607783438	9.028651277378179
1.5974025974025976	0.1894068414700479	9.033474038191173
1.5909090909090928	0.1999294437739392	9.030794171469786
1.6168831168831146	0.1788842391661576	9.036455007427149
1.610389610389608	0.18940684147004797	9.033478735705598
1.6363636363636347	0.16836163686226813	9.039975741870583
1.6298701298701272	0.17888423916615911	9.036441510398541
1.6558441558441566	0.15783903455837664	9.04438304209564
1.6493506493506491	0.1683616368622686	9.03993997922994
1.6753246753246762	0.14731643225448407	9.049395755723621
1.6688311688311703	0.15783903455837608	9.044319872388646
1.6948051948051948	0.1367938299505918	9.055506143444624
1.6883116883116889	0.14731643225448357	9.04929942269767
1.7207792207792203	0.11574862534280905	9.073353070269727
1.7142857142857133	0.12627122764670065	9.063600047749981
1.707792207792207	0.1367938299505921	9.055368710762066
1.7402597402597408	0.10522602303891739	9.085613750492877
1.733766233766234	0.1157486253428092	9.073106626544726
1.7597406249732206	0.09470326980992459	9.103143645683302
1.753247105335074	0.10522590096940744	9.085298963478762
1.7792224788046573	0.08418012635087252	9.125596166941394
1.7727299689675953	0.09470248066956873	9.102727155688378
1.7987039661496471	0.07365776888491855	9.154251395540884
1.7922135657835572	0.08417882292893969	9.125063916662732
1.8181866947784462	0.06313676333951342	9.201949590432385
1.811696765481269	0.07365823321890383	9.153545333345436
1.837674140524876	0.05261069313071057	9.303273537381815
1.8311863012004987	0.06313323402493663	9.201226693334013
1.8571614753285637	0.0420800036680992	9.469656624695348
1.8506796752783155	0.05259667961453098	9.303831552654385
1.8766466614078914	0.03154502152331392	9.466646137212242
1.8701636878210792	0.042053837561079714	9.465911010946384
1.8961374841392609	0.02100059084892582	9.38964638348331
1.889645720315572	0.03150356215517251	9.462406063810745
1.909150246187816	0.020951498921818232	9.375874775825539
0.9870129870129863	0.9789547953922164	9.45369215431458
0.9935064935064929	0.9684321930883247	9.45371989653624
0.9999999999999994	0.9579095907844329	9.452266758135758
1.0064935064935059	0.9473869884805413	9.27576322675605
1.0129870129870124	0.9368643861766496	9.196098461068642
1.0194805194805188	0.9263417838727577	9.155840155059463
1.0259740259740253	0.9158191815688658	9.122863738901012
1.032467532467532	0.905296579264974	9.101046237030898
1.0389610389610389	0.8947739769610822	9.084942314016487
1.0454545454545456	0.8842513746571908	9.071745041611967
1.0519480519480517	0.873728772353299	9.061552917855517
1.0584415584415585	0.8632061700494075	9.053822581772563
1.0649350649350646	0.8526835677455159	9.047354645630826
1.071428571428571	0.842160965441624	9.0420576407662
1.0779220779220773	0.8316383631377322	9.037791315517895
1.0844155844155832	0.8211157608338405	9.034174965940394
1.0909090909090893	0.8105931585299487	9.03111608091755
1.097402597402596	0.8000705562260567	9.028438167236537
1.1038961038961028	0.7895479539221649	9.026218104084181
1.1103896103896096	0.7790253516182729	9.02426047749721
1.1168831168831168	0.7685027493143809	9.022600560808895
1.1233766233766238	0.7579801470104894	9.021120919225579
1.1298701298701304	0.7474575447065982	9.019866219679928
1.1363636363636367	0.7369349424027067	9.018725669206084
1.1428571428571428	0.7264123400988153	9.017744822793672
1.1493506493506485	0.7158897377949235	9.01686868834153
1.1558441558441543	0.7053671354910315	9.016092346079468
1.162337662337661	0.6948445331871395	9.015418845311602
1.1688311688311677	0.6843219308832474	9.014819515890613
1.1753246753246753	0.6737993285793555	9.014273091982822
1.1818181818181832	0.6632767262754643	9.013806687978756
1.188311688311691	0.6527541239715737	9.013390330723874
1.1948051948051994	0.6422315216676839	9.013026186487368
1.2012987012987084	0.6317089193637949	9.012700208432813
1.2077922077922183	0.6211863170599077	9.012426353616872
1.2142857142857306	0.6106637147560237	9.012180027675122
1.2207792207792512	0.6001411124521476	9.01197684994998
1.2272727272727826	0.5896185101482858	9.011807021147995
1.2337662337663102	0.5790959078444358	9.011664379586593
1.240259740259815	0.5685733055406081	9.01154748260811
1.2467532467531417	0.5580507032367511	9.01146245974995
1.2532773353113662	0.5475233162303825	9.011401109765037
1.2600253522845175	0.5369785774375727	9.011366046694809
1.2668989593811315	0.5264305624199861	9.0113601481056
1.2742029806148305	0.5158822081775092	9.011378021664365
1.2815931920907884	0.5053229573630084	9.01141359768703
1.2890599953497295	0.49475832842461337	9.011466759994905
1.296557205463459	0.4841893466567104	9.011541317272188
1.3039977776864646	0.47361840712676756	9.011639865931414
1.3113935448732645	0.46304443682972307	9.011765060598036
1.3180610391998773	0.4525008545154863	9.011906348342462
1.324671624968542	0.4419564449751002	9.012070249227294
1.3311685469605445	0.4314293204621123	9.012262938221598
1.3376623376613914	0.42090409215514396	9.012474416066441
1.3441558441554353	0.4103814898517375	9.012712022978144
1.4025974025973504	0.31567806911677876	9.016443929068233
1.350649350649311	0.3998588875480611	9.01298396321229
1.3961038961038035	0.3262006714206446	9.015854049859124
1.3896103896102876	0.33672327372448846	9.015299217697198
1.3571428571431348	0.3893362852440958	9.013278248468344
1.363636363636675	0.3788136829400688	9.013604649967483
1.3831168831168317	0.3472458760283252	9.014814741207422
1.3701298701300815	0.36829108063609267	9.013973660085798
1.3766233766234415	0.3577684783321831	9.014374758449593
1.4220779220779736	0.3051554668128738	9.017171151111969
1.4155844155844504	0.3156780691167922	9.01650950145008
1.4415584415584435	0.29463286450894005	9.017988301295127
1.4350649350649742	0.3051554668128309	9.01723878843754
1.461038961038924	0.28411026220507996	9.018865309988643
1.454545454545408	0.2946328645089556	9.018057483820128
1.4805194805194892	0.273587659901196	9.019836936495494
1.4740259740259642	0.28411026220509367	9.018935388756004
1.5000000000000215	0.26306505759728177	9.020942052413831
1.493506493506522	0.2735876599011785	9.019907107405954
1.5194805194805172	0.2525424552933846	9.022138808883433
1.5129870129870229	0.2630650575972682	9.021011330170952
1.5389610389610275	0.2420198529895077	9.02348272151511
1.5324675324675183	0.25254245529339303	9.022206047391935
1.5649350649350675	0.22097464838172776	9.026632531512277
1.558441558441558	0.23149725068562102	9.02501219084647
1.551948051948046	0.2420198529895133	9.023546550618006
1.5844155844155885	0.21045204607783116	9.028685096857386
1.5779220779220837	0.22097464838172395	9.026679616249675
1.6038961038961024	0.1999294437739383	9.030816376017219
1.597402597402598	0.21045204607782864	9.028722876000202
1.6233766233766191	0.18940684147004958	9.033486112377743
1.6168831168831117	0.19992944377393942	9.030842419715036
1.6428571428571415	0.17888423916616028	9.036430391267944
1.6363636363636334	0.18940684147005146	9.033497169910225
1.6623376623376638	0.16836163686226827	9.039906040327033
1.6558441558441566	0.17888423916616047	9.036422879122567
1.6818181818181832	0.1578390345583753	9.044257790683107
1.675324675324677	0.16836163686226732	9.03987556531
1.7012987012987006	0.14731643225448343	9.04920293074665
1.694805194805195	0.15783903455837475	9.044199319164425
1.7272727272727268	0.12627122764670098	9.063413042329655
1.7207792207792194	0.13679382995059264	9.055230989625818
1.714285914911808	0.14731641213467453	9.0491091782516
1.7467534167412895	0.11574857374665677	9.0728547873705
1.7402597402597408	0.1262712276467011	9.063223243494681
1.7662371389802203	0.10522531053752421	9.084975033954928
1.7597409275801903	0.11574843783540484	9.072601055117945
1.785723724789985	0.09470034946988411	9.102301786627875
1.7792332417569543	0.10522345987825736	9.084643522238006
1.8052089731052998	0.08417687873393676	9.124508962427845
1.7987229060937573	0.09469456660422874	9.101878428160184
1.824697704417126	0.07365406510636086	9.152825183541927
1.8182096319309624	0.08416907084625869	9.12394133257598
1.8441959460120196	0.06311485658106605	9.200552429494458
1.837705600157305	0.07363171947816029	9.152156362524373
1.8636835237346527	0.05255942919156744	9.304899084263676
1.8572084439700784	0.06307421142515839	9.19998636590269
1.8831528333525085	0.04199802004035653	9.46176029738347
1.8766632426130043	0.05248502375667302	9.306680558937215
1.9026388349549483	0.031434103324905066	9.45751144521234
1.8961134164984335	0.04190776390440774	9.45719005560391
1.9221868027754532	0.020896547599536856	9.358982911860087
1.9156555339435226	0.03135354842898669	9.45190570880487
0.9999999999999992	0.9789547953922164	9.453635748016815
1.0064935064935059	0.9684321930883246	9.453665346047325
1.0129870129870124	0.9579095907844329	9.452277752563097
1.0194805194805188	0.9473869884805414	9.275747229404486
1.0259740259740253	0.9368643861766496	9.196082381527622
1.032467532467532	0.9263417838727577	9.15582304471114
1.0389610389610386	0.9158191815688658	9.122846288386718
1.0454545454545454	0.9052965792649741	9.101028754289514
1.0519480519480517	0.8947739769610825	9.084924872642333
1.0584415584415583	0.8842513746571908	9.071727916315679
1.0649350649350648	0.8737287723532993	9.061536099128105
1.071428571428571	0.8632061700494075	9.053806197565493
1.0779220779220773	0.8526835677455157	9.047338817855547
1.0844155844155836	0.8421609654416238	9.042042438580694
1.0909090909090902	0.8316383631377319	9.037776830735266
1.0974025974025963	0.8211157608338402	9.034161300392988
1.1038961038961028	0.8105931585299485	9.031103324250852
1.1103896103896096	0.8000705562260566	9.02842641392701
1.1168831168831164	0.7895479539221649	9.026207441477881
1.1233766233766234	0.7790253516182731	9.02425100938113
1.12987012987013	0.7685027493143816	9.022592379733284
1.1363636363636365	0.7579801470104899	9.021114125954584
1.1428571428571426	0.7474575447065984	9.01986091084125
1.1493506493506487	0.7369349424027067	9.018721943384284
1.1558441558441548	0.7264123400988148	9.01774278565904
1.1623376623376613	0.7158897377949228	9.016868409456224
1.1688311688311679	0.705367135491031	9.016093887242254
1.175324675324675	0.6948445331871392	9.015422358882498
1.1818181818181823	0.6843219308832477	9.014825090138729
1.1883116883116898	0.6737993285793565	9.014280816374795
1.1948051948051974	0.6632767262754659	9.013816642525818
1.201298701298706	0.6527541239715758	9.013402600329753
1.2077922077922147	0.642231521667687	9.013040840505637
1.2142857142857242	0.6317089193637996	9.012717321480048
1.2207792207792338	0.621186317059916	9.012445976702047
1.2272727272727455	0.6106637147560353	9.0122022266801
1.2337662337662676	0.6001411124521651	9.01200166037748
1.2402597402598012	0.5896185101483065	9.011834487690196
1.2467532467533775	0.5790959078444834	9.011694515800272
1.2532467532469846	0.568573305540684	9.011580348293476
1.2597402597404803	0.5580507032367292	9.01149801759476
1.2662923782677806	0.5475185795620031	9.01143946734276
1.2729486544687403	0.5369765603159827	9.01140706449212
1.2799930610450552	0.5264227798653828	9.011404478264266
1.287099939970204	0.515865581229554	9.011424366965308
1.2946048295273416	0.5053066160827695	9.01146312278837
1.3020863595416903	0.494741662326144	9.011519108456435
1.309574917998635	0.4841758899908899	9.011596266087976
1.3170842276384234	0.47361170278133335	9.011697622021755
1.3244150345370211	0.46305344395679904	9.011824703020459
1.331068308237047	0.4525045786715358	9.011968082829604
1.337660199143274	0.44195692933431013	9.012133788906931
1.344155578831302	0.43142853353494176	9.012328087402915
1.3506496304674849	0.42090391301912344	9.012541037510564
1.3571429705832825	0.41038141722906524	9.012779869941342
1.4090909090908896	0.32620067142070336	9.015921302734446
1.3636363830837948	0.3998588750982364	9.013052766436703
1.4025974025972994	0.3367232737245876	9.015367774581854
1.396103896103714	0.3472458760284283	9.014884175514029
1.3701298701302915	0.3893362852437812	9.01334780276161
1.3766233766235054	0.37881368293984213	9.013674649141167
1.3896103896101908	0.35776847833222675	9.014444724082715
1.3831168831167837	0.36829108063601224	9.014043790498667
1.4285714285715088	0.3156780691167403	9.016579454009337
1.4220779220780215	0.3262006714206716	9.015993066069875
1.4480519480519123	0.30515546681282485	9.017310989069946
1.441558441558448	0.31567806911669694	9.016654143999288
1.467532467532429	0.29463286450898457	9.01813139891705
1.4610389610388905	0.305155466812863	9.017388137517846
1.487012987013016	0.2841102622050799	9.019010356184069
1.4805194805194948	0.2946328645089852	9.018210463221932
1.5064935064935288	0.27358765990115513	9.019982306934198
1.500000000000038	0.2841102622050487	9.019090668448792
1.52597402597401	0.2630650575972712	9.021085761487752
1.519480519480517	0.27358765990113976	9.020063039137392
1.5454545454545314	0.25254245529340313	9.022278561581173
1.5389610389610162	0.2630650575972877	9.021165909526582
1.5714285714285776	0.23149725068561774	9.0250709379726
1.564935064935069	0.24201985298951237	9.023615771629691
1.5584415584415565	0.25254245529340685	9.022356991493071
1.5909090909090944	0.22097464838171957	9.026731509083191
1.5844155844155912	0.23149725068561167	9.025135201121499
1.6103896103896054	0.21045204607782875	9.028765475538748
1.6038961038961006	0.22097464838171785	9.026789079953017
1.6298701298701241	0.19992944377394195	9.03087335248627
1.6233766233766156	0.21045204607783144	9.028813930757503
1.6493506493506491	0.18940684147005246	9.033513176828903
1.64285714285714	0.19992944377394398	9.030910429272105
1.6688311688311714	0.1788842391661595	9.03642052568141
1.662337662337665	0.18940684147005196	9.033535682885384
1.6883118387095493	0.1683616303048632	9.039850433006286
1.6818187586021078	0.1788841889008044	9.036425308593431
1.7077929259784528	0.15783889064008982	9.0441468239989
1.701300912433684	0.16836127175626162	9.03983317660117
1.7337662337662334	0.13679382995059325	9.055096449589966
1.7272736486071114	0.14731664131286717	9.049021600374651
1.7207823209793789	0.15783852269316195	9.044103311908799
1.7532517923914182	0.12627241627271807	9.063032907734865
1.7467594653498943	0.13679593131879217	9.054968120374186
1.7727419815468393	0.1157477803565266	9.072351006180556
1.7662508001130905	0.12627192942799195	9.062850275300166
1.7922362386884316	0.10521433331639114	9.08431571526465
1.785747405450662	0.11573643789033461	9.072123724146367
1.8117248512410946	0.09467884582892226	9.10148006454285
1.8052437491203535	0.10518787327179574	9.084013084166182
1.8312110353067377	0.08414214107813156	9.123398951434185
1.824722113924989	0.09464339540026727	9.101139036900618
1.8507139774299348	0.07358238792331881	9.151582328966365
1.8441982603268245	0.08407626229404326	9.12294615957868
1.8701799487371895	0.0629803123765723	9.199789752103671
1.8636648033441539	0.07346355963417643	9.151283419738133
1.8895903749812353	0.05236445258602845	9.30929152829335
1.8830737911101059	0.06281363279627449	9.200164671064165
1.9090659908849934	0.04180096422976846	9.452045331010003
1.9024687524124317	0.05222716155111994	9.312312785635934
1.9352517883963767	0.020841255409634624	9.338084901792726
1.9287185388076882	0.03126761971296942	9.445465369152108
1.9220587485462928	0.041675085910954035	9.446171844198007
1.948303510245908	0.02075577183857775	9.305634750151357
1.0129870129870122	0.9789547953922164	9.453578682325174
1.0194805194805188	0.9684321930883246	9.453610657394625
1.0259740259740253	0.9579095907844329	9.452287652744083
1.0324675324675319	0.9473869884805413	9.275730643963556
1.0389610389610386	0.9368643861766496	9.196065518219362
1.0454545454545452	0.9263417838727578	9.155805218973557
1.0519480519480517	0.915819181568866	9.122828033537763
1.058441558441558	0.9052965792649743	9.101010453081527
1.0649350649350644	0.8947739769610824	9.084906578195096
1.071428571428571	0.8842513746571908	9.071709920695705
1.0779220779220775	0.8737287723532993	9.061518395629365
1.0844155844155836	0.8632061700494074	9.053788922976624
1.0909090909090904	0.8526835677455155	9.047322102818079
1.0974025974025967	0.8421609654416237	9.04202635958688
1.1038961038961033	0.8316383631377318	9.037761488589068
1.1103896103896098	0.8211157608338402	9.034146805848486
1.1168831168831166	0.8105931585299486	9.03108977617889
1.123376623376623	0.8000705562260569	9.028413915720465
1.1298701298701295	0.7895479539221651	9.02619609001318
1.1363636363636362	0.7790253516182734	9.024240917830795
1.1428571428571428	0.7685027493143815	9.022583650316546
1.149350649350649	0.7579801470104899	9.021106868854764
1.1558441558441552	0.7474575447065982	9.019855231823827
1.1623376623376618	0.7369349424027064	9.018717950903797
1.168831168831168	0.7264123400988146	9.017740596158804
1.1753246753246749	0.7158897377949227	9.016868078133642
1.1818181818181817	0.7053671354910311	9.016095522393227
1.1883116883116884	0.6948445331871396	9.015426100503943
1.1948051948051959	0.6843219308832484	9.014831040216658
1.2012987012987038	0.6737993285793578	9.0142890707259
1.2077922077922123	0.6632767262754681	9.013827287604835
1.2142857142857215	0.652754123971579	9.013415727942851
1.2207792207792292	0.642231521667692	9.013056524919202
1.2272727272727375	0.631708919363806	9.01273564371907
1.2337662337662487	0.6211863170599238	9.012466990047772
1.240259740259768	0.6106637147560477	9.012226003049308
1.2467532467533122	0.6001411124521865	9.012028236257665
1.253246753246917	0.5896185101483614	9.011863911233227
1.2597402597406575	0.5790959078446279	9.011726798269875
1.2662337662345686	0.5685733055409906	9.011615558876935
1.272727272728742	0.5580507032372354	9.01153611683212
1.2792247060400836	0.5475275494214671	9.011480392130393
1.2860007129128945	0.5369729034794959	9.011451409053016
1.2929910297419387	0.5264147800431731	9.011451595433675
1.3001951341097944	0.5158528358501899	9.011474720887394
1.3076494371069936	0.5052951713638776	9.011516252515191
1.3151024273775533	0.49473192109935127	9.011575077462686
1.322619842933488	0.48416856284917226	9.01165516375285
1.3300928012109954	0.4736119045446319	9.011759035011073
1.3371882824707988	0.46305162801044225	9.01188740854005
1.3441069259270713	0.4524934921465628	9.01203444459689
1.3506488806547814	0.4419509053848835	9.01220184768089
1.357143878100336	0.43142604085407704	9.012397788163314
1.3636371937252256	0.4209035475272958	9.012612271794573
1.3701301620385629	0.4103813034190929	9.012852396948828
1.4155844155844814	0.3367232737246151	9.015440950961944
1.3766233766242222	0.3998588875472289	9.013126295085376
1.4090909090908683	0.347245876028544	9.014958303904619
1.4025974025971981	0.35776847833242004	9.014519436796116
1.3831168831166973	0.38933628524361247	9.013422121893809
1.3896103896100032	0.3788136829399222	9.013749429392474
1.396103896103539	0.36829108063621163	9.014118693068793
1.4350649350650129	0.326200671420588	9.016069700522904
1.428571428571585	0.336723273724515	9.015519111421378
1.454545454545367	0.31567806911672497	9.01673396102103
1.4480519480518828	0.3262006714205745	9.01615159771022
1.4740259740259536	0.3051554668128882	9.017470655393446
1.4675324675323933	0.3156780691167787	9.016819330237679
1.4935064935065443	0.2946328645089514	9.018295136481322
1.4870129870130393	0.3051554668128613	9.017559005348724
1.5129870129870249	0.2841102622050274	9.01917683289061
1.5064935064935454	0.29463286450890924	9.018385926389604
1.5324675324675046	0.2735876599011641	9.020149869436667
1.5259740259739951	0.2841102622050298	9.019269414141137
1.5519480519480398	0.2630650575972991	9.02125241173007
1.545454545454519	0.27358765990118594	9.020243432421822
1.5779220779220877	0.24201985298950537	9.023691120752288
1.5714285714285825	0.25254245529340086	9.02244206895188
1.5649350649350715	0.26306505759729776	9.021345989772522
1.597402597402598	0.23149725068560703	9.025205841591882
1.590909090909097	0.24201985298949738	9.023773448005521
1.616883116883108	0.2209746483817198	9.026853354570614
1.6103896293900692	0.23149723764308408	9.02528386513938
1.6363636363636302	0.21045204607783483	9.02886947947839
1.6298701298701197	0.22097464838172418	9.026925541938573
1.6558442403502198	0.19992943728849488	9.030955167467402
1.6493509930033345	0.21045189725837254	9.028933618116866
1.6753257417456497	0.18940663896630616	9.033566596633095
1.668832959719036	0.19992876654262937	9.031009537553585
1.6948096264445398	0.17888322973074053	9.036439870405722
1.6883181722463922	0.18940442553204495	9.033608606532697
1.7142944933040047	0.16836000738097043	9.039827024131673
1.7078073099193427	0.17888033940535406	9.036467438642193
1.7402631856761799	0.14731808867264015	9.04894377046149
1.7337759732476485	0.15783861602172108	9.044072162874317
1.7272935246892425	0.16835773243746655	9.039835692271922
1.7597591460822477	0.13679563238197376	9.054854177885877
1.753264971614672	0.14731856316093178	9.04888183743961
1.779256820650663	0.12625940598223082	9.06269150786238
1.772765761305588	0.1367832030724757	9.054767279919547
1.7987607418463671	0.11570067810467392	9.071943753901431
1.792272027763462	0.12621942083642823	9.062578572809569
1.8182462207659842	0.10513623899847953	9.083762193539407
1.811779411583098	0.11563528506065417	9.071825803258962
1.837695833726355	0.09456604507674526	9.100915626935093
1.8312190381945272	0.10504820936058386	9.083602874555895
1.857133913670695	0.08394310052116764	9.122693711974685
1.85063645010475	0.09445444725013627	9.100806823688542
1.8765563482109082	0.07327986525775815	9.151280278514607
1.8700068449485527	0.08374598906818322	9.12268337479693
1.89589514177478	0.06260792919692852	9.200933679760377
1.8893801663106151	0.07302027288841602	9.151677446270599
1.9153547296637994	0.052127419908759645	9.314969493775445
1.908662537433814	0.062464466265782406	9.201397170387638
1.9417224032808498	0.03114344438084339	9.438078619299374
1.9282017019328601	0.05189290998904486	9.318951679336491
1.9350855602297319	0.04141976707735401	9.439800571594754
1.9549060458295198	0.030981591397147235	9.430560488446439
1.961340342419456	0.020820446192292015	9.271968759991042
1.9740617879293723	0.019893850437030403	9.128971129643553
1.025974025974025	0.9789547953922164	9.453520836976386
1.0324675324675319	0.9684321930883246	9.453555747896807
1.0389610389610386	0.9579095907844329	9.452295880326615
1.045454545454545	0.9473869884805415	9.275714110250592
1.0519480519480515	0.9368643861766496	9.196047718174931
1.0584415584415579	0.9263417838727578	9.155786554863738
1.0649350649350644	0.9158191815688661	9.122808868764116
1.071428571428571	0.9052965792649742	9.100991230895096
1.0779220779220773	0.8947739769610824	9.084887332523188
1.0844155844155838	0.8842513746571908	9.071690959531173
1.0909090909090904	0.8737287723532993	9.061499716349504
1.0974025974025967	0.8632061700494074	9.053770671513222
1.1038961038961035	0.8526835677455153	9.047304419043625
1.1103896103896098	0.8421609654416234	9.042009327801054
1.1168831168831166	0.8316383631377319	9.037745219142524
1.123376623376623	0.8211157608338403	9.034131418956958
1.1298701298701295	0.8105931585299487	9.031075380495544
1.1363636363636358	0.8000705562260569	9.028400624062149
1.1428571428571426	0.789547953922165	9.026184009343654
1.1493506493506491	0.7790253516182734	9.024230171218527
1.1558441558441555	0.7685027493143816	9.022574350212894
1.1623376623376618	0.7579801470104898	9.021099135395852
1.168831168831168	0.7474575447065982	9.019849179902009
1.1753246753246749	0.7369349424027064	9.018713701695065
1.1818181818181812	0.7264123400988145	9.01773826963933
1.1883116883116882	0.7158897377949229	9.01686772176535
1.1948051948051952	0.7053671354910315	9.016097294630393
1.2012987012987022	0.6948445331871401	9.01543012662077
1.2077922077922099	0.6843219308832494	9.014837434360599
1.2142857142857182	0.6737993285793596	9.014297936398888
1.2207792207792272	0.663276726275471	9.01383871777646
1.227272727272736	0.652754123971584	9.01342982161165
1.233766233766243	0.6422315216676963	9.013073361219144
1.240259740259755	0.6317089193638111	9.01275531045812
1.2467532467532803	0.621186317059933	9.012489542373963
1.253246753246836	0.6106637147560737	9.012251519247405
1.2597402597404626	0.6001411124522604	9.012056753934493
1.2662337662342198	0.589618510148545	9.011895480713376
1.2727272727282186	0.5790959078450504	9.011761429742565
1.2792207792224997	0.5685733055418937	9.011653336529262
1.285714285717515	0.5580507032392024	9.011576967120916
1.2922205431821148	0.5475254803207512	9.011524421347994
1.2989198937947952	0.5369686480695655	9.011498484486422
1.3059088844238016	0.526403781514697	9.011501757444007
1.3132543844230027	0.5158480872554079	9.011528533726597
1.3206548347614924	0.5052902228792061	9.011572992496264
1.328098816614456	0.4947307185017054	9.011634898661017
1.3355803419413759	0.48417239558902886	9.01171779016458
1.3429731791627197	0.47361038938294425	9.011824152528858
1.3502580421508499	0.4630407270475885	9.01195611401208
1.3569953264444852	0.4524899269928915	9.012104556271906
1.3636348917943883	0.4419486437377146	9.012274603571038
1.3701320704893214	0.43142520341880325	9.012472326860385
1.3766244858148855	0.4209033688628185	9.012688459914296
1.383116883118251	0.41038148984973244	9.012929951023567
1.4220779220781143	0.34724587602848417	9.015037492220047
1.389610389610062	0.3998588875471722	9.013204909616801
1.41558441558454	0.3577684783324762	9.014599263198333
1.4090909090908241	0.368291080636439	9.014198733629401
1.3961038961031997	0.38933628524399433	9.013501568557716
1.4025974025969987	0.37881368294029816	9.013829356065711
1.441558441558458	0.3367232737244297	9.015602650625949
1.4350649350650901	0.3472458760283217	9.015122135283642
1.4610389610388275	0.32620067142064557	9.016239183046038
1.4545454545452905	0.3367232737244808	9.015691995924696
1.4805194805195059	0.31567806911677837	9.016910715875452
1.4740259740259336	0.3262006714206917	9.016332918800492
1.500000000000071	0.30515546681280276	9.017653695387741
1.493506493506591	0.3156780691167128	9.017008625009282
1.519480519480512	0.29463286450888304	9.018483393896064
1.5129870129870382	0.3051554668127622	9.017755283560605
1.5389610389609967	0.28411026220506336	9.019369040880173
1.5324675324674806	0.29463286450892584	9.01858815900801
1.5584415584415543	0.273587659901194	9.02034444053587
1.5519480519480287	0.2841102622050859	9.019476413250374
1.584415584415597	0.25254245529338987	9.022534630671304
1.5779220779220955	0.2630650575972851	9.021447460744193
1.5714285714285898	0.27358765990118344	9.020453693653716
1.6038962147321565	0.24201977690811047	9.023863743640023
1.5974028707982082	0.2525422676259687	9.022635654932898
1.623376754007137	0.23149716298734524	9.025370445808448
1.6168838625532487	0.24201934470834993	9.023963172503992
1.642857878242055	0.2209742226849214	9.027007137082164
1.6363650833521781	0.23149642681606664	9.025467024816635
1.6623409322762692	0.21045028300236904	9.029008329852816
1.6558494225798472	0.22097153811722628	9.027100117670024
1.6818272198461683	0.19992484177223532	9.031076281376512
1.6753378305595445	0.2104445667911908	9.02909614320182
1.701319397915625	0.1893985324794117	9.033664785400005
1.6948316392009934	0.19991518911810638	9.03115852825877
1.7208142716665404	0.17887493698711512	9.036511763007253
1.7143328912390061	0.1893879493596254	9.033738522256384
1.7467751961722644	0.15783844515669251	9.044058410912989
1.7402987426748344	0.16835343976222247	9.039864009876581
1.7338318605601595	0.17886365670613394	9.036578186848473
1.7662733230431031	0.14730741821804133	9.048847874801412
1.7597833793946014	0.15782904256593014	9.044071673961012
1.7857828310283919	0.1367418124358298	9.054726463800518
1.7792939902048241	0.14726484529468975	9.048859992475522
1.805300315843019	0.12614963830815143	9.062526156422557
1.7988070641258347	0.13667188082597906	9.054741115763655
1.8247742835884448	0.11553476227157068	9.07178953902329
1.8183524362409287	0.126063730027642	9.062536713350937
1.8441563796110803	0.1049536288956045	9.08352454397559
1.8377107619414281	0.11542209926963817	9.071828614253748
1.8634591298579037	0.09420955312702163	9.101020397744604
1.8569955666718316	0.1047299971035787	9.083731769015968
1.8828815155175256	0.0835300514249448	9.122889734044728
1.8762355508704556	0.09395402067200442	9.101345256192545
1.9020653476478815	0.07266758600470676	9.152728555201923
1.8957199675179344	0.0831578258566375	9.123716677026673
1.914515736554258	0.07247251750095507	9.153814868551803
1.921301750947347	0.06246134266211325	9.201247095685806
1.933489214746587	0.06216358773509978	9.205572743521339
1.9479976343225207	0.041553705541154506	9.429331785917961
1.941892371692865	0.051494666178170945	9.323608080663268
1.959063688625309	0.04071140279048943	9.423834787834387
1.968262629020547	0.03255209329960568	9.434044357364447
1.9799058590431629	0.029323902617542363	9.360634429928911
1.0389610389610382	0.9789547953922164	9.453462120350247
1.045454545454545	0.9684321930883246	9.453500383665485
1.0519480519480515	0.9579095907844329	9.452302146913262
1.0584415584415579	0.9473869884805414	9.275697302030645
1.0649350649350644	0.9368643861766496	9.196028924571271
1.0714285714285707	0.9263417838727578	9.155766954236467
1.0779220779220773	0.915819181568866	9.122788693282812
1.0844155844155836	0.9052965792649741	9.100970982953884
1.0909090909090904	0.8947739769610824	9.084867034736808
1.0974025974025967	0.8842513746571908	9.071670934494087
1.1038961038961035	0.873728772353299	9.061479966836876
1.1103896103896098	0.8632061700494074	9.053751353216988
1.1168831168831166	0.8526835677455156	9.04728568170826
1.123376623376623	0.8421609654416238	9.041991264084514
1.1298701298701295	0.831638363137732	9.037727949566543
1.1363636363636358	0.8211157608338404	9.034115073798143
1.1428571428571423	0.8105931585299487	9.031060078805375
1.1493506493506487	0.8000705562260569	9.028386488645102
1.1558441558441555	0.789547953922165	9.026171157867784
1.162337662337662	0.7790253516182734	9.024218737204462
1.1688311688311686	0.7685027493143816	9.022564457004021
1.1753246753246749	0.7579801470104898	9.021090913534833
1.1818181818181812	0.7474575447065981	9.019842753723218
1.188311688311688	0.7369349424027063	9.018709207980121
1.1948051948051945	0.7264123400988147	9.01773582306271
1.2012987012987015	0.7158897377949232	9.0168673775306
1.207792207792209	0.7053671354910319	9.01609925034928
1.2142857142857162	0.6948445331871412	9.015434499060932
1.2207792207792239	0.6843219308832511	9.014844347216302
1.2272727272727324	0.6737993285793622	9.014307501950428
1.2337662337662405	0.6632767262754735	9.013851035714767
1.2402597402597506	0.6527541239715863	9.013444998448499
1.246753246753265	0.6422315216677	9.013091480848873
1.2532467532467952	0.631708919363822	9.012776467958622
1.2597402597403613	0.6211863170599674	9.012513794090891
1.2662337662339938	0.6106637147561641	9.012278950659343
1.2727272727277497	0.6001411124524741	9.012087403034215
1.2792207792216657	0.5896185101489803	9.011929399497063
1.285714285715849	0.5790959078458646	9.011798630769755
1.2922077922100461	0.5685733055434466	9.011693903782094
1.2987012987048197	0.5580507032425733	9.011620827636149
1.3052094862233892	0.547524805561046	9.011571675748383
1.3118750220383575	0.5369676321164297	9.01154911343351
1.318967190052298	0.526406422473419	9.011556131236127
1.3262211184857955	0.5158477760816634	9.011585810818586
1.3336305060780207	0.5052906749313378	9.011633647514794
1.3410734695555382	0.4947342963863226	9.011698875060283
1.348524216213658	0.4841770578255526	9.011784777709197
1.355901603009343	0.47361287253039236	9.011894082614646
1.3630617882779898	0.4630473390195465	9.012028069547787
1.370017350319077	0.4524820873016615	9.012180414136909
1.376622976491439	0.4419475566465951	9.012352471699176
1.3831202159067366	0.431424576812576	9.012552093283132
1.3896103896112146	0.42090409214941094	9.01276995884743
1.3961038961028376	0.410381489849752	9.013012927533351
1.4285714285717341	0.35776847833228337	9.014684597897974
1.4025974025967727	0.39985888754779425	9.013288994416397
1.4220779220782938	0.36829108063632615	9.014284305160992
1.4155844155846509	0.3788136829404121	9.013914821031774
1.4090909090907335	0.3893362852444397	9.013586531104245
1.4480519480518286	0.34724587602829277	9.01521265923036
1.4415584415584812	0.357768478332116	9.014775865572814
1.4675324675323251	0.3367232737245815	9.015787610139915
1.4610389610387073	0.347245876028426	9.015309523982614
1.4870129870130853	0.32620067142063836	9.01643330736974
1.480519480519525	0.33672327372457816	9.015889994543997
1.5064935064935894	0.31567806911663104	9.017113611631466
1.5000000000001412	0.32620067142052467	9.016540894752284
1.5259740259739674	0.30515546681276506	9.017864383079917
1.5194805194805199	0.31567806911658364	9.017226281059449
1.5454545454544963	0.2946328645089676	9.018700907082854
1.538961038960962	0.30515546681283107	9.01798166786894
1.5649350649350762	0.28411026220508406	9.019592310824642
1.5584415584415499	0.29463286450898324	9.018822395615897
1.590909459131117	0.26306480483800754	9.021557776010582
1.5844158719736017	0.27358746251224053	9.020572108464163
1.5779221956341107	0.28411018140381444	9.019717608056274
1.6103914177776835	0.2525412121973462	9.022746313053197
1.6038985953076716	0.26306328453837274	9.021678086038053
1.6298734364959404	0.2420179313209525	9.024073115420522
1.623383081382273	0.2525384252970087	9.022867952912021
1.6493579444454909	0.2314930213476906	9.02557545799725
1.6428674843611502	0.24201396979806988	9.024195262404946
1.6688489735734622	0.22096387545251725	9.027206873978558
1.6623589195436619	0.23148374970923455	9.02569797998362
1.6883445174005034	0.210431198772391	9.029200085896699
1.6818559460121756	0.22094675034066677	9.02733037601672
1.7078486263859898	0.19989718561831119	9.031259908147817
1.7013610568706168	0.21040444582172843	9.02932386615531
1.7273599065367786	0.18936963319441638	9.033834278749863
1.720877683345469	0.19987003763138	9.03138429440853
1.7532965929334645	0.16835136527310618	9.039916281660437
1.7468467112950286	0.1788480678358405	9.036671169537945
1.7404000258056975	0.1893401852148853	9.0339570854561
1.7727923354024586	0.15781543748674062	9.044117064005166
1.7663089787736375	0.16833310086020833	9.040006325634499
1.7923240463125296	0.14718925435156185	9.048928857092418
1.785837101787986	0.15771686109616076	9.044235795483955
1.8118376475519733	0.13658978394228863	9.054815018472972
1.8053431838675822	0.1470803803223533	9.04906619540595
1.831335769845146	0.12589614372249802	9.062681224620562
1.8247700418398412	0.1363660773273919	9.055046966463815
1.8505796698853376	0.11529379630845633	9.071982023262242
1.8441727890199164	0.12574319281183685	9.062893698637941
1.8632770298438486	0.11486648896086593	9.072549754570671
1.86967438520025	0.10435293465225426	9.084307066777535
1.8891068039752443	0.09380444515890057	9.101693970665025
1.8822668626233794	0.10406232008871792	9.08493947579507
1.9081971935907536	0.08226804656650397	9.126307025660447
1.9017886468354588	0.09304935072164139	9.103409993873285
1.9183694432236187	0.08146756666733525	9.129201681840756
1.927419570729539	0.07355361180213292	9.151039718304347
1.9388531087296217	0.07017471487096927	9.167646077912057
1.9457804258410871	0.06222924612825973	9.210794050620118
1.9559241352447247	0.052352541466820925	9.315736701654968
1.9682279987092341	0.0461170822477188	9.389396791174937
1.9790647957623768	0.03987549458194594	9.440826124297296
1.0519480519480513	0.9789547953922164	9.45340242560063
1.058441558441558	0.9684321930883246	9.453444267485027
1.0649350649350644	0.957909590784433	9.452306564173545
1.071428571428571	0.9473869884805413	9.275680137495455
1.0779220779220775	0.9368643861766496	9.196009080720758
1.0844155844155838	0.9263417838727578	9.15574630987705
1.0909090909090904	0.915819181568866	9.122767396312582
1.0974025974025967	0.9052965792649742	9.100949599278392
1.1038961038961035	0.8947739769610825	9.084845579576536
1.11038961038961	0.8842513746571907	9.071649743163315
1.1168831168831166	0.873728772353299	9.061459048583037
1.123376623376623	0.8632061700494073	9.053730874198168
1.1298701298701297	0.8526835677455155	9.04726580225593
1.1363636363636358	0.8421609654416238	9.041972085819202
1.1428571428571423	0.831638363137732	9.037709603869802
1.1493506493506487	0.8211157608338403	9.034097701668147
1.1558441558441555	0.8105931585299485	9.031043810370862
1.1623376623376618	0.8000705562260567	9.028371457322129
1.1688311688311683	0.789547953922165	9.02615749270805
1.1753246753246749	0.7790253516182732	9.024206582787771
1.1818181818181814	0.7685027493143816	9.022553948330755
1.188311688311688	0.7579801470104898	9.021082191863146
1.1948051948051943	0.7474575447065981	9.019835953829196
1.201298701298701	0.7369349424027064	9.018704483487754
1.2077922077922079	0.7264123400988151	9.017733276931478
1.2142857142857146	0.7158897377949236	9.016867088484519
1.220779220779222	0.7053671354910328	9.016101439861748
1.2272727272727295	0.6948445331871421	9.015439284920355
1.2337662337662374	0.6843219308832523	9.014851860385997
1.240259740259746	0.673799328579363	9.014317863913128
1.2467532467532572	0.6632767262754753	9.01386435307785
1.2532467532467757	0.6527541239715918	9.013461385564158
1.2597402597403107	0.6422315216677167	9.013111026220884
1.2662337662338776	0.6317089193638648	9.012799274438088
1.272727272727506	0.6211863170600714	9.01253991852456
1.2792207792212225	0.6106637147563779	9.012308486484985
1.2857142857150785	0.6001411124528832	9.012120387670294
1.2922077922089985	0.5896185101496586	9.011965887895714
1.2987012987030053	0.5790959078468343	9.011838632753856
1.3051948051960558	0.5685733055447643	9.011737515625605
1.311688311686322	0.5580507032434069	9.011667959450337
1.3181989517923252	0.5475250915073001	9.011622437283533
1.324915080719247	0.536970136672907	9.011603817914223
1.3317861537854039	0.5264133531300342	9.011613430264338
1.3391924166778242	0.5158514316789643	9.011647266548634
1.3465849912583099	0.5052942787326634	9.011698567992921
1.354041909244556	0.4947387876680263	9.011767403510435
1.3614967807397542	0.4841810544411164	9.011856718449083
1.3689541888913987	0.4736158052414005	9.01196975080076
1.3760174346113123	0.4630538922589758	9.012105998843786
1.3829075272594098	0.4524965338645739	9.012260593628229
1.3896062937280607	0.4419475943189424	9.012435808459246
1.3961038960958216	0.4314266944411815	9.012637412349044
1.4025974025919552	0.42090409215059793	9.012857208862023
1.4090909090893673	0.4103814898509878	9.013101727194238
1.4350649350652427	0.36829108063601096	9.01437582968545
1.4155844155848412	0.39985888754808857	9.013378960293485
1.4285714285720237	0.3788136829400408	9.014006244330446
1.4220779220786384	0.389336285244227	9.013677424897532
1.454545454545146	0.3577684783322104	9.01487352315847
1.448051948051684	0.36829108063591703	9.014473760304059
1.474025974025895	0.34724587602851037	9.015413225868267
1.4675324675321972	0.35776847833239794	9.014978062142601
1.4935064935066755	0.33672327372445204	9.015999692056752
1.4870129870131665	0.347245876028406	9.01552430042509
1.5129870129870708	0.3262006714204526	9.016656274354714
1.5064935064936609	0.33672327372429994	9.016117290734543
1.532467532467444	0.3156780691166683	9.017347294666761
1.525974025973938	0.32620067142046744	9.01678009092842
1.5519480519480096	0.30515546681287425	9.018107878509012
1.5454545454544595	0.31567806911674795	9.017477374953087
1.5714285714286165	0.29463286450897613	9.018953461712984
1.564935064935092	0.30515546681287026	9.018243829576408
1.5974048624119621	0.27358586767014254	9.020700803474478
1.5909107196612042	0.28410873967882494	9.019853374369868
1.5844169727152835	0.29463165460317775	9.019095123368329
1.6168923040363536	0.2630586982095942	9.02180975852186
1.6103993244947257	0.2735799166183445	9.020841183454168
1.6363791266117644	0.2525326238160266	9.023002129966768
1.629891277619018	0.2630492393600717	9.021954283787196
1.6558681825597725	0.24200351143841267	9.024331798523042
1.6493790240924933	0.25251996196642673	9.02315083391296
1.6753667205879659	0.2314655463746127	9.025837033270797
1.668875602943564	0.2419830265957906	9.024485110286507
1.694865423895614	0.2209099400190957	9.027474790206995
1.688371223969608	0.2314313107940401	9.02599572939355
1.7143885260452725	0.21036533745759065	9.029470522652902
1.7078742421057151	0.22084549154305574	9.027644147825685
1.7274159941979483	0.21030105243808397	9.029645700728421
1.733920105427279	0.1998258745098115	9.031537626318565
1.759818721176619	0.17886374290254836	9.036786592259572
1.7534400232283807	0.18929338641008783	9.034112043450262
1.7470008329710327	0.1997597657733055	9.031726105656999
1.7793319623359984	0.16828190343679	9.040147661350654
1.7728450913299705	0.17882676225563618	9.036954074465655
1.798903359852762	0.15758498529496187	9.044415274298713
1.7924002294800265	0.1681086939161641	9.04037984175291
1.8182875029009056	0.1469410033119583	9.04928731287748
1.8119101513044271	0.15747463742291765	9.044641401692523
1.8376131183477968	0.13608886873790635	9.05540535346786
1.8310990883364273	0.14659996338510647	9.049684081871066
1.8568947411475003	0.12563876823408673	9.06319195164616
1.8501388599743056	0.13590644195236154	9.055803547642617
1.8697085704009968	0.12491929495332157	9.064118767568347
1.875802267064494	0.11428235853012612	9.073493579148582
1.886400823214786	0.11311376827340766	9.075205849259373
1.8954235985586272	0.10489790092955642	9.08427086212871
1.9071662161982341	0.10166968690775895	9.089864287610753
1.9151181011719585	0.09249819891049102	9.105144487739386
1.9268799939494898	0.08654149286838753	9.118290122210476
1.9376729757000728	0.08029401937350832	9.13470067665605
1.947634013685912	0.07392739132795281	9.156176616602734
1.9577432216704458	0.06625165189303617	9.191629949129387
1.9681757611509347	0.05882887838684015	9.257331457328762
1.9788978512373636	0.0523592758430968	9.338396763795624
1.0649350649350644	0.9789547953922164	9.453341600635097
1.071428571428571	0.9684321930883247	9.453387217224998
1.0779220779220775	0.9579095907844329	9.452308940361108
1.0844155844155838	0.9473869884805413	9.27566249320774
1.0909090909090904	0.9368643861766495	9.195988104891361
1.0974025974025967	0.9263417838727577	9.155724509485426
1.1038961038961035	0.915819181568866	9.122744864727826
1.1103896103896098	0.9052965792649742	9.100926966218255
1.1168831168831166	0.8947739769610823	9.084822856858503
1.123376623376623	0.8842513746571907	9.071627278346098
1.1298701298701295	0.873728772353299	9.061436858449367
1.136363636363636	0.8632061700494074	9.05370913617705
1.1428571428571426	0.8526835677455156	9.047244688013139
1.149350649350649	0.8421609654416238	9.041951706577963
1.1558441558441555	0.831638363137732	9.037690102624211
1.1623376623376618	0.8211157608338403	9.034079230865288
1.1688311688311683	0.8105931585299486	9.031026511963963
1.1753246753246749	0.8000705562260568	9.02835547602779
1.1818181818181814	0.789547953922165	9.02614296970468
1.188311688311688	0.7790253516182734	9.02419367438214
1.1948051948051943	0.7685027493143816	9.022542802044464
1.201298701298701	0.7579801470104899	9.02107295979898
1.2077922077922074	0.7474575447065983	9.01982878307517
1.2142857142857144	0.7369349424027067	9.018699543235053
1.2207792207792212	0.7264123400988155	9.017730653439928
1.2272727272727277	0.7158897377949242	9.016866907928197
1.2337662337662352	0.7053671354910334	9.01610392001058
1.240259740259743	0.6948445331871428	9.015444557512977
1.2467532467532518	0.6843219308832532	9.014860063222237
1.2532467532467648	0.6737993285793654	9.014329127711667
1.2597402597402856	0.6632767262754834	9.01387879147068
1.2662337662338212	0.6527541239716129	9.013479121101845
1.2727272727273855	0.6422315216677683	9.013132151773041
1.279220779220992	0.6317089193639703	9.012823901250682
1.2857142857146693	0.6211863170602719	9.012568103039923
1.292207792208431	0.6106637147567052	9.012340330848694
1.298701298702202	0.6001411124533935	9.012155928611902
1.3051948051960511	0.5896185101503845	9.012005181161875
1.3116883116895277	0.5790959078475558	9.011881689178445
1.3181818181817107	0.5685733055450316	9.011784438102312
1.324675324670386	0.5580507032405099	9.011718639115351
1.3311688311549783	0.5475281009307508	9.011676944852356
1.337949106103262	0.536972267718824	9.011662543906096
1.344888192988031	0.5264165948884971	9.011676210957466
1.3521565153376809	0.5158549220497645	9.01171315937364
1.3595922184333615	0.5052950639992517	9.011768483153714
1.367021043323404	0.49474103853671325	9.011840947935491
1.3745083196742367	0.48418473318022853	9.01193408446998
1.3820287634203134	0.47362586455116745	9.012050929893357
1.3890261326094668	0.4630627398617481	9.012189873208728
1.3959506040388066	0.4524997494845698	9.012347617777962
1.4025556892654558	0.4419586058890748	9.012524684067843
1.409090909071626	0.4314266944565568	9.01272883264956
1.4155844155791675	0.4209040921549494	9.01295061867697
1.4220779220779702	0.4103814898513507	9.013196784191388
1.4415584415584746	0.37881368293960854	9.014104076047412
1.4285714285725195	0.39985888754750515	9.013475246444047
1.435064935065527	0.38933628524352165	9.013774694087571
1.4610389610384213	0.36829108063615545	9.014578583335892
1.4545454545445566	0.3788136829396373	9.014208798132115
1.4805194805195592	0.35776847833238684	9.015090011011303
1.4740259789988255	0.368291075943085	9.014690820782121
1.5000000000002547	0.3472458760281926	9.015643325414034
1.4935065129923653	0.35776846586923766	9.015209938359389
1.5194805173815047	0.33672323974109003	9.016243428765462
1.5129870205014306	0.34724569896789714	9.015770930119688
1.5389610389609107	0.32620067142059356	9.01691304481284
1.532467518995583	0.33672305459319	9.016378800117044
1.5584415584415572	0.31567806911677937	9.017617311778416
1.5519482265205553	0.3262006011273864	9.017055902555763
1.5779238540326592	0.30515458404500784	9.018390490505952
1.5714310160481586	0.3156774004969511	9.017768032650954
1.6039046275385502	0.28410242930765983	9.02000097120411
1.5974107742089032	0.2946254323768011	9.019248684654036
1.5909189738585792	0.30514810970520223	9.018549169035275
1.6234006810929456	0.273567518674277	9.020994697754723
1.616906621857454	0.2840886527711837	9.020161797963311
1.6428918659245184	0.26303230658008087	9.022113337095805
1.6364056660417212	0.273546725794011	9.021162864970854
1.6623792970029083	0.2525092889864454	9.023314984720223
1.655890091585573	0.2630113484869799	9.022288203706223
1.681871640772746	0.24193529136737715	9.024659116292577
1.6753896491348277	0.2524679735135271	9.02349987693441
1.7013684497623942	0.23136393270031694	9.026178892894565
1.6948551406587682	0.24186793060641967	9.024855190121784
1.7208671117680152	0.2207383176278278	9.027843773747975
1.7143039425693696	0.23118189565872363	9.026398117395424
1.7338315016192	0.22059348040421423	9.028076280512861
1.7404303851127885	0.21019163347996483	9.029856794207271
1.7663276806780148	0.18937582114711174	9.034267257008942
1.7602500021121206	0.19952130495646508	9.031987901589092
1.7534899575760392	0.21003251746214688	9.03011019258391
1.7858830751207104	0.1787223854226583	9.03718751389578
1.779419188252622	0.18936477527307347	9.034489263962028
1.8056142973680356	0.16791774065555876	9.04068301252927
1.7988392456580236	0.17841412563919015	9.037528148759188
1.8247904365574188	0.1574499876261858	9.04491033192721
1.8185221272798593	0.16787372732648798	9.041000566802508
1.8436685139792666	0.1461460473596863	9.050252043415883
1.837464916393336	0.1566077959475104	9.045583115129617
1.8543617568828679	0.1452636318377723	9.051096208637444
1.8634886484326414	0.13712747963946334	9.055478136299035
1.8754774078444658	0.13365792479590535	9.058284406396139
1.8832595001698627	0.12437628355161792	9.065121954654073
1.8951366284448068	0.11819865412987773	9.070965204725328
1.9059817578996088	0.11191981730868787	9.077781809643241
1.9163051880335493	0.1054462665689716	9.085908258777708
1.9265603716036732	0.09875098931674843	9.096542084371903
1.9374026887666314	0.09230679598318564	9.109106469727616
1.94772860180346	0.08577188647592336	9.124399776699876
1.958025748370785	0.07884282922602	9.145331137383906
1.9684182558821899	0.07177313005110708	9.173789204875057
1.978888387174991	0.06518728013221158	9.219781027813466
1.0779220779220773	0.9789547953922165	9.45327945921494
1.0844155844155838	0.9684321930883247	9.45332916056253
1.0909090909090906	0.9579095907844329	9.452309175154774
1.097402597402597	0.9473869884805413	9.275644167675367
1.1038961038961035	0.9368643861766495	9.195965889937467
1.1103896103896098	0.9263417838727577	9.15570143493096
1.1168831168831166	0.915819181568866	9.122720982764479
1.123376623376623	0.9052965792649741	9.100902964819833
1.1298701298701295	0.8947739769610824	9.084798750919488
1.1363636363636358	0.8842513746571907	9.071603427553006
1.1428571428571426	0.873728772353299	9.061413288208664
1.1493506493506491	0.8632061700494074	9.053686036060244
1.1558441558441555	0.8526835677455156	9.047222241803901
1.162337662337662	0.8421609654416238	9.041930035786693
1.1688311688311686	0.831638363137732	9.037669362684696
1.1753246753246749	0.8211157608338403	9.034059586475932
1.1818181818181814	0.8105931585299485	9.031008117724044
1.188311688311688	0.8000705562260567	9.028338488712999
1.1948051948051943	0.789547953922165	9.026127543427272
1.201298701298701	0.7790253516182734	9.024179977921195
1.2077922077922074	0.7685027493143816	9.022530996373595
1.2142857142857142	0.7579801470104902	9.021063207818779
1.2207792207792207	0.7474575447065986	9.019821247317715
1.2272727272727275	0.7369349424027072	9.018694402923161
1.233766233766234	0.7264123400988156	9.017727979153387
1.240259740259741	0.7158897377949242	9.016866889596187
1.2467532467532492	0.7053671354910335	9.01610675585271
1.2532467532467588	0.6948445331871437	9.015450397829538
1.2597402597402723	0.684321930883257	9.014869053828386
1.2662337662337937	0.673799328579376	9.014341408672848
1.2727272727273276	0.6632767262755078	9.013894483500293
1.2792207792208805	0.652754123971663	9.013498355342058
1.2857142857144654	0.6422315216678648	9.013155025142892
1.292207792208098	0.6317089193641313	9.01285053411742
1.2987012987017423	0.6211863170605162	9.012598550201647
1.3051948051954338	0.6106637147570555	9.012374704533228
1.3116883116891622	0.600141112453848	9.012194263337376
1.31818181818314	0.5896185101510781	9.012047533842631
1.3246753246770293	0.5790959078488608	9.011928071097506
1.3311688311705503	0.5685733055468215	9.011834957687496
1.337662337665467	0.5580507032445339	9.011773174593431
1.3441558441759176	0.5475281009428292	9.011735616133393
1.3507957931590664	0.5369763176525119	9.011724745675435
1.3578704377405482	0.526409149855044	9.011743052354847
1.3651862483660964	0.5158489458393661	9.011784253841975
1.3725626030701215	0.5052924111689766	9.011843306065385
1.3800029036088841	0.49474176735580605	9.011919859532297
1.3874870572627753	0.48418763177309815	9.012016853015227
1.3948623546259942	0.4736284494812178	9.012136449052027
1.4021036358321215	0.4630655546082101	9.012280301380839
1.4088847290218984	0.4525057170559644	9.012440098280548
1.4155625258074032	0.44195451477422065	9.01262053085287
1.4220779220698265	0.4314266944646387	9.012826742186215
1.428571428570472	0.42090409215507285	9.013050642399849
1.4350649350653537	0.4103814898502047	9.013298560534864
1.4480519480513816	0.3893362852433159	9.013878813159506
1.4415584415584837	0.39985888754667803	9.013578321477803
1.4675324965411807	0.37881365556283814	9.014320927366128
1.461039032594167	0.38933621771305577	9.013990290832844
1.487013133210224	0.3682909683032786	9.014811036445108
1.4805199344191733	0.3788132889028594	9.014441027357984
1.5064937036844546	0.3577680254486458	9.015338469364936
1.5000009657860858	0.3682900985978068	9.014939855501511
1.525974066916013	0.3472447834061831	9.015907806317605
1.5194813749972902	0.3577659897120378	9.015476300713098
1.545455183103231	0.3367222859703087	9.016524177241754
1.5389625127589384	0.34724196725421375	9.01605473342265
1.564938521710741	0.32619954212416247	9.017209567739961
1.5584465635140348	0.33671915638116084	9.016680480664611
1.5844272832824624	0.31566996407289377	9.017930835726686
1.577934240205099	0.3261899247228976	9.01737529518181
1.6104129789033774	0.2946100329907578	9.019415556198792
1.6039228703717738	0.3051294451941204	9.018721336289282
1.597432464858576	0.31564591671121084	9.018107234159963
1.629914609356765	0.2840693965415334	9.020337018591974
1.6234223100189726	0.2945860988941897	9.019596902660659
1.6494050282800201	0.27351338367611905	9.021347409540754
1.6429201908692963	0.28402268904014466	9.02052938710357
1.6688822580675193	0.2629776817468714	9.022481353557337
1.6623894338902159	0.27346824687365623	9.021549778798176
1.68835909507552	0.2523766483582436	9.023708725213512
1.6818406405080149	0.2628689503903584	9.022699266454495
1.7078098890597733	0.24174737416994274	9.025079460364724
1.701237748485479	0.2521990984174663	9.023945964934553
1.7272198757861776	0.23095224892051358	9.026648283174831
1.7206190912571255	0.24136629723593608	9.025354101408174
1.7401648548861584	0.23078406777671345	9.026920311754255
1.7468004143046136	0.22048629627553692	9.028336115519693
1.759627504375561	0.2203518647540133	9.028634392629398
1.773118275592381	0.19993106004224892	9.032164731721904
1.7668150227880508	0.20984921895098801	9.030414244349823
1.7924705872264137	0.18932624346985305	9.034773908821427
1.7858704195682422	0.20000637930093257	9.032459879793857
1.811326742311893	0.17794766838135523	9.037975893076492
1.8053423693562543	0.18845886284045077	9.035300367139405
1.822238582526041	0.17725006701142623	9.038509322986135
1.8314036224865176	0.16913964797461792	9.040974705670562
1.8432064805782544	0.1657419502505077	9.042551852454244
1.8512664117629805	0.15641930123445014	9.046130383663204
1.863285972367034	0.15061381159284232	9.0490580121226
1.8745462517186366	0.14391070012658175	9.052703921381392
1.8846697965316523	0.137027362992584	9.05685770638661
1.8948390574508096	0.1305334959909481	9.061612722544856
1.9056308691901278	0.12410604617069176	9.067141226329248
1.9161551154945364	0.11774084664361942	9.073487015941923
1.9265812073222763	0.11118909121951072	9.081177967356938
1.937075050378132	0.10452409034994398	9.090776020309434
1.9475900853546197	0.09803954033499965	9.102324778023572
1.958033303386542	0.09136545583288604	9.116877369792272
1.96843814936013	0.08456680655648154	9.13595346803953
1.9789373406019128	0.078081801459931	9.159632298745679
1.0909090909090904	0.9789547953922165	9.4532158293675
1.097402597402597	0.9684321930883247	9.45326990974502
1.1038961038961037	0.9579095907844329	9.452307237023861
1.11038961038961	0.9473869884805413	9.275625003716407
1.1168831168831166	0.9368643861766496	9.195942314976456
1.123376623376623	0.9263417838727578	9.155676959127318
1.1298701298701297	0.915819181568866	9.122695625509282
1.1363636363636358	0.9052965792649742	9.10087746928867
1.1428571428571423	0.8947739769610824	9.08477313981257
1.149350649350649	0.8842513746571907	9.071578072541135
1.1558441558441555	0.873728772353299	9.06138822411785
1.162337662337662	0.8632061700494074	9.053661465502104
1.1688311688311686	0.8526835677455156	9.047198361540852
1.1753246753246749	0.8421609654416238	9.04190697837076
1.1818181818181814	0.831638363137732	9.037647296903188
1.188311688311688	0.8211157608338402	9.034038690162673
1.1948051948051943	0.8105931585299485	9.030988559025188
1.2012987012987009	0.8000705562260567	9.02832043729511
1.2077922077922072	0.789547953922165	9.026111167208319
1.2142857142857142	0.7790253516182735	9.024165458998597
1.2207792207792205	0.7685027493143819	9.022518510093656
1.2272727272727273	0.7579801470104902	9.021052927914708
1.2337662337662334	0.7474575447065986	9.019813355896455
1.2402597402597406	0.7369349424027072	9.01868907932552
1.2467532467532476	0.7264123400988156	9.01772529131283
1.2532467532467557	0.7158897377949248	9.01686708798387
1.2597402597402658	0.7053671354910351	9.01611002059654
1.266233766233779	0.6948445331871488	9.015456895585869
1.272727272727299	0.6843219308832689	9.014878940029524
1.2792207792208286	0.6737993285794	9.014354833077247
1.2857142857143702	0.6632767262755528	9.01391157390374
1.2922077922079342	0.6527541239717374	9.013519251906954
1.2987012987015008	0.6422315216679743	9.01317982843534
1.305194805195095	0.6317089193642847	9.012879374397945
1.311688311688745	0.621186317060722	9.012631479293747
1.318181818182533	0.6106637147573848	9.012411845942003
1.3246753246765488	0.6001411124544473	9.012235648337565
1.3311688311711078	0.5896185101523286	9.012093219708165
1.3376623376658447	0.5790959078511196	9.011978069816093
1.3441558441616035	0.5685733055510646	9.011889381226808
1.3506493506593653	0.5580507032552277	9.011831886152327
1.3571584579916074	0.5475243420425076	9.011798784083835
1.363858265167653	0.5369570824615374	9.01179261904273
1.3709365218930236	0.5263958121641866	9.011815281051865
1.3780773947603973	0.5158380338302379	9.011859804116396
1.3855329073998732	0.5052858673324385	9.01192362601819
1.3929792863937143	0.4947357344362719	9.012004514235938
1.400434681534005	0.4841837246349295	9.012105451562396
1.407840513133116	0.4736243205572482	9.012229154552204
1.4151860688913098	0.4630603784281142	9.012377370078596
1.4219193766685478	0.4524982978055142	9.01254010298532
1.4285602680231746	0.4419512586955944	9.012723146171929
1.4350649350701783	0.4314266944573848	9.012931625969957
1.4415584723671078	0.4209040630763982	9.013157763602662
1.4480520233136476	0.41038141882100404	9.013407549915911
1.454545550919591	0.3998587965934721	9.013688688284274
1.4740267615346891	0.3893355463036417	9.0141096859803
1.467533322208998	0.3998580538341627	9.013806897520817
1.4935088696373044	0.37881165923430293	9.014569724081129
1.487016668211405	0.3893329865601997	9.014237621573406
1.5129904250905202	0.3682870411341887	9.015077974908301
1.506500763855765	0.37880742742764895	9.014707700610535
1.5324717632984628	0.3577600878850052	9.01562423430809
1.525983906428124	0.3682781408233507	9.015226217664074
1.5519556758930992	0.347234301878473	9.016212634918896
1.545467442958832	0.3577455659421675	9.0157832017938
1.5714409633549364	0.3367048462022535	9.016848931751957
1.5649495674815832	0.3472109684407913	9.016382672219082
1.5909351936352982	0.32615946473838525	9.017554541119603
1.5844317812049662	0.33666569273322305	9.0170308797605
1.616933990342677	0.3050965393618594	9.018908252671906
1.6104479129833613	0.3156010400975319	9.018298512099364
1.6039466608984025	0.3261014516611929	9.017748617365141
1.636432667879535	0.2945552933026608	9.019793887039794
1.6299462776836853	0.30505612905346313	9.019110734737348
1.6559142257259472	0.2839525479201435	9.020740009479495
1.6494407647968339	0.29446516238326575	9.020010891165699
1.675345050009085	0.2733740051183984	9.021774412432515
1.6688702073651138	0.28386521858778874	9.020969670926208
1.694746442759387	0.2627019513634502	9.02294175225795
1.688213478030031	0.27316625733146904	9.022026549948551
1.7141270819103347	0.2520206953533345	9.024207749383864
1.7074675822285246	0.26244720933606086	9.02320967821823
1.7334662267615208	0.24096992646480087	9.025659370356081
1.7267633093786348	0.2512961825235694	9.024538567501539
1.7465102004142685	0.24087777422895273	9.025967289740448
1.753142793921003	0.23080274566545866	9.027206210524552
1.7717296891327596	0.22027097452982997	9.02894958789098
1.7657207308187026	0.2299721516717611	9.02761882509894
1.7797410432364282	0.21153727382834348	9.030465291900827
1.7796018569298142	0.22052599534398676	9.029136392637993
1.7907425961853138	0.20952511719319838	9.03108008075753
1.7994728151266388	0.20098676486131162	9.032669157990076
1.8111212940496153	0.1977128938382684	9.033664357292361
1.8191795202862195	0.18865799412507253	9.035685914634586
1.8313152443565546	0.18272418944684718	9.037474557370887
1.8422875697141594	0.17632981821336025	9.039500454639311
1.8527759148896785	0.16945507126002762	9.041847927321712
1.863024441370646	0.16288752761347122	9.044445771702373
1.8738801604473674	0.15645730466132446	9.047370926786442
1.884557368442443	0.14979325077571315	9.050760400883654
1.894960254085773	0.143245734200505	9.054563376993704
1.9054460053196212	0.13675261010055478	9.058977146422874
1.9159790400175858	0.13023286633658107	9.06416747483106
1.926469635848675	0.12370205661117784	9.0702613359437
1.9369593263906797	0.11716116450334528	9.07750638854781
1.9474694325555113	0.11063381793292304	9.086327685248703
1.9579775291653154	0.10411812880829424	9.097180203924685
1.9684321930883246	0.09740259740259738	9.11089052142586
1.9789514220881472	0.09097340945566403	9.127875921321786
1.1038961038961035	0.9789547953922165	9.453150530415568
1.11038961038961	0.9684321930883247	9.453209256507067
1.1168831168831166	0.9579095907844329	9.452303072977573
1.123376623376623	0.9473869884805413	9.275604833395684
1.1298701298701295	0.9368643861766496	9.195917251418868
1.136363636363636	0.9263417838727578	9.155650944837289
1.1428571428571426	0.9158191815688661	9.122668659776286
1.149350649350649	0.9052965792649743	9.100850346593019
1.1558441558441555	0.8947739769610825	9.084745895043293
1.162337662337662	0.8842513746571908	9.071551088955038
1.1688311688311683	0.873728772353299	9.061361546454437
1.1753246753246749	0.8632061700494073	9.05363531041783
1.1818181818181814	0.8526835677455156	9.04717293978401
1.188311688311688	0.8421609654416238	9.04188243438641
1.1948051948051943	0.831638363137732	9.037623813839831
1.201298701298701	0.8211157608338402	9.034016459957941
1.2077922077922074	0.8105931585299485	9.030967764355823
1.214285714285714	0.8000705562260568	9.02830126162638
1.2207792207792203	0.7895479539221651	9.026093793203705
1.227272727272727	0.7790253516182735	9.024150083042622
1.2337662337662334	0.7685027493143816	9.02250532273136
1.2402597402597404	0.7579801470104902	9.02104211425848
1.2467532467532467	0.7474575447065988	9.019805121108869
1.2532467532467542	0.7369349424027073	9.018683593071733
1.2597402597402625	0.7264123400988166	9.01772263582255
1.2662337662337724	0.715889737794927	9.016867563071814
1.2727272727272847	0.7053671354910408	9.016113795503458
1.2792207792208012	0.6948445331871603	9.015464150080943
1.2857142857143256	0.6843219308832902	9.014889840394957
1.2922077922078579	0.6737993285794341	9.014369539299528
1.2987012987013922	0.6632767262756013	9.013930220781033
1.3051948051949351	0.6527541239717999	9.013541989075975
1.311688311688509	0.6422315216680565	9.013206759564902
1.3181818181821614	0.631708919364423	9.012910640577752
1.3246753246759588	0.6211863170609971	9.012667127626266
1.3311688311700598	0.6106637147580033	9.0124520128453
1.3376623376646284	0.6001411124558406	9.012280360260135
1.3441558441598085	0.5896185101550528	9.01214253365576
1.350649350654037	0.5790959078546339	9.012031998899294
1.3571428571465916	0.5685733055550263	9.011948039023634
1.3636363636331985	0.5580507032598945	9.011895111898108
1.3701359459046016	0.547515483840417	9.011866612350525
1.376898172359983	0.5369396690753251	9.0118655082803
1.3838846971880618	0.5263772409921396	9.011892223960087
1.3911138368078422	0.5158246852869476	9.011941815532099
1.3985025233255464	0.505278040067702	9.01200983395975
1.4059479127397436	0.4947222061928008	9.012095316628253
1.4133940455461094	0.4841676061625946	9.012200600756147
1.420790610319087	0.47360796596800653	9.01232846870546
1.4279762066875763	0.46304669360729966	9.012479212947548
1.4349470433270841	0.4524901670455524	9.012647252316818
1.4415584415887825	0.44194929674394895	9.012833081615698
1.4480519480515197	0.43142669444749443	9.013043984502545
1.45454592411597	0.4209036296189026	9.01327250480841
1.4610396114983137	0.41038088986225696	9.01352428717914
1.4805235683032254	0.39985494146665257	9.013933573165032
1.4740297415481465	0.410377795303712	9.013649388576946
1.500010575765634	0.38932679980380563	9.014374774051158
1.4935188324684585	0.39984642751660515	9.014069414253852
1.5194964601674716	0.3787960100927305	9.014855763279124
1.5130068586368568	0.38931230000669254	9.014521888801537
1.5389811147620278	0.3682554499654926	9.015385549542183
1.5324941699306696	0.37876868574735156	9.015014823682234
1.5584591057475106	0.3577085897592425	9.015954323664348
1.5519679448534565	0.36820344692475676	9.015556996009723
1.5779278136610244	0.34715647847004966	9.01656597230375
1.571421252774855	0.3576293975273885	9.016138597312983
1.5974187559652344	0.33659419353803605	9.017227539210907
1.590879293497796	0.3470671670152384	9.01676328202828
1.623466971122349	0.3155420864882611	9.018505418947528
1.6169781879898046	0.32602254016461	9.017958414386335
1.6104243361888202	0.3364937386936658	9.01744016036213
1.6364799562675125	0.3154818033584237	9.018728489336313
1.6429517105240992	0.30500708354752504	9.019330188662563
1.66245716282223	0.29437336084846205	9.02024616982573
1.6559716291867081	0.3048480898993982	9.01957339798881
1.6817867501541426	0.2837475128967353	9.021220733998573
1.6753149512655332	0.29423738830730295	9.020500055875296
1.6945642704995703	0.2833699348831212	9.021506418916674
1.7009376510636727	0.27288407890325694	9.022303824786889
1.7202794406108783	0.26217467600838146	9.02350585317852
1.713376778908119	0.27264815984939256	9.022595767780603
1.7395139232799846	0.25053546247919184	9.024905599645372
1.7325740924519626	0.26071003759977185	9.023908902947845
1.7497021653723317	0.25011314482213715	9.025210539186935
1.7593307926194515	0.24188148914886698	9.026195270735757
1.770898956757352	0.23840967879213926	9.02687886274495
1.7792895034490692	0.22907946904842513	9.02810051548795
1.7887241149178952	0.22083363418115592	9.029368600781503
1.7999931075013422	0.21428652814379168	9.030634762270859
1.8104738414030397	0.2084244930104504	9.031863592321242
1.8207754111355772	0.20197563094021023	9.033275435704821
1.8311490989514152	0.19517293308044983	9.034901662908581
1.84211558153506	0.18878959841791865	9.036651793571162
1.852778202009352	0.18217496853786938	9.038620478800722
1.8632066534060068	0.17562090031077165	9.04079524767925
1.8737272280086419	0.16914391565885933	9.043235710778397
1.8843000462811066	0.16260133055969844	9.046029618364019
1.8948844984780184	0.15605915228039732	9.049215990486948
1.905388591474872	0.14951633373198317	9.052853137260884
1.915873672824209	0.143000232709165	9.0570572725796
1.9263849431188522	0.13646816027458378	9.061998025362326
1.9368928526891231	0.12994485059130872	9.06781302237672
1.9474078403336228	0.12343709760872815	9.07471164980027
1.9579234367870688	0.11692576709849517	9.083066753318105
1.9684321930883248	0.11038961038961057	9.093327480509002
1.9789547953922164	0.10389610389610404	9.105894670886101
1.1168831168831166	0.9789547953922165	9.453083361269725
1.123376623376623	0.9684321930883247	9.453146995541614
1.1298701298701297	0.9579095907844329	9.452296631946481
1.1363636363636358	0.9473869884805413	9.275583476280685
1.1428571428571423	0.9368643861766495	9.195890560230081
1.149350649350649	0.9263417838727578	9.155623246100662
1.1558441558441555	0.9158191815688661	9.122639944004108
1.162337662337662	0.9052965792649743	9.10082145668885
1.1688311688311683	0.8947739769610825	9.08471688130377
1.1753246753246749	0.8842513746571907	9.071522345740357
1.1818181818181814	0.873728772353299	9.061333128924844
1.188311688311688	0.8632061700494074	9.053607450450185
1.1948051948051943	0.8526835677455156	9.047145863286097
1.201298701298701	0.8421609654416238	9.041856298650757
1.2077922077922074	0.831638363137732	9.037598817478441
1.214285714285714	0.8211157608338403	9.033992810066652
1.2207792207792205	0.8105931585299485	9.03094565921352
1.227272727272727	0.8000705562260568	9.028280899483716
1.2337662337662334	0.7895479539221651	9.026075372486366
1.2402597402597402	0.7790253516182735	9.024133815527504
1.2467532467532465	0.7685027493143816	9.02249141482467
1.2532467532467535	0.7579801470104902	9.021030763796942
1.2597402597402607	0.7474575447065991	9.019796557765765
1.2662337662337688	0.7369349424027085	9.018677969872764
1.2727272727272785	0.726412340098819	9.017720067223175
1.27922077922079	0.715889737794932	9.016868381354149
1.2857142857143031	0.7053671354910506	9.0161181702483
1.29220779220782	0.6948445331871769	9.015472271169452
1.298701298701341	0.684321930883312	9.014901885423784
1.3051948051948654	0.6737993285794603	9.014385679089372
1.3116883116884024	0.6632767262756325	9.01395059695714
1.3181818181819767	0.6527541239718516	9.013566761206322
1.3246753246756289	0.6422315216681674	9.013236033757538
1.3311688311694492	0.6317089193646999	9.012944569759563
1.3376623376635302	0.6211863170616704	9.012705752153474
1.344155844157943	0.6106637147593754	9.012495483857
1.3506493506525201	0.6001411124583154	9.01232869747595
1.3571428571475137	0.5896185101587348	9.012195792981656
1.3636363636387288	0.579095907856435	9.012090195134805
1.37012987012535	0.5685733055532783	9.012011280301572
1.37662440555847	0.5580389686356337	9.011963154130918
1.3831167544999339	0.5474882764499146	9.011939576320756
1.3898399435045157	0.5369220833645411	9.011943315436511
1.3966872441980769	0.5263508850153344	9.011973958624198
1.404044409634305	0.5158127787857881	9.012029233773312
1.4114939177421117	0.5052541708088453	9.012102580427205
1.4189091938762817	0.49469503936380527	9.01219273957119
1.4263532166125232	0.4841336557920904	9.01230277608577
1.4337443110009902	0.47357395860052226	9.012435109349221
1.4410501250808627	0.46302617601977364	9.012590758881359
1.4479341323812047	0.452478904389096	9.012761735821991
1.4545347037038707	0.44194641568884424	9.012950697501312
1.4610392782283304	0.43142191073219865	9.013164433475042
1.4675357580785375	0.42090017871590485	9.013395474741515
1.4870257524838573	0.41036772096474716	9.01378356824391
1.480531047341647	0.42088855533500374	9.013527373013021
1.5065161745340727	0.3998275939559957	9.014215135924909
1.500025733359421	0.4103449207096192	9.013927542771581
1.5260018377063143	0.389281755324683	9.014679780618293
1.519506888224767	0.39978845907256155	9.014371507714968
1.545485346749714	0.3787220070358483	9.015185576648461
1.5389724081208378	0.3892022021487533	9.014849605527173
1.5649111283558674	0.3680970450522358	9.015741475832625
1.5583969274729823	0.3785702613379616	9.015369850370389
1.5843396967156382	0.3575093222215884	9.016336436456292
1.5777880094939858	0.3679261327292462	9.015939565698796
1.603815456172368	0.34695324782077336	9.016975334154337
1.597213900876744	0.3573741664405646	9.016547819760875
1.6167919072455994	0.34682198244919166	9.017203841807985
1.6300017411921448	0.3259403199724061	9.018184088827274
1.623534287907145	0.33639977198231535	9.017670100730923
1.6430441405839433	0.3258929078383699	9.018425322225724
1.6494632301798484	0.3154167491404311	9.018968744172525
1.6623163752856918	0.31510884449995286	9.01923563507554
1.6687241639857209	0.3046257539569169	9.01983416290418
1.6881748590418941	0.2941513983431343	9.02077228995892
1.6812892162631832	0.3044679961919145	9.020107712085926
1.7010985687917088	0.29335124448302785	9.02110748896042
1.7071633484824875	0.28292012175558173	9.021817123942318
1.7177504646075907	0.28185507119783815	9.02214021592554
1.7266415315859345	0.27359806467189646	9.022851428287547
1.738439521444862	0.2701014663698761	9.02340206080846
1.7467642889168347	0.2608775428467668	9.024262361584425
1.75888838797927	0.2548849634994828	9.025070314884609
1.7700991784030313	0.24839809146648184	9.025940923924294
1.7799677450892573	0.2417574085192683	9.02684262040532
1.7896467197182042	0.23412549505172287	9.027905820021282
1.7999348489135139	0.22734545182645408	9.028993348582773
1.8105103081709222	0.2209571082664358	9.030158387112797
1.820970112434142	0.21462803201268454	9.031405429803018
1.8314572942574867	0.2080437439125279	9.032805372242414
1.842019524700241	0.201557685431095	9.03433360603598
1.8526690485191253	0.1950087554214588	9.036038235322259
1.8632186451309805	0.18844204921340788	9.037928152402708
1.8737283799939817	0.18196033717302595	9.040017351014557
1.884243634630153	0.1754385824263389	9.042379238409573
1.894785977852401	0.16889295159505296	9.045069452250983
1.9053321165473802	0.16238221237544198	9.048131138203102
1.9158495340132056	0.15588751542556678	9.051634652226829
1.9263607852774305	0.14939443110754097	9.055690191435502
1.936877250153743	0.14288870872016973	9.060444398771372
1.9473967374191812	0.13638976794952976	9.066040711369398
1.9579095907844333	0.12987012987013014	9.0726861327714
1.968432193088325	0.12337662337662358	9.080643820349685
1.9789547953922166	0.11688311688311712	9.090277113483678
1.1298701298701295	0.9789547953922165	9.453014107004153
1.136363636363636	0.9684321930883247	9.453082907635478
1.1428571428571428	0.9579095907844329	9.452287865655585
1.149350649350649	0.9473869884805413	9.275560734151027
1.1558441558441555	0.9368643861766496	9.19586209019186
1.1623376623376618	0.9263417838727578	9.155593706408569
1.1688311688311683	0.9158191815688661	9.12260933047707
1.1753246753246749	0.9052965792649743	9.100790653024513
1.1818181818181814	0.8947739769610825	9.084685955541973
1.188311688311688	0.8842513746571908	9.071491704132846
1.1948051948051943	0.873728772353299	9.061302837910263
1.201298701298701	0.8632061700494074	9.053577758393466
1.2077922077922074	0.8526835677455156	9.04711701253393
1.214285714285714	0.8421609654416238	9.041828460375653
1.2207792207792203	0.831638363137732	9.037572206948427
1.227272727272727	0.8211157608338402	9.033967650679285
1.2337662337662334	0.8105931585299485	9.030922166016937
1.24025974025974	0.8000705562260567	9.02825928658295
1.2467532467532465	0.7895479539221651	9.026055855179786
1.2532467532467533	0.7790253516182734	9.024116622218449
1.2597402597402598	0.7685027493143819	9.02247676821303
1.266233766233767	0.7579801470104908	9.02101887687435
1.2727272727272751	0.7474575447066002	9.019787683277961
1.2792207792207841	0.7369349424027107	9.018672238620281
1.2857142857142947	0.726412340098823	9.017717653693538
1.2922077922078068	0.7158897377949385	9.016869618738829
1.2987012987013173	0.7053671354910604	9.016123243994786
1.3051948051948319	0.6948445331871875	9.015481380414384
1.3116883116883535	0.6843219308833234	9.014915218884616
1.3181818181818925	0.6737993285794772	9.01440341899733
1.3246753246754694	0.6632767262756721	9.013972891469534
1.33116883116913	0.6527541239719657	9.013593780295572
1.3376623376629253	0.6422315216684683	9.013267885142612
1.3441558441569053	0.6317089193653375	9.012981419330542
1.35064935065101	0.6211863170628736	9.012747631113065
1.3571428571453403	0.6106637147612293	9.012542560122505
1.3636363636377604	0.6001411124607448	9.012380981716255
1.370129870129809	0.5896185101579481	9.0122533394325
1.3766233766214244	0.5790959078532365	9.012153016907325
1.3831168831091476	0.5685733055446653	9.012079485951496
1.389610616078589	0.5580327371656326	9.012036522863772
1.396103702902158	0.5474839098363743	9.012018277042428
1.4027043638596712	0.5369144399608282	9.012026497664026
1.4097437715962464	0.5263576273623332	9.012063517181135
1.4170890043572	0.5157966048095534	9.012123937226022
1.4244704625195943	0.5052203556334215	9.012202067849541
1.4318772316541402	0.4946441659457625	9.012297435428616
1.4393347548027258	0.4840718345481289	9.012412710389304
1.446749738983901	0.47351509700976196	9.01255004520632
1.4540467067788283	0.46298169763873165	9.012709912064265
1.4608679449124702	0.45244594253377013	9.01288416117056
1.4675347820170985	0.44193619115340926	9.013077021744664
1.4740325916656591	0.431406748708806	9.013293673795635
1.493531741080755	0.420862329647125	9.013668923191846
1.4870278677529984	0.43137337978278373	9.013432380463245
1.51301921557209	0.4102967365808856	9.014082079757578
1.5065333214632333	0.4208137164830417	9.013820838499404
1.532484588240211	0.3997295307967179	9.01453910314905
1.5259895141366344	0.4102172927092553	9.014247721526191
1.5518843228166483	0.38903787728184147	9.015032276100419
1.545408131940131	0.39956115095134	9.014719792044547
1.5647141272450262	0.38880590358323497	9.015227584225313
1.5712535722689884	0.37837229587363375	9.01556706754007
1.5906296313856103	0.3677400728013031	9.016151087128081
1.5840881032612963	0.3781358961691498	9.015778240656052
1.610096403346988	0.35729658425667077	9.016772371805239
1.6034020656849508	0.3675883061999672	9.016374925578285
1.6228457010931445	0.35700879258821705	9.01701604853873
1.6297846637791131	0.34646006182113176	9.01745601184493
1.636483844849975	0.3362804587751942	9.017915236401821
1.6497491755239433	0.33629338522293095	9.018180249307099
1.6560824539038332	0.3259393517631035	9.018681666716338
1.6687567202215299	0.3250924054682791	9.018985104740286
1.6749000542365085	0.3147307167715879	9.019520290515144
1.6856526905366458	0.31381684782374747	9.019806452852654
1.6946661087864363	0.30548977565326524	9.02036421919128
1.706577778494791	0.30236275390036804	9.020806725036307
1.7148491954669907	0.29311422596226533	9.021454510802334
1.726668982767513	0.2869818365071822	9.022086250616296
1.737393236005941	0.28071153171046737	9.022726522808783
1.747840432987485	0.27401763723830597	9.023421691270842
1.7582617336242448	0.26727636035915364	9.02416430773483
1.7691721689397275	0.2607631523534905	9.02495935951982
1.779725538475488	0.2541225075026469	9.025805846682585
1.7899460158507032	0.24689720872604815	9.026746449816537
1.800163211989866	0.24039908646134048	9.027701077740529
1.8105681203760196	0.2338628674327671	9.028742091368384
1.8210512040815943	0.22743061099559983	9.029871393960034
1.8315484206019017	0.2209503696656243	9.031107788371934
1.8420763152795587	0.21443648856656206	9.032467917773173
1.8526383347822548	0.20792132281554154	9.033964797930622
1.8631989890320375	0.20138778813282757	9.035623555294961
1.8737291293247351	0.1948594290466996	9.037463334217898
1.8842467018166813	0.18834812869462889	9.03951344087533
1.8947725565146232	0.18184510352983932	9.041818546625592
1.9053052918490119	0.17534560373320202	9.044432402408143
1.915832477243914	0.16884761495331393	9.04741524567193
1.926352493852618	0.16235363257694674	9.050836998305945
1.9368710292182936	0.15585832448730796	9.054793926249472
1.947391727106049	0.14936229832433617	9.059412420799482
1.9579095907844333	0.14285714285714296	9.064837414651016
1.968432193088325	0.13636363636363652	9.071228160048635
1.9789547953922166	0.12987012987013002	9.0788052888298
1.1428571428571426	0.9789547953922164	9.452942533684583
1.1493506493506491	0.9684321930883245	9.453016766250606
1.1558441558441557	0.9579095907844329	9.452276746330384
1.162337662337662	0.9473869884805413	9.275536366996546
1.1688311688311683	0.9368643861766496	9.195831665740444
1.1753246753246749	0.9263417838727578	9.155562166403627
1.1818181818181814	0.915819181568866	9.12257666869749
1.188311688311688	0.9052965792649742	9.100757782176617
1.1948051948051943	0.8947739769610825	9.084652966068942
1.2012987012987009	0.8842513746571907	9.07145901682343
1.2077922077922072	0.873728772353299	9.061270531785759
1.214285714285714	0.8632061700494074	9.0535460996458
1.2207792207792203	0.8526835677455155	9.047086261298206
1.2272727272727268	0.8421609654416238	9.041798802804514
1.2337662337662334	0.8316383631377319	9.037543876250654
1.24025974025974	0.8211157608338402	9.033940887794513
1.2467532467532463	0.8105931585299484	9.030897204036277
1.253246753246753	0.8000705562260567	9.02823635662179
1.2597402597402596	0.7895479539221651	9.026035190637655
1.2662337662337666	0.7790253516182736	9.024098469448383
1.2727272727272732	0.7685027493143824	9.022461366423336
1.2792207792207808	0.7579801470104918	9.021006458302018
1.2857142857142894	0.7474575447066022	9.019778517003791
1.2922077922077988	0.7369349424027136	9.018666433904064
1.2987012987013082	0.7264123400988277	9.017715468619642
1.3051948051948186	0.7158897377949445	9.016871363157565
1.3116883116883324	0.7053671354910659	9.01612912739443
1.3181818181818552	0.6948445331871942	9.01549161255474
1.3246753246753955	0.6843219308833354	9.014929999323302
1.3311688311689749	0.6737993285795184	9.014422941945762
1.337662337662625	0.6632767262757983	9.01399731120093
1.3441558441563684	0.6527541239722567	9.013623277669607
1.3506493506501658	0.6422315216690264	9.013302568496867
1.3571428571440731	0.6317089193661662	9.013021468728349
1.363636363637169	0.6211863170640199	9.012793065811236
1.370129870129917	0.6106637147608058	9.012593567070171
1.3766233766227678	0.6001411124573665	9.012437560192042
1.3831168831151155	0.5896185101527405	9.012315539588561
1.389610389607874	0.5790959078464153	9.012220852243134
1.396103726303793	0.5685679832686964	9.012153015845092
1.4025992530557783	0.5580322446454399	9.012115649731742
1.409099512545867	0.5474941326478895	9.012103104266636
1.415760954828886	0.5369255884542078	9.012117280023688
1.4228202096156248	0.5263540087065436	9.012159962272863
1.4300462911017657	0.5157661397980889	9.012225071124433
1.4374382675695128	0.505159909718192	9.012308873493408
1.4448747060500293	0.49455715999073385	9.012410172172332
1.4523624330939136	0.4839751569755557	9.012531254889781
1.4597687388236846	0.4734272930827456	9.012673660540635
1.4669516911938565	0.4629023988974761	9.012837019838017
1.4739032750493652	0.4523990619991232	9.013016439419681
1.4805044837133825	0.4418894822303917	9.01321248525842
1.500028741423862	0.43132286549127064	9.013581198294338
1.4934892164950462	0.44181664137695	9.013358010394485
1.5195108375650426	0.4207217239734295	9.013983806602283
1.5130114787800755	0.4312302316189995	9.013740859045784
1.5389099135218431	0.4100486365592532	9.014425779259007
1.5324227235030143	0.4205451836636422	9.014158510506759
1.5582398598329903	0.39925854358854523	9.014914035179892
1.551796711128223	0.40979813404659626	9.014616888244896
1.5709127035798096	0.3988976052518198	9.015119625149788
1.5775246571420758	0.38859316751676864	9.015435246251306
1.5903515928967336	0.3882397948970382	9.015659622345842
1.5967781621285413	0.37777584092239774	9.016003996396902
1.6160748588730947	0.36759161682505426	9.016608449149922
1.6092806613857025	0.37753580795164304	9.01623808097712
1.6278897134889672	0.36730879203384736	9.016849384245075
1.636432404679954	0.35656917670174687	9.017296820820606
1.6427890601135613	0.3466963058140109	9.017707863655131
1.653738285761762	0.3459230006664852	9.017966519701769
1.662792124376832	0.33773981716078894	9.018411892285387
1.6746243605744202	0.334456991422448	9.018796159486246
1.6826617660914764	0.3252704837460031	9.019295562366297
1.6947419523975205	0.319123893583847	9.019819030327355
1.705530199987005	0.31281510789341455	9.02033804744343
1.7159158558456422	0.306050206293747	9.020891010502185
1.7262784119061092	0.29946149363637536	9.021465806296199
1.7370543563142222	0.2930317507645828	9.022078933063083
1.7476507405304649	0.2864939376257664	9.022724336802105
1.7581691710021277	0.2798663006623319	9.023412041494986
1.7687383379852015	0.2732499700721777	9.024143627634965
1.779341244564961	0.26666216316870356	9.02492351804618
1.7898414904931903	0.25995985408894623	9.025760983002046
1.8002378990689551	0.2533370639791039	9.0266509649004
1.8106456719059116	0.24682670012427047	9.027599112596617
1.8211066700277165	0.24034141826755764	9.028622302675155
1.8316021609159687	0.2338547478491121	9.02973757241279
1.8421199026115957	0.22735168106577197	9.03095763074201
1.852652671807216	0.22084838469872284	9.032296276760242
1.8631937569616068	0.2143370269739571	9.03377122374743
1.873726554533426	0.20782594203382435	9.035402782303452
1.8842504282633927	0.20131685997790527	9.037215795296463
1.8947731721644392	0.19482012403196972	9.03923944077515
1.9052984550061485	0.18832313993857816	9.041514494582048
1.9158235144092213	0.18182569026926831	9.044090131558917
1.9263464857787689	0.17533089777605995	9.047025096219931
1.936868378208018	0.16883781338302903	9.05038858993747
1.9473893712132597	0.16234265933951755	9.054266223267549
1.9579095907844333	0.1558441558441558	9.058768128178293
1.968432193088325	0.14935064935064946	9.064015860008082
1.9789547953922166	0.14285714285714296	9.07014677335158
1.1558441558441555	0.9789547953922164	9.452868384193103
1.162337662337662	0.9684321930883247	9.45294834662161
1.1688311688311686	0.957909590784433	9.45226329604459
1.1753246753246749	0.9473869884805413	9.275510015344034
1.1818181818181812	0.9368643861766495	9.195799102768357
1.188311688311688	0.9263417838727577	9.15552845577042
1.1948051948051943	0.915819181568866	9.122541796260231
1.2012987012987009	0.9052965792649743	9.100722680159953
1.2077922077922074	0.8947739769610825	9.084617751537648
1.214285714285714	0.8842513746571908	9.07142412732579
1.2207792207792203	0.873728772353299	9.061236060370367
1.2272727272727268	0.8632061700494073	9.05351233170663
1.2337662337662334	0.8526835677455156	9.04705347619174
1.2402597402597397	0.8421609654416238	9.041767202846911
1.2467532467532463	0.8316383631377319	9.03751371398338
1.2532467532467528	0.82111576083384	9.03391242305053
1.2597402597402594	0.8105931585299484	9.030870689344512
1.2662337662337662	0.8000705562260567	9.02821204135681
1.2727272727272727	0.7895479539221651	9.02601332768153
1.2792207792207797	0.779025351618274	9.024079324431819
1.285714285714287	0.7685027493143832	9.022445195356402
1.2922077922077946	0.7579801470104933	9.020993518233867
1.298701298701303	0.7474575447066042	9.019769080396742
1.3051948051948115	0.7369349424027165	9.018660603780583
1.3116883116883222	0.7264123400988307	9.01771358703433
1.3181818181818374	0.7158897377949485	9.016873715174116
1.3246753246753626	0.7053671354910732	9.01613594433263
1.331168831168905	0.6948445331872112	9.015503117041987
1.3376623376624739	0.6843219308833808	9.014946401668995
1.3441558441560844	0.6737993285796322	9.014444448940194
1.350649350649758	0.663276726276045	9.014024082657222
1.3571428571434911	0.6527541239726662	9.01365550582171
1.363636363636763	0.6422315216696002	9.013340361127673
1.3701298701298956	0.6317089193659593	9.013065021338077
1.3766233766231089	0.6211863170623732	9.012842382486056
1.3831168831158642	0.6106637147579921	9.012648856427836
1.3896103896094736	0.6001411124540743	9.012498806464292
1.3961038961031458	0.5896185101494541	9.01238278658842
1.4025974025980625	0.5790959078435497	9.012294119800005
1.4090909090959205	0.5685733055401901	9.012232442533131
1.4155875673595926	0.558040385665339	9.012200970992666
1.4220912952493747	0.5475139413248228	9.012194428787693
1.4288168174744609	0.5369318614214689	9.012214967103361
1.4356719138073923	0.5263373294614803	9.01226191120882
1.4430051693210275	0.5157077151668432	9.01233375501283
1.4504096496535206	0.5050554773682837	9.012423652025447
1.4579292330936615	0.49442174845630166	9.01253186595814
1.465515979452276	0.48384840819453645	9.012659836370133
1.4728654566556763	0.47332907254332834	9.012807047750206
1.4800269703242561	0.46281144056896467	9.012975062712622
1.4868658569162072	0.4523082833516823	9.013157830941084
1.506483704572241	0.4417280019766219	9.013514089492757
1.49991875779013	0.4522157034493825	9.01331025239182
1.5259017089529356	0.43103258761006674	9.013911907656757
1.5193822860550388	0.44153283716780134	9.01368121917657
1.545306907548462	0.4203450261670945	9.014345078550695
1.5387974285566657	0.4308096227526804	9.014094941561973
1.5646712462045786	0.4093729426590974	9.014823580671809
1.5581265065974208	0.41999439826708435	9.014545428618424
1.576661211424542	0.40848322946243887	9.015037234784488
1.5836527327200798	0.3988018230233859	9.015334283126611
1.596460233009531	0.3981889146346583	9.015574542243733
1.6029169181569527	0.3874151675152851	9.015903736899732
1.6131292357865736	0.38642355842671683	9.016121143753862
1.6219409041607236	0.3787862046093105	9.016455283551345
1.633228126965037	0.37550972816643147	9.016765525834574
1.6403031227680542	0.36750222105354635	9.017104230104778
1.6505866851221156	0.35761005357699316	9.017569045134982
1.6628715850873805	0.3513508613687395	9.018017142808946
1.6737207341220224	0.3451255656820831	9.018448094186333
1.6842262704490114	0.33840781918901164	9.018905454288934
1.6945364179419002	0.3317071336884523	9.019378092377663
1.7053541100166358	0.325236398672014	9.019881121297486
1.7159253943810036	0.318627619257246	9.020405190992536
1.7263803119307601	0.31213561292171227	9.02094868221175
1.7368845712499927	0.30556486550474266	9.02152490561884
1.7474501954253114	0.29897683960296284	9.02213579387884
1.7579976617328499	0.2923599011080085	9.022781326079796
1.7685297808634117	0.2858020095629465	9.0234629754764
1.7790565097794193	0.27926539325430777	9.024185388849633
1.7896562660833413	0.27269455923509855	9.024959992131144
1.800172519558991	0.2661869739255434	9.025781385884377
1.8106584846150688	0.25975256054847445	9.026656777360634
1.8211393714563178	0.25328610360674964	9.027600160338066
1.8316336016669004	0.2467957018172027	9.028620457526543
1.8421458179178984	0.24029571379243533	9.029730402787036
1.8526696317165987	0.23379526145543508	9.030942332795975
1.8631982896078683	0.22729611017330784	9.032271462305822
1.873726656733261	0.22079447347835982	9.033735638577957
1.8842508108416123	0.21429463729651774	9.03535569274685
1.8947737409559646	0.20779715626986395	9.037157057989676
1.9052967521160928	0.20129950050392864	9.039170122151605
1.915819298754945	0.19480550683449338	9.041430533992271
1.9263419190649842	0.18831186121247678	9.043984103317426
1.936864561474446	0.18181838191771363	9.046886102475016
1.9473871066159258	0.1753248795860609	9.050200405931982
1.9579095907844333	0.1688311688311689	9.054001135013605
1.968432193088325	0.16233766233766242	9.058379331218491
1.9789547953922166	0.1558441558441559	9.063435426239153
1.1688311688311683	0.9789547953922164	9.452791365907997
1.1753246753246749	0.9684321930883246	9.452877462476545
1.1818181818181814	0.9579095907844329	9.452247458736982
1.188311688311688	0.9473869884805413	9.275481465687255
1.1948051948051943	0.9368643861766495	9.195764215088365
1.2012987012987009	0.9263417838727578	9.155492388828186
1.2077922077922072	0.9158191815688661	9.122504532134725
1.214285714285714	0.9052965792649743	9.1006851705254
1.2207792207792203	0.8947739769610825	9.084580139981375
1.227272727272727	0.8842513746571907	9.07138686932951
1.2337662337662334	0.873728772353299	9.061199264356913
1.2402597402597397	0.8632061700494074	9.053476303656412
1.2467532467532463	0.8526835677455155	9.04701851620819
1.2532467532467528	0.8421609654416237	9.041733530697563
1.2597402597402594	0.8316383631377318	9.03748160306244
1.266233766233766	0.8211157608338402	9.033882153565058
1.2727272727272727	0.8105931585299486	9.030842534793452
1.2792207792207797	0.800070556226057	9.028186270725518
1.285714285714286	0.7895479539221658	9.02599021490751
1.292207792207793	0.7790253516182748	9.024059155644439
1.2987012987013002	0.7685027493143842	9.022428244265997
1.305194805194808	0.7579801470104943	9.020980071852945
1.3116883116883171	0.7474575447066055	9.019759400380819
1.3181818181818288	0.7369349424027183	9.01865480990387
1.3246753246753453	0.7264123400988347	9.01771209225902
1.3311688311688712	0.7158897377949582	9.01687678804152
1.3376623376624115	0.7053671354910983	9.01614383338247
1.3441558441559653	0.6948445331872602	9.015516059659499
1.3506493506495263	0.6843219308834662	9.014964618983582
1.3571428571430808	0.6737993285797773	9.014468160947187
1.363636363636635	0.6632767262762846	9.014053453915226
1.3701298701298903	0.6527541239725924	9.013690740410675
1.3766233766232654	0.6422315216688335	9.013381564915624
1.383116883116348	0.6317089193646199	9.013112406490277
1.3896103896099412	0.6211863170607878	9.012895934435795
1.396103896103548	0.6106637147565835	9.012708807986842
1.40259740259737	0.6001411124523193	9.012565122319161
1.409090909091363	0.5896185101481973	9.012455505774378
1.415584415585449	0.57909590784455	9.012373260074993
1.422077922077497	0.5685733055418352	9.012318081085894
1.428571428560186	0.5580507032361227	9.012292900712863
1.4350756325066802	0.547521991094913	9.012292663924597
1.4417125972765217	0.5369348106251924	9.012318768254817
1.44876066016912	0.5262934533458886	9.012373422522108
1.4559164409476295	0.5156136886802408	9.012450101686413
1.4633588349192916	0.504863446546333	9.012546846026135
1.470987519520726	0.4941596888153957	9.01266300474231
1.478786585130506	0.48373043450696745	9.012799023075404
1.486142775009479	0.4732544600092803	9.012951892238753
1.4932007059399945	0.4627075866561073	9.013124189139889
1.5129178305915405	0.45210023703507196	9.013473091699838
1.5064727180779636	0.4626214285857557	9.013285010802507
1.5321612137160976	0.44121100943376096	9.013859769390791
1.5257530180256806	0.451837606482034	9.013646639328988
1.5517108372516084	0.43071151565205207	9.014288772037482
1.5450965632909228	0.4408306113622002	9.014053179993306
1.570541085267454	0.4192614377402164	9.014758237957947
1.5644437943335117	0.43006477198967663	9.014500572137168
1.5810925874113384	0.41806225652617446	9.014959277555844
1.5900494785804404	0.4100137211835584	9.01524552486549
1.6019636182244046	0.406817364392561	9.015525356334727
1.609827057478574	0.39784561679612146	9.015833659507294
1.6215230657815027	0.39171459964388766	9.016185037835731
1.632339226743688	0.38551008655231467	9.01653380316206
1.6422502429311658	0.37916596107859285	9.016882206845134
1.6523868574185245	0.37157987968740425	9.01727972675531
1.6628056947027081	0.36404964820935015	9.017696054917538
1.6735859864388427	0.3576570829167365	9.018114654281305
1.6842205836888067	0.35114708948744355	9.018550323901998
1.694759983007587	0.34445352009036984	9.019008987808805
1.7052859107657938	0.33796124991283205	9.019483006851033
1.7158644924049693	0.33133656491151253	9.019985286489627
1.7263858084573198	0.3248207193858077	9.020506489253846
1.736895327732875	0.31831480035277104	9.021053547515992
1.7474246858219138	0.31179289602273813	9.021629886564499
1.7579540586039908	0.3052546416659002	9.022238498720734
1.7685029371329937	0.2987121692940004	9.022882097493449
1.7790283748610984	0.2922066545688644	9.023561644766064
1.7895728032345037	0.285695873639574	9.024284107059374
1.8001208019383945	0.27919404523323865	9.025053674856613
1.8106414852084403	0.2727177403453864	9.02587368122107
1.8211452279737355	0.26624477029146304	9.026752369941397
1.8316479642131398	0.2597584466506789	9.027699020235557
1.842159266205994	0.25326147274316063	9.02872260659715
1.852680634190817	0.2467590801034288	9.029834671979446
1.8632027583827522	0.24026828656293864	9.031046652188245
1.8737278999208715	0.23377103681779166	9.032375818029282
1.884251129862773	0.2272753567228604	9.033839171243926
1.8947739769610832	0.22077922077922085	9.035458229880746
1.9052965792649752	0.21428571428571436	9.037257518068655
1.9158191815688668	0.20779220779220786	9.039266525079315
1.9263417838727583	0.20129870129870142	9.041519346745462
1.93686438617665	0.1948051948051949	9.04405693770864
1.9473869884805415	0.1883116883116884	9.046928550288596
1.9579095907844335	0.1818181818181819	9.050190481061874
1.968432193088325	0.1753246753246754	9.053905052334928
1.9789547953922166	0.1688311688311689	9.058144187230896
1.1818181818181814	0.9789547953922165	9.452711154402037
1.188311688311688	0.9684321930883247	9.452803975106159
1.1948051948051943	0.957909590784433	9.452229005475473
1.2012987012987009	0.9473869884805413	9.275450537026776
1.2077922077922072	0.9368643861766496	9.195726802394146
1.214285714285714	0.9263417838727578	9.155453769519523
1.2207792207792203	0.915819181568866	9.122464682793352
1.2272727272727268	0.9052965792649743	9.100645065069807
1.2337662337662334	0.8947739769610825	9.084539948504174
1.24025974025974	0.8842513746571908	9.071347066121339
1.2467532467532463	0.873728772353299	9.061159974712401
1.2532467532467526	0.8632061700494074	9.053437855596288
1.2597402597402592	0.8526835677455155	9.046981232224619
1.266233766233766	0.8421609654416237	9.041697649429524
1.2727272727272725	0.8316383631377319	9.03744742043242
1.2792207792207788	0.8211157608338403	9.033849971787086
1.2857142857142858	0.8105931585299487	9.030812650022405
1.2922077922077928	0.8000705562260574	9.028158973028832
1.2987012987012991	0.789547953922166	9.025965801067157
1.3051948051948064	0.7790253516182752	9.024037933292485
1.3116883116883145	0.7685027493143849	9.02241050675167
1.318181818181824	0.7579801470104953	9.020966138924146
1.3246753246753362	0.7474575447066076	9.019749511597972
1.3311688311688534	0.7369349424027235	9.01864912737782
1.3376623376623777	0.7264123400988484	9.017711077533425
1.3441558441559094	0.7158897377949845	9.016880708148696
1.3506493506494444	0.7053671354911438	9.01615294934768
1.3571428571429878	0.6948445331873315	9.015530624387905
1.36363636363647	0.6843219308835228	9.014984864432272
1.370129870129887	0.6737993285798046	9.01449432097572
1.3766233766232991	0.6632767262759292	9.014085696758373
1.383116883116746	0.6527541239720674	9.013729282434724
1.3896103896101915	0.6422315216680806	9.013426508505644
1.396103896103729	0.6317089193640223	9.01316398164437
1.4025974025974135	0.6211863170599667	9.012954104163
1.4090909090912243	0.6106637147559952	9.012773831313455
1.4155844155850057	0.6001411124521644	9.01263694101575
1.4220779220785176	0.5896185101484955	9.012534150530234
1.4285714285712428	0.5790959078450355	9.01245874992795
1.4350649350642424	0.5685733055405329	9.012410469047905
1.4415584415686349	0.5580507032336224	9.012391938762908
1.4480519481089267	0.547528100934181	9.012398327884869
1.4547821998320931	0.5369080145707339	9.012431775949343
1.4616478183855168	0.526248590657033	9.012491500256038
1.4688201754965373	0.5154972427014127	9.012574986380896
1.4761285703909486	0.5044273619752425	9.01267777374475
1.4841704984776325	0.49399444362193556	9.012804631476692
1.4921942002679567	0.4839004556206523	9.012948335451357
1.4996014276304335	0.4731068588283456	9.013109797795797
1.5194964990281896	0.4626658445488368	9.013453020372587
1.5131885066769	0.4731293984045773	9.013279527361759
1.5380362774153418	0.4512227912277831	9.01382788699729
1.5322500219201534	0.46207575767498066	9.013634857841062
1.5489016968639278	0.45046736199611853	9.014000503020403
1.5582904309109793	0.442037029818215	9.014243539102287
1.5700767862260878	0.43874294616564186	9.01448177580378
1.5779171197475181	0.42964130429484987	9.014733909367047
1.590013193976064	0.4234663230190176	9.015039599445286
1.6008153091613766	0.4171855048591783	9.015336867122654
1.6111702505088916	0.41063343824133286	9.015644258777536
1.6213259962450357	0.4039254654405198	9.015963093246016
1.6321701271081073	0.39736409230228903	9.016309319934843
1.642497902826603	0.3908282953559047	9.016658424508428
1.6527462208650903	0.3840655556559556	9.01702558832212
1.6631841244220373	0.3769458305646455	9.017423893260728
1.6736308012800831	0.3704393569812661	9.01782396170172
1.6842158548374657	0.3639364201582327	9.018244762939576
1.6947953918612664	0.3573425637461304	9.018685357487895
1.7053214993336467	0.35082436400674055	9.019143008759249
1.7158623206508972	0.3442754187857512	9.019622446027283
1.7263920479467643	0.3377635693696282	9.020123496448667
1.736913695560643	0.33125149387035707	9.020648364844066
1.7474359909436454	0.3247406364825442	9.021199700408985
1.757962439407656	0.3182116061463061	9.021780143554814
1.7684965497259935	0.3116971497992307	9.022391987457247
1.779026149181631	0.3051953391681099	9.02303764517738
1.7895534144457639	0.2986972383794693	9.023721308550977
1.8000773395084284	0.29220269233097623	9.024447027801605
1.8106157091832744	0.2857072641137033	9.025220825329205
1.8211367667811376	0.2792209090962859	9.026046619421917
1.8316498529956708	0.2727333930060325	9.02693214611827
1.8421640489165894	0.2662399263488658	9.027886034178733
1.852683163055578	0.25974305064361813	9.028917247653887
1.863205179903819	0.2532489598668867	9.030036277266724
1.8737287723533003	0.24675324675324667	9.03125617443593
1.8842513746571916	0.24025974025974028	9.032591812514498
1.8947739769610834	0.23376623376623384	9.034061139844212
1.9052965792649752	0.22727272727272732	9.035684782811332
1.9158191815688668	0.22077922077922085	9.037486622150988
1.9263417838727586	0.21428571428571438	9.039494343737074
1.93686438617665	0.2077922077922079	9.04173951133747
1.9473869884805417	0.20129870129870142	9.044258472944078
1.9579095907844333	0.19480519480519493	9.0470936403285
1.968432193088325	0.18831168831168843	9.050292381614137
1.9789547953922169	0.18181818181818193	9.053904479595092
1.1948051948051943	0.9789547953922164	9.452627409084746
1.2012987012987009	0.9684321930883245	9.452727757816602
1.2077922077922072	0.9579095907844329	9.452207648801677
1.214285714285714	0.9473869884805413	9.275417031672687
1.2207792207792203	0.9368643861766495	9.195686653058985
1.2272727272727268	0.9263417838727578	9.155412393943196
1.2337662337662334	0.9158191815688661	9.122422043284836
1.2402597402597397	0.9052965792649743	9.100602163585092
1.2467532467532463	0.8947739769610825	9.084496982759932
1.2532467532467528	0.8842513746571907	9.07130452993213
1.2597402597402592	0.873728772353299	9.061118012006245
1.2662337662337657	0.8632061700494074	9.053396818021968
1.2727272727272725	0.8526835677455155	9.046941466451495
1.279220779220779	0.8421609654416238	9.041659414554244
1.2857142857142854	0.8316383631377321	9.037411036769706
1.2922077922077921	0.8211157608338405	9.033815765368102
1.298701298701299	0.810593158529949	9.0307809415122
1.305194805194806	0.8000705562260575	9.028130075191193
1.311688311688313	0.7895479539221663	9.02594003552634
1.3181818181818212	0.7790253516182757	9.024015629861623
1.3246753246753311	0.7685027493143862	9.022391981839599
1.3311688311688432	0.7579801470104984	9.020951743997658
1.3376623376623595	0.7474575447066151	9.019739453553653
1.3441558441558794	0.7369349424027378	9.018643653823299
1.3506493506494008	0.7264123400988728	9.017710650420716
1.3571428571429265	0.7158897377950224	9.01688561658304
1.3636363636364202	0.7053671354911737	9.016163465084837
1.3701298701299107	0.6948445331873206	9.015547015526847
1.3766233766233347	0.6843219308834662	9.015007373488565
1.3831168831168223	0.6737993285795701	9.014523196372819
1.3896103896102978	0.6632767262756328	9.014121109014077
1.3961038961038128	0.6527541239716652	9.01377146057891
1.4025974025974077	0.6422315216676929	9.013475549689176
1.4090909090910813	0.6317089193637698	9.01322013469276
1.4155844155847825	0.6211863170599402	9.013017305504604
1.4220779220784108	0.6106637147562104	9.01284436842507
1.4285714285718318	0.6001411124525281	9.012714727458688
1.4350649350648998	0.5896185101488667	9.012619207925807
1.4415584415567986	0.5790959078450081	9.0125510951586
1.448051948050926	0.5685733055409657	9.012510135354981
1.4545454545528618	0.558050703243685	9.012498646854015
1.4610389610257035	0.5475281009676424	9.012512128399088
1.467704765314731	0.5369221324872859	9.012552085200396
1.4744884013776272	0.5262842473591531	9.012617811701922
1.4813895861049655	0.5155449620905598	9.012705174873455
1.4877651912483112	0.5046901619258362	9.012803449854742
1.49852526724194	0.4959764704522724	9.012960679772776
1.5059386481177481	0.4833400663051125	9.013117000348657
1.5169115614582434	0.4825359326825326	9.013263870201232
1.5260967226724418	0.474440414537233	9.013442491293018
1.5379137439519452	0.4710556063927681	9.01363976571012
1.5460712317083547	0.46179430895553636	9.013840543291595
1.558183356275206	0.4555033546667239	9.014093884871945
1.5692025796674218	0.44904508071204596	9.014345845907224
1.5794424602284474	0.44227870659447693	9.014602446277744
1.5896272089900467	0.43583654337871136	9.014867032471066
1.6004196672621975	0.4293218689045839	9.0151582753667
1.6109944381559629	0.4229360023861781	9.015457638710613
1.6214093825462608	0.41634345349248414	9.015771356687218
1.6318560940468778	0.40965159216700386	9.016101221159857
1.6423737689985956	0.40312134363973984	9.016445113111311
1.652790661299021	0.3964433291046714	9.01680364970953
1.6632767262757722	0.38961038961038036	9.01718267774627
1.6737393845751312	0.3832617227212145	9.017570927922511
1.6842511282123416	0.37679205525545506	9.01797814607829
1.6947991938806846	0.37027011443623165	9.018404740150608
1.7053393718424985	0.36374213816923234	9.018849265540391
1.715870380867621	0.3572227338750775	9.01931296166787
1.7263985956718273	0.35071037606291683	9.019797144307676
1.7369234274611935	0.34420366475486647	9.020303713397674
1.7474463357429457	0.33769919013626365	9.020834488694318
1.7579702554735925	0.3311922775399404	9.021391982414125
1.7684967805020877	0.32468565989782877	9.021978365900518
1.7790248209023334	0.3181830342991963	9.022596444721684
1.7895493947899037	0.31168723806711435	9.023248970478596
1.8000731056807695	0.30519289882043993	9.023940023690564
1.8105931585299322	0.29870129870129025	9.024673632188085
1.821124703133315	0.29220689897504243	9.025455795617484
1.831646024921083	0.2857156682946352	9.026291047859951
1.8421643158657501	0.2792230884249089	9.027186800957216
1.8526841606726456	0.2727283797026399	9.02815134411943
1.8632061700494087	0.2662337662337645	9.029193625156552
1.8737287723533005	0.25974025974025877	9.030324104312646
1.8842513746571916	0.25324675324675283	9.03155522143703
1.8947739769610832	0.24675324675324653	9.032901606791496
1.905296579264975	0.24025974025974023	9.034380263480562
1.9158191815688668	0.23376623376623382	9.036010776657877
1.9263417838727586	0.2272727272727274	9.037815529525595
1.93686438617665	0.22077922077922088	9.039820046266142
1.9473869884805415	0.2142857142857144	9.042052813482679
1.9579095907844333	0.20779220779220786	9.044545343632462
1.968432193088325	0.20129870129870142	9.047332913136444
1.9789547953922166	0.1948051948051951	9.050453380215822
1.2077922077922072	0.9789547953922164	9.452539774049002
1.214285714285714	0.9684321930883247	9.45264867450161
1.2207792207792203	0.957909590784433	9.452183070215328
1.227272727272727	0.9473869884805413	9.275380750630626
1.2337662337662334	0.9368643861766496	9.19564354111015
1.2402597402597397	0.9263417838727578	9.155368046782328
1.2467532467532463	0.9158191815688661	9.122376395657446
1.2532467532467528	0.9052965792649742	9.100556252881155
1.2597402597402594	0.8947739769610824	9.08445103622559
1.266233766233766	0.8842513746571907	9.07125906118027
1.2727272727272723	0.873728772353299	9.061073185631805
1.2792207792207788	0.8632061700494074	9.053353011103846
1.2857142857142856	0.8526835677455157	9.046899051816284
1.2922077922077921	0.8421609654416238	9.04161867354682
1.2987012987012987	0.8316383631377321	9.037372316185158
1.3051948051948055	0.8211157608338405	9.033779417066633
1.311688311688312	0.8105931585299491	9.030747312702488
1.3181818181818197	0.8000705562260578	9.028099503120565
1.3246753246753282	0.7895479539221673	9.025912868811725
1.3311688311688377	0.7790253516182778	9.023992220833923
1.3376623376623495	0.7685027493143903	9.02237267576277
1.344155844155863	0.7579801470105059	9.02093691531234
1.3506493506493775	0.7474575447066277	9.019729273681492
1.357142857142894	0.7369349424027581	9.018638497548997
1.3636363636363935	0.7264123400988888	9.01771093745201
1.3701298701298918	0.715889737795017	9.016891672457986
1.3766233766233542	0.7053671354911447	9.016175573890054
1.3831168831168519	0.6948445331872479	9.015565460113327
1.3896103896103453	0.6843219308833254	9.0150324063803
1.3961038961038579	0.6737993285793898	9.014555081347105
1.4025974025974077	0.6632767262754588	9.014160017099675
1.4090909090909987	0.652754123971555	9.01381763375471
1.415584415584606	0.6422315216676981	9.013529077972864
1.4220779220781974	0.6317089193639104	9.01328128628156
1.4285714285717397	0.6211863170601748	9.013085986208175
1.4350649350652134	0.6106637147564623	9.012920895185923
1.4415584415587157	0.6001411124528023	9.012798980859648
1.4480519480521927	0.5896185101490634	9.012711198055
1.4545454545408123	0.5790959078460073	9.01265083732762
1.4610389610237149	0.568573305542457	9.01261762883057
1.4675324675032357	0.558050703226359	9.012613620022192
1.4740259739623538	0.5475281009084022	9.012634613172038
1.4806406898901165	0.5369619303496277	9.012681463828871
1.487301582651365	0.5264755530380418	9.012752946657635
1.4937383204639776	0.5160943113178553	9.012840708347001
1.4986978105251096	0.5071957672889116	9.012922036981125
1.5069219841912935	0.5041509005820021	9.01303242792784
1.5138245537726038	0.4945459921721346	9.013157254275283
1.5260115549142896	0.4880872456029799	9.013354218352832
1.5369846315764446	0.48167082699726244	9.01354917267975
1.5474360846521849	0.47505475660572655	9.013752756897484
1.557827833198302	0.46815625058135946	9.013971901562195
1.5688063653022497	0.46152009593706855	9.014214131354196
1.5793473169088654	0.4549260336955991	9.014463432549833
1.5897436462537502	0.4484460014517635	9.014723753282759
1.6002348702185336	0.44193557065223754	9.015000084540594
1.6108026416240824	0.4354130930897828	9.015292386667177
1.6213293671759923	0.42887371294182924	9.015598286353667
1.6318027486614675	0.42237095293888505	9.015917619224387
1.6423018248519368	0.4158431725848096	9.016252341972026
1.6527926917656564	0.40926579611403485	9.016602472206998
1.6632767262755408	0.4025974025970904	9.016968981785455
1.673799328579498	0.39610389610374364	9.017349671524208
1.6842941986810536	0.38967880781179637	9.01774584119522
1.6948168706891364	0.3831922059180873	9.0181607013499
1.7053497352655498	0.3766816356781326	9.018594131208888
1.715879430720964	0.37017124479838887	9.01904587100333
1.7264053995676691	0.3636660104638761	9.019517074723225
1.7369295955317157	0.3571651374137545	9.020008973820042
1.7474527855629554	0.3506661341667963	9.020523428313204
1.7579757617566418	0.3441673728907035	9.021062359831964
1.7684996312866261	0.33766841189677965	9.021628127047109
1.7790242237934226	0.3311707326568616	9.02222307660058
1.789548403985988	0.3246749889447568	9.02285005881796
1.8000715331728323	0.31818108855609	9.023512248892358
1.8105938252220184	0.3116878133263788	9.024213491643598
1.821115760833834	0.30519480519480974	9.024958140369185
1.831641397350589	0.29870152958592056	9.025751482886875
1.8421629154732206	0.29220848747836714	9.026598914397383
1.8526841189949756	0.2857147135427897	9.027507483335178
1.863206170049408	0.2792207792207777	9.028485145957463
1.8737287723532996	0.27272727272727143	9.029540838364602
1.8842513746571916	0.26623376623376527	9.030684884577893
1.8947739769610832	0.25974025974025916	9.031929194436307
1.9052965792649752	0.253246753246753	9.033287577597704
1.9158191815688668	0.24675324675324664	9.03477594010083
1.9263417838727583	0.24025974025974026	9.03641241240627
1.9368643861766501	0.23376623376623384	9.038217409095095
1.9473869884805417	0.2272727272727274	9.040213779158764
1.9579095907844333	0.2207792207792209	9.042426472630039
1.9684321930883248	0.21428571428571436	9.044881986510577
1.9789547953922166	0.20779220779220775	9.047608406481316
1.2207792207792203	0.9789547953922165	9.45244786968305
1.2272727272727268	0.9684321930883247	9.452566581739262
1.2337662337662334	0.9579095907844329	9.452154910081923
1.2402597402597397	0.9473869884805413	9.275341486519123
1.2467532467532463	0.9368643861766496	9.195597221573117
1.2532467532467528	0.9263417838727578	9.15532049995563
1.2597402597402594	0.915819181568866	9.122327508398653
1.266233766233766	0.9052965792649742	9.100507105781789
1.2727272727272725	0.8947739769610825	9.084401889337643
1.2792207792207788	0.8842513746571908	9.071210447577515
1.2857142857142854	0.873728772353299	9.06102529288279
1.2922077922077917	0.8632061700494074	9.053306243848548
1.2987012987012987	0.8526835677455155	9.046853811274728
1.3051948051948052	0.8421609654416238	9.041575265344887
1.311688311688312	0.8316383631377322	9.03733111594319
1.318181818181819	0.8211157608338407	9.03374080470739
1.3246753246753264	0.8105931585299495	9.030711664197135
1.3311688311688348	0.8000705562260592	9.02806718220017
1.3376623376623442	0.7895479539221696	9.02588425325719
1.344155844155854	0.7790253516182819	9.023967685898645
1.350649350649365	0.7685027493143974	9.022352603684071
1.3571428571428747	0.7579801470105147	9.020921684371459
1.3636363636363793	0.7474575447066366	9.019719041154254
1.3701298701298814	0.7369349424027556	9.018633767910762
1.3766233766233649	0.7264123400988741	9.01771208545098
1.383116883116866	0.7158897377949796	9.016899055856518
1.3896103896103653	0.7053671354910716	9.016189492048651
1.3961038961038745	0.6948445331871568	9.015586210518272
1.4025974025974033	0.684321930883244	9.01506025076011
1.4090909090909536	0.6737993285793453	9.014590299729006
1.4155844155845136	0.6632767262754712	9.014202778792905
1.422077922078066	0.6527541239716336	9.013868193844916
1.428571428571589	0.6422315216678262	9.013587517278696
1.4350649350650988	0.6317089193640709	9.013347892379487
1.441558441558603	0.6211863170603321	9.013160630200526
1.4480519480521583	0.6106637147565747	9.013003923694702
1.4545454545464216	0.6001411124533047	9.012890236218967
1.4610389610388446	0.5896185101523145	9.012810678511057
1.4675244879090954	0.5790926272386815	9.012758457037789
1.4740066578290276	0.5685674720491095	9.012733343111472
1.480482412802471	0.5580453508664284	9.012737101445671
1.486968486151351	0.5475231818971457	9.01276590806169
1.4934356525237928	0.5370203377027719	9.012819026961736
1.5000281978066876	0.5265518510773763	9.012897028520237
1.5065382894800259	0.5150669921665919	9.012993707815703
1.5163426258158208	0.5073213621109369	9.013140719141633
1.5261202346688896	0.5004099674691056	9.013297410321506
1.5368387811418667	0.4940953403444656	9.013477787009537
1.5474479976894695	0.48762419885083713	9.013671612279163
1.5579594743547287	0.4809285878490467	9.013880255067633
1.5684978714477769	0.4742031615962629	9.014104466277308
1.5791384507577406	0.4676451825163531	9.014344532576112
1.589662817977808	0.46113235374213346	9.014597208637575
1.6001613497324552	0.45461027680618854	9.014864728095334
1.610674119636403	0.4480841965172432	9.015147300860795
1.6211924083489038	0.44157266428526526	9.015444564431222
1.6317089193636953	0.4350649350651969	9.015756399666678
1.6422315216675372	0.42857142857142555	9.016083303737132
1.652754123971487	0.42207792207776845	9.01642517158727
1.6632767262754575	0.41558441558423004	9.01678238256752
1.6737993285794017	0.40909090909076745	9.017155164754117
1.684321930883286	0.40259740259732474	9.01754372407383
1.6948339146549554	0.3961321822129904	9.017948664117434
1.7053581991969293	0.3896372734821116	9.018371864135426
1.7158849392190547	0.3831346818105988	9.018813554805268
1.7264096329906706	0.3766349055007115	9.019274085626394
1.7369331720592511	0.37013722122354004	9.019754553076991
1.7474560410912907	0.36364185520062864	9.02025613781767
1.7579787395718667	0.35714672043616336	9.020780534396934
1.7685016876447195	0.3506515395091876	9.021329652462454
1.779024882017656	0.3441566568451064	9.021905785134598
1.7895480956567715	0.33766223186545335	9.02251144233991
1.800070936907465	0.3311685469062155	9.023149558279899
1.8105935609681865	0.3246750239932146	9.023823466661666
1.821115941147083	0.3181816833777647	9.024537000613206
1.8316383631377313	0.31168831168831673	9.025294553056552
1.842161651976748	0.30519496119786566	9.026101208706047
1.8526836805415683	0.2987013625435013	9.026962638986321
1.8632061700494074	0.29220779220779175	9.027885608275973
1.8737287723532987	0.2857142857142848	9.028877798885874
1.8842513746571912	0.2792207792207783	9.029947973929907
1.8947739769610827	0.27272727272727193	9.031106101856542
1.9052965792649748	0.26623376623376566	9.032363485198184
1.9158191815688668	0.25974025974025944	9.033732976641659
1.9263417838727586	0.2532467532467532	9.035229150042838
1.93686438617665	0.24675324675324675	9.036868368955787
1.9473869884805417	0.24025974025974026	9.03866873027289
1.9579095907844335	0.23376623376623384	9.040650051563423
1.968432193088325	0.22727272727272738	9.042833439945921
1.9789547953922166	0.22077922077922102	9.045240244001436
1.2337662337662334	0.9789547953922164	9.452351287511426
1.2402597402597397	0.9684321930883247	9.452481336337563
1.2467532467532463	0.9579095907844329	9.45212276024206
1.2532467532467528	0.9473869884805413	9.275299027648858
1.2597402597402594	0.9368643861766495	9.195547429138314
1.2662337662337657	0.9263417838727577	9.1552695115776
1.2727272727272725	0.915819181568866	9.1222751360581
1.2792207792207788	0.9052965792649742	9.10045447997234
1.2857142857142854	0.8947739769610824	9.084349308350939
1.2922077922077917	0.8842513746571908	9.071158463017362
1.2987012987012985	0.873728772353299	9.060974117849801
1.3051948051948048	0.8632061700494074	9.053256313132563
1.3116883116883118	0.8526835677455155	9.046805557059946
1.3181818181818186	0.8421609654416239	9.041529019843141
1.3246753246753256	0.8316383631377325	9.037287286224604
1.3311688311688332	0.8211157608338415	9.033699801223529
1.3376623376623415	0.8105931585299512	9.030673894091594
1.3441558441558497	0.8000705562260616	9.028033037940231
1.3506493506493584	0.7895479539221736	9.025854143797282
1.3571428571428665	0.7790253516182867	9.023942010742866
1.3636363636363726	0.7685027493144028	9.022331789537615
1.3701298701298759	0.7579801470105161	9.020906091288607
1.37662337662337	0.7474575447066294	9.019708848763242
1.3831168831168739	0.7369349424027364	9.018629588459346
1.3896103896103762	0.726412340098836	9.017714261558574
1.3961038961038834	0.715889737794932	9.016907970203826
1.4025974025974015	0.705367135491029	9.016205461486484
1.4090909090909307	0.6948445331871334	9.01560954727453
1.4155844155844657	0.6843219308832506	9.015091224639427
1.4220779220779969	0.6737993285793866	9.014629207996476
1.4285714285715132	0.6632767262755394	9.01424978625077
1.4350649350650189	0.6527541239717186	9.013923568634121
1.441558441558511	0.6422315216679123	9.013651328883547
1.4480519480520078	0.6317089193641753	9.013420446840101
1.4545454545453111	0.6211863170604229	9.013241760280605
1.4610383443690746	0.610663411380374	9.013093994834437
1.4675292685990797	0.6001396557968873	9.012989022814239
1.4740164215747866	0.5896147163614489	9.012918125004559
1.4804958771798375	0.5790862566563594	9.012874564783415
1.4869568129619835	0.5685605601754445	9.01285792194678
1.4934040784068736	0.5580420869421091	9.012869772176655
1.4998169808365005	0.5475537153066222	9.012906144323374
1.5061601322592597	0.5371056020813175	9.012965848549584
1.5125330354795954	0.5267049230290216	9.013048285971111
1.5175057577517213	0.5174494102654945	9.013128227837864
1.5269720392394195	0.5130869282036377	9.013265268096482
1.5370777959637956	0.506766798056066	9.013428833304518
1.5474948954745715	0.5003210395325761	9.013610331963859
1.5580084300119268	0.4937532157899783	9.013807807757098
1.5685380896396064	0.48717814067281784	9.014020520726243
1.5790861961764315	0.4806137721060757	9.014248485589095
1.5896312694562993	0.4740774819027217	9.014491529843978
1.6001521627752586	0.467562242823422	9.014749349863235
1.6106637147562604	0.4610389610389347	9.015022657744327
1.6211863170601042	0.4545454545456416	9.015311328130558
1.6317089193639456	0.44805194805211823	9.015615316773848
1.6422315216676844	0.4415584415585065	9.015934489406362
1.6527541239715366	0.4350649350649017	9.016269062643232
1.6632767262754458	0.42857142857134495	9.016619056009004
1.6737993285793646	0.4220779220778394	9.01698474585933
1.6843219308832662	0.4155844155843596	9.017366378187242
1.6948445331871496	0.40909090909088097	9.01776414606934
1.7053639920031165	0.4026064601320976	9.018178767385466
1.7158878501533634	0.3961102488199355	9.018611419004507
1.7264116207298776	0.38961346260009533	9.019062697852474
1.7369349424027127	0.38311688311687586	9.019533391278891
1.7474575447066005	0.3766233766233707	9.020024483725757
1.7579801470104872	0.37012987012986803	9.020537224731328
1.7685027524766321	0.363636362756198	9.021073151092835
1.7790253591381473	0.35714285822714376	9.02163410550565
1.7895479974533937	0.3506493181405794	9.022222339597311
1.8000707015788553	0.3441557356048124	9.022840429167994
1.8105933453536858	0.33766219808976694	9.023491356539436
1.8211158882083402	0.33116873595212243	9.024178501795214
1.8316384000924504	0.32467529701936754	9.024905730636567
1.8421609654416244	0.31818181818182123	9.02567743414473
1.8526835677455156	0.31168831168831396	9.026498610953398
1.8632061700494071	0.3051948051948061	9.027374945691617
1.8737287723532987	0.29870129870129886	9.028312923444325
1.8842513746571907	0.29220779220779186	9.029319949679206
1.8947739769610825	0.285714285714285	9.030404417906228
1.9052965792649748	0.2792207792207786	9.031575779519342
1.9158191815688665	0.27272727272727226	9.032844599422793
1.9263417838727588	0.266233766233766	9.034222655862417
1.93686438617665	0.25974025974025966	9.035723037185372
1.9473869884805415	0.2532467532467532	9.037360150368405
1.9579095907844335	0.24675324675324675	9.039149573097658
1.968432193088325	0.2402597402597403	9.04110789841103
1.9789547953922166	0.23376623376623384	9.043252186414868
1.2467532467532463	0.9789547953922165	9.452249586148435
1.2532467532467528	0.9684321930883247	9.452392802547367
1.2597402597402594	0.957909590784433	9.452086155456401
1.266233766233766	0.9473869884805413	9.275253159543013
1.2727272727272723	0.9368643861766496	9.195493876509362
1.2792207792207788	0.9263417838727578	9.155214824577898
1.2857142857142854	0.9158191815688661	9.122219019138969
1.2922077922077917	0.9052965792649742	9.10039811664057
1.2987012987012982	0.8947739769610825	9.084293043777464
1.3051948051948048	0.8842513746571907	9.071102866165553
1.3116883116883116	0.873728772353299	9.060919430129276
1.3181818181818181	0.8632061700494074	9.053203002630374
1.3246753246753251	0.8526835677455158	9.046754089902576
1.3311688311688323	0.8421609654416246	9.041479757420158
1.3376623376623398	0.8316383631377334	9.037240669969554
1.3441558441558472	0.8211157608338432	9.033656274816616
1.3506493506493549	0.8105931585299536	9.030633898461348
1.3571428571428623	0.8000705562260645	9.027996996807152
1.3636363636363686	0.7895479539221766	9.025822498967168
1.3701298701298732	0.7790253516182873	9.023915188983494
1.376623376623373	0.7685027493143983	9.022310265244592
1.3831168831168779	0.7579801470105059	9.02089018944105
1.3896103896103817	0.7474575447066095	9.01969881118175
1.3961038961038887	0.7369349424027115	9.018626099410959
1.4025974025974008	0.7264123400988137	9.01771765429483
1.4090909090909192	0.7158897377949195	9.016918644858857
1.4155844155844406	0.7053671354910321	9.01622375284756
1.4220779220779605	0.694844533187155	9.015635782280249
1.4285714285714721	0.6843219308832866	9.015125679646744
1.4350649350649782	0.6737993285794318	9.014672198599094
1.4415584415584781	0.6632767262755853	9.014301469277678
1.4480519480519682	0.6527541239717684	9.013984224957639
1.4545454545454728	0.6422315216679895	9.013721014464382
1.4610389610387986	0.6317089193641945	9.013499484032563
1.467532467531677	0.62118631706055	9.013329940658293
1.4740238888699817	0.6106628696919947	9.013191698187526
1.4805102055618835	0.6001374907173731	9.013095961654917
1.4869881328608363	0.5896095923156869	9.013034218982611
1.4934542067673882	0.5790762927048062	9.012999742620115
1.4998841229249302	0.5685502784205352	9.012991919967762
1.506254572119406	0.5580722870460761	9.01301187718674
1.5125649512439374	0.5476550037199492	9.013055751604695
1.5185646841756544	0.5373177963589327	9.013119427222177
1.5258693331949251	0.5262934459217457	9.013220808134399
1.5373459586614928	0.519563684832291	9.013394351309627
1.547693782274693	0.5131255328240729	9.013566246233557
1.5581215106747905	0.5066698265385253	9.013753380047746
1.5685911184297485	0.50016151401294	9.013955639663445
1.5791023703068074	0.49361555192374196	9.01417351139848
1.5896259355499958	0.48706671943725555	9.01440667947373
1.6001483531475695	0.48054071116206787	9.014655110453477
1.6106648385111606	0.47402698122214043	9.014918956330616
1.6211863170600178	0.46753246753247835	9.01519865777007
1.6317089193638923	0.4610389610389941	9.01549427854336
1.6422315216677834	0.4545454545454355	9.015805797210026
1.6527541239715995	0.4480519480519487	9.016133108676252
1.6632767262754655	0.4415584415584131	9.016476287931797
1.6737993285793606	0.4350649350649009	9.01683537133838
1.684321930883257	0.4285714285714024	9.017210549597293
1.694844533187147	0.42207792207790534	9.017602078750272
1.7053671354910358	0.4155844155844041	9.018010164059008
1.7158892044943272	0.4090925701439387	9.018435450001222
1.7264123400988287	0.40259740259739063	9.018878763884844
1.7369349424027205	0.396103896103887	9.019340904063938
1.747457544706605	0.3896103896103862	9.019822857126686
1.7579801470104932	0.3831168831168818	9.020325718972996
1.768502749314381	0.37662337662338113	9.020850716841522
1.7790253546481325	0.37012986849140783	9.021399344996064
1.7895479681982782	0.3636363530505399	9.021973394585034
1.8000706099155943	0.3571428170521311	9.022575043273669
1.8105932350508425	0.35064929347694296	9.023206837268907
1.8211158226721336	0.3441557979264922	9.023871745705796
1.8316383894485169	0.3376623179688065	9.024573160488387
1.8421609686455753	0.33116882876000703	9.025314937145938
1.8526835677455171	0.3246753246753265	9.026101430282017
1.8632061700494076	0.31818181818181973	9.026937557651015
1.8737287723532992	0.31168831168831285	9.027828861381481
1.8842513746571912	0.3051948051948057	9.028781581719768
1.8947739769610825	0.29870129870129875	9.029802749875925
1.9052965792649743	0.29220779220779186	9.030900256215709
1.9158191815688659	0.2857142857142854	9.032082892348305
1.9263417838727583	0.2792207792207789	9.033360353503546
1.9368643861766504	0.27272727272727254	9.034743241453517
1.9473869884805415	0.26623376623376616	9.036243071163556
1.9579095907844335	0.25974025974025977	9.037872211852546
1.968432193088325	0.2532467532467533	9.039643652918413
1.9789547953922166	0.24675324675324667	9.041570668698247
1.2597402597402594	0.9789547953922165	9.452142284534949
1.266233766233766	0.9684321930883247	9.45230086042873
1.2727272727272725	0.9579095907844329	9.452044562688435
1.279220779220779	0.9473869884805413	9.275203671161696
1.2857142857142854	0.9368643861766496	9.195436253467449
1.2922077922077917	0.9263417838727578	9.155156164484263
1.2987012987012985	0.9158191815688661	9.122158883827419
1.3051948051948048	0.9052965792649743	9.100337738763185
1.3116883116883116	0.8947739769610822	9.084232828252544
1.318181818181818	0.8842513746571906	9.071043398687797
1.324675324675325	0.873728772353299	9.060860983379355
1.3311688311688317	0.8632061700494074	9.053146081698415
1.3376623376623387	0.8526835677455162	9.046699198277793
1.344155844155846	0.8421609654416254	9.041427288544982
1.350649350649353	0.8316383631377352	9.0371911028418
1.35714285714286	0.821115760833845	9.033610089271777
1.3636363636363666	0.8105931585299557	9.030591572050765
1.3701298701298719	0.8000705562260647	9.027958987242727
1.376623376623375	0.7895479539221743	9.025789282118355
1.3831168831168803	0.7790253516182822	9.023887224275859
1.3896103896103853	0.7685027493143882	9.022288070854904
1.3961038961038914	0.757980147010493	9.020874042083364
1.4025974025974008	0.747457544706598	9.019689078737578
1.4090909090909136	0.736934942402705	9.018623465353786
1.4155844155844275	0.7264123400988152	9.017722476514779
1.422077922077941	0.7158897377949307	9.016931338218775
1.42857142857145	0.705367135491051	9.016244669007941
1.435064935064957	0.6948445331871785	9.015665262391229
1.441558441558458	0.6843219308833114	9.015164004626193
1.4480519480519576	0.6737993285794556	9.014719703588945
1.4545454545454344	0.6632767262755958	9.01435829886509
1.4610389610388805	0.6527541239717815	9.014050672042709
1.4675324675323225	0.6422315216678788	9.013797119340522
1.474025974025498	0.6317089193639235	9.013585581563104
1.4805187950712773	0.6211862120636858	9.013425772589331
1.4870080831811363	0.6106623706775338	9.013297664829418
1.4934868758900703	0.6001361885728704	9.01321170797675
1.4999592578606444	0.5896059001789827	9.013159700733167
1.5063953445056326	0.5790735914745155	9.013134692659202
1.5127318425940774	0.5685982056340241	9.01313568056253
1.5190101170094812	0.5581711421049954	9.013163715872823
1.5251753138771316	0.5479931484990301	9.01321498933236
1.5290675872543367	0.5381651484492624	9.013258567198124
1.5382264343100012	0.5322804141033782	9.013386651383884
1.5482186152413842	0.5258394834315759	9.0135427199766
1.558416047072627	0.5195008460781864	9.01371675048601
1.5687384460773144	0.5130861072400065	9.013907840886029
1.5791400740487587	0.5066172561227759	9.01411517331191
1.5896427593588032	0.5000686852961019	9.014339600446919
1.6001549849907706	0.4935297923234883	9.014579414480776
1.6106692111224	0.48701653230599457	9.014834658505443
1.6211873710638296	0.48051965566981747	9.015105661984053
1.631708919363825	0.4740259740259495	9.015392804450139
1.642231521667724	0.4675324675324303	9.015696241311149
1.6527541239716161	0.46103896103892317	9.016016056953346
1.663276726275484	0.4545454545454375	9.016352235182787
1.6737993285793669	0.44805194805193493	9.016704811116432
1.6843219308832582	0.44155844155843393	9.017073813508906
1.694844533187147	0.43506493506493066	9.01745937131159
1.705367135491036	0.42857142857142566	9.017861715936931
1.7158897377949274	0.42207792207791756	9.01828107195716
1.7264123400988225	0.41558441558440823	9.018717959804464
1.736934942402715	0.4090909090909019	9.019173045317801
1.747457544706606	0.40259740259739646	9.019647217148195
1.757980147010497	0.39610389610389285	9.020141487637138
1.768502749314389	0.389610389610392	9.020657018318913
1.7790253516182783	0.38311688311689046	9.021195103566027
1.7895479585134713	0.3766233731990656	9.02175724808108
1.8000705754675799	0.37012985577061985	9.022345215963112
1.8105931872107568	0.3636363422038927	9.022961112380338
1.8211157858326283	0.35714283845106004	9.023607416286893
1.8316383755364372	0.35064934136697845	9.02428702591291
1.8421609676419861	0.344155842501548	9.025003273608839
1.852683567745518	0.33766233766233855	9.025759947245378
1.8632061700494085	0.3311688311688324	9.026561312821046
1.8737287723532996	0.3246753246753259	9.027412155223452
1.8842513746571912	0.31818181818181906	9.028317816250192
1.8947739769610827	0.3116883116883124	9.029284236479706
1.9052965792649743	0.30519480519480563	9.030318010088168
1.9158191815688659	0.29870129870129886	9.031426433089448
1.9263417838727577	0.2922077922077922	9.032617526012066
1.9368643861766497	0.2857142857142856	9.033900005702405
1.9473869884805417	0.2792207792207789	9.035283221498347
1.9579095907844335	0.27272727272727265	9.036777078502576
1.968432193088325	0.26623376623376627	9.03839190288705
1.9789547953922169	0.2597402597402598	9.040138087272895
1.2727272727272725	0.9789547953922165	9.452028854233133
1.279220779220779	0.9684321930883247	9.452205415788482
1.2857142857142854	0.957909590784433	9.451997367957153
1.2922077922077917	0.9473869884805413	9.275150365729182
1.2987012987012985	0.9368643861766496	9.195374226579668
1.3051948051948046	0.9263417838727577	9.155093235114741
1.3116883116883113	0.915819181568866	9.122094440841698
1.318181818181818	0.9052965792649741	9.100273048999656
1.3246753246753247	0.8947739769610822	9.084168373858647
1.3311688311688312	0.8842513746571908	9.070979783168545
1.3376623376623382	0.8737287723532994	9.060798513811845
1.3441558441558448	0.8632061700494079	9.053085304301247
1.350649350649352	0.8526835677455171	9.046640657743753
1.3571428571428585	0.8421609654416263	9.041371413512245
1.363636363636365	0.8316383631377369	9.037138413354631
1.370129870129871	0.8211157608338452	9.033561104466806
1.3766233766233764	0.8105931585299538	9.030546809203512
1.3831168831168819	0.8000705562260619	9.027918940885606
1.3896103896103875	0.7895479539221691	9.025754463017106
1.3961038961038936	0.7790253516182758	9.023858133438482
1.4025974025974015	0.768502749314382	9.022265253075018
1.4090909090909107	0.7579801470104894	9.020857728370908
1.415584415584421	0.7474575447065986	9.019679818397387
1.4220779220779312	0.7369349424027106	9.018621882481625
1.4285714285714388	0.7264123400988248	9.01772897089347
1.435064935064945	0.715889737794943	9.01694634171882
1.4415584415584481	0.705367135491063	9.016268549068057
1.4480519480519536	0.6948445331871902	9.015698373405433
1.454545454545442	0.6843219308833127	9.015206629587809
1.4610389610389136	0.6737993285794587	9.01477219857457
1.4675324675323917	0.6632767262755538	9.014420790987913
1.4740259740258408	0.652754123971631	9.014123465014825
1.4805194805193693	0.6422315216676876	9.013880235794133
1.4870129870129467	0.6317089193634642	9.013679363080144
1.4935043913712533	0.621186103106475	9.01352991067293
1.499990214816853	0.6106626619597674	9.013412573302217
1.5064567502005646	0.6001388945703681	9.013336963397295
1.5129070542035332	0.5896143730367723	9.013295156258545
1.5192688582375775	0.5791204449639652	9.013279836170982
1.5255430007655735	0.5686447405975352	9.013289887518349
1.5317692152485107	0.5580879525922822	9.013326219472019
1.5382748736828629	0.5461879544001047	9.013388229725932
1.5488534165112897	0.5382623399337922	9.013539636436418
1.5587749682963614	0.5323057876874875	9.013697599953131
1.568963517352406	0.5259723023095346	9.013876166682374
1.5792713216429315	0.519558655614026	9.014072760790041
1.5896820213184755	0.5130795192866756	9.014287034765353
1.6001721670291802	0.506534848063278	9.01451868906736
1.6106782573290035	0.5000069564174974	9.014766262644384
1.6211907915474806	0.4935072060335121	9.0150296054765
1.631709482203876	0.4870130136843572	9.01530901171872
1.6422315455873004	0.4805194806859894	9.015604741765486
1.6527541239715933	0.4740259740259507	9.015916997659081
1.6632767262754846	0.46753246753244976	9.016245978129872
1.67379932857937	0.46103896103895176	9.016591783224785
1.6843219308832598	0.45454545454545164	9.016954487146386
1.6948445331871493	0.44805194805194826	9.017334140602927
1.705367135491038	0.44155844155844304	9.017730843142902
1.7158897377949278	0.43506493506493565	9.01814479292328
1.7264123400988198	0.4285714285714266	9.01857621860802
1.7369349424027118	0.4220779220779183	9.019025542060653
1.7474575447066043	0.41558441558441017	9.019493355746357
1.7579801470104959	0.4090909090909028	9.01998048167694
1.7685027493143863	0.40259740259739846	9.020487927774909
1.7790253516182781	0.3961038961038943	9.021016883739678
1.7895479552744562	0.3896103886001422	9.021568697669231
1.8000705628420428	0.38311687817680723	9.02214490599704
1.8105931685322412	0.3766233691473526	9.022747270081446
1.8211157698106986	0.3701298634163743	9.023377843771392
1.83163836789904	0.363636360070946	9.024039023149259
1.8421609664287255	0.3571428564007261	9.024733597206016
1.8526835677455178	0.3506493506493508	9.025464778471319
1.8632061700494091	0.3441558441558447	9.02623622296671
1.8737287723533005	0.33766233766233844	9.027052043054836
1.8842513746571914	0.33116883116883206	9.027916826273332
1.8947739769610832	0.32467532467532556	9.028835652315239
1.9052965792649748	0.31818181818181906	9.029814105821082
1.9158191815688663	0.31168831168831224	9.030858292687627
1.9263417838727575	0.3051948051948056	9.031974856028354
1.9368643861766495	0.2987012987012988	9.033170975950659
1.947386988480541	0.2922077922077922	9.034454322487774
1.957909590784433	0.28571428571428564	9.035832951517046
1.968432193088325	0.2792207792207792	9.037315157164587
1.9789547953922166	0.2727272727272728	9.038909231627612
1.2857142857142854	0.9789547953922164	9.451908711313692
1.2922077922077917	0.9684321930883247	9.452106412910394
1.2987012987012985	0.9579095907844329	9.451943861181972
1.3051948051948048	0.9473869884805413	9.275093079054932
1.3116883116883116	0.9368643861766496	9.195307439841274
1.3181818181818177	0.9263417838727577	9.15502571040219
1.3246753246753247	0.9158191815688658	9.122025381930563
1.331168831168831	0.9052965792649741	9.100203727134856
1.3376623376623378	0.8947739769610825	9.084099369374984
1.3441558441558445	0.8842513746571911	9.070911721000568
1.350649350649351	0.8737287723532997	9.060731738759921
1.3571428571428574	0.8632061700494086	9.053020408061071
1.363636363636364	0.8526835677455177	9.046578230422552
1.37012987012987	0.8421609654416266	9.041311922344358
1.3766233766233764	0.831638363137735	9.037082423194079
1.383116883116882	0.8211157608338433	9.033509177116043
1.3896103896103884	0.8105931585299513	9.030499505080387
1.396103896103895	0.8000705562260587	9.027876794018832
1.402597402597402	0.789547953922166	9.025718020345401
1.4090909090909098	0.779025351618274	9.023827949167
1.4155844155844184	0.7685027493143824	9.022241865933223
1.422077922077926	0.7579801470104924	9.020841364153808
1.428571428571433	0.7474575447066036	9.019671202882998
1.435064935064939	0.7369349424027168	9.018621580537895
1.4415584415584435	0.726412340098831	9.017737414887621
1.4480519480519483	0.7158897377949488	9.016963984174891
1.4545454545454528	0.70536713549107	9.016295772692759
1.4610389610389367	0.694844533187184	9.015735544423988
1.4675324675324288	0.684321930883289	9.01525403002679
1.4740259740259039	0.6737993285793791	9.01483020701216
1.4805194805194166	0.6632767262754441	9.0144895106621
1.4870129870130515	0.6527541239714824	9.014203208553694
1.4935064935068407	0.6422315216676245	9.013971006431804
1.4999986091310964	0.631708865731197	9.013781489219435
1.506490144497403	0.621186281904743	9.013643068361226
1.512964803553085	0.6106649618728007	9.013537106609677
1.5194242206942814	0.6001484045286812	9.013472526071444
1.525840198122097	0.5896491072838499	9.013441454862233
1.53216164665863	0.5791821988539422	9.013436452305415
1.5382387575328869	0.5688070118087792	9.013454672694692
1.544388501659878	0.5582760616501724	9.013499894486658
1.5496819205294257	0.5490361152460075	9.013558680832052
1.559727583416393	0.5449389981069963	9.01370783789257
1.5693505115360766	0.5387748461525624	9.013865077165788
1.5795017005775804	0.5324375972826545	9.0140477874979
1.5897888558856554	0.526042010683291	9.014249851395773
1.6002056095689505	0.5195444076417349	9.014471302885179
1.6106924762057602	0.5130080319169082	9.014710847968999
1.6211968440202835	0.5064966089460631	9.014967025371716
1.631711171614788	0.5000002243940286	9.01523959300448
1.6422316898828255	0.4935065011784212	9.01552856315823
1.6527541239715842	0.48701298701297363	9.015834031185838
1.6632767262754768	0.4805194805194685	9.016156199406074
1.6737993285793673	0.4740259740259658	9.01649532074471
1.6843219308832584	0.4675324675324637	9.01685159303238
1.69484453318715	0.46103896103896025	9.017225167470253
1.7053671354910387	0.4545454545454554	9.017616152763274
1.7158897377949287	0.4480519480519501	9.018024661877506
1.7264123400988192	0.44155844155844254	9.01845087539182
1.736934942402711	0.4350649350649343	9.018895019224862
1.747457544706604	0.42857142857142544	9.01935745461386
1.7579801470104977	0.4220779220779154	9.019838702607947
1.768502749314389	0.4155844155844056	9.020339500542685
1.7790253516182746	0.4090909090909024	9.020860802056669
1.7895479543009594	0.40259740231423363	9.021403775489498
1.8000705583914411	0.39610389448614436	9.021969782472395
1.8105931618109887	0.3896103871574957	9.022560379034715
1.8211157637891546	0.3831168809061927	9.023177330869311
1.831638364744198	0.376623375420123	9.023822655523828
1.8421609657997795	0.37012986986059904	9.024498668465652
1.8526835677455171	0.36363636363636354	9.02520803322952
1.8632061700494085	0.35714285714285726	9.025953802245198
1.8737287723533005	0.350649350649351	9.026739443114645
1.884251374657192	0.3441558441558447	9.027568848775642
1.8947739769610834	0.33766233766233833	9.028446342584262
1.9052965792649752	0.33116883116883183	9.029376677844319
1.9158191815688665	0.3246753246753253	9.030365026950564
1.9263417838727577	0.31818181818181884	9.03141696434672
1.9368643861766495	0.31168831168831207	9.032538446894902
1.947386988480541	0.3051948051948054	9.03373578508459
1.957909590784433	0.29870129870129886	9.035015577850702
1.9684321930883248	0.2922077922077922	9.0363845792616
1.9789547953922166	0.28571428571428564	9.037849468555462
1.2987012987012982	0.9789547953922165	9.45178123506422
1.3051948051948048	0.9684321930883247	9.452003854306556
1.3116883116883116	0.9579095907844329	9.451883206545238
1.318181818181818	0.9473869884805413	9.275031707640226
1.3246753246753247	0.9368643861766496	9.195235520377954
1.3311688311688308	0.9263417838727577	9.154953221213797
1.3376623376623378	0.915819181568866	9.12195137143525
1.344155844155844	0.9052965792649744	9.100129427118341
1.3506493506493509	0.8947739769610829	9.08402547813072
1.3571428571428574	0.8842513746571914	9.070838890631988
1.3636363636363638	0.8737287723532999	9.06066035546989
1.3701298701298696	0.8632061700494085	9.052951113490543
1.376623376623376	0.852683567745517	9.046511664656032
1.3831168831168823	0.8421609654416251	9.041248594889595
1.3896103896103886	0.8316383631377334	9.037022947773094
1.3961038961038952	0.8211157608338415	9.033454161798913
1.402597402597402	0.8105931585299495	9.030449557205223
1.4090909090909094	0.8000705562260578	9.027832489350068
1.4155844155844168	0.7895479539221665	9.025679945227935
1.422077922077924	0.7790253516182754	9.023796719708242
1.4285714285714306	0.7685027493143851	9.022217980588737
1.4350649350649363	0.7579801470104957	9.020825106758823
1.4415584415584413	0.7474575447066066	9.019663428846954
1.4480519480519467	0.7369349424027195	9.018622822260014
1.4545454545454515	0.726412340098834	9.017748124587838
1.4610389610389465	0.7158897377949448	9.01698463634371
1.4675324675324457	0.7053671354910506	9.016326764892069
1.474025974025939	0.694844533187148	9.015777252646524
1.4805194805194528	0.6843219308832342	9.015306731647511
1.487012987013009	0.6737993285793071	9.01489430485512
1.493506493506601	0.6632767262753912	9.014565076247363
1.5000000000004066	0.6527541239714735	9.014290560771208
1.5064935064945806	0.6422315216678894	9.014070127874925
1.5129820297674448	0.6317086327244618	9.01389267163716
1.5194683844165222	0.6211861750305073	9.013765917533133
1.525935898163215	0.6106677136270828	9.01367203548609
1.5323719881681082	0.6001655657622125	9.01361893807102
1.5386950235833536	0.5897402585850128	9.013598800852007
1.5448955273364826	0.5794715328169002	9.013604433412352
1.5506746535282467	0.5691795843418429	9.013629009450804
1.557870781132893	0.558293547138388	9.013697024884065
1.5693872043742945	0.5517153977950571	9.013868564704174
1.5797527726257525	0.5452760754975666	9.01404151230218
1.5899781889666158	0.5389244347493135	9.014230480072525
1.6002887585474863	0.5325157661386298	9.014439147005605
1.6107138201545341	0.5260201850434704	9.014668103481922
1.6212064092886758	0.5194928586247413	9.01491617122256
1.6317142824059907	0.5129885376762405	9.015181736436004
1.6422321937202193	0.506493528199296	9.015464413246356
1.6527541239715788	0.4999999999999896	9.015763935174034
1.6632767262754717	0.49350649350648573	9.016080231671067
1.6737993285793633	0.4870129870129811	9.016413422323332
1.6843219308832553	0.4805194805194764	9.016763731578349
1.6948445331871471	0.4740259740259711	9.017131397542302
1.7053671354910378	0.4675324675324661	9.017516639259979
1.7158897377949287	0.4610389610389616	9.017919638704209
1.7264123400988198	0.45454545454545564	9.018340557043361
1.7369349424027112	0.44805194805194853	9.018779586954638
1.7474575447066036	0.4415584415584412	9.019236959859171
1.7579801470104983	0.43506493506493105	9.01971300377018
1.7685027493143983	0.42857142857141634	9.020208181651755
1.7790253516183125	0.42207792207788897	9.020723147075428
1.7895479540243047	0.4155844155080314	9.021258771802877
1.8000705569032294	0.40909090858478464	9.021816159496188
1.8105931595507736	0.4025974018340676	9.022396636520972
1.8211157617428568	0.39610389542375896	9.023001743393772
1.8316383636323401	0.3896103892398426	9.023633232376739
1.8421609655554	0.3831168830313436	9.024293084367491
1.8526835677455171	0.3766233766233767	9.024983538109757
1.8632061700494085	0.3701298701298703	9.025707129109493
1.8737287723533	0.3636363636363638	9.02646672982569
1.8842513746571918	0.35714285714285743	9.02726558034162
1.8947739769610832	0.3506493506493511	9.028107301022365
1.9052965792649752	0.3441558441558447	9.028995891556237
1.9158191815688668	0.3376623376623381	9.029935719173197
1.9263417838727586	0.33116883116883167	9.030931491646426
1.9368643861766497	0.3246753246753253	9.031988215720453
1.9473869884805415	0.3181818181818185	9.033111145895335
1.9579095907844333	0.311688311688312	9.034305723712913
1.9684321930883248	0.30519480519480535	9.035577485269547
1.9789547953922166	0.2987012987012988	9.03693187757014
1.3116883116883113	0.9789547953922165	9.451645963225237
1.318181818181818	0.9684321930883247	9.451897802970498
1.3246753246753247	0.9579095907844329	9.45181440778463
1.331168831168831	0.9473869884805414	9.274966242344513
1.3376623376623378	0.9368643861766497	9.195158095841466
1.3441558441558439	0.9263417838727578	9.15487534054897
1.3506493506493504	0.9158191815688661	9.121872034886307
1.357142857142857	0.9052965792649744	9.100049773598256
1.3636363636363635	0.8947739769610829	9.08394633637453
1.3701298701298699	0.8842513746571914	9.070760946188203
1.3766233766233762	0.8737287723532998	9.060584040109383
1.3831168831168823	0.8632061700494081	9.052877123399298
1.3896103896103889	0.8526835677455161	9.046440694843467
1.3961038961038952	0.8421609654416242	9.041181201140938
1.4025974025974017	0.8316383631377325	9.036959797056452
1.409090909090909	0.8211157608338407	9.03339591233288
1.4155844155844157	0.8105931585299494	9.030396867367626
1.4220779220779225	0.8000705562260585	9.027785978256281
1.4285714285714295	0.7895479539221677	9.025640245066237
1.4350649350649354	0.779025351618277	9.02376450770925
1.4415584415584408	0.7685027493143863	9.022193687253406
1.4480519480519458	0.7579801470104967	9.020809165976525
1.454545454545451	0.747457544706608	9.019656725751164
1.4610389610389527	0.7369349424027168	9.018625906002159
1.4675324675324557	0.7264123400988235	9.017761459141632
1.474025974025956	0.7158897377949257	9.017008716147002
1.4805194805194677	0.7053671354910226	9.016362001424751
1.4870129870130029	0.6948445331871139	9.015824028659159
1.493506493506561	0.684321930883212	9.01536531552484
1.5000000000001332	0.6737993285793341	9.014965125565693
1.5064935064936782	0.663276726275508	9.014648163816767
1.5129858682478972	0.6527539572489814	9.014386223683358
1.5194759024863635	0.642231005027949	9.01417830614397
1.5259642407090066	0.6317078933517687	9.014013683863473
1.5324306152685325	0.6211868044107297	9.013899182097441
1.5388868036636278	0.6106713371239583	9.0138179734522
1.5451936934121233	0.6002412074556632	9.01377618587049
1.5515305646758535	0.5898312753144523	9.01376793703856
1.5574745327053403	0.5798617139108315	9.01378312689455
1.5611735318703577	0.5703809755142598	9.013790349600638
1.5700620725516539	0.5645276973143806	9.01390684460236
1.5801060704467096	0.5580364971035927	9.014058776996121
1.590238945275711	0.5517254725248323	9.014232033868806
1.60044771326611	0.5454086602608624	9.014425885412022
1.6107768567925078	0.5389980139991616	9.014641266054452
1.6212220442694008	0.5324965186715371	9.014878226762157
1.631719869498948	0.5259806998447782	9.015135136842757
1.6422335943159847	0.5194808238393521	9.015410625872676
1.6527542151174457	0.5129869926304248	9.015704037642434
1.6632767262754669	0.5064935064934997	9.016014909114729
1.67379932857936	0.49999999999999517	9.016342993630147
1.684321930883252	0.4935064935064902	9.01668825427854
1.6948445331871447	0.4870129870129845	9.0170508028284
1.7053671354910362	0.4805194805194788	9.01743084005559
1.7158897377949274	0.4740259740259732	9.017828605119613
1.7264123400988194	0.46753246753246763	9.018244335438537
1.7369349424027112	0.46103896103896125	9.01867825184045
1.7474575447066032	0.4545454545454547	9.019130584466176
1.7579801470104979	0.44805194805194604	9.01960158755565
1.7685027493143959	0.4415584415584348	9.020091580786369
1.7790253516183068	0.4350649350649143	9.020600989081595
1.7895479539488401	0.42857142855147523	9.021130395105844
1.8000705564293937	0.4220779219258975	9.02168058122574
1.8105931588332593	0.415584415357562	9.022252558852374
1.8211157610984239	0.4090909088929005	9.022847576187608
1.831638363279847	0.402597402490912	9.023467113659608
1.8421609654745723	0.3961038960791253	9.024112874725079
1.8526835677455171	0.3896103896103897	9.024786784445224
1.8632061700494085	0.38311688311688336	9.02549099862803
1.8737287723533003	0.37662337662337697	9.026227924068943
1.8842513746571916	0.3701298701298705	9.027000246997694
1.8947739769610832	0.363636363636364	9.027810960602444
1.9052965792649752	0.35714285714285754	9.028663379219998
1.9158191815688668	0.35064935064935104	9.029561135925556
1.9263417838727586	0.34415584415584455	9.03050816549037
1.93686438617665	0.3376623376623381	9.031508668993004
1.9473869884805417	0.33116883116883145	9.032567057714092
1.9579095907844333	0.32467532467532506	9.03368787812061
1.968432193088325	0.3181818181818184	9.034875716496975
1.9789547953922166	0.31168831168831196	9.036135051433172
1.3246753246753245	0.9789547953922165	9.451502808292572
1.331168831168831	0.9684321930883247	9.451788330879111
1.3376623376623376	0.957909590784433	9.451736343356862
1.344155844155844	0.9473869884805415	9.274896756367035
1.3506493506493509	0.9368643861766498	9.195074812659664
1.3571428571428568	0.926341783872758	9.154791593363596
1.3636363636363633	0.9158191815688662	9.121786955198816
1.3701298701298696	0.9052965792649742	9.099964359302243
1.3766233766233762	0.8947739769610825	9.08386155197928
1.3831168831168827	0.8842513746571911	9.070677516271731
1.3896103896103889	0.8737287723532995	9.060502446852952
1.3961038961038954	0.8632061700494077	9.05279812240799
1.402597402597402	0.8526835677455157	9.046365041453656
1.409090909090909	0.8421609654416239	9.041109501804184
1.415584415584415	0.8316383631377323	9.03689277670673
1.422077922077922	0.8211157608338411	9.033334283556458
1.4285714285714286	0.81059315852995	9.030341343908551
1.4350649350649347	0.8000705562260592	9.027737223562722
1.4415584415584408	0.789547953922168	9.025598948177008
1.448051948051946	0.7790253516182774	9.023731388083545
1.4545454545454515	0.7685027493143866	9.022169094489234
1.4610389610389554	0.7579801470104949	9.020793800069145
1.4675324675324604	0.7474575447066023	9.019651370751136
1.474025974025965	0.7369349424027071	9.018631174812528
1.480519480519475	0.7264123400988091	9.017777826908771
1.487012987012997	0.715889737794909	9.017036694758628
1.4935064935065319	0.7053671354910133	9.016402014837114
1.5000000000000775	0.6948445331871316	9.015876462212
1.5064935064936167	0.6843219308832721	9.015430423724537
1.512987012987099	0.6737993285794391	9.015043365560976
1.5194805194805046	0.6632767262756832	9.01473951179922
1.5259697763255256	0.6527535894460287	9.014490963175108
1.5324550101529333	0.6422301490876958	9.01429636568949
1.5389303743792462	0.6317067447936113	9.014145213511673
1.5453899397315745	0.6211830764492898	9.014043751442246
1.551715409680778	0.6107268577913891	9.013975088412495
1.5579562732874486	0.6003149176338827	9.013945012511684
1.5641742267891117	0.589788118972879	9.013946276612087
1.5704883472789783	0.5782252963266024	9.013968850566203
1.5806380902860342	0.57055888198565	9.014101794763576
1.5905676881702735	0.5644052233520302	9.014256663899696
1.6006829073878832	0.5582034726852064	9.014434425997633
1.610911600804247	0.5519012930802659	9.014634272593282
1.6212710485517474	0.5454762225571945	9.014856940453411
1.6317319085657962	0.5389761111399723	9.015102112518981
1.6422366027729327	0.532470009126559	9.015368216039228
1.652754796815599	0.5259740552511886	9.015653978588306
1.6632767564542386	0.5194805227595681	9.015958588098721
1.6737993285793562	0.51298701298701	9.016281438239973
1.6843219308832496	0.5064935064935037	9.016622109593078
1.6948445331871422	0.49999999999999784	9.016980363770246
1.705367135491035	0.49350649350649195	9.017356138305727
1.7158897377949265	0.48701298701298595	9.017749518882534
1.7264123400988178	0.4805194805194798	9.018160695169671
1.7369349424027103	0.47402597402597385	9.018589911902863
1.747457544706603	0.46753246753246724	9.01903743072777
1.7579801470104952	0.46103896103896036	9.019503525600987
1.7685027493143917	0.4545454545454507	9.019988487270185
1.779025351618298	0.4480519480519343	9.02049264909526
1.789547953928943	0.44155844155337265	9.021016420786857
1.8000705562849433	0.4350649350208979	9.021560334547855
1.8105931586165072	0.4285714285066764	9.022125091399603
1.821115760907391	0.42207792202286737	9.022711600961655
1.8316383631764026	0.4155844155554335	9.023321004702437
1.8421609654505324	0.40909090908421203	9.023954682632663
1.8526835677455165	0.4025974025974026	9.024614247388213
1.8632061700494085	0.3961038961038961	9.025301534832685
1.8737287723533	0.3896103896103899	9.026018597739744
1.8842513746571916	0.38311688311688347	9.026767706463856
1.8947739769610834	0.37662337662337697	9.027551358996599
1.9052965792649752	0.3701298701298705	9.028372296722809
1.9158191815688668	0.36363636363636404	9.029233514684579
1.9263417838727586	0.3571428571428575	9.030138257843388
1.93686438617665	0.35064935064935104	9.031090002179726
1.9473869884805415	0.3441558441558445	9.0320924166555
1.9579095907844333	0.3376623376623379	9.033149300534626
1.968432193088325	0.3311688311688314	9.034264489793882
1.9789547953922166	0.32467532467532495	9.035441711975936
1.3376623376623376	0.9789547953922165	9.451351721279446
1.3441558441558439	0.9684321930883247	9.451675387183585
1.3506493506493504	0.9579095907844332	9.451648048242967
1.357142857142857	0.9473869884805416	9.274823137190033
1.3636363636363633	0.9368643861766499	9.194985335131124
1.3701298701298696	0.926341783872758	9.154701487615279
1.3766233766233762	0.9158191815688662	9.1216956777444
1.3831168831168823	0.9052965792649742	9.09987274426665
1.3896103896103886	0.8947739769610825	9.083770703533586
1.3961038961038954	0.8842513746571911	9.070588202854408
1.402597402597402	0.8737287723532994	9.060415207009259
1.409090909090909	0.8632061700494077	9.05271377657988
1.4155844155844153	0.8526835677455158	9.046284411250033
1.422077922077922	0.8421609654416241	9.041033249170118
1.4285714285714282	0.8316383631377327	9.036821689619769
1.4350649350649345	0.8211157608338412	9.033269133599285
1.4415584415584408	0.81059315852995	9.030282904390539
1.4480519480519467	0.8000705562260588	9.027686203484835
1.4545454545454526	0.7895479539221678	9.025556109153134
1.4610389610389574	0.779025351618276	9.02369744565228
1.4675324675324628	0.7685027493143836	9.02214436507038
1.4740259740259687	0.7579801470104899	9.020779260977603
1.4805194805194777	0.7474575447065949	9.019647694472338
1.4870129870129924	0.7369349424026991	9.018639025110621
1.4935064935065145	0.7264123400988055	9.017797692509346
1.5000000000000417	0.7158897377949197	9.017069103270158
1.5064935064935678	0.7053671354910466	9.016447401085605
1.5129870129870773	0.6948445331871879	9.015935208474842
1.5194805194805312	0.6843219308833358	9.015502765444298
1.5259740259738717	0.673799328579511	9.015129789629869
1.5324644036106003	0.6632763175772273	9.01483988815346
1.5389504340152147	0.6527529526108303	9.014605604025585
1.5454287067760852	0.6422293706545184	9.014425170745875
1.5518965079500344	0.631708325355711	9.014288365018592
1.5582487052692686	0.6212273996547141	9.014200027617598
1.5644554866207216	0.6108327724520084	9.014144281168642
1.5706301475526467	0.6004922080967591	9.014126640292254
1.5766524630442893	0.5900252070396416	9.01413790593547
1.5817774054294436	0.5812101625889018	9.014168998626216
1.5908269578391458	0.576948415228393	9.01430284759344
1.6009488203437223	0.5709236959813498	9.014465941164671
1.6111176316755644	0.5647225170446212	9.01464998754622
1.6213853722808595	0.5583934360567328	9.014856528681447
1.6317699654848354	0.5519558142407667	9.015086774098789
1.642244129670267	0.545461343350023	9.015340406107901
1.6527562403887828	0.5389625707925929	9.015616001340286
1.6632771266773683	0.5324678632896928	9.015912289390293
1.6737994060233772	0.5259740881021214	9.016228423584748
1.6843219308832469	0.5194805194805203	9.01656371582248
1.6948445331871402	0.5129870129870121	9.016917583309374
1.7053671354910331	0.5064935064935053	9.017289580471298
1.7158897377949256	0.4999999999999991	9.01767943590585
1.7264123400988172	0.493506493506493	9.018087057523347
1.736934942402709	0.4870129870129867	9.018512511840106
1.7474575447066012	0.4805194805194801	9.018955983450537
1.7579801470104943	0.47402597402597296	9.01941772799794
1.7685027493143881	0.46753246753246513	9.01989804323101
1.7790253516182843	0.46103896103895503	9.020397254624696
1.7895479539238477	0.4545454545441975	9.020915721837438
1.800070556242569	0.4480519480395986	9.021453859496757
1.8105931585537898	0.4415584415406039	9.022012172525054
1.8211157608535051	0.4350649350502132	9.022591298908276
1.8316383631478004	0.42857142856388236	9.0231920527772
1.842160965443908	0.4220779220762054	9.023815458032002
1.8526835677455165	0.4155844155844158	9.024462767185229
1.8632061700494083	0.40909090909090917	9.025135464669956
1.8737287723533	0.4025974025974027	9.025835258957793
1.8842513746571916	0.3961038961038963	9.02656406924451
1.8947739769610832	0.3896103896103899	9.027324011627135
1.905296579264975	0.38311688311688347	9.02811739035799
1.9158191815688668	0.376623376623377	9.028946696455428
1.9263417838727583	0.37012987012987064	9.029814607595938
1.93686438617665	0.36363636363636404	9.030723979667172
1.9473869884805415	0.3571428571428575	9.031677825732658
1.9579095907844335	0.3506493506493509	9.032679277015776
1.968432193088325	0.3441558441558443	9.033731515069958
1.9789547953922169	0.3376623376623379	9.034837648746368
1.3506493506493504	0.9789547953922166	9.451191928021748
1.3571428571428568	0.9684321930883248	9.4515586532928
1.3636363636363633	0.9579095907844332	9.451548982673103
1.3701298701298696	0.9473869884805416	9.27474495875097
1.3766233766233762	0.9368643861766497	9.194889299305954
1.3831168831168825	0.926341783872758	9.154604519048725
1.3896103896103889	0.915819181568866	9.12159771238043
1.3961038961038954	0.9052965792649741	9.099774453970769
1.402597402597402	0.8947739769610825	9.08367333848413
1.409090909090909	0.8842513746571911	9.070492579812282
1.415584415584415	0.8737287723532994	9.060321928134995
1.422077922077922	0.8632061700494077	9.05262373322928
1.4285714285714282	0.8526835677455159	9.046198497812448
1.4350649350649345	0.8421609654416241	9.040952188374272
1.4415584415584408	0.8316383631377327	9.036746337944658
1.448051948051947	0.8211157608338412	9.033200326710558
1.4545454545454533	0.81059315852995	9.030221478761463
1.461038961038959	0.8000705562260579	9.027632917591417
1.4675324675324652	0.7895479539221659	9.025511809480316
1.4740259740259711	0.7790253516182734	9.023662789385343
1.4805194805194788	0.7685027493143798	9.02211973923017
1.4870129870129905	0.7579801470104862	9.020765839679031
1.493506493506505	0.7474575447065938	9.019646078406025
1.5000000000000224	0.7369349424027054	9.018649912451886
1.5064935064935387	0.7264123400988236	9.017821583760522
1.5129870129870469	0.7158897377949495	9.017106539909852
1.5194805194805372	0.7053671354910808	9.016498826758172
1.5259740259740031	0.6948445331872084	9.016000994778437
1.5324675324673633	0.6843219308833327	9.01558312364404
1.5389582966825328	0.6737988156817646	9.015225198585888
1.5454447786682532	0.6632753834085844	9.014950155475175
1.551926466954259	0.6527518595994012	9.014731030099343
1.558390867972947	0.6422290614361261	9.01456563615342
1.564779760059142	0.6317236075583413	9.014443205150002
1.570974976572498	0.6213175758246602	9.014368090338246
1.577067441335769	0.6110015126863475	9.014325727663818
1.5829819105138763	0.6007966962405539	9.014318457790544
1.5899328948058569	0.5900229953647459	9.014352958769868
1.601243317403343	0.5836214732834906	9.01451900364363
1.6113380978058176	0.5775395823661923	9.014687025832862
1.62158002832249	0.5712299089000921	9.014878237060978
1.6318663577222028	0.5648851558612177	9.015092151124945
1.6422712947985072	0.5584441170464757	9.015330673949189
1.6527597457579202	0.551954253824834	9.015593418240725
1.6632780656203634	0.5454573608637918	9.015878945728987
1.6738000370505277	0.5389619404296109	9.016186074221624
1.6843221200708334	0.5324676842399159	9.016514039264779
1.6948445331871393	0.52597402597403	9.016862128984991
1.7053671354910318	0.5194805194805203	9.017229638842286
1.7158897377949245	0.5129870129870128	9.017615942545712
1.7264123400988165	0.5064935064935062	9.018020558259641
1.7369349424027083	0.49999999999999983	9.018443181511245
1.7474575447066	0.49350649350649345	9.018883695689818
1.7579801470104925	0.4870129870129865	9.019342154521004
1.7685027493143874	0.48051948051947785	9.019818743028802
1.7790253516182801	0.47402597402597046	9.020313737736531
1.789547953922575	0.4675324675321624	9.020827475059987
1.8000705562305555	0.4610389610355971	9.021360336872172
1.810593158536313	0.45454545454069284	9.021912753045925
1.8211157608389257	0.44805194804814136	9.022485220985915
1.831638363140259	0.44155844155654783	9.023078337936797
1.8421609654421855	0.43506493506451366	9.023692839997311
1.8526835677455165	0.428571428571429	9.024329639113306
1.8632061700494083	0.42207792207792233	9.024989850468295
1.8737287723533	0.4155844155844157	9.025674806012184
1.8842513746571916	0.40909090909090917	9.026386053952734
1.8947739769610834	0.4025974025974026	9.027125346802746
1.9052965792649752	0.3961038961038963	9.027894621264274
1.9158191815688668	0.3896103896103899	9.028695975740597
1.9263417838727583	0.38311688311688347	9.02953165168327
1.9368643861766501	0.376623376623377	9.03040401898165
1.9473869884805417	0.37012987012987053	9.031315558277454
1.9579095907844335	0.3636363636363639	9.03226883416221
1.968432193088325	0.3571428571428574	9.033266450603145
1.9789547953922166	0.3506493506493507	9.034310963203538
1.3636363636363633	0.9789547953922165	9.451022698781644
1.3701298701298696	0.9684321930883247	9.45143729801981
1.3766233766233762	0.9579095907844332	9.451438967372892
1.3831168831168827	0.9473869884805416	9.274661750341027
1.3896103896103889	0.9368643861766497	9.194786264500728
1.3961038961038954	0.9263417838727578	9.15450015906007
1.402597402597402	0.9158191815688658	9.121492531906553
1.4090909090909085	0.9052965792649741	9.099668975607928
1.415584415584415	0.8947739769610825	9.083568970108518
1.422077922077922	0.8842513746571911	9.070390191068709
1.4285714285714282	0.8737287723532994	9.060222193157104
1.4350649350649345	0.8632061700494075	9.052527620969483
1.4415584415584408	0.8526835677455158	9.046106982438713
1.4480519480519474	0.8421609654416241	9.040866059136745
1.4545454545454537	0.8316383631377327	9.036666525703481
1.4610389610389596	0.8211157608338407	9.033127736697807
1.4675324675324661	0.8105931585299487	9.030157013372742
1.4740259740259722	0.8000705562260566	9.027577393784888
1.4805194805194797	0.7895479539221641	9.02546615414978
1.487012987012989	0.7790253516182717	9.023627560996884
1.4935064935064997	0.76850274931438	9.022095540434298
1.5000000000000118	0.7579801470104903	9.020753880330139
1.5064935064935236	0.747457544706604	9.01964695973779
1.5129870129870302	0.7369349424027214	9.01866435852699
1.5194805194805279	0.7264123400988415	9.017850099753801
1.5259740259740138	0.7158897377949605	9.01714967821625
1.532467532467493	0.7053671354910725	9.016557036990257
1.538961038960978	0.6948445331871665	9.016074627784915
1.545452698321216	0.6843214142202892	9.015672328939557
1.5519390453150887	0.6737974593377426	9.015330488171415
1.5584184599944901	0.6632733525474866	9.015071207724207
1.5648979507163587	0.6527506571970063	9.014868250550537
1.571294839617808	0.6422155878249151	9.014717900745643
1.5775292527534124	0.6317772988565816	9.014610116828324
1.5836176852319754	0.6214090204908876	9.01454848969337
1.5897429509550738	0.6111616953635082	9.014522046567045
1.593339385168763	0.6016639554686479	9.014496392085299
1.602708824242138	0.5958950577035925	9.014615690179149
1.611992326780598	0.5900012971876545	9.014753511277933
1.6218989499197887	0.5839378105827014	9.01492323245783
1.6320437950753355	0.5777324858268146	9.01511945694804
1.642346056175798	0.5713913984147926	9.01534132799654
1.6527763899038534	0.5649443513205703	9.015588983871753
1.6632799105352774	0.5584520918264274	9.015861553900711
1.6738016143021353	0.5519528537126119	9.0161575148311
1.6843231356040758	0.5454559505085709	9.016475883254143
1.6948447754444818	0.5389612333076843	9.01681602361583
1.7053671354910331	0.5324675324675378	9.01717722775951
1.7158897377949243	0.5259740259740281	9.017558713229846
1.7264123400988163	0.5194805194805201	9.01795972133533
1.7369349424027078	0.512987012987013	9.018379587207148
1.7474575447065999	0.5064935064935064	9.018817791913998
1.7579801470104917	0.5	9.019274002284336
1.7685027493143841	0.4935064935064932	9.019748083601739
1.7790253516182868	0.4870129870129782	9.020240082749789
1.789547953922264	0.48051948051940785	9.020750193902813
1.8000705562272517	0.47402597402508145	9.021278719384343
1.8105931585316017	0.4675324675312315	9.021826038489664
1.821115760835118	0.4610389610380054	9.022392590507687
1.831638363138347	0.4545454545449941	9.02297887489261
1.8421609654417581	0.4480519480518484	9.023585467440954
1.852683567745517	0.441558441558442	9.024213048353966
1.8632061700494085	0.4350649350649354	9.024862435123273
1.8737287723532998	0.4285714285714289	9.025534612362263
1.8842513746571914	0.4220779220779223	9.026230752473692
1.8947739769610832	0.4155844155844157	9.026952223815734
1.9052965792649752	0.40909090909090917	9.027700585523398
1.9158191815688668	0.40259740259740273	9.028477569133505
1.9263417838727583	0.3961038961038963	9.029285050363098
1.93686438617665	0.38961038961038996	9.030125017909894
1.9473869884805417	0.3831168831168834	9.03099954419475
1.9579095907844333	0.37662337662337697	9.031910754753829
1.968432193088325	0.37012987012987036	9.032860788751607
1.9789547953922169	0.36363636363636387	9.033851731873865
1.3766233766233762	0.9789547953922165	9.450843189615911
1.3831168831168825	0.9684321930883247	9.451309944971312
1.3896103896103889	0.9579095907844332	9.451317777283876
1.3961038961038958	0.9473869884805416	9.27457313846375
1.402597402597402	0.9368643861766497	9.194675736530371
1.4090909090909085	0.926341783872758	9.154387841535744
1.415584415584415	0.9158191815688661	9.12137956848452
1.4220779220779216	0.9052965792649742	9.09955575479603
1.4285714285714282	0.8947739769610825	9.08345707536328
1.4350649350649345	0.8842513746571911	9.07028054928822
1.441558441558441	0.8737287723532993	9.060115559869432
1.4480519480519476	0.8632061700494076	9.052425050149715
1.454545454545454	0.8526835677455158	9.046009535524568
1.46103896103896	0.8421609654416239	9.040774598088454
1.4675324675324666	0.8316383631377321	9.036582062133371
1.474025974025973	0.8211157608338399	9.033051251043362
1.4805194805194801	0.8105931585299478	9.030089476119805
1.487012987012988	0.8000705562260562	9.02751969611367
1.493506493506497	0.7895479539221647	9.02541926667739
1.5000000000000064	0.7790253516182744	9.023591939798623
1.5064935064935154	0.768502749314386	9.022072155772749
1.5129870129870218	0.7579801470104995	9.020743803783475
1.5194805194805234	0.7474575447066137	9.019650845798735
1.5259740259740184	0.7369349424027275	9.018682961224274
1.5324675324675099	0.7264123400988373	9.01788392029993
1.5389610389610084	0.7158897377949414	9.017199276134718
1.5454545454545352	0.7053671354910384	9.016622864060432
1.5519480519480817	0.694844533187107	9.016157001549622
1.5584346203010984	0.6843195930445519	9.015771288810127
1.5649121259800012	0.6737938704408751	9.015446568831164
1.5713798776814654	0.6632693966591329	9.015203989131912
1.5778610821672996	0.6527529536100921	9.015018385723826
1.58408860047719	0.6422489491104945	9.014883288575968
1.5901753001214407	0.6318519322532486	9.0147897374193
1.5962149942511603	0.6213446352126629	9.014740589882024
1.602683150055059	0.6099727254076495	9.014723169006563
1.6125655394802492	0.6024078139539114	9.014841477279228
1.622256576098721	0.5965309132256394	9.014990717889136
1.632281281925395	0.5904931366006404	9.01516861010655
1.6424841622582453	0.5842795557241105	9.015373123069644
1.6528295340596577	0.5779156117600222	9.015604196366843
1.6632890318501758	0.5714520484947013	9.01586188007794
1.6738036305449027	0.5649506173482056	9.016144984005114
1.6843255304891143	0.5584473454299461	9.016452004449805
1.6948458514117979	0.5519494688028654	9.016782174954306
1.7053673153610351	0.5454546897520522	9.017134958091843
1.7158897377949263	0.5389610389610434	9.017509638331598
1.7264123400988165	0.5324675324675351	9.017905397150471
1.7369349424027078	0.5259740259740271	9.01832139821306
1.7474575447065999	0.5194805194805199	9.0187568394388
1.7579801470104917	0.5129870129870131	9.019211014340526
1.7685027493143837	0.5064935064935063	9.019683371797557
1.7790253516182781	0.49999999999999784	9.020173557138788
1.7895479539221895	0.49350649350647663	9.020681424675146
1.800070556226368	0.4870129870127558	9.02120702303052
1.8105931585303683	0.48051948051916765	9.02175056208632
1.8211157608341537	0.47402597402574037	9.022312374837057
1.831638363137878	0.4675324675323589	9.022892885090725
1.8421609654416553	0.46103896103893843	9.023492588282252
1.8526835677455167	0.454545454545455	9.024112048249235
1.8632061700494085	0.4480519480519485	9.024751908875293
1.8737287723533003	0.441558441558442	9.025412915972984
1.8842513746571916	0.4350649350649357	9.026095942598284
1.8947739769610832	0.4285714285714289	9.02680201127872
1.9052965792649752	0.4220779220779223	9.0275323081911
1.9158191815688668	0.4155844155844158	9.028288186017944
1.9263417838727583	0.40909090909090917	9.029071152570603
1.93686438617665	0.4025974025974027	9.029882844717646
1.9473869884805415	0.3961038961038963	9.030724991998936
1.9579095907844333	0.38961038961038985	9.031599375962351
1.968432193088325	0.38311688311688336	9.032507783444059
1.9789547953922166	0.37662337662337686	9.033451939542928
1.389610389610389	0.9789547953922165	9.45065252264248
1.3961038961038956	0.9684321930883247	9.451174977183113
1.402597402597402	0.9579095907844332	9.451184879354132
1.409090909090909	0.9473869884805416	9.274478787864965
1.4155844155844148	0.9368643861766497	9.194557145457326
1.4220779220779214	0.926341783872758	9.154266933286486
1.4285714285714282	0.9158191815688661	9.121258201018122
1.4350649350649345	0.9052965792649742	9.099434191162715
1.441558441558441	0.8947739769610825	9.083337093176269
1.4480519480519476	0.8842513746571908	9.070163135228382
1.454545454545454	0.8737287723532993	9.060001560962005
1.4610389610389605	0.8632061700494074	9.052315613791606
1.467532467532467	0.8526835677455155	9.0459058185224
1.4740259740259731	0.8421609654416237	9.040677541807595
1.4805194805194801	0.8316383631377317	9.036492765877034
1.4870129870129876	0.8211157608338397	9.032970775720791
1.4935064935064954	0.8105931585299483	9.030018863611973
1.5000000000000038	0.8000705562260579	9.027459932171054
1.5064935064935117	0.789547953922169	9.025371288753755
1.5129870129870173	0.7790253516182807	9.023556199497198
1.5194805194805212	0.7685027493143927	9.022049970691063
1.5259740259740218	0.7579801470105038	9.020736113121233
1.5324675324675203	0.7474575447066125	9.019658326869207
1.5389610389610209	0.7369349424027175	9.018706405891264
1.5454545454545334	0.7264123400988206	9.017923816226984
1.55194805194808	0.7158897377949257	9.017256185817159
1.5584415584416844	0.705367135491023	9.01669723609507
1.5649314367640184	0.6948422890753366	9.016248982680468
1.571409324632936	0.68431435801189	9.015880930771232
1.5778673773190333	0.6737843743247393	9.015574299965706
1.5843113337368682	0.6632596176900926	9.015349302596713
1.5907635904910704	0.6527520403592247	9.01518167341362
1.5967582200720871	0.6423552932655638	9.015062686858023
1.602574520204084	0.6321109579801047	9.0149831478776
1.6083499977898699	0.621611435710056	9.014945096158309
1.6133923550913833	0.6129612361574766	9.01494445098219
1.6223600046135969	0.6090856540414555	9.015078916151436
1.6324776623954873	0.6032233966978325	9.015240689477109
1.6426614007780926	0.5971255414197493	9.015427584928673
1.6529350769656348	0.5908538039196599	9.015640758214628
1.6633253349973527	0.5844461723206619	9.015881534679032
1.6738086823997158	0.5779580244035677	9.016149776470906
1.684328070851046	0.5714452011557529	9.016443989636358
1.694848115263455	0.5649399628895767	9.016762747631468
1.7053680227025672	0.5584424554432507	9.017105417662947
1.7158898107151994	0.5519481104470386	9.017471426859046
1.7264123400988192	0.5454545454545475	9.017860024292233
1.7369349424027087	0.538961038961041	9.018270380406266
1.7474575447066003	0.5324675324675335	9.01870161886025
1.7579801470104917	0.5259740259740265	9.01915284675655
1.7685027493143837	0.5194805194805197	9.019623212887792
1.7790253516182757	0.5129870129870128	9.020111973934043
1.7895479539221721	0.5064935064935028	9.020618554344724
1.800070556226137	0.49999999999994155	9.021142586446743
1.8105931585300536	0.4935064935064162	9.021683922913114
1.8211157608339164	0.48701298701293133	9.022242622257203
1.8316383631377666	0.48051948051945564	9.022818916368974
1.8421609654416315	0.4740259740259693	9.02341317201167
1.852683567745517	0.4675324675324679	9.024025856960067
1.8632061700494085	0.4610389610389614	9.024657517867281
1.8737287723533	0.4545454545454549	9.02530877267101
1.8842513746571916	0.4480519480519485	9.0259803162427
1.8947739769610834	0.4415584415584419	9.0266729347217
1.9052965792649752	0.4350649350649354	9.027387522847706
1.9158191815688668	0.4285714285714289	9.028125098980778
1.9263417838727586	0.4220779220779223	9.02888681342638
1.93686438617665	0.4155844155844158	9.029673945244852
1.9473869884805417	0.40909090909090917	9.030487883443799
1.9579095907844335	0.4025974025974028	9.031330092252029
1.968432193088325	0.39610389610389635	9.032202062362872
1.9789547953922169	0.3896103896103899	9.033105239070268
1.4025974025974022	0.9789547953922165	9.450449728430756
1.4090909090909087	0.9684321930883248	9.451031031501303
1.415584415584415	0.9579095907844332	9.451039964025005
1.4220779220779214	0.9473869884805416	9.274378240343074
1.4285714285714277	0.9368643861766497	9.19442985037712
1.4350649350649345	0.9263417838727578	9.154136731008395
1.441558441558441	0.915819181568866	9.12112775043967
1.4480519480519476	0.9052965792649741	9.099303634913149
1.454545454545454	0.8947739769610825	9.083208422479657
1.4610389610389605	0.8842513746571906	9.070037397254866
1.4675324675324672	0.8737287723532989	9.059879704456081
1.4740259740259736	0.8632061700494073	9.052198889077724
1.4805194805194801	0.8526835677455153	9.045795486593542
1.4870129870129871	0.8421609654416234	9.040574630726953
1.4935064935064943	0.8316383631377319	9.036398470125944
1.500000000000002	0.821115760833841	9.032886240991273
1.5064935064935105	0.8105931585299506	9.029945211512029
1.5129870129870175	0.8000705562260627	9.027398252207332
1.5194805194805185	0.789547953922175	9.025322405632577
1.5259740259740222	0.7790253516182855	9.023520749932139
1.5324675324675252	0.7685027493143954	9.02202943710953
1.538961038961031	0.7579801470105022	9.02073138872325
1.5454545454545399	0.7474575447066059	9.019670084654143
1.5519480519480597	0.7369349424027104	9.018735476421126
1.5584415584416	0.7264123400988224	9.017970660414575
1.564935064935195	0.7158897377949397	9.01732136394318
1.5714265376715966	0.7053655467066694	9.016781096642331
1.5779102236906608	0.6948368855900581	9.01635161447338
1.5843694896420741	0.684301221259033	9.016002160074352
1.590792534421843	0.6737615957629054	9.015714478730976
1.5971884331265211	0.6632348122552911	9.015507720896933
1.6034797759731028	0.6527574740030962	9.015357587290303
1.6091945289422311	0.6424495779942369	9.015253575084214
1.6144556543553807	0.6321583772824186	9.015180514119779
1.621430979005512	0.6218649174111948	9.015178683141706
1.6325112258355818	0.6160595049911609	9.015337424986155
1.6428323805927991	0.6100093783945408	9.015506750543173
1.6530842455703727	0.6037795024379444	9.015700660791977
1.6634073089360557	0.597424911201671	9.015922552365806
1.6738279458921552	0.5909725764266316	9.01617339401782
1.6843323077424666	0.5844501278662634	9.016452887706224
1.6948505443822286	0.577930405015776	9.016758841624243
1.7053692237242073	0.5714313494005048	9.017090140527202
1.7158900680834848	0.5649353853898909	9.017446113174023
1.7264123525994386	0.5584415684699516	9.017826023525622
1.7369349424027112	0.5519480519480512	9.018229072928749
1.7474575447066014	0.545454545454546	9.018654416410143
1.7579801470104923	0.5389610389610396	9.019101148778581
1.7685027493143837	0.5324675324675329	9.019568319276333
1.7790253516182752	0.5259740259740262	9.020054975504815
1.7895479539221677	0.519480519480519	9.020560222846626
1.8000705562260777	0.5129870129869988	9.021083289847645
1.810593158529975	0.506493506493488	9.02162358656423
1.821115760833859	0.4999999999999872	9.022180743035882
1.8316383631377404	0.49350649350648795	9.022754620256686
1.8421609654416262	0.4870129870129862	9.023345294882681
1.852683567745517	0.4805194805194808	9.023953026061589
1.8632061700494085	0.4740259740259743	9.0245782156301
1.8737287723533	0.4675324675324678	9.02522137184715
1.8842513746571916	0.4610389610389614	9.025883083432914
1.8947739769610832	0.454545454545455	9.026564006544211
1.905296579264975	0.4480519480519484	9.027264863370213
1.9158191815688668	0.4415584415584419	9.02798644864899
1.9263417838727583	0.4350649350649356	9.028729639511775
1.93686438617665	0.4285714285714289	9.029495404215146
1.9473869884805415	0.42207792207792233	9.030284804367291
1.9579095907844335	0.4155844155844158	9.031098984039543
1.968432193088325	0.4090909090909092	9.031939139188639
1.9789547953922166	0.40259740259740284	9.032806455917603
1.415584415584415	0.9789547953922165	9.4502335958639
1.4220779220779214	0.9684321930883247	9.450877073471949
1.4285714285714282	0.9579095907844332	9.450882129285487
1.4350649350649345	0.9473869884805416	9.274270963518207
1.441558441558441	0.9368643861766497	9.194293165104739
1.4480519480519476	0.9263417838727579	9.153996484712435
1.4545454545454541	0.9158191815688661	9.120987488876628
1.4610389610389605	0.9052965792649741	9.099163386952432
1.4675324675324668	0.8947739769610823	9.08307042056674
1.4740259740259736	0.8842513746571902	9.069902750840837
1.4805194805194801	0.8737287723532988	9.059749474471245
1.487012987012987	0.8632061700494073	9.052074439473097
1.4935064935064937	0.8526835677455155	9.045678192109223
1.5000000000000007	0.8421609654416241	9.040465614109928
1.5064935064935083	0.831638363137733	9.036299028821285
1.5129870129870149	0.8211157608338425	9.032797608951581
1.5194805194805314	0.8105931585299687	9.029868606415297
1.5259740259740546	0.8000705562261082	9.027334840970072
1.5324675324675505	0.7895479539222083	9.025272845517962
1.538961038961049	0.7790253516183056	9.023486156045239
1.5454545454545512	0.768502749314402	9.02201110683515
1.5519480519480604	0.7579801470105038	9.020730306340576
1.558441558441583	0.74745754470661	9.019686905199016
1.5649350649351135	0.7369349424027233	9.018771068615576
1.5714285714286553	0.7264123400988513	9.018025439175034
1.5779212678135652	0.7158891048675993	9.017395845788037
1.584408546122715	0.7053615938007711	9.016875554849952
1.5908799320793419	0.6948247017152532	9.016465909402656
1.5973090466386226	0.6842735543734152	9.016135928618779
1.603680075321886	0.6737097029992892	9.015867772050264
1.6099940048115675	0.6631492489412117	9.015678918918816
1.6243633204530064	0.632843931306987	9.015366944029383
1.616023269499909	0.6526226471729981	9.015543933699492
1.6208205797375808	0.6420694432919327	9.01543959519398
1.6326657164760987	0.6278475880963617	9.01546061186216
1.6430350004897147	0.623082680277231	9.015618988641263
1.6532584277882876	0.6167546428132636	9.01578859711141
1.6635293582872448	0.6104031853326591	9.015988402355111
1.6738905142153904	0.6039745032268558	9.016219064088139
1.6843431983874098	0.5974739407793216	9.016480511052727
1.6948537526611516	0.5909393675373196	9.01677154920887
1.70537053316354	0.5844231730808552	9.017089970509431
1.7158903298567691	0.5779229016528828	9.01743469330915
1.7264123916562397	0.5714286200872617	9.017804791925345
1.7369349424027103	0.5649350649350583	9.018199347618067
1.747457544706602	0.5584415584415554	9.0186174805154
1.7579801470104928	0.5519480519480511	9.01905829021416
1.7685027493143843	0.5454545454545455	9.01952082802768
1.7790253516182757	0.5389610389610391	9.02000409721858
1.7895479539221668	0.5324675324675328	9.020507076179369
1.8000705562260626	0.5259740259740229	9.021028761484262
1.8105931585299555	0.5194805194805154	9.02156822601227
1.8211157608338457	0.5129870129870103	9.022124682530597
1.8316383631377349	0.5064935064935054	9.022697539630324
1.8421609654416249	0.49999999999999983	9.023286437371604
1.8526835677455167	0.4935064935064937	9.0238912557937
1.8632061700494085	0.4870129870129872	9.024512097668167
1.8737287723533	0.48051948051948074	9.025149253448475
1.8842513746571916	0.4740259740259743	9.025803159101647
1.8947739769610834	0.46753246753246785	9.026474356488814
1.9052965792649752	0.4610389610389614	9.027163462752632
1.9158191815688668	0.4545454545454549	9.027871151156821
1.9263417838727583	0.4480519480519484	9.028598142600877
1.9368643861766501	0.4415584415584419	9.029345204870397
1.9473869884805417	0.43506493506493543	9.03011315582559
1.9579095907844335	0.4285714285714288	9.03090286533967
1.968432193088325	0.4220779220779223	9.03171524754635
1.9789547953922166	0.4155844155844156	9.032551226179875
1.4285714285714282	0.9789547953922165	9.450002816098328
1.4350649350649345	0.9684321930883247	9.45071214165233
1.441558441558441	0.9579095907844332	9.450710347067995
1.4480519480519476	0.9473869884805416	9.27415626543045
1.454545454545454	0.9368643861766498	9.19414632464927
1.4610389610389605	0.9263417838727578	9.153845389802685
1.4675324675324672	0.9158191815688658	9.120836642509799
1.4740259740259731	0.905296579264974	9.09901269926018
1.4805194805194801	0.8947739769610821	9.082922401824549
1.487012987012987	0.8842513746571904	9.06975857832028
1.4935064935064934	0.8737287723532989	9.05961033252814
1.5000000000000007	0.8632061700494074	9.051941817682192
1.5064935064935068	0.8526835677455161	9.045553589218867
1.5129870129870133	0.8421609654416248	9.040350256316538
1.5194805194805214	0.8316383631377359	9.036194324054724
1.5259740259740369	0.8211157608338601	9.032704883636468
1.53246753246758	0.8105931585300263	9.029789198568507
1.5389610389611539	0.8000705562262405	9.027269905402223
1.5454545454546593	0.7895479539223454	9.025222947287736
1.5519480519480786	0.779025351618313	9.023452956184316
1.5584415584415874	0.768502749314416	9.021995654338687
1.5649350649350986	0.7579801470105186	9.020733659654761
1.5714285714286202	0.7474575447066297	9.019709695916022
1.5779220779221388	0.7369349424027501	9.018814204272042
1.5844155844156624	0.7264123400988848	9.018089268297283
1.590904991339207	0.7158866094772547	9.017480759867425
1.5973845781049711	0.7053530317198863	9.016981761975737
1.603836196141948	0.6948023086097681	9.016593010557266
1.6102278071235745	0.6842248336670488	9.016283401429641
1.6165412963964438	0.6736082573438553	9.016035022965385
1.6227648209531313	0.6629257868364244	9.015862772726274
1.6324431430870887	0.6402786792074744	9.015618600734546
1.6284421552549264	0.6520617215305522	9.015737676272373
1.6430910405185792	0.6365807268007031	9.015772829332475
1.6534471901942105	0.6298043873933076	9.015911702459858
1.6636537672429963	0.6234202415012037	9.016084458786795
1.6739586351513478	0.6169986249685717	9.016290962804332
1.6843826089341905	0.6104881678993582	9.01653128551265
1.6948652998588158	0.6039496105023168	9.01680377199267
1.7053731418367972	0.5974199438589077	9.017106636327407
1.7158908937478905	0.590911390232227	9.01743823368348
1.7264123400988058	0.5844155844155728	9.017797139599864
1.7369349424027043	0.577922077922071	9.018182129690837
1.7474575447065994	0.5714285714285653	9.018592093797324
1.7579801470104919	0.564935064935061	9.019026000475106
1.7685027493143843	0.5584415584415564	9.0194828308493
1.7790253516182757	0.5519480519480511	9.019961554263196
1.7895479539221675	0.5454545454545452	9.020461114524378
1.8000705562260597	0.5389610389610383	9.020980432268752
1.8105931585299508	0.532467532467532	9.021518426851978
1.8211157608338417	0.5259740259740261	9.022074057761968
1.8316383631377333	0.5194805194805194	9.022646380762511
1.842160965441625	0.5129870129870131	9.023234608788806
1.852683567745517	0.5064935064935067	9.023838164320807
1.8632061700494085	0.5000000000000001	9.024456711200047
1.8737287723533	0.4935064935064937	9.02509015966217
1.8842513746571918	0.4870129870129873	9.025738645989135
1.8947739769610834	0.4805194805194808	9.026402494385275
1.9052965792649752	0.4740259740259743	9.027082171341918
1.9158191815688668	0.4675324675324679	9.027778241874147
1.9263417838727583	0.4610389610389613	9.028491333781467
1.93686438617665	0.45454545454545486	9.029222112560538
1.9473869884805417	0.44805194805194837	9.029971266283626
1.9579095907844333	0.4415584415584419	9.03073949756674
1.968432193088325	0.4350649350649353	9.031527517360926
1.9789547953922169	0.4285714285714288	9.032336027484495
1.441558441558441	0.9789547953922165	9.449756068215386
1.4480519480519476	0.9684321930883247	9.450535166286626
1.4545454545454541	0.9579095907844333	9.450523738453926
1.4610389610389605	0.9473869884805416	9.274033239601915
1.467532467532467	0.9368643861766496	9.193988479356415
1.4740259740259731	0.9263417838727577	9.153682556619453
1.4805194805194801	0.9158191815688658	9.120674380562901
1.4870129870129867	0.9052965792649741	9.098850771715673
1.4935064935064934	0.8947739769610824	9.082763636138422
1.5	0.8842513746571908	9.069604229122932
1.5064935064935068	0.8737287723532994	9.059461719675118
1.512987012987013	0.8632061700494078	9.051800569690682
1.5194805194805192	0.8526835677455165	9.045421339741537
1.5259740259740255	0.8421609654416252	9.040228344567824
1.532467532467539	0.8316383631377448	9.036084274787589
1.538961038961088	0.8211157608339184	9.032608125760545
1.5454545454547415	0.8105931585302518	9.029707204226554
1.5519480519484832	0.8000705562267196	9.027203701591764
1.5584415584416786	0.7895479539223378	9.02517326504895
1.56493506493513	0.7790253516183547	9.023421772211174
1.5714285714286262	0.7685027493144487	9.021983867446238
1.5779220779221241	0.7579801470105444	9.0207423729897
1.5844155844156267	0.7474575447066508	9.019739500590811
1.590909090909113	0.7369349424027719	9.018866046721344
1.5973999537482515	0.7264106113739691	9.018163280542824
1.603883238485908	0.7158806096352924	9.017577350996506
1.6103499826881398	0.7053376055227688	9.017100991498976
1.6167796450712404	0.6947708859612596	9.016734434197282
1.623135707202117	0.6841623928647458	9.016446513760949
1.6294199262582458	0.6734715777290813	9.016218768951907
1.6357091774824715	0.6625129498346689	9.016063418535724
1.6423394380584182	0.6501147718091385	9.015951913211723
1.6535029706846964	0.6426910570013681	9.016066216439976
1.663753347695861	0.636471699782415	9.016214065114186
1.6740430266429849	0.6300307295954646	9.016394099191897
1.6844469473468988	0.6234955575767079	9.016609858994938
1.6948926709754282	0.6169582136406452	9.016860020089423
1.705381977160896	0.6104203940652478	9.017143696969327
1.7158930792051716	0.6039022921782146	9.017459167419268
1.7264127377838328	0.5974027370739649	9.017804605158284
1.7369349424026985	0.5909090909090914	9.018178357943492
1.7474575447065954	0.5844155844155822	9.018578964779861
1.7579801470104892	0.577922077922074	9.019005091172717
1.768502749314383	0.571428571428568	9.019455481549164
1.7790253516182755	0.5649350649350626	9.019928934406032
1.7895479539221668	0.5584415584415571	9.020424283309296
1.8000705562260588	0.5519480519480514	9.020940377039116
1.8105931585299502	0.5454545454545453	9.02147606678672
1.821115760833842	0.5389610389610391	9.022030207472893
1.8316383631377333	0.5324675324675326	9.022601677887037
1.842160965441625	0.5259740259740261	9.023189420051237
1.852683567745517	0.5194805194805195	9.02379249266761
1.8632061700494085	0.5129870129870131	9.024410128216045
1.8737287723533	0.5064935064935067	9.025041780660667
1.8842513746571916	0.5000000000000001	9.025687152472473
1.8947739769610834	0.4935064935064937	9.026346195204967
1.905296579264975	0.48701298701298734	9.027019084961006
1.9158191815688668	0.4805194805194808	9.027706180045543
1.9263417838727583	0.4740259740259743	9.028407970962151
1.9368643861766501	0.4675324675324678	9.029125031993798
1.9473869884805417	0.46103896103896136	9.029857980557663
1.9579095907844335	0.454545454545455	9.030607445813693
1.968432193088325	0.44805194805194837	9.031374043816458
1.9789547953922166	0.4415584415584418	9.032158350979158
1.4545454545454541	0.9789547953922165	9.449491880588647
1.4610389610389605	0.9684321930883247	9.450344841499005
1.4675324675324672	0.957909590784433	9.45032134968841
1.4740259740259731	0.9473869884805414	9.273900977236172
1.4805194805194801	0.9368643861766497	9.193818693386573
1.4870129870129862	0.9263417838727577	9.1535070018969
1.4935064935064934	0.915819181568866	9.120499804070649
1.5	0.9052965792649743	9.098676747877933
1.5064935064935066	0.8947739769610827	9.082593347759977
1.512987012987013	0.8842513746571911	9.06943902101142
1.519480519480519	0.8737287723532997	9.05930305979433
1.5259740259740253	0.8632061700494078	9.051650240175489
1.532467532467531	0.8526835677455159	9.045281120680725
1.5389610389610395	0.8421609654416274	9.040099698316878
1.545454545454579	0.8316383631377854	9.03596884798229
1.5519480519482622	0.8211157608341627	9.032507471107891
1.5584415584423155	0.8105931585311099	9.029622892812966
1.564935064936538	0.8000705562283175	9.027136559383779
1.5714285714297382	0.789547953923957	9.025124577583481
1.5779220779223644	0.7790253516187192	9.023393365421713
1.584415584415643	0.7685027493144854	9.021976666988515
1.5909090909091381	0.7579801470105734	9.02075751890723
1.5974025974026074	0.747457544706644	9.019777516848565
1.603894763354443	0.7369342381019132	9.018927861400085
1.6103804595645208	0.7264069499947752	9.018248876838852
1.616851462631299	0.7158698653790648	9.017687031508837
1.62330132224378	0.705316762788076	9.01723482952224
1.629726018333482	0.6947453821968173	9.016892523697072
1.6360347458461273	0.6841293599112185	9.01662828263253
1.6423073011503782	0.6734841319115663	9.016425448531576
1.6486251027859078	0.6626870206959822	9.016298543584353
1.6541943564817014	0.6535736561534338	9.01624523923095
1.6641922844569905	0.6496008296416028	9.01639180463686
1.6741136547119253	0.6430783177657458	9.016532950103432
1.6845244371125572	0.6364892482484404	9.016720951035895
1.6949422890381538	0.6299519366432541	9.016945546489046
1.7054010760104428	0.6234208022293409	9.017206167934994
1.715899331581409	0.6168963136438544	9.017501789665596
1.726414563644474	0.6103907915490149	9.017830492198852
1.7369352206371136	0.6038961318416795	9.018190326935185
1.747457550717801	0.5974025965234008	9.018579527304679
1.7579801470104883	0.5909090909090922	9.018996417814892
1.768502749314381	0.584415584415583	9.019439398557457
1.7790253516182741	0.5779220779220756	9.019906946798748
1.7895479539221661	0.5714285714285694	9.020397621523204
1.8000705562260586	0.5649350649350636	9.020910060561576
1.8105931585299502	0.5584415584415577	9.021442966458737
1.8211157608338422	0.5519480519480519	9.021995087993922
1.8316383631377338	0.5454545454545456	9.02256520640121
1.842160965441625	0.5389610389610391	9.023152134853163
1.8526835677455167	0.5324675324675326	9.023754736477185
1.8632061700494085	0.5259740259740261	9.024371961038582
1.8737287723533	0.5194805194805197	9.025002894585128
1.8842513746571916	0.5129870129870131	9.025646811490423
1.8947739769610834	0.5064935064935067	9.026303216425807
1.9052965792649752	0.5000000000000002	9.026971865706393
1.9158191815688668	0.4935064935064937	9.027652762558638
1.9263417838727583	0.48701298701298723	9.028346127426131
1.93686438617665	0.48051948051948085	9.029052350422587
1.9473869884805417	0.4740259740259743	9.02977193606604
1.9579095907844335	0.46753246753246785	9.03050544971987
1.968432193088325	0.46103896103896136	9.031253468191856
1.9789547953922166	0.4545454545454548	9.032016528404263
1.4675324675324672	0.9789547953922165	9.449208529996069
1.4740259740259734	0.9684321930883246	9.450139771359252
1.4805194805194801	0.9579095907844329	9.450101968203567
1.4870129870129862	0.9473869884805416	9.273758601207321
1.4935064935064932	0.9368643861766497	9.193635950072506
1.4999999999999993	0.9263417838727578	9.153317650492427
1.5064935064935063	0.9158191815688661	9.120311938506525
1.5129870129870129	0.9052965792649744	9.098489712301273
1.519480519480519	0.8947739769610829	9.082410715489097
1.525974025974025	0.884251374657191	9.069262242677723
1.5324675324675312	0.873728772353299	9.0591337643634
1.5389610389610375	0.863206170049407	9.05149037958897
1.5454545454545443	0.8526835677455153	9.045132633655017
1.5519480519480622	0.8421609654416403	9.03996418040788
1.5584415584417075	0.8316383631379597	9.03584807369637
1.5649350649359077	0.8211157608351334	9.032403148963054
1.5714285714313367	0.8105931585342051	9.02953656850584
1.5779220779271175	0.8000705562338238	9.027068958340415
1.5844155844158945	0.7895479539226602	9.025077662908231
1.5909090909092536	0.7790253516185637	9.023368671811033
1.5974025974026778	0.7685027493145404	9.021975139769241
1.6038961038961688	0.7579801470106095	9.02078034166943
1.6103896103896311	0.747457544706649	9.019825120003604
1.6168778696693378	0.736932514757854	9.01900112185571
1.6233516975502502	0.7263999539113137	9.018347526700564
1.6298032311695358	0.7158544010494107	9.017811417866668
1.6362342314404892	0.7052941839411456	9.017385058995929
1.642661852827652	0.6947301600853031	9.017068991169213
1.6489007137465332	0.6841653427565021	9.016830984763137
1.6548881904175645	0.6736617424204019	9.016652682232625
1.662311986422494	0.6627746016190771	9.016565020976353
1.6741098926225144	0.6560373045034731	9.016707287572551
1.6846102192660786	0.6494345965429503	9.016866728743215
1.6950188889981932	0.6429095076239187	9.017063451825564
1.7054383725535935	0.6364065127439302	9.017298121723725
1.715910996721387	0.6298922810447335	9.017570481003588
1.7264188768704625	0.6233807523175319	9.01787908643829
1.7369363898425851	0.6168834287086765	9.018221800125543
1.7474577224994932	0.6103896263358919	9.018596745246624
1.7579801470104934	0.603896103896112	9.019002059328768
1.7685027493143817	0.5974025974025997	9.019435874914793
1.7790253516182732	0.5909090909090912	9.01989633970413
1.7895479539221653	0.5844155844155833	9.020381652947272
1.800070556226058	0.5779220779220765	9.020890099086103
1.81059315852995	0.5714285714285704	9.021420069734726
1.8211157608338422	0.5649350649350643	9.02197006676999
1.8316383631377338	0.5584415584415582	9.022538690102573
1.842160965441625	0.551948051948052	9.023124618501454
1.8526835677455167	0.5454545454545456	9.023726594112894
1.8632061700494085	0.5389610389610391	9.024343419831576
1.8737287723533	0.5324675324675326	9.024973974610518
1.8842513746571918	0.5259740259740261	9.025617246361294
1.8947739769610834	0.5194805194805197	9.026272376435982
1.9052965792649752	0.5129870129870131	9.026938705409973
1.9158191815688668	0.5064935064935067	9.027615808426193
1.9263417838727586	0.5000000000000002	9.02830351018604
1.9368643861766501	0.4935064935064937	9.02900187417358
1.9473869884805417	0.48701298701298734	9.029711166766448
1.9579095907844335	0.4805194805194808	9.030431802645678
1.968432193088325	0.4740259740259743	9.031164280942365
1.9789547953922166	0.4675324675324678	9.031909110452132
1.4805194805194801	0.9789547953922164	9.448904036007479
1.4870129870129865	0.9684321930883246	9.449918502984481
1.4935064935064932	0.9579095907844332	9.44986412436738
1.4999999999999993	0.9473869884805416	9.273605215552136
1.5064935064935063	0.9368643861766498	9.19343916084393
1.5129870129870124	0.926341783872758	9.153113336579056
1.519480519480519	0.9158191815688661	9.12010972984337
1.5259740259740253	0.9052965792649744	9.09828869005788
1.5324675324675312	0.8947739769610824	9.082214874233275
1.5389610389610378	0.8842513746571904	9.06907315770012
1.5454545454545443	0.8737287723532985	9.058953238842053
1.5519480519480513	0.8632061700494069	9.051320553223952
1.558441558441558	0.852683567745515	9.044975616508461
1.5649350649351168	0.8421609654417019	9.039821710334513
1.5714285714291762	0.8316383631386604	9.035722066520075
1.5779220779252485	0.8211157608387242	9.032295485822873
1.58441558442523	0.8105931585448217	9.029448601104102
1.5909090909260275	0.8000705562521863	9.027001699679616
1.5974025974067634	0.7895479539286241	9.025033399141064
1.6038961038972954	0.7790253516201374	9.023348793958583
1.610389610389843	0.768502749314739	9.021980558255576
1.6168831168831774	0.7579801470105796	9.020812280561143
1.6233766233766387	0.7474575447066073	9.019883887566815
1.6298518874296162	0.7369277969617266	9.019087340423445
1.6363055342833863	0.7263883367453846	9.01846085990899
1.6427275140826818	0.7158337352266146	9.017952192262412
1.6491300747237885	0.705266577117294	9.017553069715953
1.6555639098859223	0.6947129590820738	9.017264635316948
1.661660533187849	0.6842166750455636	9.017053112398912
1.6654546681021944	0.6744841675211015	9.01687808321389
1.6748617274757915	0.6687201144349829	9.016947140527092
1.6848472663284921	0.6622453581260677	9.017057834567657
1.6951158834194913	0.6558115626778177	9.017218751607741
1.7055048749747155	0.6493520625563965	9.017423701620293
1.7159373213204105	0.642876452981047	9.017669250360102
1.726425324122813	0.6363738323194975	9.017954288191993
1.736939009969724	0.6298715875358514	9.01827677786068
1.7474583393472323	0.6233767572825929	9.018634456477036
1.7579802353949276	0.6168831194766803	9.019025389892647
1.7685027493143848	0.6103896103896154	9.01944758254315
1.7790253516182748	0.6038961038961055	9.019898989537735
1.7895479539221657	0.597402597402598	9.020377531402398
1.8000705562260577	0.5909090909090906	9.020881142223628
1.8105931585299493	0.5844155844155837	9.021407824518414
1.8211157608338417	0.5779220779220772	9.02195569514173
1.8316383631377333	0.5714285714285708	9.022523011790113
1.8421609654416249	0.5649350649350645	9.023108177688549
1.852683567745517	0.5584415584415584	9.02370972876418
1.8632061700494085	0.5519480519480521	9.02432631295477
1.8737287723533	0.5454545454545456	9.024956672670625
1.8842513746571916	0.5389610389610392	9.025599639376763
1.8947739769610834	0.5324675324675326	9.026254145057779
1.9052965792649752	0.5259740259740261	9.026919249945351
1.9158191815688668	0.5194805194805197	9.027594180563705
1.9263417838727583	0.5129870129870132	9.028278368330062
1.9368643861766501	0.5064935064935067	9.028971477672158
1.9473869884805417	0.5000000000000002	9.029673414019447
1.9579095907844335	0.4935064935064937	9.030384305448456
1.968432193088325	0.4870129870129873	9.031104456207567
1.9789547953922166	0.4805194805194808	9.031834272888666
1.4935064935064932	0.9789547953922165	9.44857608141963
1.4999999999999996	0.9684321930883248	9.449679459312284
1.506493506493506	0.9579095907844333	9.449606126084854
1.5129870129870124	0.9473869884805416	9.273439885601258
1.5194805194805188	0.9368643861766498	9.193227157137073
1.5259740259740253	0.926341783872758	9.152892805869918
1.5324675324675316	0.9158191815688661	9.119892043986058
1.5389610389610382	0.9052965792649741	9.09807264784029
1.5454545454545447	0.8947739769610822	9.082004917839022
1.5519480519480513	0.8842513746571904	9.068871010034547
1.558441558441558	0.8737287723532988	9.058760890923025
1.5649350649350653	0.863206170049407	9.051140352629176
1.5714285714285718	0.8526835677455155	9.044809857296384
1.5779220779222936	0.842160965441955	9.039672281129596
1.5844155844179062	0.8316383631413102	9.035591052860918
1.5909090909204107	0.8211157608512969	9.03218488312928
1.5974025974347237	0.8105931585794993	9.029359466818635
1.6038961039492898	0.8000705563080931	9.026935920402165
1.6103896103994917	0.7895479539374005	9.024992873291255
1.6168831168871927	0.7790253516245222	9.023335033495
1.623376623376707	0.7685027493144573	9.021994406349494
1.6298655960331203	0.7579784394767534	9.020854803689872
1.6363480543664854	0.747452027745061	9.019955086936788
1.6428090839851848	0.7369181720385245	9.019188233040703
1.6492309903180467	0.726370995982319	9.018590668093964
1.6556101428922558	0.7158070183942359	9.018111141312962
1.6619471884203783	0.7052112388897885	9.017739182532678
1.6682743761101442	0.6944663989835762	9.017471562325492
1.6748451420442985	0.6825942425571109	9.017257522802181
1.6851351167965916	0.6748726867879128	9.017301398060079
1.6952507583904852	0.6685958838092689	9.017420542681544
1.7055800740999212	0.6622520157102221	9.017589489996448
1.7159892429030255	0.6558279804822672	9.017803520613574
1.7264422857134145	0.6493604694674469	9.018060434609238
1.7369426872752711	0.6428626227727571	9.018358842111939
1.7474597038854522	0.6363648372045047	9.01869614651063
1.7579804837086266	0.6298702045376591	9.019069878281856
1.768502785618901	0.6233766222867819	9.019477846001097
1.779025353342501	0.6168831168313549	9.019917836701934
1.789547953922167	0.6103896103896103	9.020387600790208
1.8000705562260586	0.6038961038961042	9.020884838275748
1.81059315852995	0.5974025974025975	9.02140723786431
1.821115760833841	0.5909090909090907	9.021952534878496
1.831638363137733	0.584415584415584	9.022518569992682
1.8421609654416244	0.5779220779220774	9.023103336191708
1.8526835677455165	0.571428571428571	9.023705005152616
1.8632061700494085	0.5649350649350647	9.02432193066214
1.8737287723533	0.5584415584415585	9.024952634043734
1.8842513746571916	0.5519480519480522	9.025595781263272
1.8947739769610832	0.5454545454545457	9.026250162412113
1.905296579264975	0.5389610389610391	9.026914682289542
1.9158191815688668	0.5324675324675326	9.027588366682851
1.9263417838727583	0.5259740259740261	9.02827038370531
1.93686438617665	0.5194805194805197	9.028960074515213
1.9473869884805417	0.5129870129870131	9.029656984142607
1.9579095907844335	0.5064935064935067	9.030360881519615
1.968432193088325	0.5000000000000001	9.031071757304337
1.9789547953922166	0.49350649350649367	9.031789787268663
1.506493506493506	0.9789547953922166	9.44822195747719
1.5129870129870124	0.9684321930883247	9.449420898568922
1.5194805194805188	0.9579095907844332	9.44932607199634
1.5259740259740253	0.9473869884805416	9.27326163240099
1.5324675324675316	0.9368643861766497	9.19299867618978
1.5389610389610382	0.9263417838727578	9.152654717913256
1.545454545454545	0.9158191815688658	9.119657665834682
1.5519480519480515	0.9052965792649738	9.097840495369349
1.5584415584415583	0.8947739769610822	9.081779903292448
1.5649350649350648	0.8842513746571905	9.068655031345946
1.5714285714285718	0.8737287723532989	9.058556140988308
1.5779220779220786	0.8632061700494075	9.050949409803764
1.5844155844155852	0.8526835677455162	9.04463521095188
1.5909090909099308	0.8421609654429187	9.03951598277766
1.597402597411033	0.8316383631507427	9.03545539681282
1.6038961039344761	0.8211157608930232	9.032071786788764
1.6103896104909756	0.8105931586862859	9.02926991432257
1.6168831170465217	0.8000705564780798	9.026872678464386
1.6233766234607092	0.7895479540518475	9.024957417826206
1.629870129870823	0.7790253516193392	9.023328934357558
1.6363604759058452	0.7685015480308123	9.022018272759462
1.6428429068088837	0.7579748996200598	9.020909804863864
1.6493080256497157	0.7474428208513945	9.020040931742088
1.6557414090285707	0.7369023555463542	9.019305769062472
1.6621214163036475	0.7263514344413603	9.018739216657904
1.6684538510302498	0.7157916609405691	9.01829120667375
1.6746365018861749	0.7052180367660198	9.017948250814833
1.6808963847455018	0.694595464300988	9.017714412720702
1.6860006212093475	0.685371951264468	9.01756811137627
1.6953901817106034	0.6810868716432386	9.017675971837468
1.7056845971151453	0.6750791769185995	9.017808026461553
1.7160544364928985	0.6687545574827286	9.017983729982618
1.7264879936869901	0.6623225878187782	9.018206234595583
1.7369539774202385	0.6558532916497337	9.018474343372354
1.7474618876423575	0.6493558992142955	9.018786393973384
1.7579809483705213	0.6428583392248114	9.019139218476903
1.7685028428156049	0.6363636916515419	9.019529972669202
1.779025361676253	0.6298701295681893	9.019956015232225
1.7895479539221668	0.6233766233766197	9.020414792422406
1.8000705562260586	0.6168831168831153	9.020903761445934
1.8105931585299506	0.6103896103896098	9.021420360975725
1.8211157608338413	0.6038961038961038	9.021962030179365
1.8316383631377329	0.5974025974025973	9.022526250950568
1.8421609654416244	0.5909090909090907	9.023110602390695
1.8526835677455165	0.584415584415584	9.023712815927944
1.8632061700494083	0.5779220779220776	9.02433081889655
1.8737287723533003	0.5714285714285714	9.024962757486025
1.8842513746571918	0.5649350649350651	9.025606996886724
1.8947739769610834	0.5584415584415587	9.02626210346373
1.905296579264975	0.5519480519480522	9.026926818194285
1.9158191815688668	0.5454545454545456	9.02760003174559
1.9263417838727583	0.5389610389610391	9.028280769749566
1.93686438617665	0.5324675324675326	9.028968192798423
1.9473869884805417	0.5259740259740262	9.029661610554713
1.9579095907844335	0.5194805194805195	9.030360504359093
1.968432193088325	0.5129870129870131	9.031064548370944
1.9789547953922166	0.5064935064935067	9.03177361333516
1.519480519480519	0.9789547953922165	9.447838536023157
1.5259740259740253	0.9684321930883247	9.449140887223711
1.5324675324675316	0.9579095907844329	9.449021841474208
1.5389610389610384	0.9473869884805413	9.273069447416587
1.545454545454545	0.9368643861766495	9.192752346531138
1.5519480519480515	0.9263417838727577	9.1523976471656
1.5584415584415583	0.9158191815688657	9.119405297875778
1.5649350649350648	0.9052965792649741	9.097591087795259
1.5714285714285714	0.8947739769610825	9.081538856508942
1.577922077922078	0.884251374657191	9.06842445041535
1.5844155844155845	0.8737287723532994	9.058338435187808
1.590909090909091	0.8632061700494078	9.05074741458592
1.5974025974025974	0.8526835677455161	9.044451619409777
1.6038961038991346	0.8421609654462993	9.039353035966558
1.610389610418185	0.8316383631818048	9.03531559505702
1.6168831170054068	0.821115761022452	9.031956739738042
1.623376623681268	0.8105931589998069	9.029181253471977
1.6298701303207395	0.8000705569210473	9.026813265894317
1.636363636432927	0.7895479540290744	9.024928607802766
1.6428551587505282	0.779024617140808	9.023332216184352
1.6493406802294206	0.768499144595868	9.022054166261988
1.655811769286629	0.7579686515738046	9.020979370780895
1.662256300861751	0.747430154162941	9.020143762456549
1.6686621362994805	0.7368829597094755	9.019442585653245
1.6749605746751108	0.7263391706390548	9.018909053131317
1.6810846947900016	0.7158264033064428	9.018493664409108
1.6870342392991997	0.7054206833741107	9.018184993810033
1.6945874279238442	0.6945014728606426	9.017993164928997
1.705682568828208	0.6881000582185395	9.018086878108486
1.7161809822692609	0.6816586477849428	9.018219352868174
1.7265647834987292	0.6752627376280012	9.018400759511842
1.7369977019930507	0.6688229849236196	9.018632461781715
1.7474713408097087	0.6623488054073292	9.018912610772427
1.7579817654319605	0.655850225394366	9.01923900889147
1.7685028943905607	0.6493512466163804	9.019608246165577
1.7790253655059836	0.6428571617444958	9.020016989379533
1.7895479539221641	0.6363636363636317	9.020462137192439
1.8000705562260577	0.6298701298701255	9.020940709000856
1.81059315852995	0.6233766233766209	9.021449773897315
1.8211157608338422	0.6168831168831157	9.021986440016562
1.831638363137733	0.61038961038961	9.022547861896188
1.8421609654416244	0.6038961038961038	9.023131263502167
1.8526835677455165	0.5974025974025973	9.023733976128995
1.8632061700494083	0.5909090909090907	9.024353486968893
1.8737287723533	0.5844155844155843	9.024987488258963
1.8842513746571916	0.5779220779220778	9.025633914655364
1.8947739769610834	0.5714285714285715	9.026290960124557
1.9052965792649752	0.5649350649350651	9.026957072476899
1.9158191815688668	0.5584415584415587	9.027630930201122
1.9263417838727586	0.5519480519480522	9.028311410487403
1.9368643861766501	0.5454545454545456	9.028997558523598
1.9473869884805417	0.5389610389610391	9.029688566364955
1.9579095907844333	0.5324675324675326	9.030383765517572
1.968432193088325	0.5259740259740261	9.031082631616206
1.9789547953922166	0.5194805194805197	9.031784791483561
1.5324675324675319	0.9789547953922165	9.447422331199943
1.5389610389610384	0.9684321930883247	9.448837274822393
1.545454545454545	0.9579095907844329	9.448691096397978
1.5519480519480515	0.9473869884805414	9.272862287097054
1.558441558441558	0.9368643861766496	9.192486680087484
1.5649350649350648	0.9263417838727577	9.152120082025883
1.5714285714285714	0.915819181568866	9.119133560284167
1.5779220779220777	0.9052965792649745	9.097323229702248
1.5844155844155843	0.8947739769610829	9.081280779931845
1.5909090909090908	0.8842513746571913	9.06817850511183
1.5974025974025974	0.8737287723532995	9.058107261763917
1.6038961038961037	0.8632061700494078	9.050534135579001
1.6103896103896098	0.8526835677455159	9.044259138170338
1.6168831168927316	0.8421609654564538	9.039183832625227
1.6233766234640175	0.831638363272523	9.035172228477165
1.6298701302309693	0.8211157613903719	9.031840510450381
1.6363636372306718	0.8105931598671994	9.029095013791839
1.6428571441369677	0.8000705581999652	9.02675928230178
1.6493497083885746	0.789547654578119	9.024908276720558
1.6558378284186661	0.7790232211191276	9.023347029596465
1.6623149996410358	0.7684953410764935	9.02210438420005
1.6687730476863092	0.7579609054539489	9.021066119169006
1.6751952858176251	0.7474145575463419	9.020266297598416
1.6815637781084878	0.7368423120330334	9.01959998602513
1.6876881602928753	0.7263365143587	9.019101187270058
1.6935452943070661	0.7158880564552196	9.018718628492222
1.6976742507215035	0.7064941884168507	9.018442727264132
1.7066487278521796	0.7010038718541991	9.018460717490846
1.7165361000856096	0.6944743385183547	9.018523075204335
1.7267726498440552	0.6881160234896367	9.01865480659022
1.7370983936320397	0.6817520708518621	9.018842848172183
1.747509468378307	0.6753266686324756	9.019084416108157
1.7579898430507688	0.6688446863913288	9.019377596386834
1.7685024249035968	0.6623427465616294	9.01971931710405
1.7790254736313775	0.6558444311748604	9.020105963096078
1.7895479539221626	0.6493506493506502	9.02053365954196
1.800070556226055	0.6428571428571406	9.020998909977946
1.8105931585299488	0.6363636363636336	9.021498246647981
1.821115760833841	0.6298701298701276	9.022028277438691
1.8316383631377333	0.6233766233766219	9.022585704652029
1.8421609654416247	0.6168831168831164	9.023167341341498
1.852683567745517	0.61038961038961	9.02377012519355
1.8632061700494085	0.6038961038961038	9.02439113890742
1.8737287723533	0.5974025974025973	9.025027642827908
1.8842513746571914	0.5909090909090908	9.025677116792414
1.8947739769610832	0.5844155844155843	9.026337300891795
1.9052965792649752	0.5779220779220778	9.027006223601004
1.9158191815688668	0.5714285714285715	9.027682209704144
1.9263417838727583	0.5649350649350651	9.028363866680253
1.9368643861766501	0.5584415584415585	9.029050054140534
1.9473869884805417	0.5519480519480521	9.029739844798527
1.9579095907844333	0.5454545454545456	9.030432486291197
1.968432193088325	0.5389610389610391	9.031127370346836
1.9789547953922166	0.5324675324675326	9.031824008096864
1.545454545454545	0.9789547953922164	9.44696970435814
1.5519480519480515	0.9684321930883246	9.448507618652803
1.558441558441558	0.9579095907844329	9.448331282078799
1.5649350649350648	0.9473869884805413	9.272639064274847
1.5714285714285712	0.9368643861766497	9.192200070224317
1.5779220779220777	0.9263417838727578	9.15182042537174
1.584415584415584	0.9158191815688661	9.118840991673634
1.5909090909090906	0.9052965792649742	9.097035680116912
1.597402597402597	0.8947739769610826	9.081004662210447
1.6038961038961037	0.8842513746571911	9.067916457703767
1.6103896103896098	0.8737287723532994	9.057862171357465
1.6168831168831164	0.8632061700494075	9.050309445290763
1.623376623376623	0.8526835677455158	9.04405797406851
1.6298701298927407	0.8421609654764977	9.039008958801846
1.636363636588068	0.831638363483879	9.035025960937658
1.6428571438216835	0.8211157623214741	9.03172440581516
1.649350651707742	0.8105931621653486	9.029012744924657
1.6558441591410524	0.8000705613109264	9.026712660283588
1.662334565977143	0.789547058989048	9.024898666972105
1.6688163364488506	0.7790212336353702	9.023375895965716
1.675284412312708	0.7684919823359628	9.02217180606438
1.6817396051227134	0.7579579860062996	9.021173617041741
1.6881431332695225	0.7474092905013019	9.020412861100567
1.694324661822886	0.7368426395833996	9.01978283669972
1.700368524829427	0.7262583424582744	9.019315045841866
1.7067684028022292	0.7147190274469144	9.018930127946712
1.7169267851478844	0.7070546840337592	9.018897195940418
1.7270269318344083	0.7008939311996163	9.018975430772509
1.737264636206388	0.6946270810130822	9.01911437195877
1.7475915956753347	0.6882735323652877	9.019310946240397
1.75802081562129	0.6818311268983878	9.019564226503803
1.7685084144131864	0.6753390936917484	9.019871730537757
1.779025581105235	0.6688321948170616	9.020230148500266
1.7895484176361507	0.6623381543732579	9.020635355031862
1.800070556226056	0.6558441558441586	9.02108309074917
1.8105931585299475	0.649350649350649	9.02156946784431
1.8211157608338395	0.6428571428571415	9.022090504888665
1.8316383631377324	0.6363636363636348	9.022642311903063
1.8421609654416242	0.6298701298701284	9.0232211305689
1.8526835677455165	0.6233766233766224	9.023823375706613
1.8632061700494085	0.6168831168831165	9.024445656758912
1.8737287723533	0.6103896103896103	9.025084790602662
1.8842513746571914	0.6038961038961038	9.025737818564084
1.8947739769610827	0.5974025974025974	9.02640203309482
1.9052965792649748	0.5909090909090908	9.027075010299233
1.9158191815688668	0.5844155844155844	9.02775463894485
1.9263417838727583	0.577922077922078	9.028439136204158
1.93686438617665	0.5714285714285715	9.029127043923594
1.9473869884805417	0.5649350649350651	9.029817204546303
1.9579095907844335	0.5584415584415585	9.030508720710332
1.968432193088325	0.5519480519480521	9.03120090467563
1.9789547953922166	0.5454545454545456	9.031893219675707
1.558441558441558	0.9789547953922164	9.446477079202092
1.5649350649350646	0.9684321930883247	9.448149104997386
1.5714285714285712	0.9579095907844332	9.447939590890932
1.5779220779220777	0.9473869884805416	9.27239866192273
1.584415584415584	0.9368643861766497	9.191890785309921
1.5909090909090906	0.9263417838727578	9.1514969962523
1.5974025974025967	0.9158191815688661	9.11852605074787
1.6038961038961035	0.9052965792649742	9.096727159041555
1.6103896103896098	0.8947739769610826	9.080709490379661
1.6168831168831168	0.8842513746571911	9.067637614218803
1.623376623376623	0.8737287723532994	9.057602801968498
1.6298701298701295	0.8632061700494075	9.050073351894184
1.636363636363636	0.8526835677455158	9.043848536026687
1.6428571428571426	0.8421609654416242	9.038829161748227
1.649350649728868	0.8316383637210674	9.034877633732057
1.6558441581155796	0.8211157643371102	9.031610534833902
1.6623376685339053	0.8105931680865531	9.02893640638942
1.668831177868381	0.8000705701643435	9.026675698379718
1.6753173046106289	0.7895460442470904	9.024902419475128
1.681789591581845	0.7790192093126894	9.02342181097579
1.6882505601392448	0.7684925844763026	9.02225984247474
1.6946970049270096	0.7579674341310958	9.02130575766011
1.700880326776318	0.747509339240872	9.020590435916565
1.7069098640404727	0.7371396145924912	9.02000807556898
1.7129088146437932	0.7266818081132538	9.019581671423879
1.7176716331519244	0.7173052154106767	9.019284456365964
1.7272258349239562	0.7136028505141707	9.019377239795853
1.737448504568215	0.7074787316723099	9.019460532469127
1.7477394412489262	0.7011810842642124	9.019604443938052
1.7580739789913682	0.694807352778565	9.019809147134062
1.7685358432445746	0.6883336551274816	9.020075280186473
1.779029588823147	0.681833835086596	9.020398344047452
1.7895499917795272	0.675328218740443	9.02077486571118
1.8000716151600997	0.6688316211969472	9.021199859274281
1.810593158529949	0.6623376623376654	9.021668844333236
1.8211157608338395	0.6558441558441565	9.022177420556119
1.831638363137732	0.6493506493506491	9.022721065176155
1.842160965441624	0.642857142857142	9.023295374505514
1.8526835677455162	0.6363636363636355	9.02389610013323
1.8632061700494083	0.629870129870129	9.024519218110562
1.8737287723533	0.623376623376623	9.025160969979998
1.8842513746571914	0.6168831168831167	9.025817881574826
1.894773976961083	0.6103896103896105	9.02648677260246
1.9052965792649752	0.6038961038961039	9.027164767986683
1.9158191815688665	0.5974025974025974	9.02784931484821
1.9263417838727583	0.5909090909090907	9.028538201749852
1.93686438617665	0.5844155844155844	9.029229572593778
1.9473869884805417	0.577922077922078	9.029921927165374
1.9579095907844335	0.5714285714285714	9.03061410280212
1.968432193088325	0.564935064935065	9.03130523464489
1.9789547953922166	0.5584415584415585	9.0319946905599
1.5714285714285712	0.9789547953922165	9.445940689454268
1.5779220779220777	0.9684321930883248	9.447758566255741
1.584415584415584	0.9579095907844332	9.447512907602794
1.5909090909090906	0.9473869884805416	9.27213993625155
1.5974025974025967	0.9368643861766497	9.191556954260205
1.6038961038961033	0.9263417838727579	9.15114802827148
1.6103896103896098	0.915819181568866	9.11818712029809
1.6168831168831168	0.9052965792649741	9.096396356753411
1.6233766233766234	0.8947739769610826	9.080394265198956
1.62987012987013	0.8842513746571911	9.067341348543993
1.6363636363636358	0.8737287723532994	9.057328909432366
1.6428571428571426	0.8632061700494075	9.049826043450174
1.6493506493506491	0.8526835677455159	9.043631486333757
1.6558441562017698	0.8421609661119095	9.03864528217425
1.6623376645990167	0.8316383674884364	9.034728594470694
1.6688311765346857	0.8211157735834279	9.031500884074484
1.675324692505703	0.8105931850286444	9.028868421688422
1.6818182099705326	0.8000705996460864	9.026651143780269
1.6882966524377592	0.789543811170745	9.024922570662836
1.694756415340928	0.779016260358088	9.023488039727482
1.7012107169966215	0.7684984654511213	9.022372037393573
1.7074479974491508	0.7580537438922125	9.021468988756423
1.7135068452662596	0.7477467621608849	9.020803913527494
1.7194697188460268	0.7377991926109007	9.020285040666485
1.726477687454566	0.7269934761511846	9.019890187615507
1.737558770027058	0.7204376996147729	9.019901279479926
1.747898421861002	0.7141122874424282	9.019979912283473
1.7582271548090904	0.7077355991222882	9.020127029576232
1.7685673652020915	0.7013323801921169	9.020340537955976
1.7790566733061484	0.6948348198947013	9.02062086973328
1.7895565829038844	0.6883273305218455	9.020961048217153
1.800075692721838	0.6818220960670236	9.021357060017252
1.8105946907016524	0.6753249775588537	9.02180331753651
1.8211157608338413	0.6688311688311713	9.022294929224374
1.8316383631377324	0.6623376623376632	9.022826854411475
1.842160965441624	0.655844155844156	9.023394003823725
1.852683567745516	0.649350649350649	9.023991450080063
1.863206170049408	0.6428571428571422	9.024614445869235
1.8737287723533	0.6363636363636357	9.025258511683907
1.8842513746571914	0.6298701298701296	9.025919498420508
1.8947739769610832	0.6233766233766233	9.026593621583487
1.905296579264975	0.616883116883117	9.02727747386659
1.9158191815688668	0.6103896103896104	9.0279680271354
1.9263417838727583	0.6038961038961039	9.0286626329243
1.93686438617665	0.5974025974025974	9.02935902495741
1.9473869884805415	0.5909090909090908	9.030055321276071
1.9579095907844335	0.5844155844155843	9.030750019519433
1.968432193088325	0.577922077922078	9.031441976817552
1.9789547953922166	0.5714285714285715	9.032130361820926
1.584415584415584	0.9789547953922164	9.445356255782974
1.5909090909090906	0.9684321930883245	9.447332536078905
1.5974025974025967	0.9579095907844332	9.447047767245499
1.6038961038961037	0.9473869884805416	9.27186171363247
1.6103896103896096	0.9368643861766497	9.19119655872956
1.6168831168831164	0.9263417838727577	9.150771665528977
1.6233766233766231	0.9158191815688658	9.117822513288958
1.62987012987013	0.9052965792649741	9.096041946093337
1.636363636363636	0.8947739769610826	9.080058020516374
1.6428571428571426	0.8842513746571911	9.067027132163147
1.6493506493506491	0.8737287723532994	9.05704040554061
1.6558441558441555	0.8632061700494077	9.049567951638297
1.6623376623376618	0.8526835677455161	9.043407732378888
1.6688311694206435	0.8421609670631565	9.03845834440694
1.6753246788835272	0.8316383729733178	9.034581289727667
1.6818181965703836	0.8211157835865045	9.031397900327548
1.6883117307801971	0.8105932240301198	9.028811699443866
1.6948052961947022	0.8000707126014626	9.026642282176452
1.7012756703959142	0.7895372471751667	9.024962464083409
1.7077049061584826	0.7790045182329411	9.02357752371064
1.7140032259193707	0.7685304330608975	9.022512113725377
1.720104296252029	0.7581418789311134	9.021660313030447
1.7262288682335618	0.7478368036977201	9.021038522668526
1.7298497212983204	0.7386348030613972	9.020558244358766
1.7384265796966651	0.7331822772308548	9.020474613670686
1.7482632430758287	0.7270005263783045	9.020463933505182
1.7584349617335575	0.7206545145142591	9.020535636527315
1.7687188800299423	0.7142783698746542	9.020686220632724
1.7790977357508686	0.7078394287364971	9.020910404997126
1.7895827341668522	0.7013339535278039	9.021205317026075
1.8000862239323803	0.6948200787514387	9.021564023788512
1.8106007516735685	0.6883145457808219	9.021980990705117
1.821117379641463	0.6818184496224272	9.022450158145725
1.8316383690875273	0.6753246764515016	9.022965890450251
1.8421609654416249	0.6688311688311693	9.023522375531813
1.8526835677455165	0.6623376623376626	9.024113913627495
1.863206170049408	0.6558441558441558	9.024735029970513
1.8737287723533	0.6493506493506491	9.025380476117236
1.8842513746571914	0.6428571428571425	9.026045320595772
1.8947739769610827	0.6363636363636361	9.026725024869334
1.9052965792649748	0.6298701298701297	9.027415493376175
1.9158191815688668	0.6233766233766233	9.028113095528402
1.9263417838727583	0.6168831168831169	9.028814665826124
1.93686438617665	0.6103896103896105	9.029517491858423
1.9473869884805415	0.6038961038961038	9.030219298324068
1.9579095907844333	0.5974025974025974	9.030918230145533
1.968432193088325	0.5909090909090908	9.031612831151484
1.9789547953922166	0.5844155844155845	9.032302005452765
1.5974025974025972	0.9789547953922164	9.444719082924825
1.6038961038961035	0.9684321930883247	9.446867218229942
1.61038961038961	0.957909590784433	9.446540318863063
1.6168831168831161	0.9473869884805416	9.2715628016909
1.623376623376623	0.9368643861766497	9.190807435539577
1.6298701298701295	0.9263417838727577	9.150365960623047
1.636363636363636	0.915819181568866	9.117430480283135
1.6428571428571421	0.9052965792649742	9.095662597482091
1.6493506493506487	0.8947739769610826	9.079699847893066
1.6558441558441555	0.8842513746571911	9.066694570737239
1.6623376623376618	0.8737287723532994	9.056737411092243
1.668831168831168	0.8632061700494078	9.049299824861121
1.6753246753246749	0.8526835677455163	9.043178340971123
1.6818181811749315	0.8421609687237516	9.038269892878747
1.6883116873758375	0.8316383827878576	9.034438460075137
1.694805171715129	0.8211160605582918	9.031304729918608
1.7012988798429403	0.8105936754413197	9.02876980300853
1.7077926804570023	0.8000712852279253	9.026653116436131
1.7142382597487371	0.7895270803756806	9.02502699303647
1.726699582477802	0.7686297948391119	9.022687674403992
1.7205491612359953	0.7790125745705936	9.023697089566328
1.7327389661079025	0.7580541325484917	9.021871490302763
1.7391020850337284	0.7465738376640836	9.021219361931712
1.749307971290487	0.7394533205153857	9.021076214977926
1.758896764291692	0.7334090445367863	9.021059354932929
1.7689594510052828	0.7271682323950662	9.021131427958638
1.779219326314162	0.7208177615853594	9.021287417426093
1.7896393929929202	0.714343238921256	9.021523349093064
1.8001112824175147	0.7078281094418554	9.021833568764977
1.810613914418252	0.7013105959451149	9.022212104688931
1.821123711346017	0.6948075124028311	9.022651684665364
1.831639714767762	0.6883120239813713	9.02314550136802
1.8421609654416262	0.6818181818181815	9.023686887996604
1.8526835677455171	0.6753246753246754	9.02426915788642
1.8632061700494085	0.668831168831169	9.02488592335463
1.8737287723533	0.6623376623376623	9.025531115766453
1.8842513746571914	0.6558441558441557	9.026198976345768
1.8947739769610827	0.6493506493506491	9.026884136028317
1.9052965792649748	0.6428571428571426	9.027581690671477
1.9158191815688665	0.6363636363636361	9.028287258203106
1.9263417838727583	0.6298701298701299	9.028997008626135
1.93686438617665	0.6233766233766235	9.029707666151483
1.9473869884805415	0.6168831168831169	9.030416489633177
1.9579095907844335	0.6103896103896105	9.031121239808622
1.968432193088325	0.6038961038961038	9.031820138643814
1.9789547953922166	0.5974025974025975	9.032511815746306
1.61038961038961	0.9789547953922165	9.444023957853325
1.6168831168831168	0.9684321930883247	9.446358445651775
1.6233766233766234	0.9579095907844332	9.44598628478444
1.6298701298701292	0.9473869884805416	9.271242010649004
1.6363636363636358	0.9368643861766498	9.190387275569043
1.6428571428571421	0.926341783872758	9.149928876027984
1.6493506493506487	0.9158191815688661	9.11700921770259
1.6558441558441552	0.9052965792649744	9.095256997213347
1.6623376623376618	0.8947739769610829	9.079318928205494
1.668831168831168	0.8842513746571914	9.066343450215113
1.6753246753246749	0.8737287723532997	9.056420335027878
1.6818181818181812	0.8632061700494083	9.049022751403896
1.6883116883116873	0.8526835677455163	9.042944566310121
1.6948051829085578	0.8421609727385206	9.038082716595445
1.7012985625695325	0.8316386254971252	9.03430317775777
1.70779196725863	0.821116680992369	9.031225169552918
1.7142861851353484	0.8105944666306188	9.028746821765255
1.7207820567680578	0.8000749302372848	9.026688804416922
1.7271130165480972	0.78959885525947	9.025132951698692
1.7390947635109335	0.7689774384151553	9.022917308936506
1.7331907971390776	0.7792483325848361	9.023873441998754
1.7449175320160033	0.7582936653226394	9.022138931507406
1.7501313483365433	0.7499492696732953	9.02170176257969
1.7592361507413936	0.7461457679527774	9.021713314190338
1.7691788079036008	0.7400319054649249	9.021698352584052
1.7793640275615736	0.7337766140378742	9.021773546517252
1.7897145055452681	0.7273642484221684	9.021936377737083
1.8001556928150644	0.7208490902708631	9.022184063825428
1.8106369512035958	0.7143169142152302	9.02251149778782
1.8211364646606334	0.7078017252545292	9.022911323834771
1.831644789636463	0.70130089869376	9.02337525170362
1.8421618344478956	0.6948055680061412	9.023895399748456
1.852683581166114	0.6883116869671579	9.02446389123027
1.863206170049409	0.6818181818181817	9.025073070105904
1.8737287723533005	0.6753246753246754	9.02571576524623
1.8842513746571914	0.668831168831169	9.02638524155276
1.894773976961083	0.6623376623376623	9.02707520471118
1.9052965792649748	0.6558441558441558	9.027779861572496
1.9158191815688665	0.6493506493506492	9.028493980524475
1.9263417838727583	0.6428571428571428	9.029212941435476
1.93686438617665	0.6363636363636364	9.029932764194056
1.9473869884805417	0.6298701298701299	9.030650109747087
1.9579095907844333	0.6233766233766236	9.031362254048119
1.968432193088325	0.6168831168831169	9.032067038770016
1.978954795392217	0.6103896103896104	9.032762797461158
1.6233766233766231	0.9789547953922165	9.443265156506643
1.62987012987013	0.9684321930883248	9.445801659726
1.6363636363636358	0.9579095907844332	9.445380914558838
1.6428571428571421	0.9473869884805416	9.270898177114077
1.6493506493506487	0.9368643861766497	9.189933615133333
1.6558441558441552	0.9263417838727578	9.149458283363527
1.6623376623376618	0.9158191815688661	9.11655687576937
1.6688311688311683	0.9052965792649745	9.094823870358214
1.6753246753246749	0.894773976961083	9.07891457287589
1.6818181818181812	0.8842513746571912	9.065973800292982
1.6883116883116873	0.8737287723532997	9.056089980148414
1.6948051948051939	0.8632061700494079	9.048738066463534
1.7012987012986998	0.8526835677455159	9.04270819568594
1.7077920599975454	0.8421610452387315	9.037900632512134
1.7142850173144628	0.8316390538575971	9.034179240126514
1.7207779375672627	0.8211184811791745	9.03116404573572
1.7272745562508112	0.8106020700614939	9.028749163990753
1.73378324969926	0.8000968002934558	9.026757325856776
1.7399284952328473	0.7897421227305722	9.025282783829537
1.7513330797195716	0.770001854635445	9.02324683588031
1.745674666892539	0.7796040289127414	9.024096455505573
1.7579697857366474	0.7592579957810139	9.02251348657348
1.769208418580256	0.75290146428511	9.022406017854523
1.7794233108604307	0.7467792012128835	9.022391666222605
1.789797695792334	0.7404232753009984	9.02246879720895
1.800210250132225	0.7338939200524018	9.022637424711773
1.8106701725034193	0.7273375149889135	9.022898574927785
1.8211551540686506	0.7208027709804047	9.02324531355548
1.8316546294484013	0.7142929545651037	9.023668515041384
1.8421648708394318	0.7077941990800407	9.024158739403326
1.8526839658587824	0.7012989750571824	9.024706868371767
1.8632061700494083	0.6948051948051942	9.02530377178507
1.8737287723533005	0.6883116883116879	9.025940785463263
1.884251374657192	0.6818181818181817	9.02660985705691
1.8947739769610832	0.6753246753246752	9.027303514009382
1.9052965792649748	0.6688311688311687	9.028014893750592
1.9158191815688663	0.6623376623376623	9.028737789262392
1.9263417838727577	0.6558441558441557	9.029466686718862
1.9368643861766497	0.6493506493506491	9.030196794264908
1.9473869884805415	0.6428571428571426	9.030924054926084
1.9579095907844335	0.6363636363636364	9.031645136074749
1.968432193088325	0.62987012987013	9.032357389833118
1.9789547953922169	0.6233766233766235	9.0330587760588
1.636363636363636	0.9789547953922165	9.44243641007923
1.6428571428571421	0.9684321930883248	9.44519191667055
1.6493506493506487	0.9579095907844332	9.44471892931759
1.6558441558441552	0.9473869884805416	9.27053018616069
1.6623376623376618	0.9368643861766497	9.189443824109675
1.668831168831168	0.926341783872758	9.148951952199583
1.6753246753246749	0.9158191815688662	9.116071566440596
1.681818181818181	0.9052965792649742	9.094362011530036
1.6883116883116875	0.8947739769610825	9.078486280352509
1.6948051948051939	0.8842513746571911	9.065585990429595
1.7012987012986998	0.8737287723532994	9.055747620256668
1.7077922077922063	0.8632061700494077	9.04844730940228
1.7142857142857129	0.8526835677455157	9.042472450511346
1.7207785018284796	0.8421609779782907	9.03772742479403
1.7272698357528047	0.8316390631829139	9.034071215345152
1.7337598243292207	0.8211197154318222	9.031126599264574
1.7402547185846622	0.8106077034848425	9.02878048865992
1.7466389709462935	0.8001383124749284	9.02686370338475
1.761329521036492	0.7708697723444013	9.023551921820879
1.7526318369227198	0.7898022771866682	9.025460923705515
1.7578690288300833	0.7798521479237713	9.024338699935692
1.7698281003154301	0.7655961843701207	9.023314329188878
1.7796435525815237	0.7595750779115396	9.023173585768278
1.7899047697339423	0.7536531272499184	9.023160465064274
1.8002582640712994	0.7469983433371159	9.023221961941898
1.8107053715649115	0.7403722463194257	9.023396670988989
1.8211767671866428	0.733807390996707	9.023674021160213
1.8316668822714446	0.7272873887307076	9.024042850833615
1.8421705775447963	0.7207843582141708	9.024491815453727
1.8526852714231057	0.7142870909067307	9.025010361150393
1.863206265479313	0.7077923208936235	9.025588006434562
1.8737287723533	0.7012987012987008	9.026214418408678
1.8842513746571916	0.6948051948051942	9.0268798774428
1.8947739769610834	0.6883116883116878	9.027575377331344
1.9052965792649748	0.6818181818181817	9.028292654092063
1.9158191815688665	0.6753246753246752	9.029024253528542
1.9263417838727575	0.6688311688311688	9.029763569364887
1.9368643861766495	0.6623376623376622	9.030504857093044
1.9473869884805413	0.6558441558441556	9.031243231870624
1.957909590784433	0.6493506493506492	9.031974650927038
1.968432193088325	0.6428571428571428	9.032695874502862
1.9789547953922166	0.6363636363636365	9.033404390597154
1.6493506493506491	0.9789547953922165	9.441530808221144
1.6558441558441555	0.9684321930883247	9.444523905625772
1.6623376623376618	0.9579095907844332	9.443994444623412
1.6688311688311683	0.9473869884805416	9.270136979732571
1.6753246753246749	0.9368643861766498	9.18891508898078
1.6818181818181812	0.9263417838727581	9.148407522101195
1.6883116883116875	0.9158191815688661	9.115551374758825
1.6948051948051939	0.9052965792649744	9.093870330836602
1.7012987012987002	0.8947739769610824	9.078033820759098
1.7077922077922068	0.8842513746571905	9.065180867438615
1.714285714285713	0.8737287723532989	9.055394931193101
1.7207792207792199	0.8632061700494073	9.048152550718944
1.7272727272727266	0.8526835677455152	9.042242479388173
1.7337631824185724	0.8421597060787308	9.037567693952115
1.7402506564837477	0.8316363459339896	9.033984354898607
1.746730380514978	0.8211147542303813	9.031118409164693
1.7532029471374235	0.8106055046680433	9.028845669703971
1.7594679017800814	0.8000932577386867	9.026998563643419
1.7706787939657815	0.7790293626816112	9.024513621644433
1.7654380125670783	0.7895230590432513	9.025646311385655
1.7796929117828184	0.7716591090766448	9.024092724765566
1.7793331102027676	0.7794770550698418	9.024789926705354
1.7900002359562575	0.7669070343846063	9.024041933747105
1.8004400684202033	0.7602416068331419	9.023980455412469
1.8107305262273041	0.7534196603361419	9.024032918579548
1.8211943856999433	0.746784090134195	9.024220100352592
1.8316761380938271	0.7402775059647694	9.024519392879725
1.8421766742485286	0.7337746292616587	9.024913498502046
1.8526877502843142	0.7272761812960472	9.02539079740845
1.8632067562384993	0.7207799578749851	9.025939632533671
1.8737287845340536	0.7142857337337726	9.02654815943386
1.8842513746571914	0.7077922077922074	9.027204869742535
1.8947739769610827	0.7012987012987009	9.027898934914035
1.9052965792649748	0.6948051948051943	9.02862035035619
1.9158191815688665	0.6883116883116882	9.029360045147717
1.9263417838727577	0.6818181818181817	9.030109978652634
1.9368643861766495	0.6753246753246752	9.030863178345001
1.9473869884805413	0.6688311688311688	9.03161373238138
1.9579095907844335	0.6623376623376623	9.032356751213003
1.968432193088325	0.6558441558441559	9.033088304816504
1.9789547953922169	0.6493506493506495	9.033805327088716
1.662337662337662	0.9789547953922165	9.440540618551863
1.6688311688311683	0.9684321930883248	9.443791939262312
1.6753246753246749	0.9579095907844333	9.443200848642297
1.6818181818181814	0.9473869884805416	9.269717540567127
1.6883116883116875	0.9368643861766498	9.188344388317235
1.6948051948051939	0.926341783872758	9.14782246141938
1.7012987012987002	0.9158191815688661	9.114994383137182
1.7077922077922068	0.9052965792649742	9.093347927026329
1.7142857142857133	0.8947739769610822	9.07755737168569
1.7207792207792199	0.8842513746571904	9.06475988446396
1.7272727272727266	0.8737287723532988	9.055033920088464
1.7337662337662334	0.863206170049407	9.047857496108463
1.740255781728527	0.8526811072395123	9.04202216701406
1.746744700721111	0.8421557682122666	9.037427240187638
1.7532237008065181	0.8316261247868448	9.033924825789756
1.7596879311482958	0.8210926824831173	9.031144784478931
1.7661650328402243	0.8105631083554865	9.028947079269527
1.7725514024245763	0.7999031203665578	9.02716984812097
1.7789469457853018	0.7883226800660623	9.025793335547418
1.7883964386489897	0.7797807435507361	9.025078827799943
1.7999653327773946	0.7730544229011036	9.024884181507135
1.8106254285542054	0.7663811077824423	9.024826580516303
1.821159639053264	0.759740567610531	9.024907239035675
1.83166626441534	0.7532551331984203	9.025120639077942
1.8421783302918548	0.7467631441764522	9.025444995200601
1.8526906541311643	0.7402663239966508	9.025867577584783
1.8632081057020355	0.733768678656545	9.026375990879473
1.873729126534873	0.7272731521359654	9.02695715968588
1.8842513746571907	0.7207792207792211	9.027597855237106
1.8947739769610827	0.7142857142857143	9.028285328444598
1.9052965792649745	0.7077922077922074	9.029007598305766
1.9158191815688663	0.7012987012987012	9.029753684517672
1.926341783872758	0.6948051948051945	9.030513755270192
1.9368643861766495	0.6883116883116883	9.03127924210193
1.9473869884805413	0.6818181818181819	9.032042878468458
1.9579095907844335	0.6753246753246754	9.03279867235848
1.968432193088325	0.6688311688311691	9.033541826450614
1.9789547953922166	0.6623376623376624	9.034268607596937
1.6753246753246749	0.9789547953922164	9.439457072267196
1.6818181818181812	0.9684321930883248	9.442989870648196
1.6883116883116878	0.9579095907844332	9.442330579071907
1.694805194805194	0.9473869884805415	9.269270836640457
1.7012987012987002	0.9368643861766497	9.187728466417978
1.7077922077922068	0.9263417838727578	9.147194039712057
1.7142857142857133	0.9158191815688658	9.114398728656221
1.7207792207792199	0.905296579264974	9.092794204941228
1.7272727272727266	0.8947739769610821	9.077057715179427
1.7337662337662334	0.8842513746571905	9.064325052995978
1.7402597402597397	0.8737287723532989	9.054667347774382
1.7467485500761828	0.8632036926466471	9.04756734288918
1.7532330129644993	0.8526752065127455	9.041817580626114
1.7597232597483	0.8421483083592467	9.037313667585638
1.7661758356925237	0.8315982191457237	9.033898603089499
1.7726171027625137	0.8210443666366181	9.03121233127799
1.7790512196869572	0.8104875930406944	9.029094860009907
1.7856187745180727	0.7999429037605859	9.027452596871553
1.7904816206978769	0.7905333895530554	9.02637226902771
1.7998148849676772	0.7856851374281301	9.026074400693846
1.8105149401170326	0.7793309074275648	9.025856089306531
1.8211242952292392	0.7727780633525261	9.02579292430074
1.8316654053120933	0.7662500181530674	9.025885230387109
1.8421754773287913	0.7597520933261778	9.026114408222265
1.8526927301815999	0.753259371081985	9.026464044657756
1.8632107852230104	0.7467601262307003	9.026917448431398
1.8737305502503443	0.7402616727981238	9.027459501727995
1.8842516958654485	0.7337664890374009	9.02807498263821
1.8947739769610827	0.7272727272727274	9.028748953349734
1.9052965792649748	0.7207792207792206	9.02946719427323
1.9158191815688659	0.7142857142857144	9.03021655669979
1.9263417838727575	0.7077922077922079	9.030985155569438
1.9368643861766495	0.7012987012987013	9.031762510324208
1.947386988480541	0.6948051948051949	9.032539652605521
1.957909590784433	0.6883116883116883	9.033309151589433
1.968432193088325	0.681818181818182	9.034065057059857
1.9789547953922169	0.6753246753246755	9.034802758105572
1.6883116883116878	0.9789547953922164	9.438270260073004
1.694805194805194	0.9684321930883247	9.442110846857112
1.7012987012987004	0.957909590784433	9.441374674416089
1.707792207792207	0.9473869884805415	9.268795733391528
1.7142857142857135	0.9368643861766497	9.187063835747475
1.72077922077922	0.9263417838727577	9.146519361794292
1.7272727272727266	0.9158191815688659	9.11376271912601
1.7337662337662334	0.905296579264974	9.09220906298795
1.7402597402597397	0.8947739769610823	9.076536434896001
1.7467532467532463	0.8842513746571907	9.063878789867521
1.7532433130402119	0.8737273688469082	9.054298873504658
1.7597240426566458	0.8631981239709359	9.047288947952984
1.766193854339029	0.8526601010855677	9.041634407246471
1.772654688695124	0.8421106002836442	9.037227130840732
1.7791062573071228	0.8315479226160375	9.033914904465847
1.7854947125849643	0.8209678907627582	9.03133214299247
1.7916555368938996	0.8103806577892042	9.029308632068949
1.7990925992350857	0.7989842256866996	9.027671314220898
1.8104629280539541	0.7923587351467294	9.027208854852004
1.8211131514606687	0.785754014739536	9.026939451868886
1.8316789489319063	0.7792283755610466	9.02686666292267
1.8421878069140192	0.7727458758697033	9.02696594244488
1.8526941240915535	0.7662626031894486	9.027213904582654
1.8632156661145538	0.7597572951004091	9.02759067931917
1.8737338139613293	0.7532530868678431	9.028077222010735
1.8842530856177568	0.7467544195723335	9.028655298599155
1.8947741864939298	0.740259835242242	9.029306875593386
1.9052965792649748	0.7337662337662337	9.030014767235562
1.9158191815688663	0.7272727272727275	9.030763084721213
1.9263417838727575	0.720779220779221	9.031537500842374
1.9368643861766495	0.7142857142857144	9.032325324570605
1.947386988480541	0.7077922077922079	9.03311559711875
1.957909590784433	0.7012987012987013	9.033899149298001
1.968432193088325	0.6948051948051949	9.034668577810093
1.9789547953922166	0.6883116883116884	9.03541812041105
1.7012987012987006	0.9789547953922165	9.436969044632397
1.707792207792207	0.9684321930883247	9.441146627690658
1.7142857142857135	0.957909590784433	9.440322109218046
1.72077922077922	0.9473869884805413	9.268290981826011
1.7272727272727266	0.9368643861766496	9.186346840749636
1.7337662337662332	0.9263417838727577	9.145795483705728
1.7402597402597397	0.915819181568866	9.113085022201885
1.7467532467532463	0.9052965792649742	9.091593167920946
1.7532467532467528	0.8947739769610825	9.075995965590186
1.7597402597402596	0.8842513746571908	9.063424200445622
1.7662202074942437	0.873723912952259	9.05393681801331
1.7726851163797213	0.8631874198193801	9.047030095923544
1.7791293892824687	0.8526334711932745	9.041482451156272
1.7855576912168025	0.8420515766319502	9.037182280728226
1.791999663374375	0.831435682964547	9.033972878403125
1.7983517867747338	0.8208026820773987	9.031496991751157
1.802324128563584	0.8110986514070879	9.029708732974715
1.8114613761365277	0.8052896324491524	9.029004100214083
1.8214504428698248	0.7986150023425106	9.028439605772917
1.8317974277158566	0.7921810311398624	9.028147931563389
1.8422473931227696	0.7857310629544717	9.028067088779133
1.852723829232664	0.7792683518447994	9.028171709367902
1.86322714924364	0.7727593651363666	9.028436945935432
1.873739754065567	0.766249515338651	9.028842204258426
1.8842564281785499	0.7597442619951189	9.029364096008061
1.8947750791260098	0.7532471182842156	9.029980091919741
1.9052966574599186	0.7467532585022526	9.030668783453917
1.9158191815688665	0.7402597402597403	9.03141028975548
1.9263417838727575	0.7337662337662341	9.032186896757503
1.9368643861766495	0.7272727272727275	9.032983062825478
1.947386988480541	0.720779220779221	9.033785402751517
1.9579095907844335	0.7142857142857144	9.0345826910713
1.968432193088325	0.7077922077922079	9.03536580939499
1.9789547953922166	0.7012987012987013	9.036127603281145
1.7142857142857137	0.9789547953922165	9.435539566919706
1.72077922077922	0.9684321930883247	9.440086967362122
1.7272727272727266	0.9579095907844329	9.439159747510365
1.7337662337662332	0.9473869884805413	9.267755480022585
1.7402597402597397	0.9368643861766496	9.18557384089634
1.7467532467532463	0.9263417838727578	9.145019605302695
1.7532467532467528	0.915819181568866	9.112364947540003
1.7597402597402594	0.9052965792649742	9.090948259765577
1.7662314685317229	0.8947734165036311	9.075438907476249
1.7727171726652706	0.8842487859251631	9.062964666943108
1.7791849567462912	0.8737179278060069	9.053590558950349
1.7856243096789732	0.8631730747506726	9.046803513929687
1.7920307754141869	0.8526022632739337	9.041378702360985
1.7984130392773097	0.8419726715287371	9.037195642369676
1.8048232415962893	0.8311575094913212	9.034065986312102
1.8113470604399287	0.8190541075739326	9.03139679899653
1.8218045327533452	0.8110774731530132	9.030315054015302
1.8320129944927392	0.8050238902702493	9.029801876782942
1.842328278447668	0.7987060194621652	9.029498681511384
1.8527732374438346	0.792240276070692	9.029406864739284
1.8632376688408987	0.7857682100666171	9.029517147259064
1.8737518531166064	0.7792502152782742	9.029803814545991
1.8842621165625548	0.7727381298805834	9.03024002228013
1.8947780655714652	0.7662354203837927	9.030799027246077
1.9052970019667503	0.7597402848804573	9.031453797401795
1.9158191942513747	0.7532467518866408	9.03217919413258
1.9263417838727581	0.7467532467532467	9.032952453417282
1.9368643861766497	0.7402597402597404	9.033753897514353
1.9473869884805415	0.7337662337662341	9.034566752610642
1.9579095907844335	0.7272727272727275	9.035377073860888
1.968432193088325	0.720779220779221	9.036173602306674
1.9789547953922166	0.7142857142857144	9.036947520497579
1.7272727272727266	0.9789547953922164	9.433960730043792
1.7337662337662332	0.9684321930883246	9.438920067422403
1.7402597402597397	0.9579095907844329	9.437872790347116
1.7467532467532463	0.9473869884805413	9.267188782329653
1.7532467532467528	0.9368643861766495	9.184741382156952
1.7597402597402594	0.9263417838727577	9.144189331203846
1.766233766233766	0.915819181568866	9.11160284156555
1.7727272727272725	0.9052965792649742	9.090277204664984
1.7792128520586006	0.8947722309165519	9.074869575261717
1.7856867641585181	0.8842448093630728	9.062512729305956
1.7921338230054122	0.8737107968231225	9.053273411497768
1.798538868604659	0.8631651992859238	9.046629334553797
1.804885077016584	0.8525993456654257	9.04135326645637
1.8111698751491199	0.8419836037347034	9.037322043158872
1.8173420780021958	0.8312639607237905	9.034355416713991
1.822626563208935	0.8218333165192069	9.032347622052036
1.8322078278435965	0.8179525845161248	9.031931752317332
1.8424916888714156	0.811596660314624	9.031340229600675
1.8528205971400316	0.8052148113420274	9.031003685970092
1.8632816578789766	0.7987532007540706	9.030908411849667
1.8737728342806086	0.7922498998835872	9.031029301088742
1.884275700823	0.7857367196172476	9.031340199632309
1.8947845442141864	0.779227101642121	9.031809917768017
1.9052996304364964	0.7727279360179943	9.032406945514788
1.915819255550164	0.7662337582997764	9.033099784244762
1.9263417838727575	0.7597402597402599	9.033859480515757
1.9368643861766495	0.7532467532467534	9.034660379286125
1.9473869884805415	0.7467532467532467	9.035480817975314
1.9579095907844333	0.7402597402597405	9.036302885471088
1.968432193088325	0.7337662337662341	9.037112268984247
1.9789547953922166	0.7272727272727275	9.03789789983655
1.7402597402597397	0.9789547953922164	9.432209538703022
1.7467532467532463	0.9684321930883247	9.437633043362327
1.7532467532467528	0.957909590784433	9.436444743535477
1.766233766233766	0.9368643861766496	9.183846334357895
1.7597402597402594	0.9473869884805413	9.266591346288221
1.7727272727272725	0.9263417838727578	9.143303010285637
1.779220779220779	0.9158191815688661	9.110800548102604
1.7857100714276821	0.9052959575906135	9.089582747580865
1.792188815000425	0.8947703010302469	9.074295286703226
1.7986496998101977	0.8842404785795006	9.062082970704978
1.8050788698570979	0.8737079556736527	9.053005251426013
1.8114316532008514	0.8631779303200959	9.046532516798797
1.8177017973228597	0.8526830402263486	9.041451233545102
1.8236453902123249	0.8421435372939406	9.037611900814198
1.831037630392574	0.830918642080052	9.034654154147988
1.8425725435056217	0.8245238647841452	9.033698947178921
1.8530078917988344	0.8181587915130311	9.033057134022842
1.8633273874355074	0.8117438402999487	9.032693073358274
1.8738159818559967	0.8052560877339259	9.03259804709537
1.8842920050301533	0.7987364625838826	9.03273415204651
1.8947983186861028	0.7922242493111696	9.033075080353873
1.9053069530283502	0.7857179414542762	9.033581270754356
1.915821388907171	0.7792211277368897	9.034216446936753
1.9263417838727577	0.7727272727272733	9.03494492001654
1.9368643861766495	0.7662337662337665	9.035734009691389
1.9473869884805413	0.7597402597402597	9.036555448069917
1.9579095907844335	0.7532467532467533	9.037385841657832
1.968432193088325	0.7467532467532468	9.03820644429325
1.9789547953922166	0.7402597402597404	9.039002852169716
1.7532467532467528	0.9789547953922165	9.430258635681483
1.7597402597402594	0.9684321930883247	9.436211361676003
1.766233766233766	0.9579095907844329	9.43485713398279
1.779220779220779	0.9368643861766496	9.1828860338905
1.7727272727272725	0.9473869884805413	9.265964796322919
1.7857142857142856	0.9263417838727578	9.142360196290044
1.7922049791938262	0.9158189467778164	9.109961355477585
1.7986883053115132	0.9052948843228529	9.088870232151827
1.8051566033752007	0.894767392236466	9.073730376658121
1.8116128980630555	0.8842354330935535	9.061691376960525
1.8179865382178484	0.8737048794983093	9.052803356937309
1.8242643145341937	0.8631853530946018	9.046513282686
1.8303687618276823	0.8528056015834266	9.041655086333757
1.8342521985795168	0.843206375415323	9.038271221853293
1.8432576502979643	0.8374418902420798	9.036849581661118
1.8533589037127867	0.8309900634741991	9.035709727409916
1.863583231786301	0.8247117189159662	9.035001565207073
1.873874772259506	0.8183045628361345	9.034610583561927
1.884347234251227	0.8117485600459315	9.034508592571926
1.89482437025218	0.8052258552277155	9.03466813315538
1.905320197873868	0.7987120814021331	9.03504260245643
1.915827642073561	0.7922096640523432	9.035587758630141
1.9263432002666363	0.7857143963615242	9.036260217386868
1.9368644855385575	0.7792207713790377	9.037019621809987
1.947386988480541	0.7727272727272729	9.037829985789825
1.9579095907844335	0.7662337662337664	9.038661056584145
1.968432193088325	0.7597402597402597	9.03948829782201
1.9789547953922166	0.7532467532467533	9.040292658655972
1.766233766233766	0.9789547953922164	9.428076256708538
1.7727272727272725	0.9684321930883246	9.434638512059452
1.779220779220779	0.9579095907844329	9.433089184198948
1.7922077922077921	0.9368643861766496	9.181858542808564
1.7857142857142856	0.9473869884805413	9.26531216667042
1.7986996681610743	0.9263417425360293	9.141362168645673
1.8051866736147455	0.9158186804207872	9.109091174846343
1.8116593123429674	0.9052940312170737	9.088150639726782
1.818119434259637	0.8947650457621421	9.073196484995476
1.8245325926714728	0.8842239284640586	9.06135857043182
1.8308071368316605	0.8737041238821592	9.05270118821929
1.8370060547214024	0.8630340211216646	9.046529084635106
1.8435097102925055	0.8512296627175321	9.041257681406229
1.85378392689232	0.8435831720376994	9.039146989016439
1.8638522739087124	0.8374951092951607	9.037974037118532
1.8740528867983388	0.8312785178016833	9.037208946322282
1.884439393890262	0.8247365924902089	9.03677200690908
1.8948688020761697	0.8182251171311332	9.036680324425006
1.905339837469607	0.8117090732745775	9.036868934240493
1.9158377441265628	0.8052006124135419	9.037283330097019
1.9263468459942377	0.7987018899685981	9.037868969662297
1.9368650532941274	0.7922077921578317	9.038575599696644
1.9473870013893917	0.785714284363964	9.039357843545078
1.9579095907844335	0.7792207792207796	9.040177175400606
1.968432193088325	0.7727272727272729	9.041002134719434
1.9789547953922166	0.7662337662337664	9.041807959713752
1.779220779220779	0.9789547953922165	9.425625092680276
1.7857142857142856	0.9684321930883247	9.432895638382425
1.7922077922077921	0.9579095907844329	9.431117378691797
1.805194805194805	0.9368643861766495	9.180763116318213
1.7987012987012985	0.9473869884805413	9.264638180833456
1.8116828790443609	0.9263417287138099	9.140312357750078
1.8181676727344966	0.9158190328347465	9.108198862144597
1.8246192964465795	0.9052967279598056	9.087447664354862
1.831072163302669	0.8947758803109254	9.07273276688987
1.8373413577570468	0.8842778457196271	9.061182771353446
1.8434406888586528	0.8738794627290648	9.052849476558405
1.849309901519947	0.8633948983958214	9.046944978100028
1.8546848159607527	0.854306159089608	9.042985203117118
1.8640402071811983	0.850036147407617	9.041807886735148
1.8742153557271168	0.8441037242306163	9.040578092591014
1.8845681280311286	0.8376565136363002	9.039691852519802
1.8949457694277265	0.8311910653340733	9.039244652194514
1.9053712459431613	0.8247036269105563	9.039167234508609
1.9158502324761015	0.8181955226877246	9.039390563321119
1.926352808123908	0.8116905554395797	9.039846954276705
1.9368663604798764	0.8051948921298702	9.040471350566278
1.9473870855921984	0.7987012943932963	9.041204696329514
1.9579095907844335	0.7922077922077925	9.041996827081881
1.968432193088325	0.7857142857142859	9.042807245666774
1.9789547953922166	0.7792207792207795	9.04360425630703
1.7922077922077921	0.9789547953922164	9.42286176336759
1.7987012987012985	0.9684321930883247	9.43096117894972
1.805194805194805	0.9579095907844329	9.428914982712568
1.8181777000125254	0.936864361875601	9.179600803864998
1.8116883116883116	0.9473869884805413	9.263949635380802
1.8246653430256279	0.9263418188156617	9.139216016138063
1.831122052572704	0.9158212763047026	9.10730075744383
1.8375628045628993	0.9053044539475051	9.086793638270622
1.8439720619992273	0.8948123078822883	9.072385238739857
1.850040253338128	0.8844658258626126	9.061262956497162
1.855669330198961	0.8741270034852096	9.053240968964326
1.8627776009033608	0.8632860160837823	9.047294310179028
1.8743062776543635	0.8568275525665013	9.045070899083212
1.88468688853074	0.8505299823457699	9.043545251270574
1.8950684738125891	0.8440991996154494	9.042574124466638
1.905435528109398	0.8376692382928427	9.042104628150668
1.915871586724056	0.8311897269636512	9.042040935499157
1.9263614611249082	0.8246827972740958	9.042298853643915
1.936869517667054	0.8181823629775483	9.042794644653675
1.9473873039597864	0.8116883128145588	9.043449269527484
1.9579095907844333	0.8051948051948052	9.044194621024788
1.968432193088325	0.7987012987012988	9.044976139613793
1.978954795392217	0.7922077922077922	9.045752081816294
1.805194805194805	0.9789547953922165	9.419735013806614
1.8116883116883116	0.9684321930883247	9.428810737420974
1.818180541414028	0.9579095063027134	9.426450971187846
1.8311591813042247	0.9368643096572168	9.178373434675082
1.8246702471738698	0.9473868842507785	9.263255181965363
1.8376249289229556	0.9263435591256606	9.138090293479548
1.8440722233752813	0.9158224746468169	9.106408399996253
1.8503944937238657	0.9053567707164083	9.086293519274136
1.856699217642613	0.894868160780289	9.072175933534659
1.862326639475504	0.8845304936499966	9.061362793462377
1.866120897098173	0.8752053241899787	9.05435826436804
1.8748669321432512	0.8696004124684014	9.051274806059547
1.8850229885901788	0.863317341200882	9.04876894312257
1.895245988025347	0.8569523764620881	9.047009369619156
1.9055580935825682	0.8505736985391171	9.045945180674972
1.915924096391185	0.8441590283742489	9.045443466737787
1.9263786105372296	0.8376755406923718	9.045388813738052
1.936876455484648	0.8311717756101008	9.045676133319235
1.9473890072482478	0.8246753660180729	9.046200345074794
1.9579095907844335	0.8181818181818183	9.046866654688833
1.968432193088325	0.8116883116883118	9.047598352234608
1.9789547953922166	0.8051948051948054	9.048337550768892
1.8181818181818181	0.9789547953922164	9.41618517713128
1.8246753246753247	0.9684321930883246	9.426417042760859
1.8311638560451409	0.9579092528120573	9.423690319706607
1.844121313095478	0.9368666519760821	9.177098963106639
1.8376477744096968	0.9473868620754923	9.262568371687214
1.8505896326051094	0.9263465761953729	9.136944997871318
1.8568978629831594	0.915890613867549	9.105742360800418
1.8631627917800142	0.9054426131740007	9.085985493003589
1.8691715636253072	0.8948030147760453	9.072028416721045
1.8753197355081848	0.8831060628988032	9.060273223280264
1.885654093105246	0.8758601778704608	9.055815977637735
1.895563716697839	0.869646499775368	9.05298370345163
1.9057393292489546	0.8634063172863048	9.051078630467101
1.916026128474698	0.8570770296451043	9.049918756064955
1.9264122040062515	0.8506545395614626	9.04937435545767
1.936889810270155	0.8441616985732304	9.049319512300848
1.9473939810117118	0.8376630620129696	9.049621676996496
1.9579104997201713	0.831168812217124	9.050150541012945
1.9684322628145638	0.8246753238873935	9.050795787965162
1.9789547953922169	0.8181818181818183	9.051473379479136
1.8311688311688312	0.9789547953922164	9.412140802452186
1.8376583764416274	0.9684316237998384	9.423754389042296
1.8441424190789728	0.957908622828005	9.420587716904917
1.8570773891602066	0.936872741546158	9.175776486729971
1.8506148524280475	0.9473876942265861	9.261909332895781
1.8634065330847358	0.9264201891912439	9.136068827748362
1.8696920640158043	0.9160104847624123	9.105294082937498
1.8758673642869335	0.9056701393458133	9.086114649503058
1.8816536303725904	0.895200615958664	9.0726456345661
1.8866633903030898	0.8863066853469952	9.06383602587784
1.8957833016557026	0.8821658321205273	9.061040637809107
1.9059365995616024	0.876176953711945	9.058046150464053
1.9161606544534082	0.8699572161220704	9.055930798562343
1.9264918167341676	0.8635934311800347	9.054640328128109
1.936923482936565	0.8571384077388758	9.054041008807873
1.9474018173297611	0.8506516440739	9.053969846017266
1.9579133073232213	0.8441562778189747	9.0542564233078
1.9684326163214152	0.8376623336745407	9.05474550449982
1.9789548076090242	0.8311688311880322	9.055315045827577
1.8441526523146454	0.9789541474120914	9.407574639934564
1.8506367854836696	0.9684302787547866	9.4207834909877
1.8571107957980857	0.9579070603040406	9.417085687358126
1.8699021438430374	0.9369309240708313	9.174739416675513
1.8635722534206705	0.947386600505686	9.261251421086454
1.8761598736705192	0.9265393441118789	9.135377817499256
1.8823701221646203	0.9162532846856372	9.105348790765987
1.8879459364297888	0.9060481007476135	9.08688583290713
1.8949537920822395	0.8952696926367136	9.073165568192904
1.9061097352151324	0.8889934647458979	9.067875370515287
1.9162766024901132	0.8828790608890119	9.06424390272471
1.9265930928521084	0.8765187401865546	9.061758661823779
1.9369745597827002	0.8700975933130719	9.060301171352712
1.9474265141748652	0.8636314981436127	9.059631464607115
1.9579168767132435	0.8571447515396605	9.059510508027921
1.968434256940993	0.8506500201750171	9.059725949989227
1.978954866656925	0.8441558442678497	9.060101292696002
1.8571326346563364	0.9789525624933052	9.402354558692403
1.863607355891667	0.968427366159765	9.417462176525154
1.88265916993845	0.9369960773578887	9.173748799106404
1.870073379273251	0.9579028625210374	9.41310082871911
1.876402061571035	0.9474225472047908	9.261068633591337
1.8888022941643798	0.9266725848529543	9.1347655244956
1.8944492256391783	0.916834950245393	9.106509643685827
1.8982458256939956	0.9069244627707723	9.088882163846842
1.9071889052601443	0.9014217846694987	9.081680141684904
1.9169959898443516	0.8954987116163969	9.075893097897364
1.9269681706703066	0.8893025936164124	9.071599443851438
1.937090957811938	0.8830161287515799	9.068799920547129
1.9474911360870362	0.8765885984951812	9.067167225270188
1.9579335429967812	0.8701316536908386	9.066385241914587
1.968435766057705	0.8636384004977745	9.066143723386318
1.978956228595164	0.8571434581832601	9.06619334033026
1.8701055184933175	0.9789487785112477	9.396256843095939
1.8765725817427208	0.9684223085772578	9.41374543249257
1.895255451686585	0.9370728838022021	9.173044409702213
1.8891897738217582	0.9474508252850549	9.260784944300518
1.8829238191780717	0.9579161791048784	9.40865999551655
1.9012965478157475	0.9265886345901156	9.13373900643174
1.90773925831256	0.9151079166411055	9.102672284840496
1.9181472289389399	0.9081865727826006	9.092577136842523
1.9275037160099735	0.9020439544504741	9.085504765231745
1.9374183385034043	0.8958176599996697	9.080605983894786
1.9476221030010672	0.8895054252163354	9.0774497654799
1.9579799653329928	0.8831088738861451	9.075598238071263
1.9684493427272738	0.8766329555425639	9.074604546501076
1.978958730906431	0.8701312484735898	9.074107283523434
1.8830666612446565	0.9789405630062537	9.388709342889287
1.889452691252978	0.968417282746311	9.409574050009995
1.9076313604745123	0.9372985340864048	9.17363964185151
1.9017745927709404	0.9475220147128558	9.260965086142148
1.895753792236489	0.9579180800320288	9.403452926428697
1.9135247722276487	0.9268413360206893	9.13449950152643
1.9187443801414343	0.918197174756958	9.111122343654396
1.927814564950984	0.9148699993224663	9.105289366856567
1.9376780031518537	0.9085881893652988	9.09713888896876
1.9478017987953864	0.9023706102364736	9.091699092793277
1.958041361632361	0.8960839442315736	9.088218490976997
1.9684798343620173	0.8896380604177511	9.086033219418113
1.9789724754944313	0.8831299092126419	9.084648624028008
1.8959939391153435	0.978926444399988	9.378411088937353
1.9023159288876788	0.9683953376636202	9.404928841423443
1.9196306391258868	0.9374876614323915	9.17546585814172
1.9141325368123285	0.9475651427739408	9.260707939759863
1.9084587145104148	0.9579118959905705	9.397309187428549
1.9265130266586934	0.9273079987903236	9.136953648688577
1.9376571563827596	0.9211952441880978	9.121774916568773
1.9479230548121758	0.9152060910844939	9.112227764640048
1.9582021499712683	0.908985441613618	9.105876803713366
1.9685066756300862	0.9026954531616718	9.101806079210986
1.978999147754033	0.8961386071373934	9.098955721806329
1.9088981166799617	0.9788984124093646	9.363826507361525
1.9150889962050948	0.9683322945591666	9.400208230310056
1.929828888791927	0.9385145477375201	9.185292324447559
1.9261532497902105	0.9473984091854701	9.257873762194976
1.920970613624289	0.9577903836335286	9.388988836374962
1.9378495820630235	0.9331769144212895	9.161695193303181
1.948164706659827	0.9280222721447156	9.145298326866127
1.9583323287666963	0.9219342626501666	9.132872231958759
1.968666841724868	0.9155920018859854	9.124607415504414
1.9790569079492843	0.9091304601944685	9.119097544230511
1.921790005992943	0.978856332926074	9.342085140227327
1.9278333746180978	0.9681649474585373	9.395909739082775
1.9380317824078848	0.9453589143368579	9.235947547495018
1.9336274200285843	0.9572545006629556	9.375924181916305
1.94849920145097	0.9416676520074303	9.21061132450138
1.958748329689865	0.9349433022001088	9.179354952908817
1.9687859423282537	0.9286708720522723	9.161109094023113
1.9791366124895668	0.9221252668843237	9.149264491418604
1.9346921501839764	0.9788642709406752	9.30225036912469
1.9407865245208349	0.9678958258166058	9.390642065074049
1.947492804407305	0.9554714928794441	9.353266359460788
1.9586098118174153	0.9479433249331616	9.279453600337673
1.9689004578729676	0.9416379973680131	9.234812453949855
1.979206308262759	0.9351415816033896	9.204500020480014
1.9474805551249352	0.978961482550527	9.23056999008307
1.953592377538858	0.9686581076311722	9.378608857483313
1.9592139516478717	0.9590057290953468	9.365590418324187
1.96881950974951	0.9549286798287536	9.352232287197934
1.979232845390004	0.948200223590392	9.307565363840594
1.9600964809535473	0.979089644832989	9.110899260689633
1.9675552547262694	0.9680270402042023	9.374265212791537
1.9792109326679748	0.9612579201073945	9.406298677287014
1.9707918009761682	0.9799698127603453	8.888796416590958
1.980130269883498	0.9741806139403192	9.22546440520938
