% Model:              Simple_2D_Model_Laminar_SS_Model.mph
% Version:            COMSOL 6.2.0.415
% Date:               Mar 15 2025, 23:46
% Dimension:          2
% Nodes:              7553
% Expressions:        1
% Description:        Velocity magnitude
% Length unit:        m
% x	y	spf.U (m/s) @ H=1, L=1
0.00842254375952863	0.008795858259311144	7.833721171229689
0	0.01298701298701298	9
0	0	4.5
0.012987012987012991	0	0
0.009630686325490422	0.01956661551124225	9.130230700955723
0	0.02597402597402596	9
0.025974025974026094	0	0
0.019495019485139743	0.011425662798300495	8.820697880365204
0.010097306239367719	0.03239981458543239	9.068258716231192
0	0.03896103896103893	9
0.03314204440094521	0.010415948320910735	8.415544912012622
0.038961038961038974	0	0
0.010355857727944702	0.04536287260525434	9.026614228942423
0	0.05194805194805192	9
0.04580930929246593	0.01052101508084402	8.28734552866188
0.051948051948052076	0	0
0.010421003552014583	0.05835714215742319	9.011391576113262
0	0.0649350649350649	9
0.05863742362893726	0.010584553090640403	8.108682034043541
0.06493506493506507	0	0
0.010449384444725193	0.07136634716642365	9.00634295844872
0	0.07792207792207786	9
0.07155914937248331	0.010589663383846601	7.923803609557766
0.07792207792207806	0	0
0.01047329752191458	0.08437559390578886	9.003609488633705
0	0.09090909090909087	9
0.08450172343533657	0.010563019031669972	7.777284236948897
0.09090909090909105	0	0
0.010494580491263368	0.09737426004186596	9.002234067391482
0	0.10389610389610383	9
0.0974460140961698	0.01053869083857894	7.673196623524086
0.10389610389610404	0	0
0.010510974235721858	0.11037672119251281	9.001445633180202
0	0.11688311688311684	8.999999999999998
0.11040427327095315	0.010527084787311972	7.6037763455286695
0.11688311688311703	0	0
0.010518423748566536	0.12337173959908992	9.00097371642749
0	0.12987012987012977	9
0.12337662337662351	0.010522602303891744	7.556852842469417
0.12987012987013002	0	0
0.010521212455894387	0.1363620066920727	9.000677676433625
0	0.14285714285714274	9
0.1363636363636365	0.010522602303891744	7.524271199492245
0.14285714285714302	0	0
0.010522133271316311	0.14935013671379319	9.00048510970552
0	0.15584415584415573	9
0.14935064935064946	0.010522602303891744	7.499692399611139
0.1558441558441559	0	0
0.010522480531135857	0.16233756466085758	9.000356052215354
0	0.16883116883116867	9
0.16233766233766242	0.010522602303891746	7.480422285907806
0.1688311688311689	0	0
0.010522590206961597	0.17532467327200885	9.000267103765244
0	0.18181818181818168	9
0.1753246753246754	0.010522602303891744	7.465053049615675
0.18181818181818188	0	0
0.010522602303891746	0.18831168831168812	9.000204277884004
0	0.19480519480519465	9
0.18831168831168843	0.010522602303891744	7.452529150311492
0.19480519480519498	0	0
0.01052260230389175	0.2012987012987011	9.000158922561168
0	0.2077922077922076	9
0.2012987012987014	0.010522602303891744	7.442182947055438
0.20779220779220786	0	0
0.01052260230389175	0.21428571428571408	9.00012554515803
0	0.2207792207792206	9
0.01052260230389175	0.2272727272727271	9.000100558888006
0	0.2337662337662336	9
0.21428571428571436	0.010522602303891742	7.433553193956954
0.22077922077922085	0	0
0.22727272727272735	0.01052260230389174	7.426301741893581
0.23376623376623384	0	0
0.010522602303891744	0.24025974025974006	9.000081567039347
0	0.24675324675324659	9
0.010522602303891746	0.25324675324675305	9.00006693363045
0	0.25974025974025955	9
0.2402597402597403	0.010522602303891746	7.420163603863261
0.24675324675324684	0	0
0.25324675324675333	0.010522602303891737	7.414924004228014
0.2597402597402598	0	0
0.01052260230389174	0.26623376623376604	9.000055520240766
0	0.27272727272727254	9
0.010522602303891746	0.2792207792207791	9.000046520774239
0	0.2857142857142856	9
0.2662337662337663	0.010522602303891732	7.410419321637412
0.2727272727272728	0	0
0.2792207792207793	0.010522602303891732	7.4065300721053475
0.2857142857142857	0	0
0.010522602303891744	0.2922077922077921	9.00003935539169
0	0.2987012987012986	9
0.010522602303891744	0.305194805194805	9.000033600962569
0	0.3116883116883115	9
0.29220779220779225	0.010522602303891763	7.403155150666131
0.2987012987012988	0	0
0.3051948051948053	0.010522602303891768	7.4002127524121475
0.311688311688312	0	0
0.01052260230389174	0.318181818181818	9.000028944656057
0	0.3246753246753245	9
0.010522602303891746	0.33116883116883106	9.00002515243876
0	0.3376623376623375	9
0.31818181818181834	0.01052260230389176	7.397645670980903
0.3246753246753249	0	0
0.3311688311688314	0.010522602303891744	7.395391875421256
0.3376623376623379	0	0
0.010522602303891742	0.34415584415584405	9.000022047355648
0	0.3506493506493506	9
0.3441558441558443	0.010522602303891744	7.393404769133512
0.35064935064935077	0	0
0.35714285714285726	0.010522602303891744	7.391642609615345
0.36363636363636387	0	0
0.010522602303891742	0.35714285714285704	9.00001949434291
0	0.36363636363636354	9
0.010522602303891737	0.37012987012987003	9.000017389470626
0	0.3766233766233765	9
0.010522602303891737	0.383116883116883	9.000015652238124
0	0.3896103896103895	9
0.37012987012987036	0.010522602303891746	7.390067034499039
0.37662337662337686	0	0
0.38311688311688336	0.010522602303891737	7.3886447155819
0.38961038961038985	0	0
0.010522602303891744	0.39610389610389607	9.00001422000723
0	0.4025974025974025	9
0.010522602303891742	0.4090909090909091	9.000013043966076
0	0.41558441558441556	9
0.3961038961038963	0.010522602303891742	7.387349130481738
0.40259740259740284	0	0
0.4090909090909093	0.010522602303891739	7.386159236415061
0.4155844155844157	0	0
0.010522602303891746	0.422077922077922	9.000012086238629
0	0.4285714285714285	9
0.4220779220779223	0.010522602303891742	7.385056686825604
0.4285714285714288	0	0
0.010522602303891744	0.43506493506493493	9.000011318017973
0	0.4415584415584415	9
0.010522602303891737	0.4480519480519479	9.000010719409568
0	0.4545454545454544	8.999999999999998
0.4350649350649353	0.010522602303891742	7.3840231926096065
0.4415584415584418	0	0
0.4480519480519483	0.010522602303891737	7.383041043618511
0.4545454545454548	0	0
0.010522602303891739	0.46103896103896086	9.000010284520842
0	0.46753246753246736	8.999999999999998
0.010522602303891742	0.4740259740259738	9.000010023617167
0	0.4805194805194803	9
0.4610389610389613	0.010522602303891737	7.382095038869504
0.4675324675324678	0	0
0.4740259740259743	0.01052260230389174	7.38117098787595
0.4805194805194808	0	0
0.010522602303891744	0.4870129870129869	9.000009887020967
0	0.49350649350649334	9
0.01052260230389174	0.4999999999999999	9.00000977210628
0	0.5064935064935063	9
0.4870129870129873	0.010522602303891737	7.380254984406613
0.49350649350649367	0	0
0.5000000000000001	0.010522602303891742	7.379333782815572
0.5064935064935067	0	0
0.010522602303891737	0.5129870129870128	9.000009740500756
0	0.5194805194805192	9
0.010522602303891737	0.5259740259740256	9.000009789225208
0	0.5324675324675322	9
0.5129870129870131	0.01052260230389174	7.378395845109725
0.5194805194805197	0	0
0.5259740259740261	0.010522602303891744	7.377432386505375
0.5324675324675326	0	0
0.010522602303891737	0.5389610389610386	9.000009977618625
0	0.5454545454545452	9
0.010522602303891737	0.5519480519480516	9.000010328426647
0	0.5584415584415582	9
0.5389610389610391	0.010522602303891739	7.376437288820314
0.5454545454545456	0	0
0.5519480519480521	0.010522602303891737	7.375405868634526
0.5584415584415585	0	0
0.010522602303891742	0.5649350649350647	9.000010830451316
0	0.5714285714285712	9
0.010522602303891746	0.5779220779220777	9.0000114930551
0	0.5844155844155843	9
0.564935064935065	0.010522602303891739	7.37433252937666
0.5714285714285715	0	0
0.5779220779220778	0.010522602303891739	7.373210371051473
0.5844155844155845	0	0
0.010522602303891737	0.5909090909090907	9.000012335163307
0	0.5974025974025972	9
0.010522602303891744	0.6038961038961037	9.000013383309733
0	0.6103896103896101	9
0.5909090909090908	0.010522602303891739	7.372031620775972
0.5974025974025975	0	0
0.6038961038961039	0.010522602303891742	7.3707877336193635
0.6103896103896105	0	0
0.010522602303891758	0.6168831168831167	9.000014672385786
0	0.6233766233766231	9
0.010522602303891904	0.6298701298701297	9.000016247486856
0	0.6363636363636361	9
0.6168831168831169	0.010522602303891746	7.3694692351589035
0.6233766233766235	0	0
0.62987012987013	0.01052260230389175	7.368065449512774
0.6363636363636365	0	0
0.0105226023038927	0.6428571428571433	9.000018166613154
0	0.6493506493506492	9
0.010522602303895902	0.6558441558441593	9.00002050441856
0	0.6623376623376621	9
0.642857142857143	0.010522602303891748	7.366564110173145
0.6493506493506493	0	0
0.010522602303908078	0.6688311688311833	9.000023357379193
0	0.6753246753246751	9
0.655844155844156	0.01052260230389175	7.364950684592022
0.6623376623376624	0	0
0.6688311688311691	0.010522602303891744	7.363207830410217
0.6753246753246755	0	0
0.010522602303954165	0.6818181818182381	9.00002685095137
0	0.688311688311688	9
0.010522602304124216	0.6948051948054049	9.000031149571385
0	0.7012987012987012	9
0.681818181818182	0.010522602303891744	7.36131485251827
0.6883116883116884	0	0
0.6948051948051949	0.010522602303891739	7.359247677945782
0.7012987012987014	0	0
0.010522602304733697	0.7077922077929687	9.000036470780502
0	0.7142857142857143	9
0.01052260230684792	0.7207792207818903	9.00004310543225
0	0.7272727272727272	9
0.7077922077922079	0.010522602303891737	7.356979016795521
0.7142857142857144	0	0
0.720779220779221	0.010522602303891737	7.354478763097908
0.7272727272727275	0	0
0.010522602313917594	0.7337662337752785	9.000051447004942
0	0.7402597402597402	9
0.010522602336605541	0.7467532467827454	9.000062034715883
0	0.7532467532467532	9
0.733766233766234	0.010522602303891737	7.351715790353913
0.7402597402597404	0	0
0.746753246753247	0.010522602303891744	7.3486639489037175
0.7532467532467534	0	0
0.010522602406191106	0.7597402598325528	9.000075618426761
0	0.7662337662337662	9
0.010522602609752858	0.7727272730038529	9.000093256823659
0	0.7792207792207791	9
0.7597402597402599	0.010522602303891742	7.345309575014149
0.7662337662337664	0	0
0.7727272727272728	0.01052260230389174	7.341594504728691
0.7792207792207794	0	0
0.010522603180827594	0.7857142865110576	9.000116472371074
0	0.7922077922077921	9
0.01052260475466875	0.7987013009423322	9.00014749695458
0	0.805194805194805	9
0.7857142857142858	0.01052260230389174	7.337437957604664
0.7922077922077924	0	0
0.7987012987012988	0.01052260230389174	7.332731932875425
0.8051948051948054	0	0
0.010522609240572101	0.8116883180552183	9.000189676080113
0	0.8181818181818181	9
0.010522622893666756	0.8246753436051281	9.000248146890565
0	0.8311688311688311	9
0.8116883116883118	0.01052260230389174	7.327347081778339
0.8181818181818183	0	0
0.8246753246753248	0.01052260230389174	7.321140314525551
0.8311688311688313	0	0
0.010522667712901959	0.8376623978696268	9.000331005493535
0	0.8441558441558441	9
0.8376624868945339	0.01052251978554214	7.3139193179527355
0.8441558441558443	0	0
0.8506503877384413	0.010521865647254667	7.305240171149326
0.8571428571428572	0	0
0.010522833872539	0.8506495639903077	9.00045142394079
0	0.857142857142857	9
0.010524071166851102	0.8636371059195067	9.000631693795283
0	0.87012987012987	9
0.010527529829640989	0.8766257127774715	9.000909474733676
0	0.883116883116883	9
0.863639754641715	0.010519660855995143	7.294312040660608
0.8701298701298702	0	0
0.8766309579831651	0.010514480748703202	7.280569082550197
0.8831168831168832	0	0
0.010532382182445935	0.8896197421875754	9.001357496873295
0	0.896103896103896	9
0.010539050442265493	0.9026260698482451	9.002104550416066
0	0.909090909090909	9
0.8896235566150729	0.010504574917593287	7.262835656399221
0.8961038961038962	0	0
0.9026176286117465	0.010489365451612663	7.2398581319065025
0.9090909090909092	0	0
0.010580767752331544	0.9156357393665808	9.003500777702728
0	0.9220779220779219	9
0.9156151488373876	0.01047216806124836	7.213179995491699
0.9220779220779222	0	0
0.010627691340094612	0.9287178974818828	9.00635702563576
0	0.9350649350649349	9
0.010622015368351168	0.9419788704130689	9.012104191879105
0	0.9480519480519479	9
0.9286081119780983	0.01045832333187148	7.18386758935099
0.9350649350649352	0	0
0.9416073009152427	0.01038954164610635	7.129101051208388
0.948051948051948	0	0
0.010581461216613861	0.9546198741184017	9.021330983381851
0	0.961038961038961	9
0.010480464403113935	0.966955430641783	9.035982910435552
0	0.9740259740259739	9
0.9546137572375155	0.01029250975610454	7.057706551404785
0.961038961038961	0	0
0.9675803241535443	0.01003421569975677	6.907429974250662
0.974025974025974	0	0
0.01167762750651552	0.9802522639679553	9.201383753203976
0	0.987012987012987	9
0.008932755139090384	0.9915889845058803	7.830992884386612
0	1	4.5
0.980412809781988	0.009621819332224944	6.665290861722645
0.987012987012987	0	0
0.9911907850985358	0.008442009825137903	6.103418259955047
1	0	0
0.01298701298701298	1	0
1	0.012987012987012991	8.045262253418594
0.019999135201923424	0.9906796715484594	8.173746988312116
0.02597402597402596	1	0
1	0.025974025974026094	9.39216393849105
0.988528128697704	0.019601216806451573	8.978537258731036
0.03234674301959382	0.9898418758701887	8.525644843683514
0.03896103896103893	1	0
0.9896097557590248	0.03313893975290772	9.44896320483033
1	0.038961038961038974	9.497326754088341
0.04517879133496203	0.989558994861917	8.497159659495592
0.05194805194805192	1	0
0.9894954057795121	0.045816037111995646	9.430697262085573
1	0.051948051948052076	9.384754328904787
0.058216763845128826	0.9895156807778962	8.302472873875912
0.0649350649350649	1	0
0.9894407468602165	0.05867150750896482	9.288902765280012
1	0.06493506493506507	9.24763080417788
0.07124396066971005	0.9895248114569893	8.109302144816361
0.07792207792207786	1	0
0.989444733577426	0.07158415912145788	9.195021309630528
1	0.07792207792207806	9.176932354318696
0.08429755766007795	0.9895354163164836	7.971031649915488
0.09090909090909087	1	0
0.9894652685053146	0.0844950496662827	9.149226819262678
1	0.09090909090909105	9.140376388580636
0.09734794297578599	0.989530195189143	7.882252335857552
0.10389610389610383	1	0
0.9894743329738772	0.09743456539830041	9.121661424743634
1	0.10389610389610404	9.116025704692648
0.11035839177489971	0.9895109085967281	7.828535830911565
0.11688311688311684	1	0
0.9894769423401558	0.11040104734579785	9.101943943927147
1	0.11688311688311703	9.098371644868056
0.12335954875465348	0.9894963353993337	7.792039982585647
0.12987012987012977	1	0
0.9894773976961083	0.12337662337662354	9.087763348291956
1	0.12987012987013002	9.085493371484489
0.13635616995417285	0.9894869048139183	7.764834061626019
0.14285714285714274	1	0
0.9894773976961082	0.13636363636363652	9.077174205295252
1	0.14285714285714302	9.075745683827302
0.1493476519496821	0.9894815872212391	7.743295990736084
0.15584415584415573	1	0
0.9894773976961082	0.14935064935064946	9.069064748769604
1	0.1558441558441559	9.06820510741334
0.16233658288805466	0.9894788175732625	7.7258340162272034
0.16883116883116867	1	0
0.9894773976961083	0.16233766233766242	9.06273305445224
1	0.1688311688311689	9.062267127880522
0.17532445586882026	0.9894776936308104	7.711574445372457
0.18181818181818168	1	0
0.9894773976961083	0.1753246753246754	9.0577022061187
1	0.18181818181818188	9.057504836707094
0.18831168831168815	0.9894773976961082	7.699830315579509
0.19480519480519465	1	0
0.9894773976961082	0.18831168831168843	9.053628027429594
1	0.19480519480519498	9.053623411642299
0.20129870129870114	0.9894773976961082	7.6901246126767475
0.2077922077922076	1	0
0.9894773976961083	0.2012987012987014	9.050291544047989
1	0.20779220779220786	9.050427257985287
0.21428571428571414	0.9894773976961082	7.682100960232389
0.2207792207792206	1	0
0.9894773976961082	0.21428571428571436	9.047527268401351
1	0.22077922077922085	9.047765845678697
0.22727272727272713	0.9894773976961082	7.675409294987266
0.2337662337662336	1	0
0.9894773976961083	0.22727272727272738	9.045214323556793
1	0.23376623376623384	9.045530651673452
0.24025974025974015	0.9894773976961083	7.669766024583878
0.24675324675324659	1	0
0.9894773976961083	0.2402597402597403	9.043264990561902
1	0.24675324675324684	9.043639839435004
0.25324675324675305	0.9894773976961083	7.6649505808120635
0.25974025974025955	1	0
0.9894773976961082	0.25324675324675333	9.04160912855498
1	0.2597402597402598	9.042028133197313
0.26623376623376604	0.9894773976961082	7.6608073811519946
0.27272727272727254	1	0
0.9894773976961083	0.2662337662337663	9.040192873308909
1	0.2727272727272728	9.040645940444843
0.2792207792207791	0.9894773976961083	7.657232429758015
0.2857142857142856	1	0
0.9894773976961081	0.2792207792207793	9.038974949552582
1	0.2857142857142857	9.039454825461952
0.2922077922077921	0.9894773976961083	7.654116580985977
0.2987012987012986	1	0
0.9894773976961082	0.29220779220779225	9.037922885914595
1	0.2987012987012988	9.038424536426495
0.305194805194805	0.9894773976961083	7.651392362404249
0.3116883116883115	1	0
0.9894773976961081	0.3051948051948053	9.03701144571595
1	0.311688311688312	9.037531366596566
0.318181818181818	0.9894773976961082	7.64898567080384
0.3246753246753245	1	0
0.9894773976961082	0.31818181818181834	9.03622043923312
1	0.3246753246753249	9.036756057925828
0.33116883116883106	0.9894773976961083	7.646838468313271
0.3376623376623375	1	0
0.9894773976961082	0.3311688311688314	9.035533204127965
1	0.3376623376623379	9.03608259037163
0.34415584415584405	0.9894773976961082	7.644906100237631
0.3506493506493506	1	0
0.9894773976961081	0.3441558441558443	9.03493585794567
1	0.35064935064935077	9.03549755874258
0.35714285714285704	0.9894773976961083	7.643151684959149
0.36363636363636354	1	0
0.9894773976961082	0.3571428571428573	9.034416745293917
1	0.36363636363636387	9.034989804966761
0.37012987012987003	0.9894773976961083	7.641544191021938
0.3766233766233765	1	0
0.9894773976961082	0.37012987012987036	9.033966301591297
1	0.37662337662337686	9.034550370880902
0.383116883116883	0.9894773976961082	7.64005730955427
0.3896103896103895	1	0
0.9894773976961082	0.38311688311688336	9.03357701897403
1	0.38961038961038985	9.034172294301728
0.39610389610389607	0.9894773976961082	7.638668620301789
0.4025974025974025	1	0
0.9894773976961083	0.3961038961038963	9.033243045682042
1	0.40259740259740284	9.03385001762759
0.4090909090909091	0.9894773976961083	7.637358890073879
0.41558441558441556	1	0
0.9894773976961082	0.4090909090909093	9.032959542515092
1	0.4155844155844157	9.033578795883171
0.42207792207792205	0.9894773976961083	7.636111469771663
0.4285714285714285	1	0
0.9894773976961082	0.4220779220779223	9.032722294617386
1	0.4285714285714288	9.033354521176589
0.435064935064935	0.9894773976961082	7.634911803516338
0.4415584415584415	1	0
0.9894773976961082	0.4350649350649353	9.032527747354818
1	0.4415584415584418	9.03317386564148
0.448051948051948	0.9894773976961083	7.633747092625023
0.4545454545454544	1	0
0.9894773976961082	0.4480519480519483	9.032373142624628
1	0.4545454545454548	9.033034334158508
0.46103896103896086	0.9894773976961083	7.632606033001292
0.46753246753246736	1	0
0.9894773976961082	0.4610389610389613	9.032256435499256
1	0.4675324675324678	9.032934053856213
0.4740259740259738	0.9894773976961082	7.631478344443607
0.4805194805194803	1	0
0.9894773976961083	0.4740259740259743	9.032176022341249
1	0.4805194805194808	9.032871485678642
0.4870129870129869	0.9894773976961083	7.630354467495471
0.49350649350649334	1	0
0.9894773976961082	0.4870129870129873	9.032130527901314
1	0.49350649350649367	9.032845321117925
0.4999999999999998	0.9894773976961082	7.629225489099713
0.5064935064935063	1	0
0.9894773976961083	0.5000000000000001	9.032118833622668
1	0.5064935064935067	9.032854660799956
0.5129870129870127	0.9894773976961082	7.628082719401516
0.5194805194805192	1	0
0.9894773976961083	0.5129870129870131	9.032140326667212
1	0.5194805194805197	9.03289929938692
0.5259740259740256	0.9894773976961082	7.626917183227717
0.5324675324675322	1	0
0.9894773976961083	0.5259740259740261	9.032195119747739
1	0.5324675324675326	9.032979796829263
0.5389610389610386	0.9894773976961082	7.625719510221253
0.5454545454545452	1	0
0.9894773976961082	0.5389610389610391	9.0322839681712
1	0.5454545454545456	9.033097215211068
0.5519480519480516	0.9894773976961081	7.624479596465332
0.5584415584415582	1	0
0.9894773976961082	0.5519480519480521	9.032407930081346
1	0.5584415584415585	9.033252779432372
0.5649350649350647	0.9894773976961083	7.623186385666455
0.5714285714285712	1	0
0.9894773976961083	0.564935064935065	9.032568146423259
1	0.5714285714285715	9.033447869212354
0.5779220779220777	0.9894773976961083	7.621827684948428
0.5844155844155843	1	0
0.9894773976961083	0.5779220779220778	9.032766043068792
1	0.5844155844155845	9.033684423334577
0.5909090909090907	0.9894773976961082	7.62038994476701
0.5974025974025972	1	0
0.9894773976961083	0.5909090909090908	9.033003788798451
1	0.5974025974025975	9.033965345303328
0.6038961038961037	0.9894773976961082	7.618858002838068
0.6103896103896101	1	0
0.9894773976961083	0.6038961038961039	9.033284516396757
1	0.6103896103896105	9.034294495920474
0.6168831168831167	0.9894773976961083	7.61721481245847
0.6233766233766231	1	0
0.9894773976961083	0.6168831168831169	9.033612131480636
1	0.6233766233766235	9.034676436319321
0.6298701298701295	0.9894773976961083	7.615441148282339
0.6363636363636361	1	0
0.9894773976961081	0.62987012987013	9.03399113270918
1	0.6363636363636365	9.03511646595134
0.6428571428571426	0.9894773976961082	7.613515435426897
0.6493506493506492	1	0
0.9894773976961081	0.642857142857143	9.034426872156443
1	0.6493506493506493	9.035621079893666
0.6558441558441556	0.9894773976961083	7.611413623814642
0.6623376623376621	1	0
0.9894773976961081	0.655844155844156	9.034926038266581
1	0.6623376623376624	9.03619836556028
0.6688311688311686	0.9894773976961082	7.609109085576745
0.6753246753246751	1	0
0.9894773976961083	0.6688311688311691	9.035496865269451
1	0.6753246753246755	9.036858094118873
0.6818181818181817	0.9894773976961082	7.606571693121807
0.688311688311688	1	0
0.9894773976961083	0.681818181818182	9.036149202087254
1	0.6883116883116884	9.037612013039903
0.6948051948051946	0.9894773976961081	7.6037675993733265
0.7012987012987012	1	0
0.9894773976961083	0.6948051948051949	9.036895083618768
1	0.7012987012987014	9.038474794642932
0.7077922077922078	0.9894773976961081	7.6006685726862715
0.7142857142857143	1	0
0.9894773976961083	0.7077922077922079	9.037749823714641
1	0.7142857142857144	9.039465135245011
0.7207792207792207	0.9894773976961082	7.59723482601943
0.7272727272727272	1	0
0.9894773976961082	0.720779220779221	9.038732775170091
1	0.7272727272727275	9.040606149647326
0.7337662337662336	0.9894773976961083	7.593411037505368
0.7402597402597402	1	0
0.9894773976961082	0.733766233766234	9.039867392633427
1	0.7402597402597404	9.041925612467491
0.7467532467532466	0.9894773976961082	7.589133742527621
0.7532467532467532	1	0
0.9894773976961083	0.7467532467532468	9.041182056962983
1	0.7532467532467534	9.04345826684737
0.7597402597402596	0.9894773976961082	7.5843284557803505
0.7662337662337662	1	0
0.9894773976961081	0.7597402597402599	9.042713615429475
1	0.7662337662337664	9.045250525180345
0.7727272727272726	0.9894773976961081	7.5789082419073734
0.7792207792207791	1	0
0.9894773976961083	0.7727272727272728	9.044512185959917
1	0.7792207792207794	9.047364800823686
0.7857142857142857	0.9894773976961083	7.572769672557599
0.7922077922077921	1	0
0.9894773976961083	0.7857142857142857	9.046644110953956
1	0.7922077922077924	9.049882249262192
0.7987012987012987	0.9894773976961082	7.565796216025099
0.805194805194805	1	0
0.9894773976961083	0.7987012987012988	9.049193782700053
1	0.8051948051948054	9.052904885403835
0.8116883116883117	0.9894773976961081	7.557841247951188
0.8181818181818181	1	0
0.9894774101180502	0.8116883114270749	9.052267342308795
1	0.8181818181818183	9.056564474179874
0.8246753246753248	0.9894773976961083	7.548751248967207
0.8311688311688311	1	0
0.9894775379453006	0.8246753330929143	9.056006921216394
1	0.8311688311688313	9.061044928083003
0.8376623376623377	0.9894773976961083	7.538376159961751
0.8441558441558441	1	0
0.9894781432662408	0.8376625129745575	9.060618324295268
1	0.8441558441558443	9.066618716585268
0.8506473702998116	0.9894771174244047	7.526797325640863
0.857142857142857	1	0
0.9894797060931504	0.8506502132640551	9.066410221982645
1	0.8571428571428572	9.073690367273208
0.8636296605959867	0.9894763799967773	7.514541840612911
0.87012987012987	1	0
0.9894819048240606	0.8636390317472883	9.073842214714233
1	0.8701298701298702	9.082870966989105
0.876606644596681	0.9894744601939193	7.502940603779204
0.883116883116883	1	0
0.9894852688223862	0.8766298402264737	9.083605331579792
1	0.8831168831168832	9.09504030074282
0.889574785241647	0.9894694141966492	7.494652389816845
0.896103896103896	1	0
0.989491100444543	0.8896230515792195	9.096698229975688
1	0.8961038961038962	9.111608280628841
0.9025440274598648	0.989458038881795	7.491422737168228
0.909090909090909	1	0
0.9895046239747277	0.9026156917802505	9.114797477020103
1	0.9090909090909092	9.134668194712665
0.9154744506787135	0.9894364244194778	7.493510926075271
0.9220779220779219	1	0
0.9895249121563573	0.9156095239826776	9.14084605362475
1	0.9220779220779222	9.170108274101676
0.9283858901766403	0.9893973348473911	7.500878002161843
0.9350649350649349	1	0
0.9895466449811696	0.9286083856591586	9.184061342300867
1	0.9350649350649352	9.23237385541166
0.9413359404125067	0.9893498681225565	7.506591985984369
0.9480519480519479	1	0
0.9895757475429338	0.9416091952906299	9.262934885930393
1	0.948051948051948	9.352664287942076
0.9541842536378615	0.9893852901701695	7.479828003710916
0.961038961038961	1	0
0.9896385714030717	0.9545909329478727	9.390769211559546
1	0.961038961038961	9.468139824640009
0.9667109878917429	0.9894305013574495	7.422854996203857
0.9740259740259739	1	0
0.9898706684800994	0.9675321408312905	9.391976647560353
1	0.974025974025974	9.266989926839146
0.980077831404944	0.9883060200351975	7.824060002309721
0.987012987012987	1	0
0.9902534638427901	0.9803443593648002	8.79227693216677
1	0.987012987012987	8.067641485061625
0.9914718086448919	0.9911255964311474	6.491200347118527
1	1	0
0.019780197549692402	0.025810764713204037	9.408839888587552
0.02892014946031531	0.02000545454669383	9.555766481462973
0.020757443935253195	0.03874433600780213	9.142757342089967
0.03981541097155425	0.020964029037479927	9.683305035975716
0.032454035326937206	0.031974081458993414	9.513323671630983
0.020756275418534902	0.051804309454536374	9.064073749284395
0.052368129755556395	0.021172667717254245	9.701282929292491
0.031063536750455367	0.04515504813603766	9.162065263471687
0.046143206749832306	0.03202847438282592	9.640427659083086
0.04070423090827078	0.04116764078668207	9.347573320280016
0.020818247867664022	0.06484852944000444	9.034364348499894
0.06526167569334787	0.021260731033475713	9.677539688447204
0.031107397326774287	0.058371362996798515	9.092207959530569
0.05906326508535016	0.03230033248549621	9.680197261591134
0.04140617572366318	0.05208843400693857	9.17598223403734
0.052454199990465834	0.04459216594861482	9.364871147259676
0.02092782270108968	0.07782804718144988	9.019689827764678
0.07818925671247455	0.02118047854620977	9.630773735376975
0.031203174697211258	0.07140634058169311	9.051767685211061
0.0720325449123114	0.03192454622674663	9.688913286071895
0.041396973503116996	0.06492551636158089	9.104238801785998
0.06625375131349111	0.04293119264273029	9.459833082369755
0.05159397909189678	0.05833536437451625	9.165521553073686
0.06212010509396984	0.05463772123988717	9.242434645068089
0.020950043219129615	0.09086868908004338	9.011980941270314
0.09106306543024016	0.02109763490889433	9.586514020289544
0.03132487361796384	0.08441833172765802	9.031669747010438
0.08478021431752329	0.03167082322537372	9.674192487246911
0.04161266197878185	0.07807700697178564	9.063113388818964
0.07866339070849619	0.04220980042519643	9.50112117703838
0.05188791293886342	0.07196733173774282	9.107782442755726
0.07386842486193512	0.052702622893738116	9.299975230493702
0.062186553613176265	0.06687969331813337	9.151455369768668
0.07023673225951851	0.061551718298548955	9.202865209352124
0.020995830918764603	0.10386666001682987	9.007700975225918
0.10395381399270914	0.021059881648360364	9.55377005790099
0.03142034377233067	0.09739157272644856	9.020261303336797
0.09754165463321879	0.031584447861221415	9.651486718198642
0.04176363732221174	0.09100894162749922	9.040568682565931
0.09119622425545343	0.04202961140927697	9.517174971427735
0.05207881790423995	0.08476574661858335	9.068875498836649
0.08567659188591142	0.052407992735833304	9.320478385178049
0.062458491541968704	0.07882066278185741	9.105280432799363
0.0802599779102237	0.06247731202023255	9.213041724377687
0.07363324852437561	0.07284524484267374	9.145659164731532
0.02102455196187637	0.1168646208632283	9.005155229115571
0.11688311688311703	0.02104520460778349	9.530954630728147
0.03149355956387725	0.11036243795993232	9.013505832016982
0.11038961038961055	0.031567806911675246	9.628241447808357
0.04188475539257954	0.10391471049080074	9.02704436710823
0.10398143455469003	0.04206838797837338	9.521785763183763
0.052209089590414356	0.09755095298435791	9.046244394034202
0.09788922555016855	0.05243431068146951	9.328516408849266
0.06242159442423381	0.09137231473921624	9.07045141604583
0.09221540368940095	0.0626337859744212	9.224635240684679
0.07239302264506293	0.08546478996348643	9.098792927066894
0.08654837225260038	0.07328495268375704	9.159828731691638
0.08136967879700392	0.08164327800923385	9.122571228599828
0.02103654438631017	0.12986149618098988	9.003567939455676
0.12987012987013	0.02104520460778349	9.515625276796941
0.03153460460992727	0.12335205547580236	9.009303835745042
0.12337662337662351	0.031567806911675246	9.607605307905937
0.041981620389175724	0.1168540205075485	9.018620189623208
0.11690219994893297	0.04208411257525267	9.5231312959789
0.05233506016265724	0.11042376210296397	9.031934573177816
0.11055835641099726	0.0525515815693577	9.33005153769291
0.06261774455231937	0.10404310290767005	9.049295000197327
0.104395941157821	0.06295128275465747	9.229112168010113
0.07263176798879367	0.0979317890557933	9.069622388483944
0.09870130526373098	0.07350978227158608	9.168854270514492
0.08225332022069479	0.09181524373337793	9.092981583535286
0.09261083425349478	0.08501360382367702	9.1218971472638
0.0210413247442154	0.14285385033384893	9.002540763582646
0.142857142857143	0.02104520460778349	9.504599542536495
0.031551690627797835	0.13635052861062547	9.00658868995805
0.1363636363636365	0.031567806911675246	9.590385877046314
0.0420386094027617	0.12983592200141916	9.013162085311441
0.1298813404347348	0.042086211884583447	9.523173102200715
0.052461531970956994	0.1233405329209053	9.0226153504057
0.12341567983446942	0.05259843567504996	9.329743084681253
0.06277996260475825	0.11692378383691644	9.035035570849574
0.11711777798247619	0.06305032841085846	9.231476107034323
0.0730180778656342	0.11056201485833805	9.050271319701904
0.11105176863606796	0.07345265587456926	9.175288508020891
0.08308684822481695	0.1043332681326712	9.067661046928064
0.10538551159300084	0.08372241251843464	9.134685111031258
0.09304076915938708	0.0982473470235787	9.086634566448353
0.10164491964964284	0.09286526947396745	9.105599993072481
0.021043518648283768	0.1558430899124529	9.001855767934176
0.15584415584415598	0.02104520460778349	9.496383493828832
0.03155909981924652	0.14934568768262974	9.004784673534656
0.14935064935064946	0.031567806911675246	9.576314963788086
0.042063171667960426	0.1428378241274859	9.00952609930166
0.14286268765211882	0.042088007382037884	9.522678405991059
0.0525380181271873	0.13631843763574233	9.016375390892101
0.13638938510250279	0.052601579945404986	9.328662046610093
0.06294261300333828	0.12982389558097737	9.025468126000696
0.1299314520019575	0.06310911330404356	9.231804805100394
0.07324850586302843	0.12341986888391158	9.036717703369424
0.12364237886184698	0.0735359348154252	9.178173479091685
0.08352018195611818	0.11705575746702973	9.049991194316929
0.11763854721982958	0.08383792752339006	9.139530026133512
0.09377756741267766	0.11088470808729255	9.064694834546023
0.11191652994472905	0.09399623943249787	9.10822207109594
0.10487779311913249	0.10457197691000564	9.081403482877619
0.021044647515705228	0.16883095517413063	9.001385949182946
0.1688311688311689	0.02104520460778349	9.490003929566468
0.03156345363815123	0.1623360601891637	9.003553914866808
0.16233766233766242	0.031567806911675246	9.564809297562737
0.04207438962003384	0.15583703861904138	9.00704735925202
0.15584523898755961	0.04208985696594322	9.522027106124979
0.05257280679748752	0.1493265802229494	9.01209687143958
0.14936386453452752	0.052605761647121156	9.32705204132053
0.06303757581005447	0.14279938822012886	9.018853793972108
0.14289370311513538	0.06311509001918958	9.231306464031901
0.0734335744543136	0.1363102119621314	9.027322390620368
0.13645392468757273	0.07360797352642816	9.179279420163576
0.08372096956883712	0.12994386559544324	9.03731119060703
0.13016990121429853	0.08401027385356499	9.142283452906598
0.09392729408136831	0.12371501384150324	9.048605156746023
0.12402546670125361	0.09431619101754618	9.111984209244882
0.10404049244100838	0.1176772231491144	9.060660999836884
0.11806553089184708	0.10467521688506136	9.086954279769289
0.11310990340958257	0.11363809033783152	9.070542475410017
0.021045119008772335	0.18181816761876554	9.001055537605312
0.1818181818181819	0.02104520460778349	9.484865249977572
0.031566209638151814	0.17532428572920988	9.00269295416851
0.1753246753246754	0.031567806911675246	9.555360085160293
0.042082074043131516	0.16882886358708152	9.005319144237331
0.16883116883116892	0.042090409215567	9.521346653828475
0.05258948765856252	0.16232950211256644	9.009108753068974
0.1623406694381425	0.05261090976088227	9.325288214640038
0.06308373164081486	0.15580835227502315	9.014198544240912
0.15585736024264998	0.06312545384706406	9.23017788093945
0.07354363627939876	0.1492780844355585	9.02064299323162
0.14939588934576695	0.07362313735312122	9.179472003748687
0.08391397484583711	0.14281802633008436	9.028362450344376
0.14296116953993818	0.08409992205770764	9.143810125121114
0.09416764516876724	0.1364880531799519	9.037159038867044
0.1366728075328846	0.0944837198344848	9.11467438661096
0.10431533083204748	0.13026656401262807	9.04687826491669
0.13035340869708417	0.10494841261637661	9.090359725057324
0.11421606820191253	0.12416874117996025	9.057225995196909
0.12411008347930055	0.11658039099611017	9.070291670543824
0.0210452046077835	0.19480519480519462	9.000817966069965
0.1948051948051949	0.02104520460778349	9.480610390197247
0.03156753066928235	0.18831164218919114	9.002076886287439
0.18831168831168843	0.031567806911675246	9.547572826953994
0.04208734659536189	0.1818174701069389	9.004086875034902
0.1818181818181819	0.042090409215567	9.520646571244798
0.052601020325315585	0.17532087280788836	9.006980966483413
0.17532563470522622	0.05261202142875743	9.323600988060612
0.06310683811285661	0.16881721066063973	9.010868808946647
0.1688341447496052	0.06313214946200443	9.22882209455649
0.07359639806354372	0.16229077006473633	9.015819373747336
0.1623500271872842	0.07364257682909459	9.178997278574412
0.08404377725871161	0.15576759277944116	9.02182606528711
0.1558806227506912	0.08413432368252077	9.1445002917996
0.09438795796926429	0.14932563382667768	9.028782262794358
0.14944410976533734	0.09458463003728207	9.116353540609857
0.10468104710927624	0.14293222529456695	9.036576906264498
0.1430930284998562	0.1049377883408618	9.09323644239099
0.11484953561511935	0.1366302737497215	9.045063030740877
0.13699836624343587	0.11509175951189515	9.07600412548428
0.1248710634344169	0.13021990483435603	9.054114947767163
0.1335253639283253	0.1245982027914187	9.062875141433729
0.0210452046077835	0.2077922077922076	9.000643784619152
0.03156780691167525	0.20129870129870112	9.001627228847353
0.20779220779220786	0.02104520460778349	9.477012887504337
0.2012987012987014	0.031567806911675246	9.541145593051162
0.04208986655988839	0.19480509087697925	9.003190306415279
0.1948051948051949	0.042090409215567	9.519924790376097
0.05260871222212882	0.18831033595315425	9.005435541047989
0.18831174975425527	0.05261292338921508	9.321996892839515
0.0631215248836154	0.18181139007370695	9.00845068479529
0.18181905503924375	0.06313409812849474	9.227424241568498
0.07362557795455531	0.17530116585819114	9.012297447733154
0.17532603733796293	0.07365376388068538	9.178214014072601
0.08410693074098617	0.16877689846203245	9.016997561276073
0.16884069437001265	0.08416208889989821	9.144557412868911
0.09453066453389143	0.162261965898412	9.022513131454081
0.16236610579170174	0.09465112596649662	9.117267209724536
0.10487722441676518	0.15581039348494488	9.028753486567318
0.15590427178157087	0.10509987092326899	9.094818531652733
0.11523411211930655	0.14935614547173598	9.035663125721369
0.14976590215982724	0.11534177606336175	9.078165315980598
0.12567779942118795	0.1429638395986448	9.043169988819187
0.14391604328356222	0.1253838746301073	9.064396891119747
0.13709530654885993	0.13636616490524123	9.051502818879749
0.0210452046077835	0.2207792207792206	9.000513847276052
0.0210452046077835	0.23376623376623362	9.000415400473779
0.031567806911675246	0.2142857142857141	9.001293229501577
0.22077922077922085	0.02104520460778349	9.473922740679301
0.042090409215567004	0.20779220779220764	9.002526373040071
0.21428571428571438	0.031567806911675246	9.535839101651773
0.20779220779220786	0.042090409215567	9.519187777624117
0.05261222376465887	0.20129849765760696	9.004293012540025
0.20129870129870142	0.05261301151945874	9.320509736304723
0.06313047836512907	0.19480275695062457	9.006663697151723
0.19480523718553056	0.06313553572304939	9.226047455394863
0.07364251798833263	0.18830103839297674	9.009691368133089
0.18831189407292914	0.07365763628027062	9.177300032221119
0.08414231105200654	0.1817888592471009	9.013404113912374
0.18181935811359873	0.084177818623808	9.144255155515642
0.09461055363054925	0.17526109886667507	9.017797519321576
0.1753295606279534	0.09469217515293896	9.117662015951579
0.10502329827085866	0.16874326128661987	9.022825129161108
0.1688374504648652	0.1052058336187245	9.0958260247741
0.11538298869078352	0.16226588413146562	9.02841543662211
0.1625286812253935	0.1156223990975702	9.07956486834212
0.12572293675795213	0.15576964877007557	9.034516110839421
0.1564152157291109	0.12604446734172509	9.065888344198953
0.1359699978473872	0.1497877761236833	9.04069118006439
0.15048975822238594	0.1365603171205046	9.054029094803466
0.14526198859070213	0.14552669560126522	9.045789700122748
0.23376623376623384	0.02104520460778349	9.471236293728138
0.02104520460778349	0.24675324675324659	9.000339769071283
0.0210452046077835	0.25974025974025955	9.000280937971672
0.03156780691167527	0.22727272727272713	9.00104121392481
0.031567806911675246	0.24025974025974015	9.000848345848842
0.042090409215567004	0.22077922077922063	9.002026946040665
0.22727272727272738	0.031567806911675246	9.531456123480552
0.05261300273893212	0.2142857138818354	9.00343506626583
0.22077922077922088	0.042090409215567	9.518445369602937
0.21428571428571438	0.052613011519458734	9.31913707166625
0.06313451246886656	0.20779181076536737	9.005322497193374
0.20779220779220786	0.06313561382335048	9.224736623075826
0.07365198761769158	0.20129486493196316	9.007734273724209
0.20129870129870142	0.07365821612724222	9.176340438670024
0.08416223965488474	0.19479101200751006	9.010698695040313
0.19480519480519495	0.084180818431134	9.143759724641205
0.09465610755108395	0.18827464743749442	9.014223026142025
0.18831168831168843	0.09470342073502575	9.11772999581308
0.10511825108452243	0.18173662571929575	9.018292375422108
0.1818218999038306	0.1052210504756032	9.09647895306614
0.11554484368341865	0.1752023036424924	9.02286471235041
0.17534111191032797	0.11573804933205359	9.0806133515666
0.12589551689639986	0.16871355213292513	9.02786257949465
0.16907383515292934	0.12623751026175106	9.067318416791212
0.13612118325378264	0.16236900415023517	9.033156780486314
0.1629699149394011	0.1369379393289247	9.055655735905306
0.14619182921955043	0.1562891703289405	9.038615255522318
0.15656704808737165	0.14864478061646136	9.045458708257923
0.24675324675324684	0.021045204607783488	9.468879896091225
0.24025974025974034	0.03156780691167524	9.527830990981306
0.2597402597402598	0.021045204607783474	9.466800753466417
0.0210452046077835	0.27272727272727254	9.000234661760969
0.02104520460778349	0.2857142857142856	9.000197895811008
0.031567806911675246	0.25324675324675305	9.00069885140932
0.03156780691167525	0.26623376623376604	9.000581642581233
0.042090409215567004	0.23376623376623362	9.001645900983858
0.042090409215567	0.24675324675324659	9.001351409949793
0.05261301151945874	0.22727272727272713	9.002781727518062
0.23376623376623384	0.04209040921556698	9.517708243869508
0.0631355505357604	0.22077921296727346	9.004301866227811
0.22727272727272738	0.052613011519458734	9.317876280877245
0.22077922077922088	0.06313561382335048	9.223507490403255
0.07365649393535119	0.21428497582202774	9.006244347350716
0.21428571428571438	0.07365821612724223	9.175379185869938
0.0841728505004886	0.20778687431434403	9.008635578229686
0.20779220779220786	0.08418081843113397	9.143150725692452
0.09468127676816339	0.20128037111479735	9.011487483740538
0.2012987012987014	0.09470342073502573	9.11756537581869
0.10517404167327886	0.1947560092941563	9.014796437429561
0.1948051948051949	0.10522602303891748	9.096785345458754
0.11564835138698373	0.18821552364281255	9.018541967677711
0.1883197338911604	0.11574611455730435	9.081379860613454
0.126037421463667	0.1817127681032814	9.022661160827434
0.1818554587953255	0.12626436438994731	9.068476334924517
0.1363957684638608	0.17524757348817235	9.027116732614225
0.1756823501484791	0.13679982142642877	9.05730984437764
0.14662296159054894	0.16887168187533552	9.031813180449992
0.16959128386049094	0.1473407390251701	9.048250507173732
0.15660779594750995	0.1625350836066623	9.036670196499523
0.16576564026123713	0.15675620146674732	9.041474748182996
0.25324675324675333	0.03156780691167522	9.524825605741313
0.24675324675324684	0.042090409215566976	9.5169855935944
0.2727272727272729	0.021045204607783464	9.46495996588935
0.2662337662337663	0.031567806911675204	9.522325722734807
0.28571428571428575	0.021045204607783488	9.463325665986302
0.02104520460778349	0.2987012987012985	9.000168424560043
0.02104520460778349	0.3116883116883115	9.000144614180229
0.031567806911675246	0.2792207792207791	9.000488797684847
0.031567806911675246	0.2922077922077921	9.000414572940054
0.042090409215567	0.25974025974025955	9.001121149927462
0.042090409215567004	0.27272727272727254	9.00093921605236
0.05261301151945874	0.24025974025974012	9.002277816636264
0.052613011519458734	0.25324675324675305	9.001884602625232
0.06313561382335048	0.23376623376623362	9.003515389707644
0.2402597402597403	0.05261301151945872	9.316723394743045
0.07365800568882404	0.2272726891485615	9.005096128822705
0.23376623376623384	0.06313561382335048	9.222369344633735
0.22727272727272738	0.07365821612724223	9.17444222754016
0.0841782128572557	0.22077802557102502	9.007043807132106
0.22077922077922094	0.084180818431134	9.14248618529963
0.09469381349603245	0.2142787078687112	9.009371836532537
0.2142857142857144	0.09470342073502573	9.11723942500336
0.10520310676278787	0.20776814794088524	9.012082313090803
0.20779220779220786	0.10522602303891748	9.096845038727738
0.11569843324857228	0.20123861957751246	9.015164793748797
0.2012987012987014	0.11574862534280922	9.081823115753977
0.1261584308732452	0.19470567223119237	9.018590744855109
0.19483075338201886	0.1262695740029975	9.069289898752958
0.13656346319377147	0.1881984855610449	9.022315293050793
0.18838512653689962	0.13678957544752818	9.058442397084294
0.14691105014061	0.1817116900020009	9.026305856602967
0.182218481605828	0.1472288001052514	9.04969842374767
0.15743069776091506	0.17512946884853683	9.030598781206846
0.1763388619091162	0.15769117850983114	9.042224323879372
0.1690434401004038	0.16853732760185086	9.03524404000514
0.25974025974025977	0.04209040921556694	9.516284122552122
0.25324675324675333	0.05261301151945868	9.315672633762931
0.27922077922077926	0.03156780691167522	9.520235991733449
0.27272727272727276	0.04209040921556694	9.515607459487912
0.29870129870129875	0.021045204607783505	9.4618700500815
0.2922077922077922	0.03156780691167524	9.518477713648087
0.3116883116883118	0.021045204607783512	9.460565638695217
0.0210452046077835	0.3246753246753245	9.000125245178607
0.02104520460778349	0.33766233766233755	9.000109397289636
0.031567806911675246	0.305194805194805	9.000354747112768
0.03156780691167525	0.318181818181818	9.000306179484904
0.042090409215567	0.2857142857142856	9.000794106803719
0.042090409215567	0.2987012987012985	9.000677391255826
0.05261301151945874	0.26623376623376604	9.001574511867092
0.05261301151945874	0.27922077922077904	9.001327632114494
0.06313561382335048	0.24675324675324659	9.002902368447574
0.06313561382335048	0.25974025974025955	9.002419511101794
0.07365821612724223	0.24025974025974015	9.004201240170318
0.24675324675324684	0.06313561382335044	9.221323835597248
0.08418038609408048	0.23376613378200364	9.005802312274009
0.2402597402597404	0.0736582161272422	9.17354520365882
0.23376623376623398	0.08418081843113397	9.141806459939652
0.09470010974376698	0.22727101310729572	9.007718977337852
0.22727272727272751	0.09470342073502573	9.116820261026113
0.10521611188476414	0.22077002326328135	9.009956099425624
0.22077922077922094	0.1052260230389175	9.096732349290177
0.11572757278739086	0.21425584651156018	9.01250975076192
0.21428571428571438	0.11574862534280926	9.082032861403063
0.12622103936054863	0.2077248813463154	9.015365105210561
0.2078106971566044	0.1262727742963756	9.06981692296982
0.13666664334648534	0.2011953545060817	9.018492164194766
0.20136078232165378	0.13680149092508925	9.059262024212474
0.14705197636310394	0.19468162661730062	9.02185760393016
0.19499738119996157	0.1473411880366045	9.050692538063322
0.1573878512408681	0.1881397525865498	9.025454197003333
0.18875484914038618	0.15792261871517962	9.043333102178023
0.1675461656407803	0.1814635079452101	9.029257084153336
0.1825100960117183	0.16857911445364557	9.036718296930296
0.17710482317154988	0.17760673838232283	9.032011084803099
0.2662337662337663	0.05261301151945866	9.31471793571697
0.25974025974025977	0.06313561382335038	9.220367259751884
0.28571428571428575	0.042090409215566976	9.514956052831478
0.27922077922077926	0.05261301151945868	9.313854345693388
0.30519480519480524	0.03156780691167526	9.516988241903817
0.29870129870129875	0.042090409215567	9.514329822986504
0.32467532467532484	0.021045204607783502	9.459384500437688
0.31818181818181834	0.03156780691167526	9.515718189542206
0.3376623376623379	0.021045204607783488	9.458305781880012
0.021045204607783488	0.35064935064935054	9.000096369172455
0.031567806911675246	0.33116883116883106	9.000266506939722
0.031567806911675246	0.34415584415584405	9.000233933324877
0.042090409215567004	0.3116883116883115	9.000582812115299
0.042090409215567004	0.3246753246753245	9.000505672340653
0.05261301151945874	0.2922077922077921	9.001129388847732
0.05261301151945874	0.305194805194805	9.000968981554381
0.06313561382335048	0.27272727272727254	9.002035538925703
0.06313561382335048	0.2857142857142856	9.001727561507325
0.07365821612724222	0.25324675324675305	9.00349660871389
0.07365821612724222	0.26623376623376604	9.00293655492183
0.084180818431134	0.24675324675324659	9.004824230603832
0.2532467532467534	0.07365821612724215	9.172699680457983
0.09470280200465704	0.2402595384259056	9.006415235578055
0.24675324675324695	0.08418081843113391	9.141134478590411
0.24025974025974053	0.09470342073502568	9.116353486645083
0.10522261366287435	0.23376384266291653	9.008275790702207
0.23376623376623407	0.10522602303891747	9.096505586112498
0.1157397039374139	0.22726094605841954	9.01040530796673
0.22727272727272751	0.11574862534280927	9.0820727585662
0.12625027868120164	0.22074408730630454	9.012795994498802
0.22078732011640742	0.12627259974321706	9.07012880762653
0.13673868200342923	0.21421239834085848	9.015431804002075
0.21432420187748713	0.13680579624713063	9.059831445876371
0.14717786560150822	0.2076855037881026	9.018284676847978
0.20790661831898918	0.14736398954263943	9.0514852393
0.15755422842228065	0.20117100729936008	9.021329079244135
0.20154187709741497	0.15798436861286888	9.044302026930536
0.16782132571316477	0.19468521792353147	9.024533489493349
0.19514554996638234	0.16880443020418168	9.03775540501149
0.1779539011336869	0.18839566476586966	9.027826949043439
0.18852922541388628	0.1806880189268244	9.031844802671825
0.27272727272727276	0.06313561382335038	9.219492505885384
0.2662337662337663	0.07365821612724213	9.171910622964544
0.2922077922077922	0.052613011519458706	9.313076294568438
0.28571428571428575	0.06313561382335044	9.21869101097097
0.3116883116883118	0.042090409215567004	9.513732783249202
0.30519480519480524	0.052613011519458734	9.312371794543983
0.3311688311688314	0.031567806911675246	9.514628994001692
0.32467532467532484	0.042090409215567	9.513169302222876
0.3506493506493508	0.021045204607783488	9.457315412975447
0.3441558441558443	0.03156780691167524	9.513688321528539
0.3636363636363638	0.02104520460778349	9.45640551913886
0.021045204607783488	0.36363636363636354	9.000085621635295
0.02104520460778348	0.3766233766233765	9.000076737006994
0.02104520460778349	0.3896103896103895	9.000069389745505
0.031567806911675246	0.35714285714285704	9.000207080983957
0.042090409215567	0.33766233766233755	9.000442409560081
0.042090409215567	0.3506493506493506	9.000390296725195
0.05261301151945874	0.318181818181818	9.000838315131015
0.05261301151945874	0.331168831168831	9.00073125902867
0.06313561382335048	0.2987012987012985	9.001478623089284
0.06313561382335048	0.3116883116883115	9.00127602214364
0.07365821612724223	0.2792207792207791	9.002487591684712
0.07365821612724223	0.2922077922077921	9.002124892249542
0.084180818431134	0.25974025974025955	9.004046606951848
0.084180818431134	0.27272727272727254	9.00342317219299
0.09470342073502575	0.25324675324675305	9.00537762021307
0.2597402597402599	0.08418081843113386	9.14048217884576
0.10522537059047571	0.2467528767485027	9.00693646248014
0.2532467532467535	0.09470342073502562	9.11586704053032
0.24675324675324709	0.10522602303891739	9.09620735654463
0.11574576077310056	0.24025647575807405	9.008724451291828
0.24025974025974062	0.11574862534280918	9.081993563811025
0.12626310930448423	0.2337520559068249	9.010737542748958
0.23376873602703785	0.12627176428713224	9.070280392244522
0.1367708004721564	0.2272336705866984	9.01296597384095
0.22729048513880445	0.13680125099270288	9.060212770747825
0.14726047129385658	0.22070617435883685	9.015394440086967
0.22084012390531013	0.14734846520830958	9.052086321017383
0.15772993164132304	0.21417498977303895	9.018002796924483
0.21442702012840223	0.1579290971006935	9.045117099717315
0.1680992238836535	0.20768704164874052	9.02075302084993
0.20805126005414198	0.16856220606622832	9.038826395984932
0.1783846400569935	0.20125500048156544	9.02362635837229
0.20196550167545624	0.17929181902142213	9.033552378890278
0.18833722680574638	0.1946755049357637	9.026622599059278
0.197711756366879	0.1889523056191259	9.029472711560775
0.2792207792207792	0.07365821612724215	9.171179377255966
0.27272727272727276	0.08418081843113386	9.139857596598837
0.2987012987012987	0.06313561382335048	9.21795705186289
0.2922077922077922	0.0736582161272422	9.170503852892109
0.3181818181818183	0.05261301151945874	9.311723863307506
0.3116883116883118	0.06313561382335049	9.217288803215226
0.3376623376623379	0.042090409215567004	9.512637263357947
0.33116883116883133	0.05261301151945873	9.311121791791521
0.3571428571428573	0.031567806911675246	9.512868231692577
0.3506493506493508	0.042090409215567	9.512126498397175
0.37662337662337686	0.021045204607783502	9.455570819786963
0.37012987012987036	0.03156780691167525	9.512144853852066
0.38961038961038985	0.021045204607783495	9.454804841626299
0.02104520460778349	0.40259740259740256	9.000063324975086
0.0210452046077835	0.4155844155844155	9.000058342691078
0.031567806911675246	0.37012987012987003	9.000184884814532
0.03156780691167527	0.383116883116883	9.000166515819608
0.031567806911675246	0.39610389610389607	9.000151325386298
0.042090409215567	0.36363636363636354	9.00034722893818
0.052613011519458734	0.34415584415584405	9.000643126578488
0.052613011519458734	0.35714285714285704	9.000570304553841
0.06313561382335048	0.3246753246753245	9.00111014576131
0.06313561382335048	0.33766233766233755	9.000973649858702
0.07365821612724222	0.305194805194805	9.001829849585285
0.07365821612724222	0.318181818181818	9.001588377403825
0.084180818431134	0.2857142857142856	9.002919525576205
0.084180818431134	0.2987012987012985	9.002509839585882
0.09470342073502575	0.26623376623376604	9.00454508256251
0.09470342073502573	0.2792207792207791	9.003872126329775
0.10522602303891747	0.25974025974025955	9.005860353621083
0.2662337662337663	0.09470342073502556	9.11537828527939
0.11574812184087918	0.25324617593888415	9.007371637159203
0.2597402597402599	0.10522602303891732	9.095868422848886
0.25324675324675355	0.11574862534280907	9.08183238342225
0.12626886811129728	0.24674908752709748	9.00907706476051
0.24675324675324728	0.12627122764670087	9.070313423944162
0.13678479276239366	0.24024410088441941	9.010970447212834
0.2402663796365525	0.13679704736563272	9.06044356321783
0.14729287222476586	0.23372925959606602	9.013041341526646
0.23379349042101802	0.14733188317201196	9.052513199780321
0.15781339800762748	0.2272171439547391	9.01527713669053
0.22734087585578475	0.15788190822630602	9.04573538515929
0.168319052000101	0.22068542365051907	9.01766242363337
0.22091668783525184	0.1684535827886847	9.039623496151762
0.1787745020637043	0.21415461388106927	9.020176886484547
0.21457305469973265	0.17905886134490598	9.034499430913352
0.18932119894615904	0.20759042427547	9.022823220366163
0.20838565893989702	0.18970804279579406	9.030012022726494
0.20091754953114344	0.2006517505170909	9.025766419749276
0.28571428571428564	0.08418081843113391	9.139265858447663
0.2792207792207792	0.09470342073502563	9.114897323530089
0.30519480519480524	0.07365821612724226	9.169879377527545
0.2987012987012987	0.08418081843113398	9.13870918646918
0.32467532467532484	0.06313561382335048	9.216683070473808
0.31818181818181834	0.07365821612724224	9.16930141052319
0.3441558441558443	0.05261301151945872	9.310568308746204
0.3376623376623379	0.06313561382335045	9.216132270711446
0.3636363636363638	0.042090409215567004	9.511630829645242
0.3571428571428573	0.05261301151945874	9.310071012287784
0.38311688311688336	0.03156780691167527	9.511498824072719
0.37662337662337686	0.042090409215567004	9.511152239179003
0.4025974025974028	0.02104520460778349	9.454098549199104
0.3961038961038963	0.031567806911675246	9.510916026153545
0.4155844155844158	0.021045204607783474	9.453441819062546
0.02104520460778349	0.42857142857142844	9.000054286053077
0.03156780691167525	0.40909090909090906	9.000138804302397
0.031567806911675246	0.422077922077922	9.000128552304686
0.042090409215567004	0.3766233766233765	9.000311569902253
0.042090409215567004	0.3896103896103895	9.00028204016616
0.042090409215567	0.40259740259740256	9.000257635006362
0.05261301151945874	0.37012987012987003	9.000509986583507
0.06313561382335048	0.35064935064935054	9.000860875756317
0.06313561382335048	0.36363636363636354	9.000767430243771
0.07365821612724223	0.33116883116883106	9.001389712525212
0.07365821612724223	0.34415584415584405	9.001225561142222
0.084180818431134	0.3116883116883115	9.002174537410482
0.084180818431134	0.3246753246753245	9.001898645773336
0.09470342073502573	0.2922077922077921	9.003324465422894
0.09470342073502575	0.305194805194805	9.002876051948485
0.10522602303891748	0.27272727272727254	9.004989497050778
0.10522602303891748	0.2857142857142856	9.004280099731071
0.1157486253428092	0.266233766233766	9.006275088145033
0.27272727272727265	0.10522602303891727	9.095509891698944
0.1262707916630875	0.2597394065015768	9.00772868469612
0.26623376623376627	0.115748625342809	9.081617115118236
0.25974025974026	0.1262712276467007	9.070260573251426
0.13679025224310673	0.2532418151820411	9.00934633903613
0.25324854424368715	0.1367947827908809	9.060559519826258
0.14730234023572683	0.246737889361776	9.011120717515182
0.2467631721107172	0.14732221298598788	9.052798996708205
0.1578086789817879	0.24022739233569593	9.01304172857206
0.2402855625208026	0.15785496369702803	9.046189440370178
0.16831498962707725	0.23371383136757354	9.015097934186281
0.23380297609653622	0.16838528535542577	9.040239946243448
0.17883036379975234	0.22716378551463645	9.017282542122173
0.22731324325054328	0.17890896170328732	9.035264610047953
0.18941598019057515	0.2206088898205628	9.019587287448964
0.2208059764431055	0.1894285556940194	9.03090238224801
0.2000704531957494	0.21420990265727619	9.021938680630003
0.21422368047823176	0.19998479871200592	9.02689471736844
0.20955424790122928	0.2092838013913727	9.023954368553163
0.29220779220779214	0.09470342073502573	9.11443013726993
0.2857142857142856	0.10522602303891743	9.095144880934955
0.3116883116883118	0.084180818431134	9.138187658918566
0.30519480519480524	0.09470342073502575	9.113981404810593
0.3311688311688314	0.0736582161272422	9.168767214591497
0.32467532467532484	0.08418081843113395	9.137699935963168
0.3506493506493508	0.06313561382335046	9.215627406435026
0.3441558441558443	0.07365821612724219	9.168274215242333
0.37012987012987036	0.05261301151945874	9.309628360660055
0.3636363636363638	0.06313561382335048	9.215161969347939
0.38961038961038985	0.042090409215567004	9.510692924737905
0.38311688311688336	0.05261301151945874	9.309232929232849
0.4090909090909093	0.03156780691167526	9.51038638435081
0.4025974025974028	0.042090409215567004	9.510253997495644
0.42857142857142877	0.021045204607783488	9.452826145396761
0.4220779220779223	0.031567806911675246	9.509901912932149
0.02104520460778349	0.44155844155844143	9.000051032751315
0.02104520460778348	0.45454545454545436	9.00004849072787
0.031567806911675246	0.43506493506493493	9.000120254942471
0.042090409215567	0.4155844155844155	9.000237563514384
0.042090409215567004	0.42857142857142844	9.000221202737912
0.05261301151945874	0.383116883116883	9.000459979290655
0.05261301151945874	0.396103896103896	9.000418559944835
0.05261301151945874	0.40909090909090906	9.000384370994077
0.06313561382335048	0.3766233766233765	9.000689880206766
0.07365821612724223	0.35714285714285704	9.001089483419461
0.07365821612724222	0.37012987012987003	9.000976445541253
0.084180818431134	0.33766233766233755	9.00167061734691
0.08418081843113397	0.3506493506493506	9.001481479433936
0.09470342073502575	0.318181818181818	9.002506925950927
0.09470342073502573	0.33116883116883106	9.002201670330217
0.10522602303891748	0.2987012987012985	9.00369876635415
0.10522602303891748	0.3116883116883115	9.003219836554521
0.11574862534280922	0.27922077922077904	9.00538055132857
0.11574862534280922	0.2922077922077921	9.004646561723389
0.12627117151780107	0.27272720447978194	9.006626730374053
0.279220779220779	0.11574862534280911	9.081368489978376
0.13679243965422294	0.26623232686008236	9.008016512213038
0.2727272727272726	0.12627122764670068	9.070146950764594
0.2662337662337663	0.13679382995059222	9.060589534202466
0.14730788458691635	0.2597340535675672	9.009544685789677
0.25974325315239977	0.14731821663680744	9.052974332224865
0.15781322825491953	0.25323059376078866	9.011203618692692
0.25325559646412177	0.15784449907453782	9.046509812503615
0.16830923208900847	0.24672483141161347	9.012983297845713
0.24676812442574123	0.16837046184090013	9.040695489830993
0.17880441139216263	0.2402044699262016	9.01487640409624
0.24028874799113525	0.1788935307639587	9.03584118002643
0.1893440248384639	0.23361245307557962	9.016886462847184
0.23387292215270986	0.18943017933885622	9.031583127853587
0.1999877928294821	0.22686708969799949	9.019031662429702
0.2275202407804574	0.20006492118051913	9.027648050676705
0.21155022391488465	0.21997038821975728	9.021337385840361
0.22117088473647434	0.21122364984823713	9.02420189740356
0.22070198075840428	0.22035197297375586	9.021802064262756
0.29870129870129863	0.1052260230389175	9.094781837871627
0.2922077922077921	0.11574862534280923	9.081101612640142
0.3181818181818183	0.0947034207350257	9.113553709857166
0.3116883116883118	0.10522602303891748	9.094425588330799
0.3376623376623378	0.08418081843113392	9.137244288409304
0.3311688311688313	0.09470342073502565	9.113148075683727
0.3571428571428573	0.07365821612724222	9.167818486298001
0.3506493506493507	0.08418081843113394	9.136818915628718
0.37662337662337686	0.06313561382335046	9.21473199618219
0.37012987012987036	0.07365821612724223	9.16739595187583
0.39610389610389635	0.05261301151945874	9.30887808462331
0.38961038961038985	0.06313561382335048	9.214334302821563
0.4155844155844158	0.042090409215567004	9.509835427351298
0.4090909090909093	0.05261301151945874	9.30855768506249
0.4415584415584418	0.021045204607783488	9.45224625898649
0.4350649350649353	0.031567806911675246	9.509455374877932
0.42857142857142877	0.042090409215567	9.509436260753544
0.4545454545454548	0.021045204607783495	9.451698884319997
0.02104520460778348	0.46753246753246736	9.000046600632851
0.0210452046077835	0.48051948051948035	9.000045339059383
0.03156780691167525	0.44805194805194787	9.000113666026012
0.031567806911675246	0.46103896103896086	9.000108597729536
0.042090409215567	0.44155844155844143	9.000208062316851
0.05261301151945874	0.422077922077922	9.000356341164492
0.05261301151945874	0.43506493506493493	9.000333625302163
0.06313561382335048	0.3896103896103895	9.000625528418778
0.06313561382335048	0.4025974025974025	9.000572247472066
0.06313561382335048	0.4155844155844155	9.00052835584138
0.07365821612724222	0.383116883116883	9.000882490561095
0.08418081843113398	0.36363636363636354	9.00132421299793
0.08418081843113398	0.3766233766233765	9.001193295584143
0.09470342073502575	0.34415584415584405	9.001948288640675
0.09470342073502573	0.35714285714285704	9.001737384086807
0.10522602303891748	0.3246753246753245	9.00282344473335
0.10522602303891748	0.33766233766233755	9.002494100835689
0.11574862534280922	0.305194805194805	9.004041152658708
0.11574862534280922	0.31818181818181795	9.003539504792023
0.12627121789460038	0.28571427580449454	9.005721054958656
0.12627122764670098	0.2987012987012985	9.004972879455606
0.13679339361702922	0.2792203955796802	9.006921419258985
0.2857142857142854	0.12627122764670087	9.069991350383127
0.14731205552586135	0.272724257066617	9.008244338436127
0.2792207792207789	0.13679382995059244	9.060556117965474
0.2727279330973116	0.14731683983660215	9.053066053852872
0.15782155916389015	0.26622369976848453	9.009684150584645
0.26623539598820345	0.15784012318961943	9.046728170146961
0.168317800315941	0.25971648312875273	9.011233751497615
0.2597427622117387	0.16836378009244904	9.041035406043655
0.1787965655800381	0.25317939930102734	9.012887517161978
0.2532515142836801	0.17888338123234762	9.03629389133195
0.18924783935193293	0.24656820792517797	9.014644740844211
0.24679739123354225	0.18939382725460982	9.032144439677873
0.19958993447026302	0.23981005327289007	9.016505614627428
0.24058362628145988	0.19989342781088493	9.02834371559517
0.20995614036695642	0.2329908511419309	9.018463533514755
0.23448290610271377	0.21043065535872624	9.02514051325506
0.22029564405833896	0.22829190594661397	9.020067475130944
0.22897863782102568	0.22078674771614099	9.022163121744898
0.30519480519480524	0.11574862534280927	9.080826509661422
0.29870129870129863	0.12627122764670104	9.069808115339443
0.32467532467532484	0.10522602303891743	9.094079588391443
0.31818181818181834	0.11574862534280922	9.080549822777492
0.34415584415584427	0.09470342073502565	9.112764547764206
0.3376623376623378	0.10522602303891739	9.093746387852748
0.3636363636363638	0.08418081843113397	9.136421671657617
0.35714285714285726	0.0947034207350257	9.112402588800974
0.3831168831168834	0.07365821612724223	9.167003284085233
0.37662337662337686	0.08418081843113398	9.136050266957456
0.40259740259740284	0.06313561382335048	9.213965615983959
0.39610389610389635	0.07365821612724223	9.166637569552341
0.4220779220779223	0.05261301151945874	9.308266248066447
0.4155844155844158	0.06313561382335048	9.213622683592419
0.4480519480519483	0.03156780691167527	9.509039715663151
0.4415584415584418	0.042090409215567004	9.509055063907384
0.4350649350649353	0.05261301151945874	9.307998942026273
0.4675324675324678	0.021045204607783488	9.451181465647464
0.4610389610389613	0.03156780691167527	9.508648404546184
0.4805194805194808	0.021045204607783488	9.450692600205672
0.021045204607783478	0.49350649350649334	9.000044755945915
0.021045204607783495	0.5064935064935063	9.000044452843952
0.03156780691167527	0.47402597402597385	9.000104925431517
0.03156780691167527	0.48701298701298684	9.0001027640514
0.042090409215567004	0.45454545454545436	9.000197759899779
0.042090409215567004	0.46753246753246736	9.000190004632417
0.05261301151945874	0.4480519480519479	9.000315560808815
0.06313561382335048	0.42857142857142844	9.000492524161073
0.06313561382335048	0.44155844155844143	9.000463706889631
0.07365821612724223	0.39610389610389607	9.000804494455096
0.07365821612724222	0.40909090909090906	9.000739984063914
0.07365821612724223	0.422077922077922	9.000686999834203
0.08418081843113397	0.3896103896103895	9.00108436202886
0.09470342073502573	0.37012987012987003	9.001561553491221
0.09470342073502575	0.383116883116883	9.001414936312996
0.10522602303891748	0.35064935064935054	9.002219648316734
0.10522602303891748	0.36363636363636354	9.001990492216928
0.11574862534280922	0.33116883116883106	9.003122212530785
0.11574862534280922	0.34415584415584405	9.002774008293017
0.12627122764670098	0.3116883116883115	9.004352029844766
0.12627122764670098	0.3246753246753245	9.003834836195745
0.13679375979992572	0.29220772468395606	9.006015076026287
0.13679382995059275	0.305194805194805	9.005261648026371
0.1473149223039241	0.28571304660672053	9.007165784017415
0.29220779220779197	0.13679382995059272	9.060476942135663
0.15783007996409307	0.2792143440883203	9.008421105974461
0.28571428571428487	0.1473164322544844	9.053094766215738
0.27922077922077765	0.1578390345583755	9.04686698786112
0.1683339683810912	0.27270825660451375	9.009775578515486
0.27272727272727176	0.16836163686226532	9.04128286290346
0.17881897636439123	0.2661852127373685	9.011223320969554
0.2662282675522733	0.17888242985833036	9.03664313052402
0.18927166790418323	0.2596128034048147	9.012760649186383
0.2597226534458666	0.18939699517852945	9.032585373665832
0.19967374509208768	0.25298435272892345	9.014382965849412
0.2533924258066065	0.19986437968392548	9.028874189528876
0.21003433736130772	0.24629851291011645	9.016083304065143
0.24743587161272906	0.21017660404867244	9.02580469107791
0.2202757416220306	0.24035548549471883	9.017721263507001
0.2420157083394415	0.22017409376804475	9.022966174539933
0.23010390077623977	0.23441067524485948	9.01936583841316
0.23869940676720797	0.22936638750531158	9.020827352108686
0.3116883116883118	0.12627122764670098	9.069608254785992
0.3051948051948052	0.1367938299505928	9.060365010392928
0.3311688311688314	0.11574862534280908	9.08027572643344
0.3246753246753249	0.12627122764670087	9.069399811394364
0.3506493506493507	0.10522602303891741	9.093427222401543
0.34415584415584427	0.11574862534280912	9.080006728474977
0.37012987012987036	0.09470342073502573	9.112061231770632
0.3636363636363638	0.10522602303891744	9.093122561969174
0.38961038961038985	0.08418081843113398	9.135702524991851
0.38311688311688336	0.09470342073502575	9.111739267789988
0.4090909090909093	0.07365821612724222	9.166295987665181
0.4025974025974028	0.08418081843113397	9.135376347591686
0.4285714285714288	0.06313561382335048	9.213302418645783
0.4220779220779223	0.07365821612724223	9.165975798206757
0.4545454545454548	0.042090409215567004	9.508690014786607
0.4480519480519483	0.05261301151945874	9.307751601590523
0.44155844155844187	0.06313561382335048	9.21300187709352
0.4740259740259743	0.031567806911675246	9.508275392529484
0.4675324675324678	0.042090409215567004	9.508338904722608
0.4935064935064937	0.02104520460778349	9.450231746859744
0.4870129870129873	0.03156780691167525	9.507914981755475
0.5064935064935067	0.02104520460778349	9.449798228266657
0.02104520460778349	0.5194805194805192	9.000044683870774
0.021045204607783474	0.5324675324675322	9.000045552913535
0.03156780691167527	0.49999999999999983	9.000101741476124
0.03156780691167527	0.5129870129870128	9.000101705624433
0.042090409215567004	0.48051948051948035	9.000184778114916
0.042090409215567004	0.49350649350649334	9.000181887445601
0.05261301151945874	0.46103896103896086	9.000301625053796
0.05261301151945874	0.47402597402597385	9.000291572950774
0.06313561382335048	0.4545454545454544	9.000441073656445
0.07365821612724223	0.43506493506493493	9.00064399536385
0.07365821612724222	0.4480519480519479	9.00060974272918
0.084180818431134	0.40259740259740256	9.000993950883172
0.084180818431134	0.41558441558441556	9.000919313210916
0.08418081843113401	0.4285714285714285	9.000858271700709
0.09470342073502575	0.39610389610389607	9.001292876766803
0.10522602303891748	0.3766233766233765	9.001799022651879
0.10522602303891748	0.3896103896103895	9.001639181459923
0.11574862534280922	0.35714285714285704	9.00248281339188
0.11574862534280922	0.37012987012987003	9.00223902616778
0.12627122764670098	0.33766233766233755	9.003402618396807
0.12627122764670098	0.35064935064935054	9.003040556230047
0.13679382995059275	0.31818181818181795	9.004632948687801
0.13679382995059275	0.331168831168831	9.004106650113549
0.147316170466906	0.2987010314300305	9.006267352120526
0.1473164261325487	0.3116883019777405	9.005516197237556
0.1578358472440762	0.2922049024984586	9.007366519470407
0.2987012987012983	0.14731643225448465	9.053076225563942
0.16834828547294997	0.2857029484382427	9.00855510939097
0.29220756158047584	0.15783903341006605	9.04694453210135
0.2857128635125062	0.16836162978101984	9.04145665402079
0.17884717561462185	0.2791890079476614	9.009828119812006
0.2792149600750536	0.17888388170861855	9.036909503171517
0.18931876746248152	0.2726493421279678	9.011180402357487
0.27271082501285193	0.1894046966001538	9.032937669731929
0.19974856260609417	0.2660842143639925	9.012605502749961
0.2662059658810378	0.19991570084468424	9.02928853105128
0.21013699713568068	0.25953672699604685	9.014092491218078
0.26015179341833483	0.21023556935769153	9.02627978634291
0.22052665095785207	0.253154571033096	9.015615573883787
0.254322811057304	0.22035603755423472	9.023449987517694
0.23072735857134458	0.2469992603775661	9.017141430590174
0.2487137010035411	0.23013642969104978	9.02113202332537
0.24194811461780671	0.2407939789504853	9.018764570038464
0.3181818181818184	0.13679382995059267	9.060230390207145
0.3116883116883119	0.14731643225448454	9.05302265971931
0.3376623376623378	0.12627122764670076	9.069188058699313
0.3311688311688314	0.1367938299505925	9.060080936765438
0.35714285714285726	0.11574862534280916	9.079745036066207
0.3506493506493507	0.12627122764670082	9.068976523494802
0.37662337662337686	0.10522602303891747	9.092832404955622
0.37012987012987036	0.1157486253428092	9.079491969587226
0.3961038961038963	0.09470342073502575	9.111435350685163
0.38961038961038985	0.10522602303891748	9.092556374124184
0.4155844155844158	0.08418081843113401	9.135069641842202
0.4090909090909093	0.09470342073502575	9.111148032598898
0.4350649350649353	0.07365821612724223	9.165674395552678
0.42857142857142877	0.084180818431134	9.134780324507949
0.4610389610389613	0.05261301151945874	9.307520773668232
0.4545454545454548	0.06313561382335048	9.212718237841727
0.4480519480519483	0.07365821612724222	9.165389319878921
0.4805194805194808	0.042090409215567	9.50799915195904
0.4740259740259743	0.05261301151945874	9.307303668327394
0.5000000000000002	0.03156780691167525	9.507561997946949
0.4935064935064937	0.042090409215567	9.507667823322194
0.5194805194805197	0.021045204607783488	9.449389394634066
0.5129870129870131	0.031567806911675246	9.50721237427347
0.5324675324675326	0.02104520460778349	9.448999897214437
0.021045204607783485	0.5454545454545452	9.000047013361836
0.02104520460778349	0.5584415584415582	9.000049102450008
0.03156780691167525	0.5259740259740256	9.000103045744616
0.03156780691167525	0.5389610389610386	9.000105750466176
0.042090409215567004	0.5064935064935063	9.000180981393255
0.042090409215567004	0.5194805194805192	9.000182210809959
0.05261301151945874	0.48701298701298684	9.000285241743159
0.05261301151945874	0.49999999999999983	9.000282285052677
0.06313561382335048	0.46753246753246736	9.000424082709158
0.06313561382335048	0.48051948051948035	9.000412443667967
0.07365821612724222	0.4610389610389609	9.000583338448807
0.084180818431134	0.44155844155844143	9.0008090979253
0.084180818431134	0.45454545454545436	9.000770457008391
0.09470342073502575	0.40909090909090906	9.001191668597363
0.09470342073502573	0.42207792207792205	9.0011083653163
0.09470342073502575	0.435064935064935	9.001040624942986
0.10522602303891748	0.4025974025974025	9.001506133949595
0.11574862534280922	0.383116883116883	9.002034984542634
0.11574862534280922	0.39610389610389607	9.001864557511096
0.12627122764670098	0.36363636363636354	9.002736836866035
0.12627122764670098	0.3766233766233765	9.002482008192564
0.13679382995059275	0.34415584415584405	9.003664979324428
0.13679382995059275	0.35714285714285704	9.00329372666077
0.14731643225448446	0.3246753246753245	9.00488619711674
0.14731643225448446	0.33766233766233755	9.004356470617674
0.1578383987035372	0.30519408317017155	9.006482885545587
0.15783899884708416	0.31818176153682065	9.00574023521785
0.16835685053716298	0.2986963721907186	9.007530068503335
0.3051947667569193	0.15783903436699173	9.046975127663236
0.17886759197463994	0.29219158024326686	9.008653770266863
0.29870129870129697	0.16836163686227004	9.041572590045304
0.29220534727949615	0.17888445751472712	9.037109205869344
0.18936076904910107	0.2856704367241609	9.009849431097905
0.2857055282994103	0.18940832992939308	9.03321762737397
0.19981879814379797	0.2791296963691394	9.011111430063815
0.27920202002996164	0.19993623443684688	9.029639592681482
0.21022766745207275	0.27259736686859914	9.012430761885133
0.2728092906667636	0.21041671408853282	9.02664524120505
0.22055373854525118	0.2661531801529298	9.013789974795118
0.2667443954855682	0.22068397992609973	9.023835626028715
0.2307588399811833	0.25981166560336094	9.015178835977123
0.2608452422275471	0.23092621305597638	9.021467950367407
0.2406911724628641	0.2535428991189202	9.016582091315284
0.2549392574105055	0.24120230853408167	9.0192543068507
0.24976200533294407	0.2498998921816081	9.017576577612312
0.32467532467532506	0.14731643225448418	9.052943333134088
0.3181818117755048	0.1578390345264786	9.046969694065583
0.3441558441558442	0.13679382995059247	9.059922789116849
0.33766233766233783	0.14731643225448404	9.052845499266821
0.36363636363636376	0.12627122764670093	9.068767360538892
0.3571428571428572	0.13679382995059258	9.059760281547575
0.38311688311688336	0.11574862534280922	9.079248196208885
0.37662337662337686	0.12627122764670098	9.068562034182905
0.4025974025974028	0.10522602303891748	9.092293812386762
0.3961038961038963	0.11574862534280925	9.079013920874793
0.4220779220779223	0.09470342073502573	9.110875791613365
0.4155844155844158	0.10522602303891748	9.092043874052083
0.4415584415584418	0.08418081843113401	9.13450634637371
0.4350649350649353	0.09470342073502573	9.110617060069776
0.4675324675324678	0.06313561382335048	9.212448803357367
0.4610389610389613	0.07365821612724222	9.165118247482111
0.4545454545454548	0.08418081843113401	9.13424570161449
0.4870129870129873	0.05261301151945874	9.307097995819278
0.4805194805194808	0.06313561382335048	9.212191021830536
0.5064935064935067	0.042090409215567	9.507341661554465
0.5000000000000002	0.05261301151945874	9.306901759810167
0.5259740259740261	0.031567806911675246	9.506863212372041
0.5194805194805197	0.042090409215567004	9.50701716304093
0.5454545454545456	0.02104520460778348	9.44862216742049
0.5389610389610391	0.03156780691167526	9.506512305262147
0.5584415584415585	0.021045204607783488	9.448248202711966
0.0210452046077835	0.5714285714285713	9.000051873358826
0.0210452046077835	0.5844155844155843	9.000055410069223
0.031567806911675246	0.5519480519480516	9.000109799699423
0.031567806911675246	0.5649350649350647	9.000115320210869
0.042090409215567004	0.5324675324675321	9.0001858297378
0.042090409215567004	0.5454545454545451	9.000191808944344
0.05261301151945874	0.5129870129870127	9.000282577467454
0.05261301151945874	0.5259740259740256	9.000286359691081
0.06313561382335048	0.49350649350649334	9.000405825318994
0.06313561382335048	0.5064935064935062	9.000403934956209
0.07365821612724222	0.47402597402597385	9.000564232171852
0.07365821612724222	0.48701298701298684	9.000552021612203
0.08418081843113401	0.46753246753246736	9.000741435401542
0.09470342073502575	0.4480519480519479	9.000986602560012
0.09470342073502573	0.46103896103896086	9.000944938912717
0.10522602303891748	0.4155844155844155	9.001396022525535
0.10522602303891748	0.4285714285714285	9.00130577288031
0.10522602303891748	0.4415584415584415	9.001232942134083
0.11574862534280925	0.40909090909090906	9.001722835816183
0.12627122764670098	0.3896103896103895	9.002268485132694
0.12627122764670098	0.40259740259740256	9.00209017290562
0.13679382995059275	0.37012987012987003	9.002981487754576
0.13679382995059275	0.383116883116883	9.002719082569385
0.14731643225448446	0.3506493506493506	9.003910266253955
0.1473164322544845	0.36363636363636354	9.003534096246739
0.15783903455837622	0.33116883116883106	9.005114495270673
0.15783903455837622	0.34415584415584405	9.00458626958592
0.16836056203249683	0.3116869956231903	9.006666660008932
0.16836154877441425	0.32467518495099784	9.005937594471277
0.17887845251364573	0.3051883631899794	9.007662416284285
0.31168831168831374	0.16836163686226915	9.041642660838262
0.18938753894495708	0.2986806487566258	9.008723754496769
0.30519382471498335	0.17888446263239544	9.037254589951013
0.29869788882207043	0.18940809239723755	9.033437146190186
0.1998743218194793	0.29215469005923606	9.009846403702158
0.29220226905601804	0.19993325124701203	9.029930490062055
0.21031622641522307	0.28562441370927544	9.011023590496533
0.28571378104207096	0.21046144096953143	9.026985757537682
0.22069344759652687	0.2791271588295328	9.012245587691625
0.279348579404777	0.22091444579726224	9.024183401956138
0.23095157108169695	0.27271733735386355	9.013497930474417
0.27325714074935237	0.23126711893115826	9.02184013578527
0.2409864788803484	0.26641498345752324	9.014768433614234
0.26731031151026013	0.241794971530771	9.019626664364814
0.25040257345551825	0.2604364070653528	9.016007821086987
0.2608024814005627	0.2534077245946419	9.017474005146099
0.3311688301011126	0.1578390345530592	9.046936884423708
0.32467532467532734	0.16836163686226635	9.041676724601468
0.35064935064935066	0.14731643225448415	9.052734894242944
0.34415584397789084	0.15783903455748952	9.046883487461692
0.3701298701298703	0.1367938299505927	9.059596321401974
0.36363636363636376	0.14731643225448435	9.052616077523956
0.38961038961038985	0.126271227646701	9.068361773345172
0.38311688311688336	0.13679382995059275	9.059432908469745
0.4090909090909093	0.11574862534280922	9.07878903573315
0.4025974025974028	0.126271227646701	9.068167273509838
0.4285714285714288	0.10522602303891748	9.091805565970335
0.4220779220779223	0.11574862534280922	9.078573166036207
0.4480519480519483	0.09470342073502575	9.110370251004776
0.44155844155844187	0.10522602303891748	9.091577787350715
0.4740259740259743	0.07365821612724222	9.16485895593457
0.4675324675324678	0.08418081843113401	9.13399642872345
0.4610389610389613	0.09470342073502575	9.1101337744528
0.4935064935064937	0.06313561382335048	9.211942490924
0.4870129870129873	0.07365821612724222	9.164609288365503
0.5129870129870132	0.05261301151945874	9.30671305755081
0.5064935064935067	0.06313561382335048	9.21170092855963
0.5324675324675326	0.042090409215567004	9.506690708598269
0.5259740259740261	0.05261301151945874	9.306529999524384
0.5519480519480521	0.03156780691167527	9.506157370504546
0.5454545454545456	0.042090409215567004	9.506358650083087
0.5714285714285714	0.021045204607783488	9.447871083025023
0.564935064935065	0.031567806911675246	9.505795457885162
0.5844155844155844	0.021045204607783485	9.447484832853915
0.021045204607783512	0.5974025974025974	9.000059823702948
0.021045204607783547	0.6103896103896104	9.000065258063342
0.031567806911675246	0.5779220779220778	9.000122476687459
0.03156780691167526	0.5909090909090908	9.000131490933201
0.042090409215567004	0.5584415584415582	9.000200258114546
0.042090409215567004	0.5714285714285712	9.00021143983079
0.05261301151945874	0.5389610389610386	9.000293774163053
0.05261301151945874	0.5519480519480516	9.000304890705506
0.06313561382335048	0.5194805194805192	9.000406840093648
0.06313561382335048	0.5324675324675322	9.000414771076096
0.07365821612724222	0.49999999999999983	9.000546317841085
0.07365821612724222	0.5129870129870128	9.000546984377886
0.08418081843113401	0.48051948051948035	9.000721436592471
0.08418081843113401	0.49350649350649334	9.000709971513638
0.09470342073502575	0.47402597402597385	9.000914721452316
0.10522602303891748	0.4545454545454544	9.001175653142715
0.10522602303891748	0.46753246753246736	9.001132573656845
0.11574862534280923	0.422077922077922	9.001605893256754
0.11574862534280925	0.43506493506493493	9.00151059470821
0.11574862534280922	0.4480519480519479	9.001434475386104
0.126271227646701	0.4155844155844155	9.001942177995614
0.13679382995059275	0.39610389610389607	9.002499108919677
0.13679382995059275	0.40909090909090906	9.002315599322314
0.1473164322544845	0.3766233766233765	9.003217067527977
0.14731643225448446	0.3896103896103895	9.002950365412923
0.15783903455837622	0.35714285714285704	9.004139888955367
0.15783903455837622	0.37012987012987003	9.003762656323461
0.16836163686226796	0.33766233766233755	9.005320772865067
0.168361636862268	0.35064935064935054	9.004798273736169
0.17888290114696925	0.3181801500355319	9.006823451908621
0.17888412052531175	0.33116864298156223	9.006112059209043
0.18940058817105246	0.31168084841418914	9.007769062494361
0.31818139914009297	0.17888438835640993	9.03735607077523
0.19990774913434883	0.30516902114840844	9.008771048964581
0.31168709010373064	0.18940740111957896	9.033605977527827
0.30519298744646584	0.19993099484740662	9.030164693969285
0.21038684226931825	0.2986418855961867	9.00982497859278
0.2987012344540699	0.21045468664236297	9.02728199298732
0.22081280208131485	0.2921250593312477	9.010923550431919
0.2922139125521411	0.22097744041390852	9.02451702996435
0.2312036651420603	0.28562865344646493	9.012062429049537
0.2859102802872584	0.23141382765109936	9.022200703588853
0.24148471749895045	0.2791886328418933	9.013229328831114
0.2799234227401149	0.2418055986741472	9.02005432482232
0.25162999880187764	0.2727929587617484	9.014422443287787
0.27409432453347804	0.25216086539462074	9.018157516873856
0.26155093778520805	0.266759698690392	9.015585002923503
0.27040500661982936	0.2615012617007574	9.016647130855363
0.33766233766233666	0.16836163686226635	9.041682731920533
0.331168681502561	0.1788842987017841	9.0374223494389
0.3571428571131981	0.15783903455822826	9.046814849461368
0.35064935064935	0.16836163686226746	9.04166707406135
0.37662337662337686	0.14731643225448446	9.052492558943294
0.370129870124927	0.15783903455835155	9.04673522158347
0.3961038961038963	0.13679382995059275	9.059271287732656
0.38961038961038985	0.14731643225448446	9.052366744295261
0.4155844155844158	0.12627122764670098	9.067978839887813
0.4090909090909093	0.13679382995059275	9.059112303646863
0.4350649350649353	0.11574862534280922	9.078365735254616
0.42857142857142877	0.12627122764670098	9.067796484312607
0.4545454545454548	0.10522602303891748	9.091359365840619
0.4480519480519483	0.11574862534280922	9.078166024888924
0.4805194805194808	0.084180818431134	9.133756599538046
0.4740259740259743	0.09470342073502575	9.10990604558665
0.4675324675324678	0.10522602303891748	9.091149076935162
0.5000000000000002	0.07365821612724222	9.164367126888243
0.4935064935064937	0.084180818431134	9.133524298935185
0.5194805194805197	0.06313561382335048	9.211464112352488
0.5129870129870131	0.07365821612724223	9.16413036567999
0.5389610389610391	0.05261301151945874	9.306350740587426
0.5324675324675326	0.06313561382335048	9.211229864359526
0.5584415584415585	0.042090409215567004	9.506017351902235
0.5519480519480521	0.05261301151945874	9.306173565286855
0.5779220779220778	0.03156780691167524	9.50542286823977
0.5714285714285714	0.042090409215567	9.505663097876424
0.5974025974025974	0.021045204607783478	9.447083580915757
0.5909090909090908	0.03156780691167524	9.505035618223408
0.6103896103896105	0.021045204607783485	9.446661064553872
0.021045204607783752	0.6233766233766239	9.000071897536996
0.021045204607784584	0.636363636363639	9.000079977870465
0.031567806911675274	0.603896103896104	9.000142649616452
0.03156780691167533	0.616883116883118	9.00015632080209
0.042090409215567	0.5844155844155843	9.000225693539482
0.04209040921556697	0.5974025974025977	9.000243463799507
0.05261301151945873	0.5649350649350647	9.00032000232598
0.052613011519458575	0.5779220779220778	9.000339569761204
0.06313561382335048	0.5454545454545452	9.000427868509432
0.06313561382335027	0.5584415584415583	9.000446390683287
0.07365821612724222	0.5259740259740258	9.00055420001185
0.07365821612724209	0.538961038961039	9.000568191163557
0.08418081843113398	0.5064935064935063	9.000706723661958
0.0841808184311339	0.5194805194805193	9.000711720726715
0.09470342073502573	0.4870129870129869	9.000895294722406
0.0947034207350257	0.5	9.000886177311168
0.10522602303891748	0.4805194805194804	9.001102783443514
0.11574862534280922	0.46103896103896086	9.001375700147939
0.1157486253428092	0.47402597402597385	9.001332980484085
0.12627122764670098	0.42857142857142844	9.00182057709758
0.126271227646701	0.44155844155844143	9.001722246934593
0.12627122764670098	0.45454545454545436	9.001644781902376
0.13679382995059275	0.422077922077922	9.002163749875308
0.14731643225448446	0.40259740259740256	9.002726854630952
0.14731643225448446	0.41558441558441556	9.00254076651744
0.15783903455837622	0.383116883116883	9.003444260058101
0.15783903455837622	0.39610389610389607	9.003176319349754
0.16836163686226796	0.36363636363636354	9.004355529796586
0.16836163686226796	0.3766233766233765	9.003980670745618
0.1788842391661597	0.34415584415584405	9.005508011718833
0.1788842391661597	0.35714285714285704	9.004994822353408
0.18940551339364428	0.3246735927804285	9.006957742677402
0.189406745847325	0.3376621688070794	9.0062672584162
0.19992281351837635	0.31817257309891495	9.007855015915597
0.3246748886568775	0.18940704420363141	9.033733089889493
0.21042720246465962	0.31165596004265966	9.008800809919306
0.31818129899260505	0.1999297400270537	9.030351491795196
0.3116881432503011	0.21045279765119437	9.02752571889526
0.22089609429990165	0.3051319541897774	9.009790147943354
0.3051967598548932	0.2209750001322226	9.024814235003658
0.2313156985045938	0.2986239330463613	9.010816918689647
0.2987085145375608	0.2314941812972057	9.0225245426914
0.24170393737827497	0.29213927117950705	9.011877599878959
0.29248890791150706	0.2419066994534583	9.020410536148283
0.25205445884252353	0.2856913920938919	9.012965986994141
0.2865540534399673	0.2522723989289331	9.018543870016856
0.26236209721903997	0.2794250218657903	9.014064641395146
0.28078669468162426	0.2624947429008888	9.016870080917093
0.27370346921442057	0.2729948181540614	9.015239865861133
0.34415579516436284	0.17888425908209316	9.037460600619498
0.33766218174353074	0.1894069142234958	9.0338262832429
0.3636363636363635	0.1683616368622679	9.041634844490657
0.3571428419896127	0.17888424526124144	9.037476721492192
0.38311688311605946	0.1578390345583721	9.046647995974498
0.3766233766233768	0.16836163686226793	9.041590086875397
0.40259740259740284	0.1473164322544845	9.052240312145296
0.39610389610375796	0.15783903455837553	9.046555874045024
0.4220779220779223	0.13679382995059275	9.05895661373968
0.4155844155844155	0.14731643225448446	9.052114388982195
0.4415584415584418	0.126271227646701	9.067620009326731
0.4350649350649353	0.13679382995059275	9.058804531672818
0.4610389610389613	0.11574862534280922	9.077973206473997
0.4545454545454548	0.12627122764670098	9.06744903451908
0.4870129870129873	0.09470342073502575	9.109685493168469
0.4805194805194808	0.10522602303891748	9.090945652631222
0.4740259740259743	0.11574862534280922	9.077786371196263
0.5064935064935067	0.08418081843113401	9.133297592272747
0.5000000000000002	0.09470342073502575	9.109470581193927
0.5259740259740261	0.07365821612724223	9.163896853621324
0.5194805194805197	0.08418081843113401	9.133074491928026
0.5454545454545456	0.06313561382335048	9.210996032661582
0.5389610389610391	0.07365821612724222	9.16366438530035
0.564935064935065	0.05261301151945874	9.30599691413187
0.5584415584415585	0.06313561382335048	9.21076031633359
0.5844155844155844	0.042090409215567	9.505291967753609
0.5779220779220778	0.052613011519458734	9.305819333292897
0.6038961038961039	0.03156780691167524	9.504629625736614
0.5974025974025974	0.042090409215567	9.504899795032792
0.6233766233766235	0.021045204607783495	9.446210373351073
0.6168831168831169	0.03156780691167524	9.504200663581592
0.6363636363636366	0.021045204607783502	9.445723763675986
0.02104520460778754	0.649350649350662	9.000089800778815
0.02104520460779691	0.6623376623377172	9.000101753845525
0.031567806911675364	0.629870129870136	9.000172974841474
0.031567806911674524	0.6428571428571702	9.000193212403197
0.04209040921556678	0.6103896103896124	9.000265321229646
0.04209040921556584	0.6233766233766322	9.000291994926798
0.052613011519457915	0.5909090909090917	9.000364188739676
0.052613011519454946	0.6038961038961085	9.000394630305477
0.06313561382334944	0.5714285714285722	9.000470868134625
0.06313561382334569	0.5844155844155884	9.000502036329074
0.07365821612724141	0.5519480519480531	9.00058921699793
0.0736582161272384	0.5649350649350714	9.000617798068488
0.08418081843113358	0.5324675324675331	9.000725204383869
0.08418081843113207	0.5454545454545495	9.00074746982753
0.09470342073502559	0.5129870129870133	9.000887203402128
0.09470342073502509	0.5259740259740278	9.000898533306364
0.10522602303891743	0.4935064935064936	9.001085614423618
0.1052260230389173	0.5064935064935072	9.001080693267058
0.11574862534280915	0.4870129870129871	9.001305404128994
0.12627122764670093	0.46753246753246747	9.001586433211317
0.1262712276467007	0.48051948051948107	9.00154596549735
0.13679382995059275	0.43506493506493493	9.00203970726304
0.13679382995059272	0.448051948051948	9.00194043737367
0.13679382995059264	0.4610389610389612	9.001863656808554
0.14731643225448446	0.42857142857142855	9.002387448344988
0.15783903455837622	0.4090909090909091	9.002952028625232
0.15783903455837622	0.4220779220779221	9.002765872310095
0.16836163686226802	0.3896103896103896	9.003664010754022
0.16836163686226802	0.4025974025974026	9.003397649764254
0.1788842391661597	0.37012987012987003	9.004559017469205
0.17888423916615973	0.383116883116883	9.004189565489876
0.18940684147005146	0.3506493506493506	9.005679137278234
0.18940684147005146	0.36363636363636354	9.005178264457316
0.199928097142264	0.3311666334811819	9.007073678410103
0.19992932459393173	0.344155584943258	9.006406601141963
0.21044402040853638	0.32466228385336043	9.007924722720887
0.3311686108305873	0.1999295650835502	9.030499013763974
0.22094336320683983	0.31814198208730066	9.008817413460848
0.324675230513343	0.21045212338489788	9.02772597814908
0.3181823267287818	0.220974733464221	9.025064832703249
0.23140274704997876	0.3116226304785095	9.009746574859138
0.31169239714548913	0.23149568483447217	9.022821166995369
0.24181328146456782	0.3051260889502856	9.01070688934186
0.3052135730039095	0.24201173032537487	9.020724967123718
0.25216948304697545	0.2986711451437732	9.011693237152668
0.2990125536649098	0.25243807321261236	9.018879340472578
0.26249367879334384	0.2922746424935261	9.012701207045794
0.2930184202609166	0.2628284127089673	9.017207436750331
0.27273731839659887	0.28603834797615224	9.013713317452192
0.2869448940211335	0.27321070051799295	9.015653402299735
0.2818069076151771	0.2820683778508972	9.014462274778788
0.350649296504894	0.18940686640917404	9.033892049232762
0.34415575677182103	0.1999294923447914	9.030614350446257
0.3701298656465575	0.17888424093104502	9.037475515120178
0.3636363455692837	0.1894068495818532	9.033935765474284
0.3896103896103898	0.16836163686226793	9.041536023975764
0.3831168818402917	0.178884239657043	9.037460865405135
0.4090909090908852	0.1578390345583761	9.046460930428145
0.4025974025973972	0.16836163686226796	9.041475236417698
0.42857142857142866	0.14731643225448446	9.051989669046096
0.4220779220779182	0.1578390345583762	9.046364586287384
0.4480519480519483	0.13679382995059275	9.058656124098379
0.4415584415584418	0.1473164322544845	9.05186658720942
0.4675324675324678	0.12627122764670098	9.06728303655708
0.4610389610389613	0.13679382995059275	9.058511262726554
0.4935064935064937	0.10522602303891748	9.090747780601951
0.4870129870129873	0.11574862534280922	9.077604558604948
0.4805194805194808	0.12627122764670098	9.067121386278162
0.5129870129870131	0.09470342073502575	9.109259851874782
0.5064935064935067	0.10522602303891748	9.090554090913507
0.5324675324675326	0.08418081843113401	9.132852948009353
0.5259740259740261	0.09470342073502575	9.10905196138532
0.5519480519480521	0.07365821612724222	9.16343094990274
0.5454545454545456	0.08418081843113401	9.132630863476296
0.5714285714285714	0.06313561382335048	9.210520418179799
0.564935064935065	0.07365821612724223	9.163194507232951
0.5909090909090908	0.052613011519458734	9.305639459295955
0.5844155844155844	0.06313561382335048	9.21027413106104
0.6103896103896105	0.042090409215567	9.504482182307328
0.6038961038961039	0.052613011519458734	9.305455997330704
0.62987012987013	0.031567806911675246	9.503744311791129
0.6233766233766235	0.042090409215567	9.504034474872421
0.6493506493506497	0.021045204607783502	9.445192655036047
0.642857142857143	0.03156780691167525	9.503255901435224
0.02104520460782255	0.6753246753249044	9.00011633781031
0.03156780691166696	0.6558441558442709	9.00021780240302
0.03156780691162033	0.6688311688316427	9.000247733696979
0.04209040921556098	0.6363636363636739	9.000324414281915
0.04209040921553789	0.6493506493508024	9.00036376521224
0.05261301151944173	0.6168831168831372	9.000431879313012
0.052613011519384696	0.6298701298702155	9.000477189586093
0.06313561382332902	0.5974025974026157	9.00054084436488
0.06313561382325662	0.6103896103896908	9.000588510732603
0.07365821612722494	0.5779220779221084	9.000654766209363
0.07365821612716562	0.5909090909092286	9.000701221117255
0.08418081843112535	0.5584415584415775	9.000779004186562
0.08418081843109591	0.5714285714286574	9.000820656831749
0.0947034207350229	0.5389610389610477	9.000920482103838
0.09470342073501344	0.551948051948092	9.000953516251522
0.10522602303891669	0.5194805194805229	9.00108802277665
0.10522602303891403	0.5324675324675479	9.00110787695516
0.11574862534280878	0.5000000000000013	9.00129237481989
0.11574862534280715	0.512987012987019	9.001293688711156
0.1262712276466997	0.49350649350649717	9.001522528338889
0.13679382995059228	0.474025974025976	9.001807723404603
0.13679382995059083	0.48701298701299683	9.001771483557237
0.14731643225448446	0.44155844155844154	9.002263184817402
0.1473164322544844	0.4545454545454553	9.00216510046508
0.14731643225448418	0.46753246753247196	9.002091070669529
0.15783903455837622	0.4350649350649354	9.002613405221537
0.16836163686226802	0.4155844155844157	9.00317515529463
0.16836163686226802	0.42857142857142905	9.002991308315508
0.17888423916615973	0.3961038961038961	9.003877430152128
0.17888423916615973	0.40909090909090934	9.00361521982787
0.1894068414700515	0.3766233766233765	9.004752233055704
0.1894068414700515	0.3896103896103896	9.004390844151054
0.19992943379073755	0.3571428450798932	9.005836945372687
0.19992944377394323	0.37012987012987003	9.005350886803434
0.2104499244798376	0.3376583966924985	9.007175017595342
0.21045162023656447	0.350648557374548	9.006533232707886
0.2209627328012169	0.3311496270095287	9.007982065088257
0.337662285348509	0.21045209485975513	9.027889847214622
0.23145625898707298	0.3246277499767053	9.00882477568649
0.33116893579672124	0.22097466593473059	9.025275793337293
0.3246759504294201	0.23149702695094157	9.023075980553193
0.24190768147426664	0.31811328463919597	9.00969818796006
0.31819421381114227	0.24201540548032818	9.021020507377786
0.2522990849785504	0.31162948757885695	9.010597100879542
0.31172399372182213	0.2525319855530091	9.019191185679032
0.2626307102152448	0.3051774164531303	9.011518778725057
0.30552034255430865	0.2630125982980863	9.017533906044136
0.2728961124327604	0.29871589823769973	9.012464062604684
0.29937573466537215	0.2736660618959829	9.01597338565688
0.28264019616809966	0.29270792232311865	9.013373126539735
0.2929747954465972	0.285164452991002	9.014475598342385
0.35714282338774744	0.19992946207269283	9.030703291194586
0.35064932072783755	0.21045206904065913	9.028023495265758
0.37662337084416325	0.1894068439845287	9.033961876079855
0.37012985760364797	0.1999294502531426	9.030770694563772
0.3961038957526665	0.17888423929831385	9.037435899660409
0.38961038783642166	0.18940684221740078	9.033974045653943
0.4155844155844151	0.16836163686226796	9.041409789028535
0.40909090899723893	0.17888423920074878	9.037403123458928
0.43506493506493465	0.15783903455837622	9.046267838555123
0.4285714285714288	0.168361636862268	9.04134132970931
0.4545454545454548	0.1473164322544845	9.051745480981735
0.44805194805194826	0.15783903455837622	9.046171345383216
0.4740259740259743	0.13679382995059275	9.058369681754755
0.4675324675324678	0.1473164322544845	9.051626466355422
0.5000000000000002	0.11574862534280922	9.077426783038185
0.4935064935064937	0.12627122764670098	9.066963368367546
0.4870129870129873	0.13679382995059275	9.058231007627539
0.5194805194805197	0.10522602303891748	9.090363128651362
0.5129870129870131	0.11574862534280922	9.077252063125513
0.5389610389610391	0.09470342073502575	9.10884551891415
0.5324675324675326	0.10522602303891748	9.090173378239799
0.5584415584415585	0.084180818431134	9.132406477988434
0.5519480519480521	0.09470342073502575	9.10863886356192
0.5779220779220778	0.07365821612724223	9.162952944090426
0.5714285714285714	0.084180818431134	9.132177948547499
0.5974025974025975	0.06313561382335048	9.210019324718898
0.5909090909090908	0.07365821612724223	9.16270407926237
0.6168831168831169	0.052613011519458734	9.305267705864763
0.6103896103896105	0.06313561382335048	9.209753892345306
0.6363636363636366	0.042090409215567	9.503551677418281
0.62987012987013	0.052613011519458734	9.305073401658818
0.6623376623376627	0.0210452046077835	9.444607840752637
0.655844155844156	0.03156780691167525	9.502730350557725
0.6493506493506497	0.042090409215567	9.50302833624086
0.6753246753246755	0.02104520460778349	9.443959418271861
0.02104520460787669	0.688311688312628	9.000134204324198
0.021045204607905436	0.7012987013024929	9.000156208740812
0.031567806911378164	0.6818181818200894	9.00028428608853
0.042090409215434145	0.6623376623382716	9.000411566244269
0.04209040921499282	0.6753246753270362	9.000469772243783
0.05261301151914611	0.6428571428574923	9.000532156412449
0.052613011518184545	0.6558441558455391	9.000598814127427
0.06313561382294931	0.6233766233769645	9.000646585366228
0.0631356138216803	0.6363636363650468	9.000717035900232
0.07365821612690893	0.6038961038967141	9.00075857568737
0.07365821612581856	0.6168831168857654	9.000828631927789
0.08418081843096904	0.5844155844159623	9.000873635197541
0.08418081843043097	0.5974025974042261	9.000939502963945
0.09470342073497383	0.5649350649352416	9.000998443164166
0.09470342073481008	0.5779220779228395	9.001056505759282
0.10522602303890273	0.5454545454546136	9.001140706161339
0.10522602303885563	0.5584415584418513	9.001187253616807
0.11574862534279977	0.5259740259740525	9.001309506390028
0.11574862534276631	0.538961038961154	9.00134023570888
0.12627122764669513	0.5064935064935231	9.001515676984956
0.1262712276466743	0.519480519480594	9.001525394706732
0.13679382995058437	0.5000000000000445	9.00175422144166
0.14731643225448338	0.480519480519501	9.002039577331287
0.14731643225448024	0.49350649350658315	9.002009600704197
0.15783903455837628	0.44805194805194964	9.002491115424847
0.15783903455837653	0.46103896103896846	9.002396335028672
0.15783903455837767	0.47402597402600705	9.002327117098757
0.16836163686226824	0.4415584415584439	9.002841925239002
0.1788842391661598	0.4220779220779227	9.003396904171176
0.17888423916616011	0.4350649350649379	9.00321759944862
0.18940684147005152	0.4025974025974028	9.004085717580042
0.1894068414700516	0.41558441558441633	9.003829982555699
0.19992944377394326	0.383116883116883	9.004937041803622
0.19992944377394326	0.39610389610389624	9.004586023882396
0.21045198670016776	0.3636362835799218	9.005984056164722
0.210452046077835	0.3766233766233766	9.00551486574169
0.22097038491047272	0.3441484721163122	9.007265112960036
0.22097344617340284	0.3571407947720427	9.006650015180641
0.2314794814584873	0.3376357036849466	9.008030437229193
0.3441558517307814	0.22097465830850502	9.02545323841377
0.24196811169952612	0.3311144124272226	9.008826265050415
0.3376625023735803	0.23149719528163276	9.023295029637135
0.331171978849768	0.2420185474098981	9.021278334928553
0.25240979544237735	0.3246043185172914	9.009647976738755
0.3246927494873826	0.2525354375689363	9.019484990662038
0.26278906547190284	0.3181209129908967	9.010491570929004
0.31823214546356193	0.2630455944997349	9.017849852061955
0.2731199447161909	0.311659921499746	9.011355271180458
0.3119595883740198	0.273529974430381	9.01633445043892
0.28335990507975917	0.30527666103233403	9.012232418818806
0.30622837881953785	0.28387075933967604	9.015002228551639
0.2934181310854143	0.2989610305196172	9.013112738147342
0.3022611478467877	0.2932655849470286	9.013929375250294
0.36363634919078686	0.21045205577965617	9.028132051010653
0.3571428527351818	0.22097465540633335	9.025602442349268
0.3831168786971311	0.1999294459433811	9.030820637826288
0.37662337025821097	0.2104520498849627	9.028219897622213
0.40259740207356004	0.18940684168417862	9.033975281813712
0.3961038946228285	0.19992944446564465	9.030856530402703
0.4220779220536394	0.1788842391749873	9.03736455078632
0.4155844154351529	0.18940684152944795	9.03396804211273
0.4415584415584418	0.168361636862268	9.041271128705995
0.43506493505880045	0.17888423916836152	9.037321803910139
0.46103896103896136	0.15783903455837622	9.046075509227075
0.4545454545454548	0.168361636862268	9.041200064382709
0.4805194805194808	0.1473164322544845	9.051509504398497
0.4740259740259743	0.15783903455837622	9.045980584779599
0.5064935064935067	0.12627122764670098	9.066808193891005
0.5000000000000002	0.13679382995059275	9.058094788352522
0.4935064935064937	0.1473164322544845	9.051394430345338
0.5259740259740261	0.11574862534280922	9.0770794594024
0.5194805194805197	0.12627122764670098	9.066655006342584
0.5454545454545456	0.10522602303891748	9.08998342315279
0.5389610389610391	0.11574862534280922	9.076907986730511
0.564935064935065	0.09470342073502573	9.108430187432376
0.5584415584415586	0.10522602303891748	9.089792149865866
0.5844155844155844	0.084180818431134	9.131943433580723
0.5779220779220778	0.09470342073502573	9.10821776376447
0.6038961038961039	0.07365821612724223	9.162445681768814
0.5974025974025974	0.084180818431134	9.131701070818245
0.6233766233766235	0.06313561382335048	9.20947569458305
0.6168831168831169	0.07365821612724223	9.16217548666044
0.6428571428571431	0.052613011519458734	9.304871984741828
0.6363636363636366	0.06313561382335048	9.209182529113052
0.668831168831169	0.031567806911675246	9.502162027942289
0.6623376623376627	0.042090409215567	9.502458415927997
0.6558441558441561	0.05261301151945874	9.304662492876055
0.6883116883116884	0.021045204607783485	9.443236590863632
0.681818181818182	0.03156780691167524	9.501544604377253
0.7012987012987014	0.021045204607783474	9.442426428884398
0.021045204607352246	0.714285714300691	9.000183484816771
0.021045204603052706	0.7272727273302954	9.000217551822315
0.03156780691024777	0.69480519481268	9.000329128808348
0.0315678069053958	0.7077922078206819	9.000384458593418
0.04209040921321213	0.6883116883205709	9.000540917075986
0.05261301151448077	0.668831168836451	9.000679768121927
0.05261301150099746	0.6818181818374714	9.000778374846972
0.06313561381660869	0.6493506493563069	9.000802362066018
0.06313561379712851	0.6623376623595449	9.000905749573134
0.07365821612128357	0.629870129881361	9.000913673731207
0.07365821610286637	0.6428571429034936	9.00101659355574
0.08418081842818986	0.610389610396488	9.001020257872907
0.08418081841904208	0.6233766234050157	9.001118433691433
0.09470342073414582	0.5909090909123149	9.001129370431562
0.0947034207315046	0.6038961039094944	9.001219171818626
0.10522602303866034	0.5714285714298076	9.001248722607327
0.10522602303785776	0.5844155844207082	9.001326816142559
0.11574862534261592	0.5519480519485421	9.001386552967624
0.11574862534194792	0.5649350649371172	9.00144957023572
0.12627122764658097	0.5324675324678605	9.001551997937455
0.12627122764616835	0.5454545454559678	9.00159608700198
0.13679382995055658	0.5129870129872093	9.001755690131374
0.13679382995043882	0.5259740259748772	9.00177605841189
0.1473164322544685	0.5064935064938911	9.002000620730222
0.15783903455838313	0.4870129870131275	9.00228209864183
0.15783903455840784	0.5000000000005841	9.002260452342163
0.16836163686226904	0.45454545454546497	9.002723750218342
0.1683616368622726	0.46753246753251143	9.002634349268797
0.16836163686228747	0.4805194805196611	9.002571970817934
0.17888423916616136	0.4480519480519603	9.00307343116184
0.1894068414700519	0.42857142857143177	9.003618032326942
0.18940684147005302	0.44155844155845475	9.003445353643961
0.1999294437739433	0.40909090909090984	9.004290101673918
0.1999294437739435	0.4220779220779253	9.00404292831962
0.210452046077835	0.3896103896103897	9.005115244487103
0.21045204607783505	0.4025974025974033	9.004776587422164
0.22097445052665424	0.3701295616976748	9.006122889911069
0.2209746422899176	0.38311687338663464	9.005672236396551
0.23148982612908298	0.3506373717035798	9.00734693265977
0.23149482111978673	0.36363228178623447	9.006759523702321
0.24199626689423548	0.34412263314375463	9.008072777943397
0.35064936551151443	0.23149724704092867	9.023483296443901
0.2524790399389419	0.33760175943490967	9.008824736078639
0.3441559796239119	0.24201972090787405	9.021503792235826
0.337666244624896	0.2525401072523712	9.019744543104103
0.2629128114418855	0.3310893205034789	9.009598976944027
0.33118460715716974	0.2630545388675572	9.018140345774762
0.2733287357954523	0.32458055208566217	9.01039494355821
0.3247195350291141	0.2735499203997765	9.01664697065433
0.28371513930202585	0.3180880881987531	9.011209064445085
0.3187193464167745	0.2839627693912463	9.015323351079326
0.2942285773102062	0.31158826707919623	9.012047607888924
0.3129384489388396	0.2942998590421712	9.014129890983414
0.30578920064651716	0.3050476506936694	9.012933353219266
0.37012986524711716	0.22097465220783175	9.025727991365677
0.36363636260516535	0.23149725121242914	9.023645425279428
0.3896103870562253	0.21045204747450455	9.028290755181585
0.38311688036356223	0.22097465015968795	9.025833829243892
0.4090909086180041	0.199929443985256	9.030881219527352
0.4025974016501999	0.21045204656044483	9.028347779852004
0.42857142853026114	0.18940684148605777	9.033954327568829
0.42207792193337795	0.19992944383611885	9.030897076422464
0.4480519480504343	0.1788842391666975	9.037276184523641
0.44155844154741847	0.18940684147425382	9.033935763083775
0.4675324675324678	0.16836163686226802	9.041128740567844
0.4610389610385956	0.17888423916628857	9.037228727468502
0.4870129870129873	0.15783903455837622	9.045886703974574
0.4805194805194808	0.16836163686226796	9.041057563454713
0.5129870129870132	0.13679382995059275	9.057960528249133
0.5064935064935067	0.1473164322544845	9.051280985890749
0.5000000000000002	0.15783903455837622	9.045793902567437
0.5324675324675326	0.12627122764670098	9.066502881646763
0.5259740259740261	0.13679382995059275	9.057827733661902
0.5519480519480521	0.11574862534280922	9.076736430216132
0.5454545454545456	0.12627122764670098	9.066350911775245
0.5714285714285715	0.10522602303891748	9.089598237837196
0.5649350649350651	0.11574862534280922	9.076563544583665
0.5909090909090908	0.09470342073502573	9.107999889013874
0.5844155844155844	0.10522602303891748	9.089400323314537
0.6103896103896105	0.084180818431134	9.131448959535538
0.6038961038961039	0.09470342073502573	9.1077748736805
0.62987012987013	0.07365821612724223	9.161891190300624
0.6233766233766235	0.084180818431134	9.131185156625508
0.6493506493506497	0.06313561382335048	9.208872127870164
0.642857142857143	0.07365821612724222	9.161590432698427
0.6753246753246754	0.042090409215567	9.501835163943595
0.668831168831169	0.052613011519458734	9.30444419061598
0.6623376623376627	0.06313561382335048	9.208542175797666
0.6948051948051949	0.03156780691167524	9.500871155020581
0.6883116883116884	0.042090409215567004	9.50115090031756
0.7142857142857144	0.021045204607783485	9.44151252490545
0.7077922077922079	0.03156780691167524	9.50013436983477
0.7272727272727275	0.02104520460778349	9.440473196379585
0.02104520458073526	0.7402597404732633	9.000260470253549
0.02104520448616379	0.7532467540020256	9.000315071854585
0.03156780688613247	0.7207792208834088	9.000453195665827
0.031567806815696646	0.7337662341290206	9.000539265593444
0.0420904092064085	0.7012987013309728	9.000628311805272
0.042090409181910766	0.714285714398114	9.000736323140968
0.05261301145536907	0.694805194871749	9.000898989534369
0.06313561372591618	0.6753246754055744	9.001031278159088
0.06313561348169333	0.6883116885939762	9.001184205185188
0.07365821603006986	0.6558441560294057	9.001141060898407
0.07365821575108379	0.6688311695436551	9.0012917485325
0.08418081838253665	0.6363636364778686	9.001237231344426
0.08418081824051786	0.649350649796899	9.001380695683695
0.09470342072122612	0.6168831169375663	9.00132862093973
0.09470342068214388	0.6298701300862745	9.001461139710782
0.105226023034587	0.597402597423425	9.001423749441711
0.10522602302137418	0.6103896104724528	9.001542338868612
0.11574862533902303	0.5779220779305165	9.001530950090158
0.11574862532643994	0.5909090909430974	9.001632925624556
0.12627122764437568	0.5584415584476164	9.00165865921422
0.1262712276367365	0.5714285714538395	9.001741268625478
0.1367938299499478	0.5389610389646639	9.001815825815386
0.13679382994793557	0.551948051963173	9.00187586503455
0.14731643225442573	0.5194805194821389	9.00201260212934
0.14731643225427268	0.5324675324742171	9.00204590660465
0.1578390345585149	0.5129870129893946	9.002261886475418
0.1683616368623477	0.49350649350722214	9.002535451030674
0.16836163686258374	0.5064935064963861	9.002524198848127
0.17888423916616616	0.4610389610390115	9.002961432265318
0.17888423916618465	0.474025974026176	9.002879415910952
0.17888423916625287	0.4870129870137798	9.002825852395697
0.189406841470057	0.45454545454550704	9.003308414652055
0.19992944377394414	0.43506493506494803	9.003839339121852
0.19992944377394573	0.4480519480519988	9.00367521872757
0.21045204607783508	0.4155844155844186	9.004491795553145
0.21045204607783508	0.42857142857144076	9.004255045491563
0.22097464838172673	0.39610389610389674	9.005288543256869
0.22097464838172673	0.40909090909091206	9.004963948319459
0.23149676622797244	0.3766225547154678	9.006255654097922
0.2314972151500652	0.3896103328506073	9.005824873481387
0.24200925485123367	0.3571264301607851	9.007423084587465
0.2420159943790913	0.3701234886666422	9.006864048119619
0.2525131893935593	0.3506103049314852	9.008111694013563
0.35714286955075736	0.24201984174198538	9.021701295854923
0.26298954988397827	0.34408577080891184	9.008822900545317
0.3506495357895271	0.2525423101719191	9.019975064719276
0.34415954440418717	0.26306222847320476	9.018401121327074
0.27341865055971065	0.33756002952379854	9.009553886703204
0.3376630308759412	0.27358339415250343	9.016932478367238
0.2838171734810376	0.3310328188951533	9.010303818316991
0.3313893786916449	0.2840888396916986	9.015618096821049
0.2941980767998726	0.32448179034751273	9.011072569217875
0.3252413401604457	0.2945685831594115	9.014423578963727
0.304535282724818	0.3179156428673148	9.011857968375852
0.3193021073591342	0.30518603210181505	9.013290241851374
0.3138407092604198	0.31411713829854293	9.012415767072193
0.3766233749830765	0.23149725180519243	9.023785456278866
0.37012987381060114	0.2420198525987723	9.021874681989404
0.39610389483499436	0.2209746491173659	9.025923355358495
0.3896103884981685	0.2314972513844632	9.02390694254719
0.4155844152554644	0.21045204623613636	9.028393643670944
0.4090909085709465	0.22097464866080263	9.025999487578344
0.4350649350224463	0.19992944379163868	9.030906071279572
0.42857142846333435	0.21045204612746823	9.028430608461116
0.4545454545425813	0.18940684147112893	9.033913675804298
0.44805194803988574	0.1999294437788319	9.030909838120893
0.4740259740258877	0.1788842391661901	9.037180235616384
0.4675324675317367	0.18940684147032183	9.03388915746058
0.4935064935064937	0.16836163686226796	9.040986781866344
0.4870129870129671	0.17888423916616672	9.03713131054005
0.5194805194805197	0.1473164322544845	9.051168833324766
0.5129870129870131	0.15783903455837622	9.04570214197411
0.5064935064935067	0.16836163686226796	9.040916529165548
0.5389610389610391	0.13679382995059275	9.057695949857305
0.5324675324675326	0.1473164322544845	9.051057566899216
0.5584415584415586	0.12627122764670098	9.066198344415499
0.5519480519480521	0.13679382995059275	9.057564493790244
0.5779220779220778	0.11574862534280923	9.076388182897482
0.5714285714285715	0.12627122764670098	9.066044345297916
0.5974025974025974	0.10522602303891748	9.08919702660522
0.5909090909090908	0.11574862534280926	9.076209221270501
0.6168831168831169	0.09470342073502573	9.107541039833052
0.6103896103896105	0.10522602303891748	9.088986979951272
0.6363636363636366	0.084180818431134	9.13090768864344
0.62987012987013	0.09470342073502573	9.107296720988288
0.655844155844156	0.07365821612724222	9.161270782665499
0.6493506493506497	0.084180818431134	9.130614572182523
0.681818181818182	0.05261301151945874	9.304216671096539
0.6753246753246754	0.06313561382335048	9.208190334505145
0.668831168831169	0.07365821612724223	9.160929732380678
0.7012987012987014	0.042090409215567004	9.500396806481119
0.6948051948051949	0.05261301151945874	9.303979953438512
0.720779220779221	0.031567806911675246	9.499326665142627
0.7142857142857144	0.042090409215567	9.499562669029133
0.7402597402597405	0.0210452046077835	9.439279238556717
0.733766233766234	0.03156780691167527	9.498440180705325
0.7532467532467535	0.02104520460778349	9.437891867125261
0.021045204148003635	0.7662337687386	9.00038530586473
0.021045203158853984	0.7792207868081288	9.000476768237265
0.03156780658195849	0.7467532479366835	9.000648010470892
0.03156780589978458	0.7597402632676897	9.000786798064375
0.04209040909948952	0.7272727276444583	9.000870769442173
0.042090408843861754	0.7402597414121049	9.001039491576394
0.05261301131555627	0.7077922080054014	9.00104731068033
0.05261301094507518	0.7207792213968908	9.001230864422068
0.0631356127134061	0.7012987022108804	9.001371355857733
0.07365821471897717	0.6818181844336277	9.001474638041275
0.07365821105115503	0.6948052038707367	9.001697435792805
0.08418081770374435	0.66233766402262	9.001553950473395
0.08418081574087889	0.6753246814394559	9.001763513209687
0.09470342053716559	0.6428571436918823	9.001621037940673
0.09470342001312691	0.6558441589668025	9.001813749551472
0.10522602296853407	0.623376623698113	9.001686140618425
0.10522602275994848	0.6363636375765737	9.001859624194163
0.11574862527347535	0.6038961040300216	9.001758353749459
0.11574862505646893	0.616883117396509	9.001910843325605
0.1262712276049075	0.5844155845184335	9.001846094132292
0.12627122747570071	0.5974025978092193	9.001975971477536
0.1367938299398371	0.5649350649966705	9.00195757713085
0.13679382990783137	0.57792207816632	9.002063014744492
0.14731643225372495	0.5454545454815346	9.002101271451979
0.14731643225171237	0.5584415585478463	9.00217992314222
0.15783903455895887	0.5259740259835388	9.002286579697161
0.15783903456071072	0.538961038998173	9.002335115988396
0.1683616368634729	0.5194805194916609	9.002538160075304
0.17888423916649202	0.5000000000030514	9.002799820041398
0.17888423916727594	0.512987012998514	9.002800984636506
0.18940684147007047	0.46753246753267313	9.003204551365757
0.189406841470111	0.4805194805202708	9.003131836755811
0.1894068414702129	0.49350649350947484	9.00308899542213
0.19992944377394817	0.46103896103915587	9.00354739385039
0.2104520460778343	0.44155844155848856	9.004061629763212
0.21045204607782728	0.45454545454563317	9.003907845332039
0.2209746483817265	0.42207792207793354	9.004691964655684
0.22097464838172512	0.4350649350649795	9.004467290996617
0.23149725068561847	0.4025974025974055	9.00545851868403
0.23149725068561863	0.41558441558442705	9.00514942744522
0.2420189674769674	0.3831153116424746	9.006384336245283
0.24201976400319491	0.3961037446134636	9.005974481035127
0.2525292446876634	0.36361584220935	9.007495895257712
0.2525374428042791	0.3766147246272436	9.006965627714607
0.263030736649919	0.35709599978424755	9.008149585746525
0.36363641344120023	0.252542444108275	9.020180217024913
0.27350098886884305	0.350564471658716	9.008822966296977
0.35714336219819354	0.2630649457550215	9.018635894274098
0.3506504857793957	0.2735880746398561	9.017194911343077
0.28392193385778935	0.3440263035546091	9.009513810610065
0.34424691462194273	0.2841443299583741	9.01589771337291
0.2942952298077578	0.33746927288803946	9.01022199177642
0.33795005782585136	0.2946868009949205	9.014716315006902
0.3045970581733901	0.3307966521566197	9.01095107856777
0.3316465228271624	0.30543660982942683	9.013582231808243
0.3144851135627401	0.3251556247650008	9.011615985770687
0.3250842722308523	0.31727643410411516	9.01246915746443
0.38311688550546374	0.24201985427577993	9.022027558071551
0.37662341091298557	0.25254246928608926	9.02036326145573
0.40259740201912714	0.23149725102226693	9.024012975623053
0.39610389622373093	0.24201985343132826	9.022163117134
0.4220779218821793	0.22097464848061169	9.026064730926146
0.4155844153250176	0.2314972508272588	9.024106248142715
0.44155844152456125	0.21045204609279675	9.028460589051734
0.4350649349960129	0.22097464841486267	9.026121235756131
0.4610389610356414	0.1999294437752582	9.030909734995054
0.4545454545352612	0.21045204608219195	9.02848520854833
0.48051948051929877	0.18940684147011796	9.033863105548539
0.4740259740250856	0.19992944377428848	9.030906896258742
0.49999999999999556	0.17888423916616134	9.037082405271383
0.4935064935064493	0.18940684147006756	9.033836249668072
0.5259740259740261	0.15783903455837622	9.045611331418469
0.5194805194805197	0.16836163686226796	9.040846931151934
0.5129870129870121	0.17888423916616011	9.037033824658506
0.5454545454545456	0.1473164322544845	9.050946762272906
0.5389610389610391	0.15783903455837622	9.045521352740918
0.5649350649350651	0.13679382995059275	9.057432655779907
0.5584415584415586	0.1473164322544845	9.050836015154301
0.5844155844155844	0.126271227646701	9.065888059651632
0.577922077922078	0.13679382995059275	9.057299778403282
0.6038961038961039	0.11574862534280926	9.076025563199346
0.5974025974025974	0.126271227646701	9.065728651044061
0.6233766233766235	0.10522602303891748	9.088768847085582
0.6168831168831169	0.11574862534280923	9.075836154512205
0.6428571428571431	0.09470342073502573	9.107040267864226
0.6363636363636366	0.10522602303891748	9.088541343146773
0.6623376623376626	0.084180818431134	9.130303834900102
0.6558441558441561	0.09470342073502575	9.106770059453153
0.6883116883116884	0.06313561382335048	9.207814272961672
0.681818181818182	0.07365821612724223	9.160564697701746
0.6753246753246754	0.084180818431134	9.129973537533488
0.7077922077922079	0.05261301151945874	9.303734596130164
0.7012987012987014	0.06313561382335048	9.207411679582407
0.7272727272727275	0.042090409215567004	9.498636600193748
0.720779220779221	0.05261301151945874	9.30348186092368
0.746753246753247	0.031567806911675246	9.49746587813817
0.7402597402597405	0.042090409215567004	9.49760470130915
0.7662337662337664	0.02104520460778348	9.436269551418063
0.7597402597402599	0.031567806911675246	9.496389488850545
0.7792207792207794	0.02104520460778349	9.434380085639068
0.02104520110652014	0.7922078122756618	9.000597530308534
0.02104520030930356	0.8051948473929941	9.000759478676477
0.03156780426983282	0.772727281903648	9.000965945175532
0.0315678017506748	0.7857143043864575	9.00120011682347
0.04209040812843115	0.7532467565345686	9.001253186654742
0.042090406384678904	0.7662337746350799	9.00152664935233
0.05261301017358818	0.7337662353190315	9.001459694097257
0.05261300923532905	0.7467532499108857	9.001747354384563
0.06313561057957236	0.7142857169325394	9.001601665859122
0.06313560571753248	0.727272733800035	9.001886944070783
0.07365819859194828	0.7077922370464717	9.00197014467737
0.08418080883156503	0.6883117094900091	9.002017719473285
0.08418078556775571	0.7012987706720426	9.002327299480983
0.09470341816894252	0.6688311800835111	9.002046145988396
0.09470341185299468	0.6818182205939068	9.002326954897796
0.10522602195145202	0.6493506537800195	9.00206840207217
0.10522601890024495	0.6623376779061756	9.002319533806629
0.11574862419654841	0.6298701317768758	9.002094926557346
0.1157486209277252	0.6428571496754844	9.002316277029701
0.12627122696690787	0.6103896119419235	9.00213449111461
0.12627122503383728	0.6233766290557533	9.002326161207689
0.13679382978361068	0.5909090918471912	9.002194927654926
0.13679382930993336	0.6038961073676374	9.002356826597781
0.14731643224386684	0.5714285718354791	9.002283730473335
0.14731643221076687	0.5844155859238553	9.002415290107324
0.15783903456722545	0.5519480520893583	9.002408538473636
0.15783903458970636	0.5649350654576273	9.002508496842543
0.1683616368666653	0.5324675325096478	9.002577738201751
0.16836163687745653	0.5454545456097136	9.00264378727509
0.1788842391696015	0.525974026016404	9.00282953238464
0.18940684147036355	0.5064935065045334	9.00307537605561
0.18940684146993583	0.5194805195204472	9.003090905722969
0.19992944377394128	0.4740259740267104	9.003453508470754
0.19992944377384678	0.48701298701572177	9.003391913329233
0.19992944377321717	0.5000000000099687	9.003361615016162
0.21045204607778537	0.46753246753313776	9.003790879271195
0.22097464838171763	0.4480519480521183	9.004285685103698
0.22097464838168102	0.4610389610396064	9.00414385648878
0.23149725068561897	0.42857142857147323	9.004891704583066
0.2314972506856198	0.4415584415586153	9.004680567634052
0.24201985298950776	0.40909090909092344	9.005626616311039
0.24201985298949824	0.42207792207798045	9.005334238519751
0.25254125452380966	0.38960798717325	9.006510711901397
0.25254232850660335	0.40259712556972477	9.006122591026697
0.26305035184265363	0.3701044433605782	9.007567437594284
0.26305956578749534	0.38310575045943746	9.007066067617968
0.2735506187054031	0.3635805146408357	9.008188346064754
0.3701302028339088	0.26306522063318705	9.018847671256614
0.28401243892287714	0.3570462480740481	9.008826123369106
0.3636378133404575	0.2735887545703567	9.017433673948899
0.3571948340881906	0.2841249018381152	9.016162692893388
0.2944338878692799	0.35051094728422255	9.009479090630508
0.35078927994877834	0.29466575555180996	9.015001438951339
0.30478979749049934	0.34397249140606806	9.010145559600716
0.3443913993062029	0.3052176084577013	9.013901978652813
0.3150427093870127	0.3375583867512874	9.010816934886636
0.3380916803168129	0.31568860125489423	9.012914734941612
0.3251245792320393	0.33107303953163436	9.01149660839635
0.33433094927176343	0.32526629008523755	9.012130975360366
0.3896103898285427	0.2525424554684892	9.020527397399059
0.3831168830944172	0.26306505760810694	9.019039279663401
0.40909090894362565	0.24201985316671584	9.022284182312587
0.4025974025790546	0.2525424554035438	9.020675510879189
0.42857142846627605	0.23149725074001293	9.024189101389446
0.4220779219752884	0.24201985306206844	9.022393237710382
0.44805194802898174	0.22097464839232175	9.026170852370269
0.44155844151897533	0.23149725070511448	9.024263575550394
0.46753246752950867	0.2104520460790655	9.028505846398728
0.4610389610316572	0.22097464838498093	9.026215178253706
0.48701298701275525	0.19992944377403188	9.030902279462255
0.4805194805186485	0.2104520460781731	9.028523681425298
0.506493506493496	0.18940684147005526	9.033809157160299
0.4999999999999409	0.1999294437739655	9.030896704406302
0.5324675324675326	0.16836163686226796	9.040778038568947
0.5259740259740259	0.1788842391661598	9.036985820573898
0.5194805194805172	0.18940684147005238	9.033782254613529
0.5519480519480521	0.15783903455837622	9.045432046733696
0.5454545454545456	0.16836163686226796	9.040709855182925
0.5714285714285715	0.1473164322544845	9.050724949678091
0.5649350649350651	0.15783903455837622	9.045343228107354
0.5909090909090908	0.13679382995059275	9.05716526225742
0.5844155844155844	0.14731643225448446	9.05061321101437
0.6103896103896105	0.126271227646701	9.065565331656606
0.6038961038961039	0.13679382995059275	9.057028571484954
0.62987012987013	0.11574862534280926	9.075639999510317
0.6233766233766235	0.126271227646701	9.065397388298685
0.6493506493506497	0.10522602303891748	9.08830325931212
0.6428571428571431	0.11574862534280926	9.075436179561207
0.668831168831169	0.09470342073502573	9.106484516822471
0.6623376623376627	0.10522602303891748	9.088053496821402
0.6948051948051949	0.07365821612724223	9.160173025111737
0.6883116883116884	0.08418081843113401	9.129621801185188
0.681818181818182	0.09470342073502573	9.106182116894047
0.7142857142857144	0.06313561382335048	9.206980264416613
0.7077922077922079	0.07365821612724223	9.159752002987135
0.7337662337662341	0.05261301151945874	9.303223952761668
0.7272727272727275	0.06313561382335048	9.206517756621716
0.7532467532467536	0.042090409215567	9.496450572051698
0.7467532467532471	0.05261301151945874	9.302964355031612
0.7727272727272728	0.031567806911675246	9.495190945576672
0.7662337662337665	0.042090409215567	9.495154450798744
0.7922077922077924	0.02104520460778348	9.4322039367889
0.7857142857142857	0.031567806911675246	9.493843873952228
0.8051948051948054	0.02104520460778349	9.429727421221491
0.021045218140710826	0.8181818700768425	9.000980497070392
0.021045325362947984	0.8311687786230643	9.001288176977612
0.031567670812161046	0.7987013483355409	9.001510566152929
0.03156746316567475	0.8116883699546604	9.001928721447769
0.04209040292351359	0.7792207976293097	9.001880633961852
0.04209020796698405	0.7922077935124885	9.002344728693727
0.05261300986232909	0.7597402643165779	9.002112366079844
0.05261300677070194	0.7727272854899973	9.002580353092169
0.06313559803613457	0.7402597524842612	9.002242957153358
0.06313559235988221	0.753246766641504	9.002690995182052
0.07365815828995236	0.7207793070906888	9.002305858166793
0.07365803418466448	0.7337664617344365	9.002721872905255
0.08418071123625213	0.7142859266516339	9.00270616885111
0.09470339081518421	0.6948053213651672	9.002667323288863
0.09470332283580696	0.707792594040796	9.003081580536852
0.10522600783107267	0.675324727617784	9.002621928289601
0.10522596994160888	0.688311854624103	9.00298687941567
0.11574860913396441	0.6558441791334302	9.002581997652682
0.11574856931406181	0.6688312440515262	9.002900999261241
0.12627121799593247	0.6363636560818597	9.002556614853036
0.12627119365751868	0.649350713515442	9.002832877059346
0.13679382753502434	0.616883129176629	9.002553122477883
0.13679382100777648	0.6298701711765395	9.002789321834141
0.14731643206130698	0.5974026027895291	9.002577975823153
0.14731643136562303	0.6103896288213472	9.002776041915162
0.15783903465968457	0.5779220797933735	9.0026373739924
0.15783903484443082	0.5909090973708914	9.002798349396913
0.1683616369111093	0.5584415589972549	9.002737722938038
0.1683616370043124	0.571428573356903	9.002861670113134
0.17888423917539273	0.5389610391133837	9.00288611824594
0.17888423918449592	0.5519480524810892	9.002971921709744
0.1894068414643941	0.5324675326088104	9.00313602093439
0.19992944376983046	0.5129870130226292	9.003362243057282
0.1999294437536169	0.5259740260985167	9.003393986744358
0.21045204607756887	0.48051948052195853	9.003708688359026
0.21045204607654763	0.49350649351551296	9.003659920782853
0.21045204607204196	0.5064935065257924	9.003643879988184
0.22097464838151756	0.4740259740283963	9.004039348257637
0.23149725068562255	0.45454545454612477	9.004512236895591
0.23149725068563362	0.4675324675350298	9.004383824731299
0.24201985298945297	0.43506493506517147	9.005092025993113
0.2420198529892437	0.4480519480528986	9.004895706226977
0.2525424552933581	0.41558441558449993	9.005794140243095
0.25254245529320635	0.42857142857177516	9.005519480335776
0.26306374714645037	0.39610057164779655	9.00663635632286
0.2630649287764398	0.40909046054155906	9.006270564571834
0.27357272887748296	0.376592991988235	9.007639405969043
0.27358183411803627	0.38959703178537786	9.007166897703542
0.2840695172229792	0.37006887790679	9.008229235011756
0.376625629080642	0.2735883696337399	9.017651345450401
0.29455358828910566	0.36354143903205993	9.008834222641555
0.3701561595669434	0.2841173325148566	9.016404855252368
0.3637077799068362	0.29464960665539003	9.015265668335983
0.30494007238603676	0.35700778102925357	9.00945093202129
0.3572546978642126	0.3051734239008049	9.014187142042163
0.31536521926655053	0.3504816594318747	9.01008178054492
0.35090571617345095	0.31565439175000903	9.013214739746305
0.32589448859685666	0.3438708532165265	9.010732844019254
0.3449628729415278	0.3261287909703524	9.012332023959287
0.33766501596500276	0.3371217711757577	9.011430846026405
0.39610389607062957	0.26306505761326326	9.019213559240955
0.3896122070605736	0.2735882378572468	9.01785063071273
0.415584415527068	0.25254245536210673	9.020810174355171
0.40909090906529305	0.26306505763433885	9.019373124504794
0.43506493501572674	0.24201985301810966	9.022492474816183
0.4285714285292306	0.2525424553260585	9.020933685122719
0.45454545453153283	0.23149725069222912	9.024331453376389
0.4480519480316294	0.24201985300020545	9.022583829656584
0.47402597402374286	0.2209746483826918	9.026255600096823
0.46753246752780414	0.23149725068775862	9.024394300896384
0.493506493506266	0.2104520460779256	9.028539731763933
0.48701298701232903	0.2209746483820042	9.026293330699234
0.5129870129869983	0.19992944377394872	9.030890882888722
0.5064935064934459	0.21045204607785875	9.028554893294093
0.5389610389610391	0.1788842391661597	9.036938620562198
0.5324675324675322	0.18940684147005168	9.033755992018383
0.5259740259740225	0.19992944377394453	9.030885389286789
0.5584415584415586	0.16836163686226802	9.0406423742161
0.5519480519480521	0.1788842391661597	9.03689241248001
0.577922077922078	0.15783903455837622	9.04525471644092
0.5714285714285715	0.16836163686226802	9.040575608636276
0.5974025974025974	0.1473164322544845	9.05050047115468
0.5909090909090908	0.15783903455837622	9.045166347377497
0.6168831168831169	0.13679382995059275	9.056889253364504
0.6103896103896105	0.1473164322544845	9.050386459536476
0.6363636363636366	0.126271227646701	9.065224212262267
0.62987012987013	0.13679382995059275	9.056746961047422
0.6558441558441561	0.11574862534280925	9.075223877275073
0.6493506493506496	0.126271227646701	9.065045338120981
0.6753246753246754	0.10522602303891748	9.087791117380045
0.668831168831169	0.11574862534280922	9.075002415947791
0.7012987012987014	0.08418081843113401	9.129246846966538
0.6948051948051949	0.09470342073502573	9.10586140421423
0.6883116883116884	0.10522602303891748	9.087515413235748
0.720779220779221	0.07365821612724223	9.159298875653404
0.7142857142857144	0.084180818431134	9.128847057182455
0.7402597402597405	0.06313561382335048	9.20602184930697
0.733766233766234	0.07365821612724222	9.15881087127727
0.7597402597402599	0.052613011519458734	9.302708490945863
0.7532467532467536	0.06313561382335048	9.205490118329102
0.7792207792207794	0.042090409215567	9.49369277012371
0.7727272727272728	0.052613011519458734	9.302464705250513
0.7987012987012988	0.031567806911675246	9.492315901848626
0.7922077922077922	0.042090409215567	9.492037293566383
0.8181818194975318	0.02104519397049905	9.426929877058944
0.8116883194224673	0.03156773276154467	9.490570729692264
0.831169082388236	0.021044990420536844	9.423766152338352
0.021045763885912977	0.8441553969472108	9.001726209707348
0.03156731219898994	0.8246752043573692	9.0025021098093
0.03156752602215072	0.8376612785342773	9.003304332216414
0.04208934284239696	0.8051946800354431	9.002961874672396
0.0420884639279309	0.8181815620545967	9.003795884433627
0.05261190134516422	0.7857142426555727	9.003187250641703
0.05261025973581337	0.7987009836370453	9.00398440213038
0.06313556273708795	0.7662337816124426	9.003260125508378
0.06313301761718275	0.7792211436516484	9.00399038448578
0.0736576682517089	0.7467537767053725	9.003241266690905
0.07365662804924701	0.759741347671568	9.003895137649325
0.08418048813166597	0.7272733248624602	9.00317252462627
0.08417986712088756	0.7402612500690906	9.003750376466785
0.09470311150260972	0.7207803044571549	9.003588282956242
0.10522585078187308	0.7012991962475524	9.003428784340793
0.10522551869273812	0.7142870731045742	9.003966113489431
0.11574844587903764	0.6818184087155857	9.003284499480614
0.11574810351706634	0.6948058253285431	9.003746683530608
0.1262711146449821	0.662337854982139	9.003163715062307
0.12627087766635395	0.6753251995373208	9.003560096130558
0.13679379756382984	0.6428572731565927	9.00307227325069
0.13679371627705103	0.6558445367518737	9.003410486512912
0.14731642816852172	0.623376683373584	9.003014798346923
0.14731641417305236	0.6363638206182892	9.003300838269517
0.1578390351843077	0.6038961253075994	9.002995471266372
0.15783903508100192	0.6168831845781458	9.003233798894
0.1683616372135236	0.5844155908762626	9.003018558873679
0.1683616374714494	0.5974026182160402	9.003212185949847
0.1788842391694333	0.5649350667452175	9.003088786348966
0.17888423894160863	0.577922083868358	9.003239347349593
0.1894068414292884	0.5454545459419495	9.003211666710607
0.18940684125102214	0.5584415600766369	9.003319400460597
0.19992944368215934	0.5389610393857605	9.003457553579437
0.21045204605323567	0.5194805195940084	9.003660475800558
0.2104520459785253	0.5324675328584738	9.003710165765982
0.22097464838083059	0.4870129870219784	9.003970437836665
0.22097464837808375	0.5000000000329647	9.003936084833425
0.22097464836754557	0.5129870131061551	9.003935891442234
0.2314972506856816	0.4805194805291671	9.004293226417227
0.24201985298830087	0.4610389610427408	9.004741948963003
0.24201985298417247	0.474025974040786	9.004628256358764
0.25254245529254826	0.4415584415598452	9.005293844072318
0.25254245528976416	0.4545454545510424	9.005113452209512
0.26306505759691967	0.42207792207842393	9.005962252259627
0.26306505759572124	0.4350649350669742	9.005706133318995
0.27358616433832755	0.4025932069362875	9.0067626338654
0.2735875023672283	0.4155837520491062	9.006419594288216
0.28409367739129227	0.3830838205653901	9.00771314827554
0.2841028714049307	0.39608957828034824	9.007269401170978
0.2945815765923174	0.37656163006372484	9.008273533319718
0.3831296564190431	0.28411394728820893	9.01662778017018
0.30503768698797523	0.3700359844777313	9.008846683338717
0.37666274247534637	0.2946437622943368	9.015510327504686
0.37020982184569806	0.30517828839170924	9.014451006401634
0.31543510002719155	0.3635028217612451	9.00943114817889
0.36380127025487624	0.31572833781536175	9.013490338568438
0.32583023072873657	0.35694179898417483	9.010028929986705
0.3575009405556089	0.3263496168290653	9.012605988667751
0.3361619553496077	0.35026974598884886	9.010641317565883
0.3512881225192713	0.3370700709828489	9.011761798406404
0.34586632727633193	0.34619544782351636	9.011106485948781
0.4025980260354327	0.27358786900241017	9.018034156161827
0.39610934752770616	0.2841119661074505	9.016834073397854
0.42207792205171074	0.2630650576236676	9.019520331885552
0.41558441557233516	0.27358765990929357	9.018204267235882
0.44155844153628526	0.25254245530728336	9.021048094451531
0.43506493504673327	0.2630650576112236	9.019657307547577
0.4610389610312899	0.24201985299330828	9.022669020202533
0.4545454545355952	0.25254245529888225	9.021155241432
0.48051948051798593	0.23149725068628443	9.024453503790314
0.4740259740232588	0.24201985299079723	9.02274957999004
0.4999999999998121	0.22097464838180436	9.02632944284951
0.4935064935060325	0.2314972506858186	9.024510299957932
0.5194805194805039	0.2104520460778411	9.02856993945168
0.5129870129869609	0.22097464838174796	9.026364899998613
0.5454545454545456	0.1894068414700515	9.033730762428744
0.5389610389610383	0.19992944377394353	9.030880818369774
0.5324675324675286	0.21045204607783652	9.028585610142036
0.564935064935065	0.1788842391661597	9.036847392482942
0.5584415584415586	0.1894068414700515	9.033706939907892
0.5844155844155845	0.16836163686226796	9.040509617718108
0.5779220779220778	0.17888423916615973	9.036803788260935
0.6038961038961039	0.15783903455837622	9.045077995807402
0.5974025974025974	0.16836163686226796	9.040444545156157
0.6233766233766235	0.1473164322544845	9.05027099371037
0.6168831168831169	0.15783903455837622	9.0449896101418
0.6428571428571431	0.13679382995059275	9.056601477357773
0.6363636363636365	0.1473164322544845	9.050154020153904
0.6623376623376626	0.12627122764670096	9.064860492352834
0.6558441558441561	0.13679382995059275	9.056452722511628
0.681818181818182	0.11574862534280922	9.074771318508242
0.6753246753246754	0.12627122764670098	9.064669644934007
0.7077922077922079	0.09470342073502573	9.105521001312416
0.7012987012987014	0.10522602303891748	9.087226001099411
0.6948051948051949	0.11574862534280922	9.0745303648914
0.7272727272727275	0.084180818431134	9.128421073867601
0.720779220779221	0.09470342073502573	9.105159628532094
0.746753246753247	0.07365821612724223	9.158285263487542
0.7402597402597405	0.084180818431134	9.127967962880284
0.7662337662337665	0.06313561382335048	9.20492012552893
0.7597402597402599	0.07365821612724223	9.157719478824928
0.7857142857142857	0.052613011519458734	9.302245573896743
0.7792207792207794	0.06313561382335048	9.204309567749908
0.8051948342718459	0.04209017726325396	9.490155480765068
0.7987013913318394	0.05261257339365493	9.3020751780237
0.8246756116166608	0.031567167003903655	9.488566525580525
0.818182193279771	0.042088855515997	9.48801221804169
0.8441574537817971	0.021043659754939676	9.420119579035925
0.8376640092438805	0.031564774245879265	9.486246612831769
0.8571483435678031	0.02103947027060131	9.415822993402012
0.0210470511327034	0.8571421553070357	9.002366221460752
0.02105047712239781	0.8701297739814098	9.003328831176104
0.02105915889507528	0.8831198418283592	9.004823592177344
0.03156876990087845	0.8506454186856854	9.004452552683185
0.04208768022409712	0.8311678171905816	9.004943265652436
0.04208755791180651	0.8441517434973479	9.006553852096099
0.052607942126451035	0.8116874015930821	9.005046506827695
0.05260567445325165	0.8246737323375978	9.006484246598818
0.06312972162663102	0.7922079918739108	9.004938332902652
0.0631249943892359	0.8051940210575735	9.006184189662049
0.07365386671918252	0.7727291973553522	9.00472585648925
0.0736483101808609	0.7857169232059292	9.005791871329327
0.08417828862734168	0.7532500698597087	9.004471690560964
0.08417468157917223	0.7662399398516967	9.00537945147333
0.09470249198406479	0.7337689712367418	9.0042116602424
0.09470084391116573	0.7467593526137682	9.00498360971861
0.10522472790737976	0.727276122207659	9.004622738399853
0.11574728117848176	0.7077938052416596	9.004305588961325
0.11574562513544885	0.7207829234853301	9.004984296094051
0.12627023530595563	0.6883129629072465	9.004035786289315
0.1262687062082589	0.7013014798421205	9.004608139763812
0.13679345018182285	0.6688321853689243	9.003814548681573
0.13679265715523056	0.6818206213552914	9.004297662411856
0.14731635743296637	0.6493511780370373	9.00364232658214
0.14731614954592046	0.6623390641495234	9.00404937425511
0.15783903015425682	0.6298703327566328	9.003519609125584
0.15783899998622994	0.6428577150715081	9.003860656445548
0.16836163673375837	0.6103896745585237	9.003447319389158
0.1683616295417272	0.6233768116628919	9.003729875175909
0.1788842375771681	0.5909091097263592	9.003427106165416
0.17888423132242917	0.6038961609617883	9.003656507102564
0.18940684045473902	0.5714285767439969	9.003461533563735
0.1894068372285821	0.5844156010873883	9.003641232944782
0.199929443388111	0.5519480533582689	9.003554221462437
0.19992944225224182	0.5649350694752608	9.003685968192778
0.2104520456951192	0.5454545467705428	9.003793957001632
0.22097464832839417	0.5259740263973626	9.003970045096272
0.2209746481858936	0.5389610404341694	9.004039285073594
0.231497250685868	0.49350649354262743	9.004239047659878
0.23149725068638918	0.5064935066261287	9.004220563337741
0.23149725068638882	0.5194805199577369	9.004237668721212
0.2420198529666668	0.48701298706995333	9.00455287392609
0.2525424552783159	0.4675324675542521	9.0049754046251
0.25254245523275204	0.4805194806022821	9.004877581344013
0.26306505759082804	0.44805194806009463	9.005497971398247
0.2630650575713557	0.4610389610708774	9.005334456982512
0.27358765989910866	0.42857142857452885	9.006131974749223
0.2735876598929298	0.4415584415710487	9.005895058887871
0.28410808816789657	0.4090863414185082	9.00689071609007
0.2841099772134637	0.4220771155727765	9.006570713636622
0.2946098001792385	0.38957651958674006	9.007789880735187
0.2946223219778841	0.4025829333730931	9.007374748352007
0.3050858288068419	0.38305564444829043	9.008322548233908
0.38963041975401197	0.2946390748156625	9.015737968553426
0.31551524450387675	0.3765355586412283	9.008865884493348
0.3831746219914302	0.3051756250862994	9.014698229115098
0.3767570362530731	0.3157337146384844	9.013754849266881
0.325888179443719	0.3700187228587009	9.009418849184998
0.37044365781645716	0.3263744995249555	9.012885486755728
0.3362268522249434	0.363509874440445	9.009981234901737
0.3641492651949982	0.3372412234407605	9.012044758115168
0.3466786248330378	0.3571855415321995	9.010548947845363
0.35753791771474	0.34933010943792697	9.011210628151135
0.40909262456075246	0.2841108242435505	9.01702607940956
0.4026046268110277	0.29463520032016205	9.015950746685695
0.4285714285598167	0.27358765991052164	9.018363118209107
0.42207792207305506	0.28411026220797714	9.017205940928115
0.44805194804203574	0.26306505760366367	9.01978597813334
0.44155844155051943	0.27358765990684314	9.018512705181571
0.4675324675285104	0.2525424552954414	9.02125678195317
0.4610389610343244	0.26306505759995213	9.019908092791889
0.48701298701207385	0.24201985298992854	9.022826889800525
0.48051948051800514	0.2525424552941236	9.021354217867954
0.5064935064933691	0.2314972506856768	9.024565807380414
0.4999999999997058	0.24201985298964127	9.022902205889908
0.5259740259740119	0.22097464838173242	9.026400591646722
0.5194805194804798	0.231497250685635	9.024621039775655
0.5519480519480521	0.19992944377394326	9.03087770221211
0.5454545454545447	0.21045204607783538	9.028602625300465
0.5389610389610354	0.22097464838172817	9.026437378844944
0.5714285714285715	0.1894068414700515	9.033684921161386
0.5649350649350651	0.1999294437739432	9.030876584040753
0.5909090909090908	0.1788842391661597	9.036761882081914
0.5844155844155844	0.18940684147005146	9.033665149208602
0.6103896103896105	0.168361636862268	9.04038066113985
0.6038961038961039	0.1788842391661597	9.036722038075332
0.62987012987013	0.15783903455837622	9.044901271211899
0.6233766233766235	0.16836163686226802	9.04031835314735
0.6493506493506496	0.1473164322544845	9.050035651941174
0.6428571428571431	0.15783903455837622	9.044813241276714
0.668831168831169	0.13679382995059275	9.056300707055557
0.6623376623376626	0.1473164322544845	9.049916207544378
0.6883116883116884	0.12627122764670096	9.06447304855797
0.681818181818182	0.13679382995059275	9.056145520857813
0.7142857142857144	0.10522602303891748	9.086922949957733
0.7077922077922079	0.11574862534280922	9.074279618479538
0.7012987012913715	0.12627121961249135	9.064271273018852
0.733766233766234	0.09470342073502575	9.10477616916741
0.7272727272727275	0.10522602303891748	9.086606963055907
0.7532467532467536	0.084180818431134	9.12748744603752
0.746753246635945	0.0947034086156416	9.104369756977924
0.7727272727272729	0.07365821612724223	9.157111257334675
0.7662337760957131	0.084180811962974	9.126980126422026
0.7922080093713365	0.06313504141242077	9.203660717898037
0.7857146274231819	0.07365765487021592	9.156460858709481
0.8116891155237953	0.05261037196373084	9.30199633926024
0.8051964631821563	0.0631323218429189	9.202983958232394
0.8311707110963864	0.042084851751515356	9.485570797257777
0.8246783498752714	0.052604736470087614	9.302062913378508
0.8506555069104095	0.03155840245120447	9.483542166559259
0.8441628397227818	0.0420761797377223	9.482791673011631
0.8701420220628632	0.02103019844207649	9.410463419109009
0.8636505564573197	0.03154545815753479	9.480394626723232
0.883135629292251	0.021012228301471855	9.40338479978084
0.021070752632805778	0.8961200669255642	9.007249296951484
0.021096815008655193	0.9091364088742322	9.011371697371402
0.03157260496372342	0.863626456571739	9.00613915348581
0.03158155831239108	0.8766065665019551	9.008688630396575
0.031599534141144005	0.8895900273020729	9.012664025195393
0.042089521774475225	0.8571300279582889	9.008865874905792
0.05260421896924374	0.8376595246946289	9.008465465412215
0.05260312616980239	0.8506408230423864	9.011248865041699
0.06312017602791947	0.8181792354339433	9.00784480478592
0.06311691268244736	0.8311648388110527	9.01009332875929
0.0736401998532849	0.7987032931462243	9.007175269187316
0.07363091685580712	0.8116875171127079	9.008991826205078
0.08416749748818016	0.7792302999746331	9.006531977496183
0.0841556413367336	0.7922193091288943	9.008009452844513
0.09469706681701988	0.7597522510846542	9.005946506166161
0.09468952143853737	0.7727479297491454	9.00715713211362
0.10522307063376313	0.7402674483818911	9.005429777349347
0.10521984609748648	0.7532627628393062	9.00642815224853
0.11574286820698244	0.7337742476767891	9.005812571161455
0.1262655989477486	0.7142912240770177	9.005299154792825
0.12626040874112693	0.7272828033085035	9.006136892956375
0.13679060766682744	0.694810407399511	9.004876345545627
0.13678613397659162	0.7078021316220239	9.005571342386412
0.1473154769775895	0.6753280707278444	9.004534521847965
0.1473135879306724	0.6883191228839344	9.005113362736525
0.15783886970313757	0.655845662576345	9.004266507045687
0.1578384127200877	0.668834843152842	9.004748969072994
0.16836159559785915	0.6363641586929424	9.004067151780646
0.1683614773980351	0.6493520081160659	9.004468124171334
0.17888420713693987	0.6168832816075505	9.003933076051034
0.17888412673426013	0.6298705785473243	9.004263625243523
0.1894068252504644	0.5974026475677386	9.00386258979807
0.18940678446641734	0.6103897541387163	9.004130721435855
0.19992943813126496	0.5779220920279349	9.003855597439243
0.1999294241280758	0.5909091329410499	9.004066819898663
0.210452044666518	0.5584415627532541	9.003913500057665
0.21045204108926288	0.5714285850996809	9.004071222331609
0.22097464767033245	0.5519480569419968	9.004144949547596
0.23149725067281882	0.5324675341437027	9.004290829774014
0.23149725054717704	0.5454545511710832	9.004381086872712
0.24201985289517292	0.5000000002139154	9.004514738145508
0.2420198526160465	0.5129870137663274	9.004513433736465
0.2420198515847514	0.525974028706713	9.004549141986757
0.2525424550581363	0.4935064938117239	9.00481857545767
0.26306505749606424	0.4740259741481987	9.00521309972874
0.2630650572142515	0.48701298746867966	9.005132147226563
0.2735876598691496	0.4545454545958361	9.00570511401918
0.2735876597799953	0.46753246772987245	9.00555927403832
0.2841102621976639	0.4350649350836145	9.006304196605726
0.2841102621768992	0.4480519481293104	9.00608700077813
0.29462962206078447	0.4155799975448251	9.007021632800067
0.29463238899187	0.42857064230133823	9.006724815692946
0.30512193867353093	0.3960692652640907	9.007870790167182
0.30514134394721465	0.4090758398911616	9.007483988788685
0.31558335277129407	0.38955483077250025	9.008377167317498
0.3961343152232879	0.30516570201157794	9.014930623556966
0.3259801100887749	0.38305587755130227	9.00889194541375
0.3897065192061131	0.3157107219983085	9.014005793544383
0.3833519841714659	0.3262853573760659	9.013156321950339
0.33629811187497277	0.37658287191663353	9.009413759782767
0.377123108975869	0.33691504735651645	9.012345753429157
0.3465040111195872	0.3700605653621126	9.009944441216858
0.37143718881821775	0.34773421931054904	9.01161076536385
0.3566047111984394	0.363532239025331	9.010480075211575
0.3674839984934335	0.35973952195765463	9.0109142698261
0.4155844155830129	0.2946328645096285	9.016150652893574
0.40910170412980457	0.3051588889343427	9.01514951837089
0.43506493505998445	0.28411026220854624	9.01737565817493
0.42857142856953706	0.29463286451002185	9.016339630523099
0.4545454545410457	0.2735876599039817	9.018654842415303
0.4480519480485307	0.2841102622073521	9.017537108065936
0.47402597402401997	0.26306505759833027	9.020025249641009
0.46753246753033123	0.27358765990241973	9.018791200200027
0.4935064935059741	0.25254245529364633	9.021448923672468
0.4870129870122247	0.2630650575976762	9.0201389197312
0.5129870129869217	0.24201985298954995	9.022976683058102
0.5064935064933321	0.25254245529348157	9.021542171153678
0.5324675324675215	0.23149725068562302	9.024676983414219
0.5259740259739986	0.2420198529895219	9.0230514257825
0.5584415584415585	0.21045204607783508	9.028621666844842
0.5519480519480512	0.2209746483817271	9.026476082134726
0.5454545454545426	0.23149725068561966	9.024734597441865
0.5779220779220778	0.1999294437739432	9.030878041221483
0.5714285714285715	0.21045204607783496	9.028643440326887
0.5974025974025974	0.1894068414700515	9.033648138577762
0.5909090909090908	0.1999294437739432	9.030882711453872
0.6168831168831169	0.1788842391661597	9.036684736950525
0.6103896103896105	0.18940684147005146	9.033634501224688
0.6363636363636365	0.168361636862268	9.040258141230138
0.6298701298701299	0.1788842391661597	9.036650618358685
0.655844155844156	0.15783903455837622	9.044726048462081
0.6493506493506496	0.16836163686226802	9.04020072520931
0.6753246753246754	0.1473164322544845	9.049796316346386
0.668831168831169	0.15783903455837622	9.044640618287879
0.6948052045409144	0.13679377740041346	9.055987545218423
0.6883117645194671	0.14731626973977618	9.049677198598681
0.720779220779221	0.11574862534280922	9.074019330000064
0.7142857142035623	0.12627116857451978	9.06406534603015
0.7077922606565279	0.136793466393216	9.055827796477272
0.7402597402597405	0.10522602303891748	9.086279588805736
0.7337662433394918	0.11574861899797743	9.073749620907018
0.7597403165840203	0.09470331230768501	9.103939792754929
0.7532468975425858	0.10522568839466691	9.08594385507196
0.7792211689183879	0.08418036941888289	9.126448982795074
0.7727277688836794	0.09470283374025297	9.103485891629106
0.7987037616936914	0.07365491400271944	9.155772556908735
0.7922104698249597	0.08417786376991264	9.125901823899168
0.8181871509774048	0.06312567824603943	9.202291754107607
0.8116963038161238	0.07364776863085853	9.155051875471502
0.8376718538193009	0.0525939763768578	9.3023320892053
0.8311832006782458	0.06311288679090978	9.201598423715723
0.8571594462400102	0.04206027205348905	9.479625948389407
0.8506697652771719	0.052574259475951984	9.302887964079856
0.8701495365674897	0.042027085536076536	9.47606806959044
0.8766431579237758	0.03152034543886587	9.476732881481581
0.8961291174794389	0.020983721564306917	9.394256373527812
0.889624810453912	0.031475675605545365	9.472506189005285
0.9091357149020599	0.020953932179677396	9.383401060149867
0.02122361020516378	0.9221624926194903	9.01912789590405
0.03162713065326232	0.9025912381066354	9.019152024010692
0.031705490376388125	0.9155905239108589	9.030175721997503
0.04209717871803647	0.870100420893114	9.012270728959884
0.04211325292192948	0.8830596325964255	9.017422658094164
0.04214925108010584	0.8960295280773994	9.025438997174449
0.05260387650582523	0.8636081468189358	9.015242443675627
0.06311526093826299	0.8441515307861845	9.013190164862314
0.06310985238566526	0.8571321705529469	9.017532323306439
0.07362332447868448	0.8246705669859887	9.011411350734164
0.07361895655533347	0.8376547382736446	9.014681045277642
0.08414042108033835	0.8052053101683998	9.009924085123023
0.08412583731556589	0.8181837902979473	9.012433079342193
0.0946760223421964	0.7857446231682143	9.008692039714147
0.09465523084968898	0.7987365342714249	9.010655225832055
0.10521390463040788	0.7662637985672799	9.007672068460716
0.10520279674518994	0.7792710828607752	9.009233905416835
0.11573909293175488	0.7467697568458104	9.006829220398162
0.11573472913389098	0.7597725377222891	9.00808520903931
0.1262536830918074	0.7402771664034051	9.007157472167956
0.13677804136363594	0.7207961872232392	9.006408867638955
0.13676640238540086	0.7337922337927627	9.007422221767706
0.14730895907738237	0.701313318990588	9.005805330474608
0.14729909533330468	0.7143116254234818	9.006634725217502
0.15783704649571703	0.6818264169521501	9.005322649896188
0.15783341200791437	0.69482204317611	9.0060056509867
0.16836115399850993	0.662340944154623	9.004943824219252
0.1683604241555232	0.6753319659350999	9.005507834857395
0.17888389968791008	0.6428582841941312	9.00465651530759
0.17888337340031557	0.6558468408296417	9.00512197787362
0.18940665775753682	0.623377012033201	9.004451940221346
0.1894063017712715	0.636364616929943	9.00483398214338
0.19992937979316525	0.6038962230637873	9.004324330721936
0.19992924984498625	0.6168834351357684	9.004633939681492
0.2104520291545002	0.5844156260169747	9.004270431713708
0.210451990985394	0.597402717412598	9.004515389091992
0.22097464578915707	0.564935081310881	9.004289093285715
0.22097463881674037	0.5779221293702356	9.00447460937819
0.23149724973128327	0.5584415772528794	9.004510138429525
0.2420198480279644	0.5389610480940712	9.004622613952717
0.24201983678773384	0.5519480806981344	9.004735212990575
0.25254245441793705	0.5064935075778204	9.004797649175218
0.25254245219024385	0.5194805231639706	9.004814686423996
0.2525424449025804	0.532467544320877	9.004870150404777
0.26306505619783166	0.5000000016453713	9.00509053350229
0.27358765945518687	0.4805194812747476	9.005455439898027
0.2735876583078248	0.4935064963124683	9.005392215976839
0.2841102621031675	0.46103896134218864	9.005915870953686
0.2841102618454279	0.4740259751833038	9.005788359032778
0.29463286450366066	0.4415584415764448	9.006479680068336
0.2946328644553529	0.454545454939644	9.006282588285673
0.30515120392486383	0.4220735494618811	9.00715628538387
0.30515476396080904	0.4350642481305063	9.006882663666131
0.315632922101668	0.40256435609339025	9.00795678225603
0.31566041113936366	0.4155687076642858	9.00759795025273
0.32607424020897086	0.3960662078094987	9.008437950433963
0.40264669135700454	0.3156905676690908	9.014242573744879
0.3364352223113137	0.38961602398365364	9.008924869824016
0.3962372122183438	0.3262281848696387	9.013410361056986
0.3898632961723542	0.3367539583890351	9.012617007997333
0.3467244182397464	0.38325459799880374	9.009415318550952
0.38413504349025357	0.3473313163006728	9.0119052216585
0.3569886856463104	0.3771403203327601	9.00990332551874
0.37917730674139455	0.3578675553755744	9.011266526315474
0.3673297645373339	0.3720549976353505	9.010356249027053
0.37562776177906204	0.36705499619752047	9.01076457819509
0.4220779220774555	0.3051554668130794	9.015356879422733
0.41560176260116494	0.3156815809264043	9.014467030175
0.4415584415563827	0.2946328645102876	9.016519621050376
0.4350649350642219	0.30515546681324157	9.015554542044201
0.46103896103701936	0.2841102622062736	9.017692005388355
0.4545454545439997	0.2946328645098814	9.016692358224157
0.4805194805185448	0.2735876599016894	9.018923325859161
0.4740259740250061	0.28411026220563246	9.01784194838831
0.4999999999997203	0.2630650575974284	9.020250469898057
0.49350649350611436	0.273587659901379	9.01905266485477
0.5194805194804633	0.25254245529342706	9.021635146159033
0.5129870129869155	0.2630650575973393	9.020361182956139
0.5389610389610311	0.24201985298951356	9.023127494187365
0.5324675324675151	0.25254245529340963	9.021729016893673
0.564935064935065	0.22097464838172678	9.026517524312775
0.5584415584415577	0.23149725068561877	9.024794813123385
0.5519480519480499	0.24201985298951123	9.023205923298582
0.5844155844155845	0.21045204607783496	9.028668695779826
0.577922077922078	0.2209746483817267	9.026562560904758
0.6038961038961039	0.19992944377394323	9.030891319943741
0.5974025974025975	0.21045204607783496	9.028698255731639
0.6233766233766235	0.1894068414700515	9.033624979466813
0.6168831168831169	0.1999294437739432	9.03090470852396
0.6428571428571429	0.1788842391661597	9.036620523926018
0.6363636363636366	0.1894068414700515	9.033620486883903
0.6623376623376624	0.16836163686226796	9.040147036212149
0.6558441655650503	0.17888423302267395	9.036595542534483
0.6818184471739966	0.15783870910272293	9.044558414474666
0.6753252185317224	0.1683611467113446	9.040098506490084
0.7012991193878512	0.14731537984625034	9.0495610314065
0.6948066789228847	0.15783704180956634	9.044481550244427
0.7272727827800383	0.1262710022682014	9.06385696035912
0.7207795325197542	0.13679264096616345	9.05566833085993
0.7142870358087388	0.14731319651281477	9.049450127460743
0.7467535426459162	0.11574790565503225	9.073471732652779
0.7402603467941923	0.12626977528603675	9.063649397740868
0.7662346724742632	0.10522456653426981	9.085604221925822
0.7597420880540495	0.11574539224741921	9.073188794187232
0.785717017134086	0.09470034528480635	9.103011372234365
0.7792243899196357	0.10522114052072179	9.085267011537441
0.8052040009714415	0.08417016132435179	9.125352774794779
0.7987106310920016	0.09469188352470363	9.102528049856813
0.8246947270494381	0.07363264077896504	9.154313068994838
0.8182031753523966	0.0841524958825281	9.124822102134024
0.844181271616446	0.06308682584334137	9.200952023029858
0.8376915494282674	0.07359874736599244	9.153609905652333
0.8636552256598372	0.05253026966431292	9.303974413273364
0.8571620447126129	0.0630312202046848	9.200478856807948
0.8766023541710112	0.05243804662765463	9.305942130838813
0.8831132985648976	0.04196028800619351	9.472157235155107
0.9026122534816611	0.03142553705637715	9.467760964243242
0.8960544328716895	0.04186962438533531	9.467725354055816
0.922157143012392	0.02092427307808012	9.370055295812193
0.9156733774090836	0.03141444749143679	9.462463236544428
0.021409782280514645	0.9352635043098124	9.034972148831683
0.022446179034640523	0.949173742474092	9.068095277685474
0.0319546187750764	0.9286354760275389	9.051156405326095
0.042189959276700745	0.9090526533583276	9.038492236876687
0.04215811482579268	0.9219421292360137	9.059961540489768
0.052746643098008056	0.9022037102947758	9.043350359675488
0.052616058911296316	0.8765467159335585	9.021113229348373
0.05264861495756854	0.8894190055205771	9.029924826402945
0.06310158600009683	0.8700861928090994	9.023737074786496
0.07361527687723009	0.8506425732209856	9.019171696214562
0.07359916684322487	0.8636373231790607	9.025448707820521
0.08411613468761797	0.8311605085585105	9.015765406833806
0.08411252290703225	0.8441421163850725	9.02025406702609
0.09463035910520107	0.8117153700093218	9.013194030146012
0.09461326584061064	0.8246816222832629	9.016505785536323
0.10518171248843107	0.7922798353626738	9.011209614930666
0.10514496735037632	0.8052679824724388	9.013727403362047
0.11573042885224522	0.7727859455592734	9.009648171743398
0.11571999617090191	0.7858147808469321	9.011607966181508
0.1262474599732246	0.7532768352844927	9.008407950368928
0.126244618675913	0.7662883358793829	9.00995059316523
0.13675439345471158	0.7467883843094422	9.008653891971505
0.1472820411934214	0.7273139012470771	9.007632142470966
0.147259943335064	0.7403171535363103	9.008836143729235
0.15782446970912797	0.7078234713792978	9.006820438202453
0.15780654296549934	0.7208321171859952	9.007795000767041
0.16835896583900647	0.6883265258990726	9.006176912071583
0.16835566351029527	0.7013267925133823	9.006971810368478
0.17888241231383736	0.6688369852152	9.005672553919197
0.178880867589247	0.6818298059597717	9.006323622994705
0.18940540810061943	0.649352930976186	9.005286291390881
0.18940343479753638	0.6623425169329129	9.005820369777195
0.19992889863354513	0.6298709210614093	9.005002765955874
0.1999280151862518	0.6428589541024542	9.005439480500046
0.2104518749348441	0.6103899324896641	9.00481140427594
0.21045155010062042	0.6233774033998237	9.005164994137063
0.22097461278533348	0.5909092437940159	9.004705313526962
0.22097451750364694	0.6038965261751443	9.004986020235648
0.23149724534570437	0.5714286307071821	9.00468046424412
0.23149722490673	0.5844157616854754	9.004895428618397
0.24201980501344508	0.5649351490659437	9.004889020564839
0.25254242271678623	0.5454545811900968	9.004965088860258
0.25254236035252026	0.5584416581976693	9.005101208765039
0.26306505268597574	0.5129870186986297	9.005087834930466
0.263065041154368	0.5259740448322133	9.005124223422628
0.2630650055940798	0.5389610972069098	9.005200444937218
0.2735876543867883	0.5064935165388075	9.005368865213255
0.28411026096559355	0.48701299128976444	9.005702740688202
0.2841102580265064	0.5000000151912408	9.005657963471478
0.2946328643336999	0.46753246900018497	9.00613073675468
0.29463286394429294	0.4805194857985431	9.00602207271939
0.3051554675380028	0.44805190625072994	9.006659068321802
0.3051554668533957	0.46103896250203497	9.006482341007269
0.3156725668618344	0.42856658455564617	9.007295412295223
0.31567690527180897	0.4415576393532373	9.00704489467781
0.3261419186012687	0.4090639949590032	9.008048551056712
0.32617792391109324	0.4220620418135048	9.00771727651999
0.3365581067432806	0.4025913011736119	9.008505645952743
0.40915416740863814	0.32620714702792997	9.013650661204055
0.34689387907077096	0.3962053875232723	9.008966447593904
0.40271987500963574	0.3367226821808708	9.01287106290611
0.39650960543010655	0.3471941554951612	9.012167444657416
0.3571979969730098	0.3899627052257114	9.009429306056207
0.3909050767224881	0.35760224171000604	9.01153092104513
0.36757121180974606	0.3839768167492516	9.00989156462458
0.38547804793292983	0.3677464986126524	9.010953197402868
0.37866969119021837	0.37786640740637023	9.010376581615956
0.428571428571318	0.31567806911680396	9.014681284973411
0.4221008772342049	0.3262016562195424	9.013880130630698
0.44805194805110915	0.30515546681336586	9.015744326256472
0.4415584415581848	0.3156780691168862	9.014887184200072
0.46753246753162253	0.29463286450947285	9.016859468330937
0.4610389610383505	0.3051554668132257	9.015927866461142
0.48701298701254947	0.2841102622053137	9.017988437152423
0.4805194805190487	0.29463286450921305	9.017022486854223
0.5064935064933621	0.27358765990125616	9.019180583350376
0.49999999999981676	0.28411026220517155	9.018132892164067
0.5259740259739935	0.2630650575973085	9.020472309984804
0.5194805194804674	0.2735876599012102	9.019308358509745
0.5454545454545403	0.25254245529340424	9.021824910245618
0.5389610389610285	0.2630650575972984	9.020585047448096
0.5714285714285713	0.23149725068561855	9.024858580518158
0.5649350649350644	0.24201985298951048	9.023287749611983
0.5584415584415571	0.25254245529340263	9.021923941271249
0.5909090909090909	0.2209746483817267	9.026612104214804
0.5844155844155844	0.2314972506856184	9.024926891654447
0.6103896103896105	0.21045204607783496	9.028733044212538
0.6038961038961039	0.22097464838172667	9.026667150796309
0.6298701298701299	0.19992944377394323	9.030923869853597
0.6233766233766235	0.210452046077835	9.028774118725693
0.6493507060558658	0.189406805633051	9.033622161403507
0.6428572958292679	0.1999293412235812	9.03095000977328
0.6688319498825295	0.1788836056356976	9.0365772370274
0.6623386414777204	0.18940603824242744	9.033631573119377
0.6883148127907145	0.16835873181752467	9.040057310195452
0.6818226888543993	0.17888063033544035	9.036567840465365
0.7077962080599002	0.15783308148522404	9.044412593166955
0.7013073732016729	0.1683530317933611	9.0400260349623
0.733767636112348	0.13679067009113083	9.055512817140631
0.7272761705892791	0.14730967998159467	9.049347116916818
0.7207880328252835	0.15782716724248394	9.044354193309259
0.7532500237097589	0.12626591297326942	9.063447995893037
0.7467584695092463	0.1367860934611085	9.055366519679056
0.7727332723794423	0.11573987280896936	9.072907083898661
0.7662434703607	0.12625814972684682	9.063258789264196
0.7922183040970198	0.105211675700515	9.084943029988837
0.785728408001306	0.11572870192994371	9.07263926961353
0.8117097628926299	0.09467195076176714	9.102056202969393
0.8052167673373036	0.10518954719255519	9.084649369609826
0.8311992787960053	0.08411208691428491	9.124349180087009
0.8247057814011874	0.09462744105484067	9.101641246101549
0.8506683139943348	0.07352982179277383	9.15303163640373
0.8441758762695709	0.08403358584944197	9.123978727425326
0.8700964746135029	0.0629158499888573	9.200436073178471
0.8635903607578119	0.07339088893636307	9.152748272858743
0.8829645985302745	0.06271426320204904	9.201051350449609
0.8895026339882821	0.05229434404579055	9.308825454287428
0.9090073820386662	0.041794447755550246	9.46234744870108
0.9023672032584414	0.052139280514336715	9.31205496092282
0.9351534568846757	0.0208920020333936	9.35162525630984
0.9286561510245533	0.03130346937430949	9.456088206092685
0.9219348546075746	0.04164466090654425	9.456479311998406
0.948152713938219	0.020693370183586298	9.309346250501063
0.02054076377616925	0.961167714297408	9.111874434003754
0.02014610290578711	0.9705832383271786	9.259669307992919
0.0289889757051638	0.9575470030888455	9.15378769051107
0.03207685286415057	0.9411988310822149	9.087767430824044
0.03285769218282619	0.9508681392334986	9.137090503127816
0.04336463894898589	0.935685857786771	9.10542897848818
0.05303557635264889	0.9146769021193042	9.064593310409906
0.05339028690553338	0.9263346086901711	9.098105646907293
0.06323500685181423	0.907986675994656	9.064839432317937
0.06314028199289094	0.8956379776961053	9.046068637397527
0.0631103001862537	0.8829528766977918	9.032767586673826
0.07356599694853613	0.8766156435769595	9.034352517990639
0.08412085556953741	0.8571362157004199	9.026403735508836
0.08404314963848301	0.870135837823468	9.034891229505808
0.09459992156691156	0.8376473705820363	9.020889571393099
0.09459063932472	0.8506101464079238	9.026759708932724
0.10510572154434202	0.8182846935610998	9.016984800902557
0.10512002675125	0.8311729506996764	9.021189083216292
0.11568926502271759	0.7988525338547101	9.014081108369139
0.11567888800496147	0.8119392898587915	9.017248560671801
0.12625495934334902	0.7793182832945544	9.011868706401506
0.12625488899433887	0.7923898297185111	9.01427174218891
0.1367475413775188	0.7597872267927192	9.010159827939802
0.13674532564370645	0.7728025340743261	9.012013292354704
0.14724276088154187	0.7533145428511449	9.01029608299268
0.1577748333037692	0.7338472143336608	9.008964380041531
0.15773426927443204	0.746857626006932	9.01037243286036
0.16833600888674558	0.7143392817873786	9.007917770146975
0.16831410318315923	0.7273624697567187	9.009047695170437
0.1788752917985796	0.694828013681112	9.007094041178275
0.1788621291759305	0.7078348265346465	9.008007079994208
0.18939967449185394	0.6753341809515194	9.00645024514292
0.18939268298195389	0.6883291960515731	9.007193086727717
0.19992585804286997	0.6558479704725694	9.00595462778526
0.19992060671202475	0.6688385819303585	9.006560911843543
0.21045080220789925	0.6363652403280912	9.005584091059413
0.2104501061722496	0.6493529391583677	9.006078319264056
0.22097419009345098	0.616884174942835	9.005322662963813
0.22097319490820722	0.6298724508806431	9.005722468942322
0.2314971411092138	0.5974030949651299	9.005159353529189
0.23149683776679897	0.6103909032035991	9.005477610714275
0.242019726696406	0.5779223043759434	9.005086951302497
0.24201955847126547	0.5909096535088498	9.005332838553274
0.25254219793687865	0.5714288271506764	9.005280988700006
0.2630649046762134	0.5519482157047207	9.005317858337081
0.26306465173079935	0.5649354644569455	9.00547853057755
0.2735876414547182	0.5194805537608224	9.005385263297612
0.27358760044956293	0.5324676422862898	9.005441862010864
0.2735874765356248	0.5454548686278758	9.005539696255276
0.28411024840105065	0.5129870643754068	9.005653602966765
0.29463286269850225	0.4935065117359181	9.00595522980174
0.2946328586842471	0.5064935664874889	9.005929481610046
0.30515546700686397	0.4740259790455841	9.006350106714882
0.3051554675806033	0.4870130034844524	9.006260685695624
0.3156779894431992	0.4545453861341675	9.006842887251247
0.31567806934503245	0.4675324689510747	9.006686675975752
0.3261927752520954	0.435058860100541	9.007439605932007
0.32619843580629615	0.4480506041222349	9.007212022572181
0.33664486535594734	0.4155642146953193	9.00814677197726
0.33669186160429726	0.4285532775664478	9.00784254952758
0.347032195634601	0.40912052999565596	9.008581130789965
0.4156415411877628	0.33671919510092746	9.013114283029942
0.3573253047355767	0.40279619676391915	9.009017325798114
0.40926719199617567	0.34721684564661537	9.012419053962082
0.4031269182905281	0.35764660811835064	9.011782012516763
0.36754778968133706	0.3966047491985127	9.009454618102723
0.3973543123616485	0.3679701514947461	9.011198622170733
0.37754025719696155	0.39065083250355426	9.009884167200168
0.39172765995540043	0.3783711138774737	9.010646585891804
0.3864378400499896	0.386739048066422	9.010223253543687
0.435064935064916	0.32620067142065307	9.014100835210597
0.4285972722325186	0.3367205940219787	9.01334881369997
0.4545454545451193	0.3156780691169458	9.01508629431058
0.4480519480518576	0.32620067142069054	9.014314635347205
0.47402597402561114	0.3051554668130705	9.01610671414228
0.46753246753221506	0.31567806911689783	9.01528016261607
0.4935064935062929	0.29463286450907694	9.017182873227904
0.4870129870127972	0.3051554668129662	9.01628235387196
0.512987012986941	0.2841102622051129	9.018276683235314
0.5064935064934202	0.29463286450901355	9.017342033059121
0.5324675324675147	0.27358765990119377	9.01943728694147
0.5259740259739993	0.28411026220509	9.018421127704626
0.5519480519480489	0.2630650575972952	9.020700580770486
0.5454545454545398	0.27358765990118816	9.019568608706669
0.5779220779220777	0.24201985298951026	9.023374038514165
0.5714285714285711	0.25254245529340213	9.022027240343009
0.5649350649350641	0.26306505759729415	9.020820097453319
0.5974025974025974	0.2314972506856184	9.025000806116056
0.5909090909090908	0.2420198529895102	9.023465907296305
0.6168831168175333	0.22097463629819927	9.026728812823821
0.6103896103896105	0.2314972506856184	9.025081477367086
0.6363639017933632	0.21045184406533937	9.028822743080061
0.6298704813306012	0.22097426924304986	9.026798404754416
0.6558454362858829	0.1999283397669942	9.030984723256715
0.6493523391665611	0.21045047453498503	9.028880528997748
0.6753298452738314	0.18940270412672336	9.033650887209307
0.668836765400843	0.19992459862646791	9.031030117480297
0.6948187628800842	0.17887340686270256	9.036570057333797
0.6883280517534547	0.18939431620431343	9.033682785645595
0.7143047848266842	0.16834439236304266	9.04000720513267
0.7078228171823496	0.1788616000462969	9.036586662436441
0.7402683586500913	0.14730392672515438	9.049255945720498
0.7337840092674469	0.15781884407287494	9.044310090559419
0.7273081014062533	0.16833162183081252	9.040004673152053
0.7597541429780487	0.13677664397739955	9.055236145564438
0.7532657254251527	0.14729333028906536	9.049182521087637
0.7792407570619719	0.12624374298975063	9.063089711823919
0.7727545508507502	0.1367583217868376	9.055131050571726
0.798725386230529	0.11570333646169075	9.072406253632229
0.792235908679713	0.12621236883525858	9.062956473606832
0.8182106129796282	0.10514022589870976	9.084414205452292
0.811712369588569	0.11564576799569469	9.072241285351451
0.8376881871959774	0.09455058732118071	9.101327700681663
0.8311890688226815	0.10505436307128652	9.084259597845532
0.8570909210358502	0.08387333742784146	9.123830710931017
0.8506031069142912	0.09437342743325466	9.101283758554166
0.8699384205125799	0.08363895051087712	9.123921554412421
0.8764732278995027	0.07320582432382652	9.152725395387561
0.8892271779227711	0.07282402506357237	9.15356582627521
0.8957823335319034	0.062459087183455365	9.20222138462759
0.91521030520559	0.05203560426040328	9.314753309011847
0.9085723411724715	0.06227802633277907	9.203070789954568
0.9416121167446817	0.031360134939771335	9.449103820504439
0.9280451358432957	0.05186427482594136	9.317999253100693
0.9350043223542397	0.04144007256295155	9.449470167030135
0.9612518140373506	0.020637472623857688	9.26102705833656
0.9546778378098473	0.03058856010228428	9.437434842660139
0.974138667429109	0.01965346895591591	9.103783314574097
0.025713736425581946	0.9797673420723827	9.485954632712831
0.03064162648931268	0.9677818274140519	9.395921596318047
0.038433514769519526	0.9587044562836372	9.270731874632572
0.041179388709798925	0.9479393569733475	9.16218257009925
0.050117913171244866	0.94484871390089	9.176311624584697
0.055622044641691015	0.9372070017860208	9.14739699586938
0.062062647604788426	0.9309620491533022	9.134341610192445
0.0644934471580443	0.9205416351418804	9.099097212410326
0.07304859713187872	0.9126163746981144	9.087637274780276
0.07337269217747727	0.9018811052549963	9.065146276332031
0.07359027302773831	0.8893997837937464	9.047250486068144
0.08405325218095083	0.8831387467156551	9.047001200088053
0.09458320334814785	0.8635940143926133	9.034709339143236
0.09453196701753797	0.8766358680566192	9.045743023932827
0.10504849077141837	0.8441288798719966	9.026714793149468
0.10507406727629372	0.8570120453315015	9.03402980941752
0.1156136639890832	0.8250645332332512	9.021338159586984
0.11558877119645372	0.8378945877051628	9.02651679300147
0.12623615801066113	0.8055058265605801	9.017306413977108
0.12631577862468008	0.8186891883424902	9.021198102918044
0.1368097757542374	0.7858664073374737	9.014323063873867
0.13681975377590339	0.7989987059109172	9.017209859176015
0.14724559759480788	0.7662813855875097	9.012072590066454
0.14729021628597616	0.77926674730347	9.014256507459551
0.1577119593690502	0.7598642401379876	9.01207466441001
0.1682490059915733	0.7404040364573903	9.010400090594844
0.16817784873763095	0.75350221698233	9.01203216141475
0.1788416266047795	0.7208569958367707	9.009092117395815
0.17882448372596849	0.7339176485939612	9.01038840999526
0.18938027212891842	0.7013287128734077	9.00806979807168
0.18935931420497565	0.714335151800663	9.009106330691973
0.19991479680264734	0.6818302639934415	9.007274000154267
0.19989291309036447	0.6948277375679246	9.00811230195257
0.2104415355589829	0.6623439410661042	9.006659165498236
0.21043194238271154	0.6753348497447851	9.007340792610279
0.22097074068703101	0.6428613499576089	9.006194181193882
0.22096638748402045	0.6558497475635908	9.00674830339468
0.23149586067998693	0.6233796766562008	9.005856761713652
0.23149297153196305	0.6363700335756913	9.006304757292448
0.24201921101618015	0.6038974373647022	9.005631508809786
0.24201845133997654	0.6168862079286948	9.005988894597758
0.25254179629352075	0.5844161895205201	9.005507776742233
0.25254086956482225	0.5974039410124315	9.00578586634944
0.2630641502588205	0.577922849740888	9.00568534346118
0.273587127346661	0.5584424065794599	9.005680451232882
0.2735862505108025	0.5714304894782943	9.005866564808857
0.2841102175359493	0.5259741895903114	9.005689819981116
0.2841101215021046	0.5389615221556178	9.005767343755466
0.2841098373847058	0.5519493527589335	9.005887509793176
0.29463284570255505	0.5194807060497333	9.005944698687692
0.3051554694240918	0.5000000513462398	9.00621305112305
0.3051554744058826	0.5129871640049133	9.0062067831821
0.3156780719660292	0.48051949097691793	9.006574283737073
0.3156780796335608	0.49350652350527574	9.006504384462831
0.3262003439750214	0.46103879940916964	9.007031559805325
0.32620065779754315	0.4740259702117507	9.006895915854551
0.336711482613641	0.4415496016352083	9.007589361661944
0.3367193004003024	0.4545428999833412	9.00738446243613
0.347139304792402	0.4220624470096515	9.008251986237832
0.34720193877681815	0.4350415307511833	9.007974216301749
0.35749071943088473	0.4156420890200099	9.008665094025053
0.42215290328485167	0.3472328916377832	9.01266443440519
0.3677558680669991	0.4092904367097232	9.009081380476694
0.41580089431736306	0.3577236809938709	9.012032133756366
0.40966509176199706	0.36817871802199276	9.011446193369556
0.37777980485327384	0.4031140347323796	9.009493923566716
0.40381853488847014	0.37871348963241397	9.010893908942789
0.387354111916424	0.39691953680675773	9.009903300280842
0.3975216540455144	0.3901327436309977	9.010348335312633
0.4415584415584382	0.3367232737245373	9.013575793946181
0.4350968310306165	0.34724000062587285	9.012903588131563
0.4610389610388305	0.3262006714207171	9.014522711389532
0.45454545454543116	0.3367232737245476	9.013797237399361
0.48051948051932686	0.31567806911683893	9.015470278507456
0.4740259740258715	0.3262006714207016	9.014726545057213
0.4999999999999097	0.30515546681290895	9.016456218053092
0.49350649350641124	0.31567806911679736	9.015658082910875
0.5194805194804848	0.29463286450898635	9.017501322824778
0.5129870227092457	0.3051554606737194	9.016629684474848
0.5389610389610296	0.2841102622050817	9.0185675192348
0.5324675324675193	0.29463286450897536	9.017662072348097
0.5584415584415566	0.2735876599011862	9.019703563511564
0.5519480519480487	0.2841102622050787	9.01871713837719
0.5844155844155843	0.25254245529340197	9.02213597595093
0.5779220877929393	0.2630650511497579	9.020944811330919
0.5714286290085974	0.2735876222905593	9.019843408907256
0.6038961038961039	0.2420198529895102	9.023564549789084
0.5974025975300883	0.2525424370292841	9.02225137885584
0.6233770007664042	0.23149666853115325	9.025170266017058
0.6168834709739787	0.24201911995590322	9.023671360730562
0.6428591637936055	0.22097247807860967	9.026877543334107
0.6363657307573123	0.23149444117539844	9.025268750712494
0.6623438152467078	0.210446078293979	9.028949501279312
0.6558507638039848	0.22096733947849226	9.026968206274836
0.6818354199891293	0.19991554882919108	9.031088810249713
0.6753421650380259	0.21043646894227586	9.029032051741014
0.7013365538702822	0.18937926400623373	9.033730161606753
0.6948452714010109	0.1998980032462575	9.031163962842752
0.720834362917223	0.17884288232888	9.036621715662685
0.7143555204679539	0.18935677894228178	9.033796140981563
0.7467843530835151	0.15780560306804775	9.044285808465359
0.7403158689793194	0.16831125453172066	9.040023974420565
0.7338524387778755	0.17881253219734736	9.03668063188504
0.7662679832416474	0.14727253665011922	9.049135626546557
0.7597866159274723	0.15778195407635465	9.044289264587071
0.7857491182108746	0.13671890348061888	9.055067698276316
0.7792614103605576	0.1472263879565426	9.049130804165587
0.8052150361242553	0.1261452546000862	9.062884458202033
0.7987224534473185	0.13664102967397065	9.055068053400106
0.8246753121468138	0.115538040970593	9.072182190967348
0.8181665154425177	0.12602742891575894	9.062898260412835
0.8441170729814362	0.1048823597287633	9.084276478560655
0.8376145359860213	0.1153801382161493	9.07225124452274
0.8634287071402723	0.09408320971247348	9.101554906489591
0.8570024065132503	0.10464247963103872	9.08446744438868
0.8762110298369228	0.09379025806583002	9.101955424044213
0.8827864744011812	0.08342339243839497	9.12411847182098
0.8953349495029223	0.08269420179594356	9.12575885960801
0.9019875763259143	0.07240047742271954	9.154915652410951
0.9148086397527716	0.0722125083022343	9.155890840892669
0.9212328301867947	0.06238050142846965	9.202222687521639
0.9331663249888893	0.062088534845133936	9.20673153673881
0.9479392641238975	0.0416049869100433	9.438163716897686
0.9416977166235462	0.051585391353699606	9.321660844838716
0.9589254465491333	0.04064273104643802	9.43213960404709
0.9680182396739393	0.03234612206610881	9.442032379414266
0.9799598668601351	0.028936985578105857	9.355945669546943
0.03825098298913186	0.9790504523268856	9.634680252041713
0.04428093863674946	0.9683970362607457	9.550692990378563
0.05039870642608968	0.9561555026598165	9.32124032285362
0.0596557781498121	0.9477623288443408	9.239967032589425
0.06598562130302812	0.9385751968358171	9.18109428575944
0.07192266913964929	0.9297507537785343	9.147109403148677
0.07479908820851641	0.9214060193838058	9.11678350976152
0.08113431259428674	0.9172731913503582	9.10920350715995
0.08341260775487552	0.9083759895903034	9.087901551116145
0.0843011220163405	0.8961636415445279	9.06472538606324
0.09492988603288727	0.8899056033126373	9.061666220475429
0.10521277447176337	0.8695740106056469	9.043706786110947
0.10536072961900034	0.8816677551244093	9.056199606320689
0.11531751851288115	0.850436178505679	9.032981728191787
0.11502645802225053	0.8627569536260773	9.041333914514327
0.12592616593246336	0.8444047814773206	9.032158504293932
0.1265010369765714	0.8321593122906235	9.026377296660222
0.1367713132495394	0.8121454329768178	9.020823717371234
0.1370936115172638	0.8253207351348779	9.025475968509836
0.14735686445937726	0.7922677389705207	9.01695453663149
0.1473530737587395	0.8052789137543628	9.020285628875493
0.15773861321319893	0.7728354216087223	9.014145342730808
0.15779036604868016	0.7857892963898343	9.016671991167627
0.16817043910978538	0.7665424759942213	9.013998968009773
0.17870453308408282	0.7470633974723971	9.011940625794209
0.17849688559686183	0.7602815258250519	9.013812067988985
0.1893363981678801	0.7273550836383954	9.010335201783766
0.18931842097702833	0.7404208290429157	9.011800582559045
0.1998689467605319	0.7078267337985004	9.00909943975258
0.19983822256169184	0.7208254952549386	9.010263231779517
0.21040524417459627	0.6883270149541351	9.008139551813061
0.21037804417115766	0.70132177225995	9.009076987505816
0.22094505686410182	0.6688431717084534	9.007397287192907
0.22091821036232343	0.6818320257768858	9.00815621708341
0.23148503481813787	0.6493622977195354	9.006831107763077
0.23146594202659168	0.6623563394041142	9.007447151350677
0.24201666396702348	0.6298769831519092	9.00641221301436
0.24201191948404424	0.6428710731385819	9.006910160634833
0.2525395640593903	0.6103923433069811	9.006120586154532
0.25253852114189695	0.6233821292333569	9.006518467157049
0.26306372308498505	0.5909100325815898	9.005942081419485
0.2630597312378436	0.6038987493227261	9.006253425418633
0.2735842942109962	0.5844192080396362	9.006101316866697
0.2841090577828969	0.5649381970083133	9.00605234665162
0.2841070627630256	0.5779286720063816	9.006264672282462
0.29463280436086536	0.5324680754284231	9.006001316974322
0.29463267823864964	0.5454560089895515	9.006100347676634
0.29463231570585935	0.5584451736915087	9.00624344432172
0.30515548530870257	0.5259744431762062	9.00624203148699
0.31567810424673676	0.5064935826258831	9.006476270593724
0.315678181469701	0.519480692386524	9.006489809798389
0.32620068703926164	0.48701298417484806	9.006803486423479
0.32620072663319155	0.499999966545944	9.006753278537913
0.33672243025784515	0.4675320335581456	9.007225414439999
0.3367232084118164	0.48051940162247037	9.007110299247868
0.3472292463370663	0.44803861950417617	9.00774507525436
0.34723994858900104	0.46103438310148626	9.007562546796267
0.35762751854376323	0.42855935381666077	9.008364585496311
0.35770942844119996	0.4415300664319839	9.008112574908395
0.3679506322013439	0.4221449829686401	9.00875828079328
0.4286619794974984	0.35774889001018995	9.01228055993902
0.37819020892109784	0.41577457419878794	9.009155731951354
0.4223678450282019	0.3682203489933066	9.011701299061182
0.4162597787452983	0.3786476662738224	9.01115704229957
0.3882905933368234	0.4094440789769416	9.009555386358608
0.4103827124609622	0.38898054449545083	9.010664833010955
0.3981664815280727	0.40338104473053793	9.009947639247983
0.40685292285645397	0.3982065807074757	9.01029584413559
0.44805194805194737	0.3472458760284283	9.013136553354146
0.4415991875979381	0.3577578339237353	9.01252449141881
0.467532467532419	0.3367232737245625	9.014013987036625
0.4610389610389563	0.34724587602843004	9.013365324504607
0.4870129870129229	0.32620067142067954	9.014927572197216
0.48051948051943993	0.33672327372455824	9.014227461068101
0.5064935632067222	0.3156780333049962	9.015845002694292
0.5000001398926623	0.32620058308494554	9.015127222603992
0.5259740259740207	0.3051554668128632	9.016804113937736
0.5194807074444371	0.31567795042629837	9.016032408876791
0.5454545455319922	0.29463286011732087	9.017825600168448
0.5389610394805834	0.3051554309287481	9.016980857910452
0.5649352185739546	0.2841101619541067	9.018871282406485
0.5584418282188311	0.2946326625863102	9.017993234781057
0.5909090909090908	0.26306505759729376	9.021075980267954
0.5844157922520612	0.2735875241447339	9.019989435190732
0.5779228625061527	0.2841097270877468	9.019031283209102
0.6103899670186687	0.2525416190574277	9.022374856112426
0.6038964724061052	0.2630641096885076	9.021215037102776
0.6298722032813083	0.24201647053313305	9.023787922800215
0.623378847413402	0.2525385562259862	9.02250799825461
0.6493574195362453	0.23148865115806724	9.025378817339694
0.6428643174999497	0.24201018605061922	9.023916052432929
0.6688486712797826	0.22095672551358916	9.02707267476149
0.6623548473661172	0.23147663466687976	9.025502669972502
0.6883510182944489	0.21041679240665123	9.029131397676238
0.6818546356704087	0.22093433507857305	9.027194192005814
0.7078654489378361	0.1998688059585839	9.031259127512719
0.7013646768061834	0.21037628639610353	9.029251970592695
0.7273791237636739	0.18931675113185506	9.033886649388968
0.7208840097157831	0.19981510183958442	9.031380352932958
0.7533200203578017	0.16828508239868475	9.040069939237439
0.7468705278909648	0.17877459740111765	9.036767017135931
0.7404103666488605	0.18925618542292158	9.0340060645605
0.7727791921479054	0.1577373037404967	9.044331959584207
0.7663131395234126	0.16824716743018664	9.04015110839321
0.7922327262342962	0.14714037931831284	9.049185154227517
0.7857607284959419	0.15767593899799898	9.044419914766694
0.8116690576340225	0.13652160553589543	9.055148647236551
0.8051784949324952	0.14700899928503172	9.049311924748325
0.8245867435933696	0.1363582643185387	9.055325484866556
0.831086452112289	0.12584822154743733	9.063023283281298
0.8505255105909338	0.11516709617858785	9.072488344926349
0.8440057554297106	0.12564302997328977	9.06324510352536
0.869716760861362	0.10416797300556542	9.085128053910354
0.8633612219429351	0.11479671893816279	9.073011090364552
0.8824418074627735	0.10381196075828741	9.085811001981993
0.8888289933045193	0.0934519143116105	9.102656870636253
0.9009837809467296	0.09213649338231322	9.105374621618251
0.9081868064079925	0.0819179271298971	9.12808875116986
0.9184124553340339	0.08129666717081739	9.130537140712667
0.9271539344812308	0.07360815523230059	9.151836814980614
0.9381008610016256	0.0705627519761594	9.166775935192186
0.9454932938735658	0.062474970158501515	9.209593083733447
0.9558518777171687	0.0525124229471149	9.314807564572162
0.9681400134208134	0.04616156320663878	9.39350235152638
0.9790132017163304	0.039806996048883436	9.448691262588385
0.05134406202859121	0.9789556374820281	9.668731810285104
0.057510352600642294	0.9682482039400591	9.60824970162968
0.06383933820284693	0.9583023124130453	9.418582499786742
0.07137029732238465	0.9480132335747201	9.273162266792738
0.07786024755499438	0.9381054805940808	9.198543348136655
0.0833966811296607	0.9268483088276024	9.149337227995018
0.09101458874650233	0.917119264251965	9.117323837371165
0.09644802092411381	0.9042806205998275	9.088434643482813
0.10652460459675864	0.8938500526130063	9.074137598036543
0.1141938586825092	0.8866712809233795	9.066376690022034
0.11696148107033319	0.875435249628946	9.053570142190368
0.1251881613681684	0.8564731305619706	9.039537929323695
0.12463262080456664	0.8665266410041014	9.047440114102942
0.1337202417563217	0.8511789323279737	9.037875036601458
0.1382579000097449	0.8398028108432452	9.032228155638675
0.14744740942859547	0.8181096038540959	9.024398424189082
0.14794984473154194	0.8306089756115609	9.02951992173905
0.15780963259217967	0.7987289792343699	9.019762208511724
0.15768208926031665	0.8114590066420303	9.023488125979013
0.16826627732200267	0.7795305589522489	9.016389204826462
0.1682431318934295	0.7923469669600085	9.019237632811853
0.1787416989793535	0.7733527212900977	9.016075641611442
0.18898526761010923	0.7534322427811905	9.013518261467611
0.1885066946844713	0.766977191119489	9.015645998676947
0.19981782641075874	0.7337877121290921	9.011635702375946
0.19972746142670617	0.746620793223556	9.013236643574656
0.21034908689412224	0.7143218997286448	9.010178280716454
0.21028356609801627	0.7273344252984731	9.011474990941194
0.2208825747936852	0.6948179239811295	9.009043638883787
0.22084763769179103	0.707806468711984	9.010082053495625
0.23143373946403437	0.6753493992106199	9.008166431444183
0.23139005253173664	0.6883313712756073	9.009004914824315
0.2419954947547778	0.6558696597771941	9.007493025562852
0.24196375939934114	0.6688672797209225	9.008172733476256
0.2525394375847611	0.636374578743427	9.006987428419245
0.25253047041888915	0.6493778385237721	9.007536988534845
0.2630560587980242	0.6168876636690138	9.00662528292879
0.2630545387096199	0.6298780778851921	9.007064756971836
0.2735798824122775	0.5974083046078572	9.00638887584882
0.27357286877008374	0.6103963576432326	9.006734390850445
0.28410228337480836	0.5909207865278672	9.006528152524893
0.29463131328021136	0.5714366531726475	9.006432997938928
0.2946285576811873	0.5844315699333326	9.006672221556533
0.3051555101996915	0.5389621277472956	9.006319502573016
0.3051556967833963	0.5519508439760371	9.00644050310657
0.30515594379810523	0.5649417990721465	9.00660702203971
0.31567841288047926	0.5324678873924483	9.00654541929928
0.3262008499940211	0.5129868383481414	9.006744883897513
0.3262012146447108	0.5259733602120162	9.00677844000496
0.33672333028549056	0.49350634538085614	9.007037857260235
0.33672345559605893	0.506492987626273	9.007007407520119
0.3472443211130392	0.4740248962118688	9.007424701940122
0.3472456755599058	0.4870125983477711	9.007329988980759
0.3577462041866076	0.45452741987092654	9.007907022629295
0.3577604875094271	0.4675254482029299	9.007746516239123
0.36811524975450255	0.4350544554737068	9.00848496124955
0.3682144885451579	0.44802020645942126	9.008257879534236
0.378429928194888	0.4286341228560477	9.00886102909535
0.435179767974128	0.3682553328055201	9.011952061522235
0.38869569454785047	0.42224712171459944	9.009241762398766
0.42893014502627985	0.37867806435953133	9.011414392235464
0.422698925015084	0.3890263135187872	9.010922225638451
0.39898185202721104	0.41593471119341263	9.009627505342293
0.4170393173656311	0.39919752593487695	9.0104862914674
0.40999775498600943	0.4096486170676419	9.010031452677692
0.45454646652549424	0.357768194550512	9.012763222688298
0.44810360854185644	0.36827139552171745	9.012200322791129
0.4740259740259565	0.3472458760284372	9.013590399129692
0.4675324675324668	0.35776847833231995	9.0129990786247
0.4935066819205057	0.3367231547498675	9.014439070883215
0.4870131341523624	0.3472457831167694	9.013813157130388
0.5129876386776132	0.3262002663612349	9.015326843978913
0.5064945311124158	0.33672257520685583	9.014650239063796
0.5324679257590844	0.31567767851481676	9.01622165417539
0.5259755630000421	0.32619933820517416	9.015527827048183
0.5519484439238019	0.3051550177392239	9.017161275816102
0.545455579156321	0.3156766638075055	9.016414126198761
0.5714301894041002	0.29463163579482127	9.018166356608688
0.5649375549449897	0.30515318588316004	9.017346790226725
0.5974025974025974	0.27358765990118544	9.020142954642933
0.5909104694958801	0.28410925277237026	9.019198462181022
0.5844195564116436	0.2946296428949204	9.0183463261518
0.6168854047864607	0.2630602360865313	9.02136359605903
0.6103914667479063	0.27358238608901864	9.020305902007662
0.6363716301987473	0.2525315400895856	9.022652567193283
0.629878318983414	0.26305119468687355	9.021523411203576
0.6558612809647928	0.2419963652884539	9.02405800690545
0.6493677667876834	0.252514861152929	9.022810859542629
0.6753564173694765	0.23145019829636815	9.025643422111322
0.6688579670079075	0.24196405152398173	9.024216997501243
0.6883487226204559	0.23139078714972572	9.02580555890143
0.6948583997180809	0.22088400073172118	9.027337753676568
0.7143727251139106	0.21030640793295266	9.02939801525194
0.7078467736808821	0.22078985337149146	9.02750845255946
0.7339060701596635	0.19973652911078266	9.031531683252654
0.7273638702383298	0.21019985543970046	9.029573919129362
0.7598776430692687	0.17873350806252955	9.036885336293183
0.7534556823259324	0.18917696918982288	9.03415763506649
0.7469508975441491	0.1996089787040988	9.031722893237474
0.7792892895882824	0.16820535518841706	9.040272729641275
0.7728500393278376	0.1786997516973615	9.037037742295622
0.7986866047134926	0.15750239989711495	9.044601149685919
0.7922365855736336	0.16807215349372995	9.040473809143691
0.8116129483593445	0.15729557203743666	9.044843941115397
0.8181060576908158	0.1468677620706532	9.049513530049866
0.8309574447096062	0.146599275928179	9.049855622503687
0.8374302435543511	0.13605968485642908	9.055678012862094
0.8570347856082375	0.1256260426495689	9.063448578865247
0.8503353918567034	0.1357566858765753	9.056134783921152
0.8696935569429298	0.12478696920314275	9.0644476842088
0.8758553922720176	0.11388321092760009	9.074290354902523
0.8863378594055018	0.11301491809606656	9.075694607489728
0.8952146208431996	0.10485347925521596	9.08482024773342
0.9068520575367961	0.10141196299897187	9.09070681711393
0.9150900437438361	0.0922486111379653	9.105923066864408
0.9268228522843391	0.08649613405168968	9.118963951581376
0.9373773175097441	0.08048267892260429	9.134843758869534
0.9473132266241276	0.0741599864329535	9.156038976215441
0.9574550122028257	0.06659288974343575	9.190170854744137
0.9680180221632525	0.05910302325343205	9.255949697001144
0.9788540194311793	0.052444613517463684	9.339873518888561
0.06444229121318758	0.9790003462376206	9.641342877106107
0.07075677909638889	0.9686783885870972	9.624353445321814
0.07728472117607821	0.958267281484923	9.445264763667469
0.08408736348036656	0.9479592610670577	9.289931788486008
0.0903963651772526	0.9374918256610004	9.207410018158171
0.09655361726926233	0.926964687699444	9.160547210404458
0.1036121559712317	0.9161654814472335	9.122712360584616
0.1108896007969814	0.9055891558534246	9.098792067612598
0.11817945904107083	0.8953547624179726	9.081654565506637
0.12434492245596157	0.8855250191432524	9.068232258598497
0.13024427058215	0.8750734368843575	9.056985693288468
0.1362765428206132	0.8631665078929072	9.047404166308404
0.14419730562974056	0.8520581113934814	9.040571987140238
0.15099511608610605	0.8421134015120193	9.035662501712551
0.15780171851292527	0.8237860799003327	9.028017462251803
0.15709738456541533	0.8340882406865194	9.032527518086273
0.16800751576232476	0.8051004071933563	9.022675611247914
0.16767381866789105	0.8177724973773786	9.026845673991353
0.1789169025302332	0.7863400615604998	9.018793819544326
0.17855042217989703	0.7989615077580625	9.021943154981145
0.19068779053043022	0.7804104208936491	9.01842623939212
0.1993875988544623	0.7594422971790281	9.015119603491828
0.1990204095498493	0.7714517427438602	9.017208537860148
0.2101922786007596	0.7402642507518632	9.012991769247277
0.2100199008895198	0.7528936984264156	9.014734957931948
0.2208150029997704	0.7208280398315043	9.01130341344313
0.22068539091982464	0.7339781569870849	9.012747865738136
0.23134544627729556	0.7012947513508775	9.009981303210507
0.231291514856805	0.7142350564471949	9.011119806655195
0.24190950873098327	0.6818721773283684	9.008965135294162
0.24183702037588442	0.694830931420162	9.0098824760085
0.25250335266774177	0.6623884759988994	9.008178038241454
0.2524434257746894	0.6753841420725789	9.008922727470727
0.2630568654464675	0.6428746375754173	9.007580660672026
0.2630730143444652	0.6558897947831285	9.008183966002816
0.27356552054130173	0.6233836819662468	9.007144198976485
0.27356352939134737	0.6363716720860898	9.007626237958583
0.2840923698766814	0.6039119814636084	9.006847306857182
0.28407702523849215	0.6168961925928056	9.007227510268093
0.2946208162087784	0.5974289009183708	9.006965137245912
0.305155701260114	0.5779372479465351	9.006821836295986
0.3051551865776568	0.5909401193416278	9.007088631730122
0.31567904863654317	0.5454553070570145	9.006644078568392
0.31568030822328447	0.5584437929839264	9.006787387963511
0.3156819885021637	0.5714363079028616	9.006977702022773
0.3262021810569608	0.5389590625714051	9.006854621740372
0.3367238189297501	0.519478892247277	9.007018820980754
0.3367247919170239	0.5324630680384022	9.00707248750323
0.34724593350462585	0.4999992208501423	9.007277467997218
0.3472461607391725	0.5129846979304256	9.007266742320732
0.35776592497682635	0.48051740164634654	9.007629593654583
0.35776753590369464	0.49350528701186297	9.007555068849372
0.3682612149675484	0.4610163612575144	9.008075409170416
0.36827937364330093	0.4740163052589852	9.00793650565353
0.3786036322665192	0.441549531969933	9.008613323063924
0.3787174466258662	0.45451112726291476	9.008410390232344
0.38890052003120296	0.4351344469401835	9.008972351826436
0.4416953228595117	0.3787514520135096	9.011666650638126
0.3991090370929114	0.4287872498102925	9.00933441318057
0.4354314970161742	0.3891417437246221	9.011180939843259
0.4291671152370594	0.39948949740989836	9.010734351603913
0.40920947430780275	0.42252645758552054	9.00969790351454
0.42322175056741806	0.40986263069634465	9.010312247882418
0.41821757823206296	0.4187591768335424	9.00998424355371
0.4610454062007647	0.3682880825125653	9.012444602689547
0.45460818247953666	0.37878015119385194	9.011919026112238
0.4805194805194773	0.3577684783323211	9.01323225435081
0.47402798239046334	0.3682893494170018	9.012687219318039
0.5000010936336018	0.3472450826111247	9.014035030076043
0.4935073426691345	0.3577677980753799	9.013464128891856
0.5194834743961679	0.33672066139824874	9.014862333734472
0.512990796092497	0.3472422855832012	9.014257431930561
0.538963982080469	0.32619703804402783	9.015731569151313
0.5324731778656949	0.3367163339517452	9.01507677180392
0.558445252656028	0.3156737463192301	9.016611257196132
0.551954354290524	0.326192544974675	9.01593947831307
0.5779291401220784	0.30514925452974434	9.017538813349757
0.5714387503994621	0.3156680239392491	9.016814485202238
0.6038994795720738	0.2841029986987468	9.019374683400974
0.5974106682066667	0.2946213737403817	9.018534913316612
0.590923948300447	0.3051387087204485	9.017739033425398
0.6233841349156165	0.27356923649562465	9.020479994206228
0.6168925797830348	0.28408536943323853	9.01956186001076
0.6428730319148168	0.2630300927622428	9.02169672151939
0.6363777914657792	0.27354147637649884	9.020667336589183
0.662360064708399	0.2524764467762823	9.02298587771305
0.6558618247270916	0.2629862384143468	9.02188610114954
0.6753310500598039	0.25239866615157996	9.023181056354241
0.6818387936926668	0.24189493164161271	9.024397055871782
0.6948034429785853	0.2417947299508998	9.024599674772064
0.7013345278855432	0.2313067249743687	9.0259904435025
0.7208060109809593	0.2206426959083291	9.027710483849914
0.714264273196635	0.23111615049159054	9.026210479500213
0.740349628497129	0.2100619580368268	9.029783139036104
0.7337442007104461	0.22046989218609556	9.027943418907602
0.7664596402972289	0.18917377197481341	9.034323321581654
0.7601439999846278	0.19944436792049658	9.031959884708707
0.7533883833662368	0.20989483539351694	9.030030783643715
0.7858030892497601	0.1786305920277315	9.037246074718054
0.7793661891506579	0.18919256290385253	9.03452259748417
0.8050878866957496	0.16779756499689596	9.04078143475576
0.798669762948436	0.17838699267261524	9.037553091914715
0.8179972471969513	0.16719764190937036	9.041267169264877
0.8246213989265625	0.1573990640655539	9.045031674337167
0.8373597594951521	0.15667899146063802	9.045646840602318
0.8436084048128069	0.1461492464087227	9.05040614593976
0.8542479205836317	0.14524479594409462	9.05124436828118
0.8636343744338528	0.13696816725516409	9.05578181169262
0.8752228429176636	0.13361871870833106	9.058491175802942
0.8831249859229089	0.12448625329785834	9.06524697375225
0.8951474947914916	0.11819534122636753	9.071255228307066
0.905867179916906	0.11192017528608687	9.078127901462425
0.916239584580444	0.10534494740098925	9.086460854335884
0.9265050604551263	0.09866696543667641	9.097035524187964
0.9372873145697892	0.0922752131781367	9.10958116826834
0.9475857160973526	0.08579383266438588	9.124791386168896
0.9578664999602667	0.07905458016575186	9.145242211673624
0.9683631547141414	0.07197858950873277	9.173313728195303
0.9788396966337308	0.0653248248397918	9.21937608856271
0.07757966667909759	0.9790788167410415	9.595146641643277
0.08400502809427356	0.9686580797630757	9.61175082116718
0.09053744412707505	0.9582375018084868	9.455715023203325
0.09705010287467689	0.9477708128934883	9.295525018573812
0.10343017875455467	0.9373024028843296	9.21317675969829
0.10988153385873761	0.9267724617969724	9.16618027302126
0.11689100578782789	0.91614736513855	9.128248815834494
0.12382277801541043	0.9056898547681033	9.103453821768506
0.13045833841229076	0.8953726065227549	9.085331840378771
0.13674722297813433	0.8849441670393737	9.070623683350455
0.14294786219687614	0.8741015140986591	9.058777611232683
0.1496528994108619	0.8632063704654196	9.050005938448948
0.15658569562854663	0.852610084102815	9.043020628884728
0.16306341897252966	0.8423380342253024	9.037499728104514
0.1689559480155191	0.8306851232136916	9.032412834667397
0.17808599998023458	0.811333485188288	9.025697158411253
0.17702838725245873	0.8217254975742603	9.029420443694985
0.18931145719749787	0.7931593040656262	9.021296671617533
0.1887374781786201	0.8054894927659606	9.024737017589645
0.2014075128559591	0.780886045935684	9.019292315734234
0.19820634496412343	0.7884464314288513	9.020803103899697
0.21002182404198244	0.7649717975616247	9.01669793188161
0.2101209728185669	0.7758895394184036	9.018773421218027
0.22061568899617434	0.7469754164975018	9.014440375691505
0.220069429880715	0.7590411955871003	9.016232059930928
0.23126047170834949	0.7272289962065653	9.012455525576355
0.23118302724650536	0.7404707338598923	9.014049663043904
0.24177087767641708	0.7077364259292855	9.010947773986617
0.24170261627452722	0.72050766305837	9.012171616493065
0.25220680703843135	0.7013046283436437	9.010784887304197
0.25238678646323376	0.6884742138814532	9.009795178220456
0.26300394333614435	0.6689458975431238	9.008885941794277
0.2629487152675265	0.6821156742961653	9.009709494882587
0.2735722781460854	0.6493622843864467	9.008189447430285
0.27358233821306094	0.6623800606950945	9.008846574364762
0.2840642570508018	0.6298787359023466	9.007676068606614
0.28406432325934483	0.642856375919579	9.008200780956924
0.29460008476415417	0.6104241340437505	9.00731647188767
0.29456547266314603	0.6233849219038604	9.007731305120709
0.3051522060208954	0.6039547273914779	9.007412051481937
0.3156823697457902	0.5844373568330606	9.00721817597393
0.315696566518308	0.5974538049818862	9.007513423998246
0.32620431286283913	0.5519437076990457	9.006974672793001
0.326207947733499	0.5649291949144395	9.007140501024294
0.3262118716578539	0.5779244216781041	9.007354863283666
0.33672711542493255	0.5454441984265783	9.007169322990636
0.34724684769787917	0.5259679138472677	9.007297942998582
0.3472485660046745	0.5389469766418852	9.007371690876722
0.357767620513155	0.5064907226839205	9.007522308863988
0.3577676419845835	0.5194731455415362	9.00753116824695
0.3682853918488523	0.4870098808144505	9.007840153289001
0.368286328160427	0.4999971388119515	9.00778551668707
0.37877387070487617	0.4675052767412306	9.0082503959545
0.3787942655234611	0.4805079291006298	9.008132564606187
0.38908963785500394	0.4480433077844275	9.008749881398302
0.3892193628475573	0.46100125889563187	9.008570293855394
0.3993610971561488	0.44162611319575373	9.009093034091919
0.44820941766078226	0.38924363644496734	9.011436497632365
0.40948706550060393	0.4352680212596622	9.009438430058703
0.44191337568111266	0.3996482750867441	9.010995107990597
0.4355872645008914	0.41013819694748377	9.01056864363885
0.4190149525442135	0.4291657532686838	9.009772719080393
0.42924085166484993	0.42178035609340037	9.010151854324592
0.46753813911200715	0.37880812768644034	9.012168434344723
0.461106177961815	0.389288871683487	9.011692748901938
0.48701411478763695	0.3682898510760085	9.01292816131518
0.4805218315888781	0.3788103976840987	9.01241765633784
0.5064973791787096	0.3577647018389217	9.013696069019192
0.5000038252148328	0.36828760266472355	9.013168844117137
0.5259816808358758	0.3472357652254727	9.014481738259521
0.5194896117052349	0.35775688151061363	9.01392947898695
0.5454648902325925	0.3367095417980352	9.015294920399837
0.5389753117069481	0.3472259602472552	9.014709303155682
0.5649495173811854	0.3261850445752569	9.016152997094315
0.5584623883429923	0.33669985512825623	9.015518220154725
0.5844367670568791	0.3156549144736634	9.01702546358702
0.5779490785040494	0.32616847743459826	9.016373796178643
0.6104064755975503	0.2945998837400485	9.018734052614064
0.6039234125522998	0.305113114370449	9.017949408209917
0.597437055168762	0.31562358679627206	9.017246139171151
0.6298867902115375	0.28405005485723156	9.01976192621652
0.6234032302217061	0.2945572504160025	9.018945640134957
0.6493633643774404	0.27348878961547224	9.020870306505172
0.6428713364449853	0.28398976005456117	9.019976806098109
0.6688260305442308	0.26289956639739215	9.02209480104001
0.6623246890550233	0.2733912248235431	9.021091909286746
0.6817524256983267	0.2627637405036504	9.022324826592202
0.6882724481912486	0.25228032745111656	9.023398310620188
0.7011907812732098	0.2521327626981721	9.023638664958028
0.7077549732460655	0.24166096438902746	9.024827898438476
0.7271587809358627	0.23085491842413594	9.026463632777258
0.7206251406831068	0.24135771324799793	9.025098536685652
0.7466692898826741	0.220334281930682	9.02820289042292
0.7400528207627893	0.23062232347477316	9.026740492144478
0.7594424031758211	0.2200849934560571	9.028512448430325
0.7730661294531949	0.19979210564286684	9.03213594513611
0.766747174346631	0.20978103260247424	9.030316158118312
0.7856089927111383	0.19970964150450826	9.032445460601677
0.7924092438647884	0.18914951457583362	9.03479314351214
0.8111938154554967	0.17795013606162155	9.037981394242657
0.8052867668162411	0.18872790119310495	9.035214875252917
0.8219686077846968	0.17715299977743015	9.038531526835833
0.8312063419170753	0.1690345866682108	9.041036288006
0.8431013015952264	0.16587288467321332	9.04254312079926
0.8513196686773967	0.15655604438642015	9.046155496265472
0.8634123299814815	0.15035865035499382	9.04925939931057
0.8744333396672002	0.1438707919776553	9.052835008804173
0.8844942151635542	0.1371629732736953	9.056919277773742
0.8947747344925407	0.13068822870669594	9.061666872254165
0.9055655881678932	0.12420899271628143	9.067259505935882
0.9160982602523529	0.11775834849506846	9.073731519975858
0.9265433827396976	0.11113529439211864	9.081568874145539
0.9370471848126525	0.10450159245915883	9.091114151035823
0.9475558128593273	0.09795858821060326	9.102788993654107
0.9579930018889581	0.09132157727784793	9.117328699105263
0.9684195921215631	0.08468114951831064	9.136034637921222
0.9789130539738978	0.07818380412230547	9.159541555522495
0.09070507115967913	0.9790761157765577	9.558312012718462
0.09715773377976078	0.9686184305986512	9.591735279036556
0.10363971535729438	0.9581511450437249	9.458195066947853
0.1101063060516303	0.9476641800439675	9.29703180901389
0.1165924166323895	0.9371511518093724	9.215142763080683
0.12321523020946662	0.9266045657859133	9.16882380377037
0.12994044157804321	0.9160770622731924	9.131211500529126
0.1365899225766131	0.9056078865151292	9.106178613370496
0.14307014149529906	0.8951165784521742	9.087511803047589
0.14941780272622837	0.8844758471350427	9.072348859689333
0.15587218898247396	0.8737903339319115	9.06061718296161
0.16252217848262532	0.8632233625759892	9.051913192216851
0.16918866188102255	0.8526320259484493	9.044669117093148
0.17555770765856832	0.8418993298883204	9.038706993378078
0.18224092210256082	0.8307520385827583	9.03381654924573
0.1885242552749288	0.8189877771121021	9.0293871315098
0.19775804832146282	0.811174728294137	9.027320127974859
0.2007698048016831	0.7993079099867332	9.023824316037905
0.2089638496992533	0.7882903724936843	9.021469532262222
0.218107690674889	0.7811889935343679	9.020365613163758
0.22147214820152566	0.771105323785519	9.018476207080274
0.2266519296578436	0.7632714805901953	9.01731518772764
0.23163508749724443	0.7550294566613452	9.016154506821623
0.24198589511886312	0.7330991533423563	9.01359447356314
0.2421088897296389	0.7449258351239842	9.015137037892929
0.2519366689650178	0.713932564069817	9.011904686105824
0.2518650799666169	0.7264188612490278	9.013203395762709
0.262293436963028	0.7076451849273095	9.011681954388765
0.2629752415918876	0.6953377298278012	9.010677135079105
0.2734728137493828	0.6755172374128776	9.00961222450578
0.2736352632629301	0.6889441464389545	9.01053014629912
0.28409091199575653	0.6558038498626617	9.008811263958137
0.2841795226168723	0.6687110592606367	9.009517248475253
0.29454799709007584	0.6363818732112431	9.00821939473799
0.2945422510922566	0.6493534195326596	9.008788604429638
0.30513001264602063	0.6169860176602716	9.007797502046158
0.3050482579455336	0.630051953125829	9.008251440208392
0.3157130806768656	0.6104956086348304	9.007868518277213
0.326221656269349	0.5909311195001177	9.007621511384885
0.32625985420714	0.603964021787382	9.007945737909381
0.3367318933430376	0.5584220257518485	9.00731084858941
0.33673998133791966	0.5713973436380985	9.007499193580598
0.3367514189184387	0.5843891576027441	9.007737721782759
0.34725252321075534	0.5519204616859625	9.007489154657918
0.35776843989102786	0.5324508999555759	9.007582015553838
0.3577707538469406	0.5454223109882933	9.007675720133633
0.3682854779659939	0.5129793207747292	9.007772269025649
0.3682850234116409	0.5259555404316446	9.007800470301731
0.3787993056743624	0.49350403162793527	9.008056351509012
0.37879855788107636	0.5064891727447375	9.008021240280167
0.38928236138838496	0.473997427584623	9.008432005108887
0.3893021003539834	0.4870061761781515	9.00833465388209
0.39959221705916265	0.4545226728176466	9.008895313950562
0.3997249902851361	0.4674906025886918	9.008737726782819
0.40994219106797924	0.4480332709588834	9.009226943300332
0.45471005264599285	0.3997391896826283	9.011255145299742
0.4202856408345679	0.44146928273883906	9.009566493757779
0.4483749070257758	0.4101373863108651	9.010837389685294
0.44222793543547256	0.4204026029335498	9.01046136643454
0.43007349437325876	0.435313576096769	9.009892225926828
0.4387538967730614	0.42984752500176504	9.010188923439534
0.47403135510851746	0.3893272151724779	9.011947349507265
0.4676002041510367	0.39980165397887574	9.01151519221568
0.4935108455437127	0.3788100876047858	9.0126662517189
0.487018873286387	0.38933107512410925	9.012203106627368
0.5129976392726655	0.3682800691510238	9.013410572777543
0.5065052524443433	0.3788040617112989	9.012915539423261
0.5324855239215546	0.35774362199233184	9.014165750559284
0.5259953943039298	0.36826458307473636	9.013654783810393
0.5519754065326207	0.347212737673747	9.014941537441816
0.5454860985088122	0.35772399393776716	9.014406249645612
0.5714639720324929	0.3366800790943121	9.015748346495718
0.5649767953912458	0.3471871168409937	9.015180058692343
0.5909453621107844	0.3261292667316345	9.016603757051845
0.5844531786258008	0.33663193533783425	9.015987171802562
0.6169222393582771	0.3050625282440041	9.018171884459173
0.6104342954909591	0.31556333989341984	9.017478358744372
0.6039322391497999	0.3260561427612431	9.016844578623266
0.6363897253741149	0.29448970519426826	9.019171202331925
0.6299128696471626	0.3049839316587692	9.01840793058787
0.6558313221594833	0.2838829714989958	9.020209301144304
0.6493483636994689	0.29437132235356894	9.019413516025237
0.6752489725250794	0.27324161527240737	9.02133432086975
0.6687612191805236	0.28372311245923304	9.020461256187625
0.6881311864196644	0.2730577256857015	9.021597930162505
0.6946399142099922	0.2625959672270278	9.022576485306887
0.7075091997880546	0.26244391909174064	9.022847553095952
0.714122242383458	0.251987624480717	9.023902546787033
0.7268593372596303	0.2514183392343898	9.024227531780324
0.7334263991057176	0.24087103498079687	9.025414962338955
0.7464267926902982	0.24061736470618478	9.025739164274393
0.7528829407067219	0.230574432667237	9.02702652313751
0.7652714034043645	0.22958038786808627	9.027453173538703
0.771667970727725	0.22028701427600933	9.028785500388885
0.7799722142297199	0.21153929844158015	9.030345535185171
0.7796869521964196	0.22065874126333573	9.028954917868473
0.7906329547617471	0.20948054474324734	9.030963582440178
0.7993100254391263	0.20105483113629344	9.032570803340773
0.8111106398640648	0.1977235128921125	9.033582026211237
0.8189195696572782	0.18863516453666113	9.035647282475464
0.8311877246843372	0.1825153470697236	9.037495218201606
0.8421524061847907	0.17641497232390552	9.039466289682268
0.8525981884597874	0.16969478098130386	9.041778848691154
0.8630081480398498	0.16297722293679692	9.044440887328337
0.8739944843945693	0.15648290098043544	9.047415639230925
0.88451950290958	0.14983743494405244	9.050808576386432
0.894905719077522	0.14336073917086986	9.054598064734202
0.9054043330520748	0.13680147204487944	9.059044404531562
0.9159250734717589	0.13024776776015645	9.064266678377892
0.9264487526374173	0.12369291341477812	9.070431867038353
0.9369456681170621	0.11712641830407851	9.077765192039466
0.9474493928893132	0.11057994843782315	9.086597040536999
0.957948608478479	0.10404822362777139	9.09749603647843
0.9684434451116131	0.09752373412642389	9.110980561958115
0.9789451367774998	0.0910418434115247	9.127990651261037
0.10378302689628238	0.9790475198202236	9.53308629111586
0.11024190122817273	0.968562958132094	9.571675917667548
0.11671582849863794	0.9580688357562801	9.457930782083617
0.12320088648082157	0.9475574548694959	9.296017424595059
0.12972372056969853	0.9370280401297005	9.215063451965705
0.13629752470968828	0.926491732409792	9.169725301199774
0.14288203446445993	0.9159741742965021	9.132635901504864
0.14940366676483177	0.9054493418427221	9.107633255491692
0.1558827436538427	0.8949130099287681	9.088928779282737
0.1623584504271022	0.884338404564062	9.073861099218108
0.1688479676653439	0.8737564853504133	9.062154551839035
0.17544661351079646	0.8631749417495848	9.05330595504428
0.18196527924393036	0.8525356532785683	9.04590073783771
0.18842131404118942	0.8417833404069587	9.039831679265825
0.19464601561657552	0.8309771221264619	9.03495584133338
0.20161855121883088	0.8208774199861982	9.031135609066839
0.2084101379711255	0.8104643493530902	9.027816405689011
0.21462677588899026	0.799822203414103	9.024848311859431
0.22126159436104986	0.7900153929455441	9.022621961757478
0.22798240582394463	0.7809931178814634	9.020823468430434
0.23423168867211097	0.7680563510285257	9.018525022748024
0.243285236761285	0.7576242385906617	9.017084255413698
0.2512082351044824	0.750056964958049	9.016245397999747
0.2538234287458968	0.7387586382655188	9.014762734212782
0.2618174170752442	0.7198024833938664	9.012850572791892
0.2613132532599977	0.729782454758978	9.01393898437184
0.27052937862834436	0.714642666651262	9.012617006500266
0.27496027989218874	0.7037258443034566	9.011744537147822
0.28423893799246336	0.6815776822852523	9.01033205367584
0.2846968890015614	0.6940733374639034	9.01125526785286
0.2946026479006995	0.662175981847085	9.00944006788533
0.294733188531285	0.6748011506604413	9.010185686920067
0.3050757687189904	0.6430423754777952	9.008782725876195
0.3050031744033701	0.6560179381103597	9.00939249974585
0.3157045207218639	0.6236046772967044	9.008290356334337
0.31561830813338115	0.6368399378471	9.008790386510627
0.3263353239469655	0.6170104026912607	9.008333193666177
0.33678434556576536	0.5974056060140664	9.00803094134587
0.3368293065604999	0.6103841643687024	9.008381769274626
0.347260918635456	0.5648901652545225	9.007652113686872
0.3472767814470799	0.5778258425148948	9.007862576774501
0.3473132185166627	0.5907642185543188	9.008124374147764
0.35777603088133625	0.5583878957487907	9.007813668794226
0.3682861079063022	0.5389245679714719	9.007870738145082
0.36828944756432275	0.5518881158292408	9.007984197619988
0.3787963035731204	0.5194639596660366	9.008027180039234
0.3787956811583748	0.532428259291013	9.008074405132694
0.3893042157117376	0.5000058650471364	9.008278131631272
0.3893022353619598	0.512983491758186	9.00826213550822
0.3997837482219279	0.48050012870861375	9.008620180177127
0.39980185942898094	0.49352244280603025	9.008542785200595
0.4101170539677619	0.4609971147845553	9.009049398456574
0.41022964106422216	0.4739906441257377	9.008912504606785
0.4205429542428215	0.45448036295469235	9.009369245318858
0.4611884169622687	0.41024109869699316	9.011100831170909
0.43103223351313563	0.4480101623264428	9.009697263374692
0.4549127831400664	0.4205121971751568	9.01072744506763
0.44910634305085056	0.43061443144379596	9.010396956766611
0.44211339090972435	0.44160837715148316	9.010039952967228
0.4805314641520957	0.399847582694439	9.011775102922236
0.474042333878133	0.4103612830390112	9.011363060062616
0.5000128543050019	0.38932723309988915	9.012459212684822
0.49352293999531244	0.3998497135602568	9.012037125322221
0.51950382226668	0.3787886946325185	9.01316687498331
0.5130108014489493	0.3893126129651398	9.012716923110728
0.5389950189299433	0.3682386590312399	9.013902823352714
0.5325012846024834	0.37875734295332814	9.013421668623643
0.5584792239682248	0.3576847361415651	9.014652581073518
0.5519767839527098	0.36818194950249655	9.014156315188346
0.5779523407874073	0.3471228115697402	9.015426730464755
0.5714333134496753	0.3575923892837019	9.014906610002475
0.5974155380451299	0.3365411534008707	9.016236315169332
0.5908825256375987	0.347007441409887	9.015682823520043
0.6234292783379521	0.3154766873681288	9.017723414204797
0.610371643864241	0.3364183024244419	9.016496960120108
0.6169211329538988	0.3259569354727835	9.017097365304961
0.6428832809528771	0.30486685964449145	9.018659492212977
0.636418457192808	0.31535916451572715	9.017982778876314
0.6622717943099572	0.29419080912864604	9.019674614025961
0.6558175799890013	0.30472180936270976	9.018927248490238
0.6816648378454495	0.2835420493810532	9.020732496375532
0.6751851714402853	0.2939798024245847	9.019953864095854
0.6944950918785594	0.28325739362865704	9.021029181433962
0.7009292574840433	0.272845318550094	9.021883667307877
0.7134286029201756	0.27262757079566136	9.022186227512053
0.7202934576456328	0.2623005698075752	9.023140809063669
0.7330319137312307	0.26143946196467205	9.02351952146847
0.7394355223026178	0.2503555507972998	9.024624227611271
0.7501018590289809	0.24970404230840598	9.02496558577207
0.7591176312284039	0.24176582587600254	9.025941162485353
0.770638458227979	0.23851741346947325	9.026617685202897
0.7793012955180115	0.22904310286085633	9.02790221491466
0.7885529842843579	0.2210109081187573	9.02916744861294
0.7997488316279255	0.21427276476175108	9.03048030357497
0.8103727484279785	0.2083199382834966	9.031747768143743
0.8206305061008708	0.2015542354088829	9.033229622693485
0.8309440785503479	0.19503561154047333	9.034827622354472
0.8419205369884551	0.18880613236783314	9.036570465458704
0.8526099224854706	0.18235827617630834	9.038521217229727
0.8631147410969842	0.1757393832133416	9.040725853147267
0.8735997644824987	0.16907862721357192	9.043225586898485
0.8843256075967539	0.1625461013027276	9.046041397759495
0.8948691056953635	0.15607315398957058	9.0492167104652
0.905373775222248	0.14960861703943953	9.052840862016074
0.9158760563383304	0.14305574095317447	9.05706903830013
0.926389995235005	0.13652390203500903	9.062013298406688
0.93690670693057	0.12999838512753192	9.067859821274011
0.9474244857975789	0.12349256674543972	9.074807155217057
0.9579350674572638	0.11697394560892273	9.083162337380145
0.9684445046442454	0.11046142286540477	9.093402855391226
0.9789555667715434	0.10395497228761609	9.10597593368785
0.11682056900565259	0.979013908274808	9.516840889616383
0.12329231500017142	0.9685113631731461	9.554255006718266
0.12977320531373635	0.9579990696657218	9.456888981466284
0.1362675308172222	0.9474746300232155	9.294151054173655
0.1427813624460801	0.9369434460542326	9.214106224372252
0.14930501427843113	0.926407614038344	9.16966513339351
0.15582650569252454	0.9158846904901058	9.1331499167639
0.1623198011982659	0.9053497738422305	9.108429082050195
0.16881096960361663	0.8948167428267144	9.089881868807796
0.1753210050778152	0.8842798700180022	9.074918090016025
0.18183169498728208	0.8737260794089856	9.063231622418629
0.18836250817790104	0.8631533915726911	9.054341211945284
0.19485579803405426	0.8525568265329752	9.046907818895095
0.20126755907565472	0.8419716673831837	9.040860219654606
0.20765761776590824	0.8315892280971945	9.036110882177836
0.21447953289466265	0.8209826562542379	9.031969297030328
0.22099959540771144	0.8105635282605025	9.028578842209612
0.22735567309311816	0.8002916674450642	9.02565814587143
0.23396703669005678	0.7901642478410656	9.023276500465633
0.2406121864202776	0.7795050758648487	9.021084611143516
0.247982826342656	0.7688657638256454	9.019258838577493
0.2551927100226859	0.7587960041161157	9.017743234545348
0.26128321311595376	0.7488089419760241	9.016432106676524
0.2669994349257245	0.7382182564502116	9.01515130768371
0.2729666846684603	0.726393168706805	9.013933346682185
0.2808075287035514	0.7155392980477716	9.013027125805385
0.2878225510565205	0.7054948686465551	9.012281332040038
0.294705150198185	0.6872339988739813	9.011026412611807
0.2938833307515031	0.6977001708419226	9.011804373052117
0.30520339028613386	0.680507239246749	9.010833273072196
0.3054355945224557	0.6685046108762936	9.01008951774255
0.31569775024015134	0.6496128900213132	9.009351007283898
0.3153011471812771	0.6618360678560571	9.009962123879623
0.32645156412014426	0.6301465487658405	9.008794329153398
0.32755322457157915	0.6438613393829016	9.00937484796435
0.3370770531871532	0.6234569388366363	9.008806530140975
0.34720365778555007	0.6165988915487166	9.008812779268993
0.3473384322962809	0.6036114068551028	9.008438316899353
0.35778922915053757	0.5713079846102846	9.007997422158475
0.3577986608817892	0.5841685079241792	9.00822862543423
0.35782694575481705	0.5969021903302846	9.008508407416825
0.3682906719419983	0.5648067659013223	9.00814184220861
0.3787977507006665	0.5453804847953575	9.008163721414471
0.37880001809609914	0.5583201286432019	9.008296399683863
0.3892998334793762	0.5259444497293903	9.008286938374331
0.3893006249135456	0.5388895314566547	9.008352763510414
0.3998007252049815	0.5065260490388117	9.008505503766699
0.3998024984915931	0.5194720961005942	9.00850826364717
0.41028344504013825	0.48702480926781666	9.008815123573337
0.41030005923633855	0.500079356483435	9.008757063397981
0.4206614960345912	0.4674709375364912	9.009212032389486
0.4207375535691056	0.48050540088926824	9.009094933000995
0.4310600970910419	0.46100585032953867	9.009517558230309
0.46775134977239946	0.4207312052962166	9.010992591796905
0.44126105480052713	0.4550683686949904	9.009819155457825
0.46154987990129903	0.43099728093478107	9.010655162323689
0.4557271431658262	0.4417838640592358	9.010331760564583
0.45059272305349146	0.4509681120261331	9.010080434847234
0.48703940423988545	0.41037405483089395	9.011630427996264
0.480596212185583	0.420887826247999	9.011258523011414
0.5065195531932121	0.3998353003686053	9.012300433047303
0.5000389028384938	0.4103560247308458	9.011898986011468
0.5260039658371893	0.38927607373534917	9.012977663337098
0.5195104051200993	0.3997955835655131	9.012566287466553
0.5454835437002742	0.37869929214686404	9.013681229908329
0.5389849868790844	0.3892152888520156	9.013242564545331
0.5649365296774727	0.36809458417014207	9.01441634438875
0.5584019157967045	0.3785597998452741	9.013947422816186
0.5843366110184872	0.3574416104199898	9.015169342140682
0.5777885738869081	0.3678668022134293	9.014685934280182
0.5971901036465802	0.3572631699651856	9.015440827179889
0.6037832494942384	0.3468626587804007	9.015948997337404
0.6299203894508915	0.32584228971213486	9.017363257232718
0.6167175540876885	0.3467089513697561	9.016227036729367
0.6233745726931287	0.336290946389203	9.016770432821753
0.6493951562825401	0.3152329173364196	9.018257017554426
0.6429363245840632	0.3256872188944976	9.017644630962494
0.6686765983258364	0.3044350436779106	9.019218201103707
0.6622677577823387	0.31500676224785495	9.018549794945109
0.6881422280218384	0.2939338130012622	9.020243356174037
0.681588510396282	0.3040410460163536	9.01953381201374
0.7010386987839474	0.29331386853108815	9.02058788078019
0.7070585021545899	0.2828386457396938	9.021352009743007
0.7176924792017985	0.2818694493794926	9.021685212443728
0.7267134533029151	0.2737441999999651	9.022434624045017
0.7385444735305375	0.2702158093436353	9.023010563937573
0.7467577247270045	0.260893977221079	9.02392201012038
0.7587716241965797	0.2548874929414639	9.024756333580418
0.769730339593879	0.2484796466742272	9.025637628565706
0.7798093624107034	0.2419375259430959	9.026562941984174
0.7895840710297769	0.2345190396491795	9.027635900249136
0.7998609878655394	0.22735282990624375	9.028785447547584
0.8104467073056831	0.22091166462698794	9.029978618951889
0.8209893397071597	0.21440379740111346	9.031272852463102
0.8314498287314516	0.20788543882692168	9.03268388325822
0.8419340864733968	0.20150179963712828	9.034209589174514
0.8525580391348523	0.1951046483874862	9.035903362476823
0.8631362049236054	0.1885902179393991	9.03780028688064
0.873677011100578	0.18198186235654035	9.039931201662853
0.8842298054425675	0.1754531122556847	9.042310517193895
0.8948074476209446	0.1689542451730999	9.045001496234702
0.9053393686947807	0.16244447517802368	9.048070467527195
0.9158508444707453	0.15593113343934448	9.051591038074783
0.9263629059694858	0.14941962879356874	9.055660145086483
0.9368800431264251	0.14290701763023772	9.060413519799303
0.9473988088295444	0.13639993900366348	9.066025987092386
0.9579177292709941	0.12989793292778923	9.072698962931902
0.9684362594172006	0.12339659595585294	9.080665813903154
0.9789557142745218	0.11689797500719283	9.090299702378623
0.1298383489530661	0.9789878558818481	9.505758158309499
0.13632059052722714	0.9684733578949704	9.539689823174049
0.1428084003803621	0.9579512351492049	9.455935450716835
0.14930285212828961	0.9474240227321614	9.292199407493614
0.15580309652188876	0.9368954893870166	9.212845479339718
0.16230446446776636	0.9263580090956466	9.169124893531887
0.1688014348994387	0.9158383001811993	9.133176672869032
0.17529561959854484	0.9053141172682253	9.108808575368373
0.18179134700460392	0.8947900560987232	9.090461425475352
0.18830009715380155	0.8842588026417886	9.075602708868075
0.19481249092933328	0.8737194325737375	9.063972805348692
0.20131684512693926	0.8631963726272828	9.05512610919071
0.20784392051634817	0.852696555992422	9.047740010675449
0.2142814005346046	0.842222458775353	9.041711081417896
0.2207913567012757	0.8316241595891376	9.036810475881088
0.22734848831315424	0.8211186604161423	9.03266078457007
0.23378658317453818	0.8106989971859222	9.029219899438566
0.24018252780025617	0.8003000369752649	9.026224159097678
0.24687557363456042	0.7898483990115028	9.023732308153184
0.2537504457517494	0.7793513111310412	9.021562874394625
0.2606414424464512	0.7689432256250787	9.019730200344222
0.2672140329293248	0.7586304409627709	9.018127033535864
0.2733825908749663	0.7481398554265402	9.016728858155552
0.2794489938244875	0.7372377606520619	9.015413770058139
0.28628546296456897	0.7264778487386945	9.014339498369253
0.29309688396262323	0.7160150945033208	9.013426290929912
0.29965295823597904	0.705834791738488	9.012631918729467
0.3055940458265819	0.6940864592290706	9.011824706654041
0.3144786807973262	0.6860155154053907	9.011453345277888
0.31748988099907927	0.6748528648689801	9.010771343564985
0.3256459652002652	0.6560818103760985	9.009912476757671
0.325189912170486	0.6657701831095405	9.010423769719706
0.33415774483279037	0.6523596468199894	9.009929007771145
0.33726586851689205	0.636057083562451	9.009279626054068
0.33779215822926745	0.6456593565430808	9.009694795686158
0.34841034175613794	0.6305014147797872	9.009315503722648
0.35845526788384385	0.6209921051197649	9.009207286256228
0.35807525190392653	0.6094219862819397	9.008843932337598
0.36828838716207585	0.5776640516801484	9.008345372377677
0.36821831802010935	0.5903317559026527	9.008592500890906
0.36826545755654777	0.6027784751449969	9.008887490664046
0.3787971273809314	0.5712397940207948	9.008474090826775
0.3893079267332629	0.55181102562698	9.008460659097453
0.3893152029950991	0.564745649099034	9.008612588828912
0.3997975155552365	0.5324294228483544	9.008551449378773
0.39980263241951325	0.5453410795419706	9.008635402841106
0.4102864310550915	0.5130918638894232	9.008738485659594
0.4102866518464189	0.5259733884277161	9.008759290057275
0.42079599192016937	0.49359304731495235	9.009017066509672
0.42081876515791466	0.5067003746090445	9.008978085371536
0.43117731915884294	0.4739113714968059	9.009382990786614
0.43127742819667003	0.4870415955938061	9.00928538697731
0.4414272566314	0.4676221202147058	9.009671974793777
0.4742184725670458	0.43138754568335863	9.010917222842371
0.45142370683423927	0.46152988977772424	9.009961012803478
0.46807820707304804	0.4420529467653817	9.010593335868306
0.46162491927822236	0.4538233821569946	9.010278034002488
0.4935715832461327	0.4208867966115684	9.011530602584275
0.48714394829155805	0.43141187243477525	9.011191518967125
0.5130261860286855	0.4103137830844914	9.01216943323688
0.5065499311480951	0.4208384771119021	9.011804772739616
0.532479174630842	0.39971672642321104	9.012835884091773
0.5259890769631261	0.41022601084570925	9.0124432126877
0.5518802816892368	0.3890450091314943	9.013513609984
0.5453780695785804	0.39954438755337957	9.013110690031203
0.5712549416858917	0.37833456904376866	9.014221436521508
0.5647121372165614	0.3888033347715698	9.01379119686271
0.5840347119588267	0.37797619680258804	9.014505525676462
0.5906158143507455	0.36761369730433446	9.014964030797474
0.6033944698179139	0.36740483367530713	9.015249052128537
0.6100053545605313	0.35711944107625576	9.015720401805629
0.622849315848277	0.3569759571961817	9.016012089883043
0.6364197270601188	0.33624754870555434	9.017054901481778
0.6298716833974174	0.34654642263839075	9.01652265529812
0.6560412655419479	0.32574264614284587	9.017933598832444
0.6494229519760732	0.3356987469543034	9.017373487787502
0.6687244604982494	0.325120436821325	9.018261241051492
0.674903974615313	0.31459158302802	9.018864533720263
0.6855503904176012	0.3136756380100235	9.019172419010795
0.694881057786507	0.30546871802583664	9.019783054387005
0.7066505801414634	0.30232019277956523	9.020254454311532
0.7147406722576868	0.29307857454777025	9.020948820427416
0.7265163061502345	0.28705809445701436	9.021610831334451
0.7374713227346897	0.28070348195562184	9.02229711162626
0.7478603281662205	0.27410856229539055	9.023017777032711
0.7582035345300066	0.26730423578781315	9.023795499288793
0.7690257380909915	0.2608136689679209	9.024616360694838
0.779565074409999	0.25424225771960257	9.025482576339103
0.7898307076298234	0.2473943846479437	9.026420642893854
0.8002128764205505	0.24047919329714082	9.027440900692397
0.8105825427602522	0.23386094652063888	9.028510401153355
0.8210505116935636	0.2273486774424932	9.029667516901467
0.8315741761717808	0.22082697855682806	9.030929365256936
0.84205306299945	0.2143811241618144	9.0322958331298
0.8525867853368593	0.2079361319749392	9.033796090384344
0.8631459548415471	0.2014573871355347	9.035459356454465
0.8736958124614845	0.19492656679973394	9.037313701303885
0.8842321976734892	0.18840455213925253	9.039380224172488
0.8947755509487432	0.1818838796256533	9.041702159671315
0.9053151439111762	0.17537102586667053	9.044327702518702
0.9158369382821049	0.1688580318802956	9.047320607987656
0.9263530467515918	0.16236149856980361	9.050752206802542
0.936870203265525	0.15585967614754176	9.054718113121709
0.9473901131004019	0.14935997189358002	9.059331494737608
0.9579100184636249	0.1428585107226359	9.064753424741253
0.9684321930883247	0.13636363636363652	9.071165604549291
0.9789547953922165	0.12987012987013002	9.07874974700786
0.14284309054069294	0.9789710269716716	9.49743977160495
0.14933151860978494	0.9684510343640547	9.527494242824737
0.15582252724827142	0.9579266295891317	9.455267157385299
0.16231555971046432	0.9474007023900755	9.29041663801773
0.1688097431147759	0.9368753008109131	9.211508239024239
0.17530361578380652	0.9263510916037507	9.168414581640876
0.18179681385067323	0.9158281660678393	9.132920357714022
0.18829078657940934	0.9053056330283887	9.108866001790583
0.1947861455509073	0.8947819125427743	9.0907237474007
0.201288087324804	0.8842541246504024	9.075997057833511
0.20779403217504863	0.8737275188349529	9.064452973179991
0.21429908249415364	0.8632101343375456	9.055648219339643
0.22079005196527032	0.8527007953121674	9.048269164148236
0.22727272727272713	0.8421609654416238	9.04220528483273
0.23377797742510678	0.8316608652259722	9.037346794492594
0.24026007861018095	0.8211803333275484	9.033186188730566
0.24667257715144508	0.8107207127017578	9.029709770465045
0.2531669415238068	0.8001877543419189	9.026659846538287
0.25986046615754743	0.7897191246348059	9.024147065919983
0.2665530878643103	0.7792376274516521	9.021956081469336
0.27317115730316704	0.7687865023601552	9.020090820178778
0.27962771133583647	0.7583133137161902	9.018446779568963
0.2859930774785403	0.7477272932523306	9.017031261277316
0.2924845796281867	0.7370877483341478	9.015755743710608
0.29906934419835063	0.7265249188417593	9.014684830353438
0.3055308846006878	0.716101405295338	9.013753355689552
0.3119900532179575	0.7056107519147197	9.01291988763022
0.31895186720883045	0.6954603053604745	9.012255159023155
0.3251542196660059	0.6851707083216795	9.011646669787986
0.3310290987966666	0.674696872446328	9.011076674626944
0.3359986858905872	0.6626620299791336	9.010497807804478
0.34364694552882563	0.6533022923338367	9.010188603322588
0.34632126919552286	0.6427007788692629	9.009756303875319
0.35532336760557065	0.6397764152162385	9.00983142213264
0.36070838455427845	0.6319731885013629	9.009637587105447
0.36743762075430664	0.625553030835476	9.009555428394009
0.3693617501465193	0.6156488486927725	9.009271174076915
0.3787489880355018	0.5840411986567725	9.008696651469313
0.37838004083700927	0.5964345871982819	9.008953837900636
0.3778741716342407	0.6069676200250628	9.009205139903473
0.3893431920454071	0.577723757214341	9.008811636572334
0.3998292955782108	0.55818420477415	9.008761058507412
0.3998126444558346	0.5711853671673707	9.00893196130747
0.41024366657261746	0.5389021534213114	9.008819615932195
0.41019999040207944	0.5516530020036706	9.00891829023174
0.420746843607156	0.5197843497605423	9.008976949706435
0.42075447942087935	0.5326169167393782	9.009016028962193
0.4313421845556489	0.5002235036995684	9.009226602662777
0.43144561606463744	0.513425023211318	9.00920773564309
0.44168517041999494	0.4804991497267143	9.009560692272983
0.44188688470983634	0.49355489454426515	9.009485133086592
0.45186164782487453	0.4740881240149046	9.009838243305756
0.4808362397344885	0.44191741233057485	9.010869804631682
0.46173623726451235	0.46765580978160537	9.010116882080995
0.4745915181366875	0.4523847734859081	9.010578807557037
0.4708234755509555	0.4618527894596005	9.010380623204442
0.5000925946387361	0.4313646120633508	9.011468132824305
0.4936701590046533	0.4419112574837828	9.011145835972172
0.5195012006442776	0.42073669716240375	9.012081792314293
0.5130192464142077	0.4312476989847667	9.011747415937867
0.5388979505105765	0.41006281516819004	9.01272152417591
0.5324157980880422	0.4205770264512092	9.012362623368054
0.5581853174091721	0.399265214402945	9.013391537546134
0.5517603689175644	0.4098431079788643	9.013005185210503
0.5775401550970418	0.3885562889894044	9.014075957394324
0.5709125306725232	0.39892380279027373	9.013678338090607
0.5901312412406302	0.38782972495522067	9.014375796446268
0.5968020115614192	0.37755419266650203	9.014799916409615
0.6096642695130826	0.377379758575732	9.015099171147398
0.6160637631891922	0.3674681257053065	9.015534481921039
0.628001579438723	0.36722145638976894	9.015825366288821
0.6364014690226079	0.3567606729852554	9.016335566978823
0.6426830808830097	0.3467343846958133	9.016813103538489
0.6536757232312196	0.34580756950016367	9.017114658602509
0.6627527837703661	0.3376287009600772	9.017619404638609
0.6745632906563114	0.33443930414557316	9.018043221469995
0.6824624568873354	0.3252824367712401	9.018596338193262
0.6947230158745457	0.3190848805258999	9.01917578049069
0.7056002608356352	0.3127561791573596	9.019741563206223
0.7159965891426086	0.30596403623059254	9.020337956955963
0.7262825258103963	0.29938626587024225	9.020949566353627
0.7372026827703478	0.2929687483062665	9.021603319172698
0.7477211943958851	0.28652870738352726	9.022276090949576
0.7581698295242139	0.2798825695891847	9.022994128566546
0.7686359624750287	0.27323914371184	9.023754218441804
0.7792506135995635	0.2667314209531986	9.024558122408484
0.7897436851350331	0.26009689913122935	9.02541695367592
0.8001267815048266	0.25325270305954395	9.026345774540031
0.8105931585299427	0.24675324675324167	9.027318756437083
0.8211023083335038	0.24029015986933566	9.02836361827863
0.8316079958830018	0.23379851768005522	9.029499878563412
0.8421277809171952	0.22730415176258523	9.030737364537075
0.8526353088813968	0.22084203337565614	9.03208555841442
0.8631677208016649	0.2143628290516969	9.033569221848795
0.8737048728149331	0.20786569643635375	9.03521062618688
0.8842380737365395	0.20135786132919253	9.03703493566686
0.8947705757172622	0.1948477242861225	9.039071882945228
0.9053027035731579	0.18834266115464984	9.041359009130288
0.9158303961636455	0.1818376070237154	9.043943692774347
0.9263520230367298	0.17533734769394996	9.046884200526039
0.9368707306608233	0.16884123006660456	9.050253788277915
0.94738955881461	0.16234277807506606	9.054137975454445
0.9579099167887285	0.15584476108841752	9.058633282426547
0.9684321983721019	0.14935065167171932	9.063869983844414
0.9789547953922164	0.14285714285714296	9.070006061214372
0.15583880553966675	0.9789617898807665	9.490777339262527
0.16233061622766873	0.9684398813377119	9.517181951745043
0.16882323163225718	0.9579161891899611	9.454780813199582
0.1753160575372156	0.9473921008985279	9.288795753797487
0.1818087175013866	0.9368684230964486	9.2101659577239
0.18830095393523272	0.9263453850173953	9.167542260137962
0.19479308212846516	0.9158230784135264	9.132444741977606
0.2012867979208833	0.9053008029460953	9.108681319167404
0.20778313955710462	0.8947774589750491	9.090748794456303
0.21428139154744621	0.8842529988946993	9.076168504598876
0.22077922876154268	0.8737295230726471	9.06471896307639
0.22727338994434165	0.8632101341629919	9.055970808636289
0.23376770897254126	0.8526913343422483	9.048622025378663
0.2402615959646109	0.8421777481454233	9.042594546011365
0.24675664407281137	0.8316820679578023	9.037744342839757
0.25323087351997114	0.8211960995684198	9.033581216850452
0.2596937409930735	0.8106719784513735	9.030080278358314
0.2661790004676236	0.8001266276911659	9.027021530122859
0.27269374780021083	0.7895953321666224	9.024479795822401
0.2792777965442407	0.7790714942945784	9.022270832554865
0.2857836545437751	0.768559949611817	9.020385421316563
0.29227212823366594	0.7580602237223825	9.018733477383352
0.2987823142035576	0.7475420012159296	9.017326600317302
0.30533590804366645	0.7370199877718331	9.016060985597607
0.3118539714348999	0.7265273028419974	9.014988736416344
0.3183218498461725	0.7160640266325202	9.014046922380276
0.3246910050195803	0.7056210087777189	9.013209482283022
0.33133342416146444	0.6952541412502985	9.012514552794208
0.3376413155444593	0.6847429906671941	9.01189028250243
0.3435828970427919	0.67390684627177	9.011301076716338
0.34972173912043103	0.6632105400814903	9.010822127630847
0.35550498181494955	0.6508991038594265	9.010327695600587
0.3645233174562417	0.6426464067490048	9.010147260420675
0.3713637524056488	0.633455028809975	9.009916077032782
0.37716028564249193	0.6243776951671931	9.009719749422452
0.37980297223746173	0.616074775540709	9.009504490555765
0.38618489633453	0.6119422257156527	9.00951399736897
0.38946921102926185	0.5908414232047605	9.009066958794024
0.38858288094629173	0.6031958653119149	9.009331400635281
0.40019179158232643	0.5844935506466669	9.00916472941608
0.4106873272090343	0.5762735420384664	9.009241554060834
0.41053993495247476	0.5642475492891733	9.009065562240842
0.4205856614066013	0.5454081585428248	9.00908937005586
0.42051501804861857	0.5577604205381618	9.00920180943787
0.43154662490299756	0.5268236863709089	9.009230541161891
0.4311072635711193	0.5392197572428226	9.009273265746623
0.44196511775243225	0.506890361691872	9.009444503819045
0.44225416041167526	0.5201278631359724	9.009448846230908
0.452256175221801	0.4869252885599711	9.00974908280381
0.45255021897881864	0.4999261821553959	9.009693859253462
0.4626413405773004	0.4802964860287063	9.010022517075269
0.4873221276554284	0.4523451381651206	9.010855395237238
0.4742550642439726	0.473625842143539	9.010329608860657
0.4814348431474373	0.4627603242006229	9.01060168703158
0.5001703328869365	0.45240413799061785	9.011134128022752
0.5065816086075846	0.4418274525460623	9.011426370575522
0.5259116561932534	0.431060240369358	9.012030142766106
0.5194316793276202	0.44157799411071896	9.011710787266004
0.5453093414589796	0.4203934485880238	9.012648109546854
0.5388178814321162	0.4308772860629735	9.012317018675354
0.5644323958019398	0.40938353532711774	9.013296119694141
0.5581415574637676	0.4200931435191467	9.0129402363776
0.5835781966357546	0.39856285587450396	9.013971610569463
0.5770033831042387	0.40893930840612663	9.013591305875472
0.5958671781079783	0.3972155426993574	9.014287709520582
0.6029526833522434	0.3870958489431007	9.014690236811491
0.6132410026345113	0.38644191659208343	9.014953410675759
0.6220142951220253	0.37873509312946224	9.01535541717184
0.6329312343803288	0.3756825119978556	9.015709328866713
0.6402991502278164	0.3676668679886203	9.016114635287304
0.6506421459414871	0.3576335198346694	9.016658169292555
0.6628776535851616	0.35134249505595494	9.017167482081206
0.6736965398917037	0.34506914088882873	9.017652332823552
0.684182660553917	0.3382864603273318	9.018162105751564
0.694469212481007	0.33161054630790743	9.01868198172612
0.7053572779822703	0.3251234434907172	9.019234036362446
0.7159930440864163	0.318575803891546	9.019800499755256
0.7264215303803576	0.3120882601679595	9.020382251838496
0.7369408288116244	0.30553355884607547	9.020995566037975
0.7475499909384515	0.29906585152281756	9.021637856615596
0.7580807162712008	0.29251635309826657	9.022312737923754
0.7685569477850414	0.2859293507300965	9.02302424591766
0.7790708458034474	0.27935365867785156	9.023776601325006
0.7895783914418243	0.2727812571746476	9.02457445725276
0.800112353928628	0.2661809620288927	9.025426552181754
0.8106230246820164	0.25972714844704436	9.02632674105102
0.8211204959478261	0.25325069678037593	9.02729249785889
0.8316309233360926	0.24676643272355367	9.028332702427752
0.8421494374410622	0.24027231830566773	9.029460689096801
0.8526666890484514	0.2337881354373373	9.030687249966716
0.8631892019990134	0.22730311607894374	9.03202890106182
0.8737162798850168	0.22081225689494677	9.033504013143066
0.8842436024008733	0.2143166072281865	9.035134130823309
0.8947711381342884	0.2078156685794291	9.036945260091214
0.9052984247679471	0.20131526813506082	9.038967023827603
0.9158249316690515	0.19481517324255734	9.041236402139305
0.9263491101876449	0.18831689907363292	9.043796531179096
0.9368698367749588	0.181821499346685	9.046700721496675
0.9473895821082929	0.1753272831393884	9.050016528545965
0.9579100931599095	0.16883153615369229	9.053821089529052
0.96843222391036	0.16233767587723655	9.058194156762566
0.9789547953922165	0.1558441558441559	9.063235763879831
0.1688294813438593	0.9789571217423676	9.485294984644769
0.17532269041361492	0.9684346497204839	9.508375348715902
0.18181600651402974	0.9579116035567931	9.454365492907412
0.1883091347146493	0.9473885364215899	9.287283029357761
0.19480193155209405	0.9368657018840603	9.208847853278636
0.20129447588626836	0.9263430796174958	9.16661354399554
0.20778717068225425	0.915820608081717	9.131847886577015
0.21428087493776962	0.9052980472942468	9.108341959118517
0.220775927966002	0.8947751494147131	9.090609947801662
0.22727138759678275	0.8842521861377949	9.076176585470085
0.23376588878321639	0.8737303048621157	9.06482881550352
0.2402592516769797	0.8632098858617862	9.056149803110166
0.24675063042968173	0.8526905722185268	9.04885066106681
0.25324388761479705	0.8421806836863664	9.042857131078987
0.25973246930373933	0.8316761990583644	9.038023147835725
0.2662145997702925	0.8211637662635206	9.033862830578206
0.2726984535253019	0.8106369101414582	9.030369082240107
0.27919364306585404	0.8001045266475177	9.02731723206903
0.285696327296375	0.7895661837923179	9.024773344619208
0.2922094769908563	0.7790297563404665	9.022558350596148
0.298697746755464	0.7685147248480655	9.02066888357679
0.3051852473279981	0.758002165085207	9.019011731292913
0.3117111677083211	0.7474974755338283	9.017603048579787
0.31823198916705225	0.7369955775351574	9.016335467679495
0.3247225370634583	0.7265072848916484	9.015259347254625
0.3311542315607883	0.7160247888425363	9.014311377704354
0.3374844108862649	0.7055111511601294	9.01346409426754
0.3440753876957789	0.6950176196702097	9.012757944914787
0.3504379744802282	0.6844149618179944	9.01212822128899
0.3566685684243789	0.6737136826384788	9.01155538448358
0.36272894591985927	0.6630602352321148	9.011077377092908
0.3690345464144408	0.6531341959460176	9.010707334563604
0.37659422898581085	0.6428565796902018	9.010399841226196
0.3830934249467664	0.6328497880770909	9.010130531779112
0.3884428040209599	0.6214484539480187	9.00984962745756
0.3962216528336956	0.6120244137525582	9.009719164285537
0.4015686298736113	0.5988949563840034	9.009492754942144
0.41194498608653013	0.5886524217739764	9.009488015490591
0.41957868183161073	0.5815059703230483	9.009514507612792
0.42232172179082567	0.5701319245229091	9.009389321167609
0.43041153019376405	0.5512870429523548	9.009349366840686
0.42980542199138094	0.5612723643332548	9.009436738525569
0.4388973745864225	0.5460108538205165	9.009486209598606
0.4434541480939939	0.5346067298721038	9.009512936899599
0.45266751453325704	0.5128306552332625	9.009672576548413
0.4530918502333071	0.5254996138009389	9.009693161758555
0.4628340361085124	0.49325174868842336	9.009945930731293
0.4630571211786982	0.5060375531575599	9.009907235941368
0.47293559540458724	0.48680133917685486	9.010202505726367
0.4825364827519239	0.4825877725671398	9.01044159228161
0.4939210151169646	0.4629390035858396	9.010872102441176
0.487695858180615	0.47341439836373	9.010626058713326
0.5066489424661819	0.462862735882265	9.011152130074434
0.5130338068686977	0.4522382763426048	9.011418363744168
0.5322368031181924	0.4412668293918136	9.011998859839743
0.5257892680086339	0.4517960498038729	9.011707008762729
0.5452172566964386	0.44106453398913975	9.012293876579532
0.5518036542388131	0.4308795173956487	9.012607741745741
0.5705912172443729	0.4192366348653498	9.013241252667854
0.5644685232397676	0.4301586446312706	9.0129101802759
0.5808970414216945	0.41825669882928385	9.013502064167243
0.5900146915921155	0.409912467406641	9.013874637786309
0.6015086434256186	0.4063749825210774	9.014226441935053
0.6099348075366641	0.39734485807320286	9.014620155810304
0.6216389576485413	0.39165402423891915	9.015037739377393
0.6322088620544635	0.38558417627436303	9.015444507307086
0.6421322850586159	0.3792049662070631	9.01585444171391
0.6522330456775354	0.3714946671054308	9.016318239616458
0.6627431626133133	0.3642121022571912	9.016791507801209
0.6735676410772353	0.3576700920248169	9.017270017726233
0.6842322962058891	0.35105307001611974	9.017760477699186
0.6947356053995086	0.3444096649858066	9.018264572610166
0.7052719874745653	0.33793827278171	9.018783463245706
0.7158904089745923	0.33139168255170437	9.019327930148572
0.7264272080722193	0.32486893084423785	9.019890126970198
0.7369294393451926	0.3183366541452529	9.020475542190683
0.7474543508087379	0.3117664460065792	9.021088919253009
0.7579755514503626	0.3052278909885676	9.02173015831596
0.76850274931432	0.29870129870122547	9.022403325418038
0.7790253516182647	0.292207792207702	9.023111129029134
0.7895526024397329	0.2857042868977173	9.023859636008355
0.8000877176568633	0.2791801541640989	9.024655060273687
0.8106177506769022	0.27270448273987746	9.025499004043114
0.8211312496178143	0.2662259160398886	9.026400052986569
0.8316423111875864	0.25974127684919185	9.027366839569625
0.8421602007241923	0.25324946391376274	9.028408572349731
0.8526831666095123	0.24675383150457594	9.02953679839368
0.863200980791141	0.24026880752029234	9.030762947876452
0.8737244275269456	0.23377697865696326	9.032104632069837
0.8842484276998895	0.22728402575371767	9.03357897900234
0.8947724539489589	0.2207895980953891	9.035207173033468
0.905297181109091	0.214293110112968	9.037014447577803
0.9158218142649148	0.2077966175154907	9.039029858474835
0.9263459502531194	0.20130107452026547	9.041288266121098
0.9368687439794691	0.19480704924486725	9.043829546436212
0.9473894558904851	0.18831316195771922	9.04670100264872
0.9579102697057317	0.18181852925607647	9.049961049225473
0.9684322691160117	0.17532470872229156	9.05367575721786
0.9789547953922165	0.1688311688311689	9.057910356784225
0.18181786624525575	0.9789552326605767	9.480699997054161
0.188311337424646	0.9684326196935044	9.500809092547188
0.19480481239708483	0.9579099266083989	9.453981428973082
0.20129822395614613	0.9473872523911985	9.285883175514757
0.2077914902088606	0.9368646434554592	9.207576366176369
0.21428463299051445	0.9263420926635807	9.165677148824683
0.22077791822394768	0.9158195361861732	9.131193167253114
0.22727160060453774	0.9052969191961865	9.10791117052012
0.233765565468823	0.8947742844474901	9.090361573068874
0.2402594852670316	0.884251672376951	9.076069013831722
0.24675290981262252	0.8737296725279955	9.06482340771774
0.25324531469226264	0.8632087644315862	9.056219588918337
0.2597359623289558	0.8526888921503235	9.048976061474661
0.26622758385920886	0.8421738577420194	9.043020021618062
0.27271903419411103	0.8316610187832776	9.038211367701159
0.2792081926345731	0.8211415654155027	9.03406960929354
0.28569926340748014	0.8106157477472496	9.030590720703087
0.29219506589813266	0.800086358346293	9.027549570755141
0.2986935356181065	0.7895557968873529	9.025013351361913
0.30518761750402074	0.77902962629124	9.022803456234895
0.31167352182278085	0.7685099053011111	9.020914418702022
0.3181625164355289	0.7579928299202462	9.019256877339338
0.324650674625751	0.7474732380043162	9.017845096307012
0.331151331850581	0.7369674511888809	9.016576541649414
0.3376308135683864	0.7264716396134596	9.015499042865367
0.3440767036175907	0.7159750191078813	9.014549805198156
0.3505155367397072	0.7054580352191167	9.013704792751343
0.3570470122888707	0.6948779720203964	9.012991764324864
0.36341643717916644	0.6843360840173379	9.012368098046926
0.36965994274416963	0.6738300230444291	9.011808894008787
0.3757838970007856	0.6635738658228463	9.011353453046786
0.3826189882515216	0.6531569089013683	9.01096822895495
0.3893130017839856	0.6427972566162429	9.01064158722839
0.39554118882561545	0.632264050235535	9.010351477117197
0.40156308047379496	0.6218199301941485	9.010117996049567
0.4087509996776954	0.6109702136604075	9.009939406200955
0.4161647742897926	0.6004774934150413	9.009821769621174
0.4236412795872552	0.5902362713529521	9.009755115649915
0.42966420614655954	0.5802273171427501	9.009698857840503
0.43546146235610167	0.5696363079955088	9.009653623063492
0.44140242934985274	0.5578839822165697	9.009640103417297
0.4494271962961953	0.5468629469590724	9.009714829287683
0.45617994998518563	0.5369953245125723	9.009794654368564
0.4630405774352809	0.5185317989996386	9.009898915224538
0.4622148728673953	0.5291183816681254	9.00989742747818
0.47356376528986943	0.4995236430520522	9.010154660652178
0.4736238805701702	0.5120950513670303	9.01012799117686
0.4834407644930067	0.492779188792657	9.010400523411205
0.49372320527747404	0.4852386973012055	9.010668005720644
0.5002946418395537	0.4736560294060785	9.010900833282493
0.5129699671462635	0.4732366165668618	9.011185435948192
0.5195038909386751	0.4627023514015876	9.011438515543865
0.5382481690949193	0.45121557498163145	9.011995414443492
0.5322804141080875	0.4617735656699334	9.011735596239058
0.5492127776737238	0.45035970819370064	9.012258527134794
0.5583729239957693	0.442189941909929	9.012578713534962
0.5700396408144798	0.43882726838569774	9.012904344062822
0.5778621456814029	0.4297253617118518	9.013231041740674
0.5898791433536922	0.42334662517644756	9.013626938907935
0.6006332747595701	0.41697820987297657	9.014001939639748
0.6110932651317652	0.41042383455320913	9.014384146470057
0.6213316014718685	0.4038012019952899	9.014772970665083
0.6320803785851692	0.39741485847822894	9.015181668362628
0.6424182687828714	0.3909010960911381	9.015593158750198
0.6527054629069078	0.3839125452778965	9.016025937495455
0.6630689090699419	0.3771414206684606	9.016473038335997
0.6735873753233262	0.37052794757737173	9.016931846861313
0.6842065876442481	0.36393279955420604	9.017407620552556
0.6947897495405779	0.3573195891658598	9.017897460420349
0.705313829935307	0.35081147317242545	9.018399788415318
0.7158619909623088	0.34429833335484417	9.018921134212091
0.7264099500074858	0.3377717048994009	9.01946353344285
0.7369331878790829	0.3312403933977515	9.020027070872858
0.7474520164235114	0.32472175553348304	9.020614356541012
0.757977433362328	0.3182088219571948	9.021227856256061
0.7685027493143597	0.3116883116883382	9.02187086224974
0.7790253516182487	0.30519480519478626	9.022545093049116
0.7895479539221328	0.29870129870126005	9.02325563386499
0.8000805953465937	0.2921859063016492	9.02400802537329
0.8106070357256442	0.2856968933054383	9.024804799990894
0.8211284246562492	0.27921073032202964	9.025652708447971
0.8316458143477988	0.27272378564844707	9.026558808662832
0.8421638061146789	0.26623333229672924	9.02753135631081
0.8526841597536583	0.25974042092328525	9.028579261735503
0.8632057493897525	0.25324753068786554	9.029713345289979
0.8737287723532993	0.24675324675324725	9.03094664252212
0.8842513746571906	0.24025974025974062	9.03229412617398
0.8947734438047966	0.2337695561477151	9.033773152291191
0.905296752551917	0.22727509149577843	9.035405072298166
0.9158200975505282	0.22078077170151209	9.037213198486258
0.9263433592926962	0.2142861887306453	9.03922517362159
0.9368662632705442	0.20779287825438886	9.041473149095019
0.9473886767469221	0.2012994655092095	9.043993664912831
0.9579102108580959	0.19480547121892475	9.046827249574731
0.9684322954859751	0.18831173329316242	9.050021378222722
0.9789547953922164	0.18181818181818193	9.053629983934018
0.19480519480519465	0.9789547953922164	9.47683084261697
0.20129870129870114	0.9684321930883247	9.494295988584021
0.20779220779220764	0.9579095907844329	9.453610055380771
0.21428570657304236	0.9473869904354086	9.284597615883714
0.22077917578863557	0.9368643975800411	9.206375530802715
0.22727261629595064	0.9263418120011234	9.164759931098638
0.23376608429751214	0.9158192194534668	9.13051840034968
0.240259621062228	0.9052966230898719	9.107431892810068
0.24675318841735305	0.894774036257266	9.090042958018829
0.25324675324675305	0.8842513746571908	9.075881083366626
0.2597399328962367	0.8737291090132667	9.064735420492418
0.26623243490691134	0.8632075977638344	9.056207328225499
0.2727246202012711	0.852687197757458	9.049022365990957
0.27921724546986854	0.8421680373810904	9.043108522572089
0.2857099125615081	0.8316489806997063	9.038331088419696
0.29220265328610345	0.8211265905477272	9.034214241274414
0.29869570184771205	0.810602223905704	9.030755194406781
0.3051904325924645	0.8000765198221202	9.027729530475826
0.3116838287878498	0.789551462571144	9.025204991303063
0.3181734404111251	0.7790290509657313	9.023003465417672
0.3246617652691024	0.7685086888669527	9.021119812445294
0.3311515738050958	0.7579896052948966	9.019466169182374
0.33764191087761114	0.7474729015173401	9.018058077443898
0.34412815454113677	0.7369615845084722	9.016791338643928
0.35060436408506246	0.7264533061637598	9.015714826483709
0.3570769353460397	0.7159363406382727	9.014766645308361
0.3635632428233791	0.7054070434099157	9.013924053340327
0.37005495846944425	0.6948768291800338	9.013217037011115
0.3764421634630509	0.684377441365178	9.012599174853534
0.38275687579359596	0.6739359465017105	9.01204771488146
0.3892067793204883	0.6635134530330901	9.011591188007436
0.3957736568206491	0.6530748678689511	9.011203333625117
0.4022536585939709	0.6425842960269975	9.01087144111757
0.4085811631342145	0.6320845765507114	9.010589090818732
0.41505724591682913	0.6214641776208045	9.010363268492322
0.4221053688590563	0.6109447556167206	9.010196366284111
0.4290985100622438	0.6005093491566431	9.010074675500034
0.435731812201671	0.5901413708743483	9.009992562864113
0.4419991134450698	0.5796610998773123	9.009937257060171
0.4481891011972045	0.5687981060431105	9.009902367367106
0.45489832034187555	0.5579467337656715	9.009920336008394
0.4617448052320778	0.5474496926460334	9.009977431018358
0.4681547775910518	0.5372665247427245	9.010049612628714
0.4739250382387598	0.5254912282582503	9.010138223728307
0.48281561887404784	0.517236696236202	9.010325635931864
0.4853411624389151	0.5057493883697315	9.010391630764294
0.49281580903947836	0.49705207849532357	9.010586889133151
0.5026862283940142	0.49462596582527363	9.010814330047824
0.5068365543579743	0.4843655711690255	9.01096401518833
0.5175033479081452	0.4828358581828183	9.011212805115502
0.5263008062682504	0.47430657965649625	9.011474497966361
0.5380299339221493	0.4709249832475169	9.011773786020171
0.5461160916088146	0.46166664093951254	9.01205251526571
0.5581094469726772	0.4556618491482905	9.012400187849652
0.5689954312796813	0.4492952122357556	9.012736141938293
0.5793195585298908	0.4424731204071262	9.013074910771138
0.5895570736976917	0.4358825418354217	9.013419877856462
0.6003106329696788	0.42932447140251084	9.013787983307411
0.6108991143890758	0.4228528649611393	9.014160822031547
0.6213734820367738	0.4162870599114143	9.014543722560619
0.6318687178922981	0.4096825767167648	9.014939198054035
0.6423733569003186	0.40312529410342046	9.015345931687898
0.6528252440779264	0.3964568212813011	9.015764877101136
0.6632348549257124	0.38993050727256784	9.016192961989171
0.6736959346659935	0.3834002249943813	9.016637828918876
0.6842343978421145	0.37683177266151	9.017098899324068
0.6947976409913101	0.37026273345778565	9.01757565690423
0.705338161633496	0.3637302784276765	9.018066099706878
0.7158694885986238	0.35722190677142024	9.018572384328685
0.7264045475334325	0.3507085126851211	9.019097049105133
0.7369328666340332	0.3441960221249731	9.01964185113056
0.7474546530740264	0.33767942391701156	9.02020869957157
0.7579779984144935	0.33118322090531044	9.020799575397534
0.7685027493143967	0.3246753246753449	9.021417603931306
0.7790253516182699	0.31818181818183444	9.022064754201084
0.789547953922145	0.31168831168835737	9.022744707276551
0.800074193330257	0.30518847447103886	9.023461788253366
0.8106003275207977	0.2986915397927639	9.024219827068498
0.8211239936453154	0.29220280185032627	9.025023610723375
0.8316447039240217	0.28571050234819995	9.025879513419197
0.8421644991567225	0.2792194785835845	9.026794288827881
0.8526847643878402	0.27272712681785755	9.027776079968687
0.8632062718574559	0.26623387894647593	9.028833870777264
0.8737287723532993	0.25974025974025994	9.029978252391095
0.8842513746571908	0.25324675324675355	9.031221602949474
0.8947739769610824	0.24675324675324714	9.032578532370847
0.9052965792649741	0.2402597402597406	9.034065981258651
0.915819181568866	0.23376623376623396	9.035703444524621
0.9263417838727578	0.22727272727272738	9.037513127478363
0.9368650531303642	0.22077944709795796	9.039520300083689
0.9473875376889962	0.21428592729102514	9.041753905959103
0.9579099684169542	0.2077923612870705	9.044246125074915
0.9684322730543827	0.2012987364263742	9.047030883211262
0.9789547953922165	0.19480519480519493	9.050144991616394
0.20779220779220764	0.9789547953922164	9.473591095209853
0.21428571428571414	0.9684321930883246	9.488691576909533
0.22077922077922063	0.9579095907844329	9.45324426640144
0.22727272727272713	0.9473869884805413	9.283421618282553
0.23376623376623362	0.9368643861766496	9.205255627038555
0.24025974025974012	0.9263417838727578	9.163877458394195
0.2467532467532466	0.9158191815688661	9.129846425522617
0.2532467533749875	0.9052965821261775	9.106931015460342
0.25974025974025955	0.8947739769610825	9.089682927617389
0.266233766233766	0.8842513746571907	9.075639281447318
0.2727270919818418	0.8737289364902407	9.064588325997855
0.279220181659624	0.8632068218422141	9.056134335064819
0.2857132815642032	0.8526850367838378	9.049007640835997
0.2922066101767776	0.8421634207483321	9.043138666025952
0.2986999446723998	0.831641777333101	9.038396621132797
0.30519409710654405	0.8211173134444761	9.034307984049201
0.3116871330626289	0.8105953198881949	9.030872264858049
0.31818072431600514	0.800072190405755	9.027865067547
0.32467290079504835	0.7895492157987222	9.025354829659003
0.3311627526130978	0.7790274926183645	9.023164493195246
0.3376527086850641	0.7685067885030632	9.021289656441814
0.344143811406892	0.7579870255337364	9.019643303614913
0.35063322631481647	0.7474689274762113	9.018241186312475
0.3571188653238339	0.7369525991039089	9.016979367271801
0.3636018314630167	0.7264355568515987	9.015907060695179
0.37009188686746436	0.7159097376087163	9.014963103549595
0.37658158640844963	0.7053965090160403	9.01412670159825
0.3830878952688222	0.6948996855869204	9.013426786402205
0.38952563977092636	0.6844117592543655	9.012814822263643
0.39590064552302673	0.6739249222926605	9.012265764574515
0.4023733557139035	0.6634495746203872	9.01181144715118
0.4088593515934787	0.6529666580497454	9.011425286762472
0.41530833235639686	0.6424627973956211	9.011097613412536
0.4217805064634364	0.631922909624962	9.010821951292625
0.4284131631973351	0.6213808463907984	9.010607026505516
0.43516098628897176	0.6108769959879204	9.01043967400828
0.4418024435023634	0.6003887036593626	9.010315080627576
0.44828154732635866	0.5898840425170727	9.01023264453063
0.4546665514425233	0.5792794546910827	9.010183106002872
0.461145081139561	0.5686237022108371	9.01016254640754
0.4677551461060554	0.558032448867953	9.010185723702469
0.474250798399283	0.5475523508474778	9.010239130273971
0.48061320082360875	0.5369921705238883	9.010312755206025
0.48703742220367896	0.5267767744216888	9.010421611974008
0.4932845556254738	0.5160268678524905	9.010553296831583
0.49784374318035973	0.5055321927923648	9.010667061460092
0.5077902872756261	0.503318274444172	9.010893313079558
0.5154859220445538	0.49454447400652374	9.01109877797292
0.5266306730749517	0.4876236846944375	9.011386424091453
0.5372369183839703	0.481463655690211	9.011669087820662
0.5475427587083336	0.47466544769901364	9.011960120771645
0.5577865785357736	0.46804810940631414	9.012260577053807
0.5687658730544786	0.461642537285879	9.012587555089036
0.5793625279164594	0.45498241633359515	9.012918846837872
0.5897226263886306	0.44855746566517496	9.013252680743202
0.60019868734652	0.4419822704617846	9.013602828490063
0.6107288127906126	0.4353822608760228	9.013966051160297
0.6212766202094014	0.4288334440447506	9.014340080947292
0.6317855532613774	0.42230844292956893	9.014724586969558
0.6422877662706241	0.41577943588714855	9.015120662925126
0.6527905377942104	0.40925543015283233	9.015528850757256
0.6632826189502093	0.40275160975689706	9.015948858826752
0.6737654249775477	0.3962686900135976	9.01638113337246
0.6842767908478554	0.3897419797460033	9.016829923528299
0.694813716048548	0.3832004373142981	9.017294245189463
0.7053499409597745	0.37667680965016775	9.017773696215615
0.715878568866752	0.3701693057967841	9.018268496379342
0.726407032955815	0.36366317493676537	9.018780369113827
0.7369331228560395	0.3571602569562975	9.019310454887552
0.7474564697743277	0.35065723316191066	9.019860804667147
0.7579791641407829	0.3441621013513054	9.020433299900121
0.7685027493143921	0.33766233766234116	9.021030744418931
0.7790253516182833	0.3311688311688327	9.021655252186278
0.7895479539221855	0.32467532467534727	9.022309947721565
0.8000720242914477	0.3181796348392971	9.022998236422305
0.8105964178060332	0.31168402518222577	9.023723884350416
0.8211200773832358	0.30519073729604806	9.024491100461061
0.831642380033744	0.298698737073546	9.025304995507346
0.8421636496983069	0.2922066787256625	9.026171548687346
0.8526847579803801	0.2857139979665107	9.02709767092401
0.8632064142798882	0.27922076665700885	9.028091295613855
0.8737287723532994	0.27272727272727254	9.029161347477613
0.8842513746571911	0.2662337662337664	9.03031808336938
0.8947739769610824	0.25974025974026	9.031573392015376
0.9052965792649741	0.25324675324675355	9.032941064387463
0.915819181568866	0.24675324675324703	9.034436973889013
0.9263417838727578	0.2402597402597404	9.036079209110424
0.9368643861766496	0.23376623376623384	9.037888045919622
0.9473869884805413	0.22727272727272735	9.039885908568648
0.9579096607804418	0.2207792478359678	9.042097930517158
0.9684322258224677	0.21428572866524354	9.044551434474469
0.9789547953922164	0.20779220779220786	9.04727391311966
0.22077922077922063	0.9789547953922164	9.470879019942322
0.22727272727272713	0.9684321930883246	9.483873405424356
0.23376623376623362	0.9579095907844329	9.452885902845411
0.24025974025974012	0.9473869884805413	9.282350171347447
0.24675324675324659	0.9368643861766496	9.204219849637624
0.2532467532467531	0.9263417838727578	9.163040064854828
0.25974025974025955	0.915819181568866	9.1291899879852
0.26623376623376604	0.9052965792649742	9.106425460784473
0.27272727272727254	0.8947739769610825	9.089301794476258
0.27922076953170377	0.8842513807218447	9.075362839570309
0.2857142295300936	0.8737288204662735	9.064399498902093
0.2922076543580295	0.863206316746895	9.056016469852146
0.29870109269741923	0.8526838484800662	9.0489472457637
0.30519458292580154	0.8421613568727614	9.04312393050836
0.3116880649448638	0.8316388800152912	9.038418990979586
0.31818151449433546	0.8211163779199468	9.034361529026192
0.3246750153256904	0.8105937163854513	9.030950074152654
0.33116844562775755	0.80007091608433	9.027962985370008
0.3376610819597429	0.7895483616633164	9.025469163323399
0.3441527650881137	0.7790263822121922	9.023292425679825
0.35064456767010865	0.7685050180451752	9.021428933580891
0.35713658909207385	0.7579843232412508	9.01979231373884
0.3636265045073587	0.7474639062591327	9.01839849929267
0.3701140486759737	0.7369433110800762	9.017144045177966
0.37660269664826446	0.7264229816919131	9.016078632873262
0.38309407928853423	0.7159056802159444	9.015142282546464
0.3895860294094782	0.7053959847913828	9.01431258486614
0.396064587280842	0.6948933256409511	9.013617966546649
0.40251896776993995	0.6843910125661816	9.013011311675037
0.4089781228086982	0.673889902068443	9.012468925842752
0.4154563292646034	0.6633904283952329	9.012019718795644
0.4219385176340991	0.6528837236434455	9.011638827818771
0.42841287837737196	0.6423594358935579	9.011317202226792
0.43492940764981264	0.6318247031586318	9.011049100182822
0.44150619822159415	0.6212970187464907	9.010839773535297
0.4480859204230625	0.6107766713267769	9.01067505786928
0.4545877613313387	0.600236965501981	9.010552891832061
0.46106323822808293	0.5897036152608027	9.010476084305365
0.4675420608101952	0.5791407469371177	9.010435067361128
0.47405700144026724	0.5685775432007805	9.010422205061703
0.48056038052825506	0.5580345803747184	9.010448744001552
0.48697335745120907	0.5474749316041203	9.010504609701611
0.4933832818973638	0.5369898843959836	9.010584297476514
0.4998849133681048	0.5263049494985814	9.010697573992429
0.5065844468613906	0.5146502366183242	9.010844053790835
0.5169959484718082	0.5073306377015397	9.011086473497295
0.5267760687733241	0.5006202133135274	9.011326270523314
0.5372149951959958	0.4940639319766666	9.011592485489972
0.5476635511977576	0.4873998423214163	9.011871048254735
0.5580352748808207	0.48086327122175365	9.012158991154957
0.5685563702863401	0.47432350297297543	9.012462903019243
0.5791778602104357	0.46774029791092064	9.01278165848318
0.5897071686896915	0.4612758349098635	9.013108745531612
0.6001973483726599	0.45480563302592425	9.013446568618408
0.6107035884126086	0.4482624772742602	9.013797524205431
0.6212275270835429	0.4417241167970441	9.014160939625263
0.631750735379627	0.43520098236436233	9.014535998373232
0.6422655893661121	0.4286851674163443	9.014922951373912
0.6527770828314812	0.4221747549408648	9.015321973689142
0.6632858318109487	0.4156716010540822	9.015733556294483
0.6737919667572778	0.40917079423062463	9.016158021273371
0.6843045518556754	0.4026667281552012	9.016596105335337
0.6948292426287588	0.3961494498610312	9.017049569954123
0.7053582331710287	0.38963680315016863	9.017518241368164
0.7158842713421456	0.383134570970443	9.01800269055545
0.7264097784392058	0.3766338434930599	9.018503822680925
0.7369341821704873	0.3701354333136559	9.019022614870027
0.747457191102265	0.3636391747328717	9.019560213070617
0.7579798403672582	0.35714491120570163	9.020118389524542
0.7685027493143846	0.35064935064934827	9.02069923242429
0.7790253516182765	0.3441558441558387	9.02130507607866
0.7895479539221727	0.3376623376623176	9.021938605594345
0.8000711592608568	0.3311680152593122	9.022602891835914
0.810594555359743	0.3246735571758388	9.023301269263717
0.8211177541982316	0.31817972055327276	9.024037574689144
0.8316403788468594	0.31168673195801755	9.024816160221663
0.8421624130393819	0.3051940536120715	9.025642100324037
0.852684329628909	0.2987010448902246	9.02652127949514
0.8632063708527812	0.292207767326445	9.027460435687798
0.8737287723532993	0.2857142857142854	9.028467305829537
0.8842513746571911	0.2792207792207791	9.029550606069899
0.8947739769610827	0.27272727272727276	9.030720227823986
0.9052965792649742	0.26623376623376643	9.031987432379195
0.9158191815688661	0.25974025974026	9.033365034109691
0.9263417838727578	0.2532467532467534	9.034867567949503
0.9368643861766495	0.24675324675324684	9.03651139374437
0.9473869884805413	0.24025974025974034	9.03831456509324
0.9579095907844329	0.23376623376623384	9.04029649061213
0.9684321930883247	0.22727272727272735	9.04247809962626
0.9789547953922165	0.22077922077922085	9.0448814921662
0.23376623376623362	0.9789547953922164	9.468586959202852
0.24025974025974012	0.9684321930883246	9.47972997724497
0.2467532467532466	0.9579095907844329	9.452537900143845
0.25324675324675305	0.9473869884805413	9.281377307786796
0.25974025974025955	0.9368643861766496	9.203266826721274
0.26623376623376604	0.9263417838727577	9.162252945971346
0.27272727272727254	0.915819181568866	9.128557111185417
0.27922077922077904	0.9052965792649743	9.105925545782895
0.2857142857142856	0.8947739769610825	9.088912347288593
0.2922077922077921	0.8842513746571908	9.075066356125324
0.2987012987012985	0.873728772353299	9.064182326995892
0.3051948051948051	0.8632061700494074	9.055865997488539
0.31168830851597257	0.8526835746179224	9.048852378808752
0.31818181818181795	0.8421609654416238	9.043074094635303
0.32467532467532445	0.831638363137732	9.038406482692066
0.331168831168831	0.8211157608338402	9.034380128548738
0.33766233766233755	0.8105931585299485	9.03099447027192
0.34415568177540146	0.8000705974921846	9.028029051289876
0.35064878201294536	0.7895481018862971	9.025553379777017
0.3571418038268975	0.7790257461298232	9.023392139426434
0.36363479197250453	0.7685037685753979	9.021541976293165
0.3701272605679092	0.7579822144878318	9.019917075446399
0.37661856262901106	0.7474604630431285	9.018533668442869
0.3831088846738091	0.7369380672988927	9.017288735796635
0.38960005169420553	0.7264166620869016	9.016232198135354
0.39609244414898104	0.7158992776375258	9.015304293639007
0.40258218935374185	0.7053869298162289	9.014482430044646
0.4090639449483426	0.6948770210906877	9.013795119041689
0.4155395425734561	0.6843670127387828	9.013195914028728
0.4220180252083247	0.6738571650485795	9.012660948440526
0.4285006939650115	0.6633461281867143	9.01221878252452
0.43498918696354383	0.6528275254795056	9.011844998297251
0.44148201433445894	0.6422957447045641	9.01153089388057
0.4479884892091001	0.6317600709415107	9.011269973077335
0.45451349114250333	0.621233171224218	9.011066974372115
0.46101826809735974	0.610690247718872	9.010907464602868
0.4675046190353339	0.6001634411244876	9.010792335335085
0.4739839319767348	0.5896366532194608	9.010722585495822
0.4804706695351165	0.579096026398704	9.01068857254016
0.4869629818030438	0.5685529914095123	9.010681767562287
0.4934240417036451	0.5580111663881568	9.010713151702992
0.4997493166325488	0.5474746129446874	9.010772753102325
0.5060414809050318	0.5369158673829358	9.010854801208486
0.5124557388340694	0.5264814388668996	9.010971046121377
0.5178359412742924	0.5175572951722207	9.011090300422783
0.5272540820015287	0.5133538568186033	9.011303289945067
0.5372958878087745	0.5069829394640492	9.011544414902465
0.5477101016758323	0.5003093756073854	9.011807354204622
0.5581305268741904	0.49373907136850703	9.012082425700383
0.5685946559226416	0.4872079672831635	9.01237076381362
0.5791104809342759	0.4806553515525107	9.012673232668702
0.5896531982683072	0.47414230019772724	9.012988904168717
0.6001713185693733	0.46763432800563126	9.013316459271936
0.6106807008291356	0.46112142183883126	9.013656309697884
0.6211976766686433	0.45461032357263537	9.014008888656575
0.6317199923076202	0.4480983008943116	9.014374290248552
0.6422419664915081	0.44159276160718514	9.014752190660259
0.6527615930090483	0.4350936501519252	9.01514273723694
0.6632807014997302	0.42859680253874277	9.015546123254792
0.6737987478287456	0.42211031230188206	9.015962589103
0.6843168361137679	0.41561406711464816	9.016392787532341
0.6948387311571561	0.40911123478092576	9.016837112013123
0.705363446373961	0.40260816352991674	9.01729644346104
0.7158874798629865	0.3961106865580118	9.01777124923174
0.7264113597162973	0.38961373963144325	9.018262589476565
0.7369349424027081	0.38311688311688	9.018771329671637
0.7474575447065995	0.3766233766233733	9.01929841481788
0.7579801470104909	0.37012987012986787	9.01984508801575
0.7685027493143806	0.3636363636363624	9.020412905506218
0.7790253516182704	0.35714285714285443	9.021003762976237
0.789547953922159	0.3506493506493452	9.021619999876798
0.8000707978135405	0.3441555345830564	9.022264309992808
0.8105937239862159	0.33766164109391955	9.02293974933086
0.82111659128481	0.3311679194660487	9.02364974441525
0.8316392271751919	0.3246745527340627	9.024398189069906
0.8421615821550508	0.3181814212933017	9.02518948350375
0.8526838594724572	0.31168820202617026	9.026028652092537
0.863206252952228	0.3051947939754145	9.026921417443873
0.8737287723532993	0.2987012987012986	9.027874297438338
0.8842513746571908	0.292207792207792	9.028894725159006
0.8947739769610825	0.28571428571428564	9.029991078861402
0.9052965792649743	0.2792207792207791	9.031172757148893
0.9158191815688661	0.27272727272727276	9.032450268887592
0.9263417838727578	0.2662337662337663	9.033835336248982
0.9368643861766497	0.25974025974025977	9.035340985362128
0.9473869884805413	0.2532467532467534	9.036981616922098
0.9579095907844329	0.24675324675324684	9.03877285718808
0.9684321930883246	0.24025974025974034	9.040731018723363
0.9789547953922165	0.23376623376623384	9.042872761060861
0.2467532467532466	0.9789547953922165	9.466628020137955
0.2532467532467531	0.9684321930883247	9.476161954382162
0.25974025974025955	0.9579095907844329	9.452201333195974
0.26623376623376604	0.9473869884805413	9.280494324227341
0.27272727272727254	0.9368643861766495	9.2023920594482
0.2792207792207791	0.9263417838727578	9.161517105626503
0.2857142857142856	0.9158191815688661	9.12795305025397
0.2922077922077921	0.9052965792649743	9.105436892743894
0.2987012987012985	0.8947739769610825	9.088522782297895
0.305194805194805	0.8842513746571908	9.074759821058636
0.3116883116883115	0.873728772353299	9.063946947983512
0.318181818181818	0.8632061700494074	9.055692104236753
0.3246753246753245	0.8526835677455156	9.048731335151496
0.33116883116883106	0.8421609654416238	9.042996597044771
0.33766233766233755	0.831638363137732	9.038365678608344
0.34415584415584405	0.8211157608338402	9.034370528658782
0.35064934293735067	0.8105931604898174	9.031011258402565
0.35714281215619087	0.8000705676586253	9.028068419959185
0.36363625266925365	0.7895479821225004	9.025612123727827
0.37012968181924527	0.7790254443547261	9.023467831921465
0.3766229786249751	0.7685030897845371	9.02163255857815
0.3831158314834653	0.7579809161429507	9.020020980650452
0.38960825325163256	0.7474585664294233	9.018649662024286
0.3961006890346619	0.7369358947170644	9.017415982212825
0.4025934035849124	0.7264139104452904	9.016369857695013
0.40908606735523545	0.715894153821846	9.01545166988596
0.4155770025080141	0.7053770399671856	9.014638975122468
0.42206439562079406	0.6948613796393234	9.013960560127954
0.4285487218808774	0.6843460759641884	9.013370140834757
0.4350327137410981	0.6738304416609862	9.01284384414402
0.44151930822854385	0.663312663045518	9.012410141983382
0.44800982775773335	0.6527892558221361	9.01204483301325
0.45450552076967243	0.6422588537200546	9.011739296211074
0.4610068014977457	0.6317270753007922	9.011486751759856
0.4675079030671357	0.6212003533652117	9.011291470438538
0.4740011319482968	0.6106699673787122	9.011140023157838
0.4804811639212196	0.6001474793387219	9.011032653081315
0.4869530665553255	0.5896137333131931	9.010970229292482
0.4934142487277855	0.5790720473625718	9.010942767876001
0.49986726742996374	0.5685291242311687	9.010942107121279
0.5063191785003592	0.558012337600768	9.010979943106163
0.5125044200073018	0.5474873568572982	9.011042614969755
0.518473371676931	0.5370580701449134	9.011124541271753
0.5257971822718944	0.5263072517686364	9.011264764601691
0.5374028966564778	0.5196201761845985	9.011524949258556
0.5477870012383801	0.51309569675114	9.011771431817117
0.558168647739895	0.5065747717625331	9.012031027348668
0.5686253003073731	0.5000896954741496	9.012305314517734
0.5791238941207133	0.493602899198786	9.012593625324891
0.5896386095576659	0.48709141600661043	9.012895688765845
0.6001587248933364	0.48057903418404146	9.013211280334078
0.610675485928918	0.47406971719888835	9.013540094888485
0.6211925468810112	0.46756446389835316	9.013882150151083
0.6317133017899513	0.46106159335150937	9.014237528123102
0.6422356600969457	0.4545609519854353	9.01460625120501
0.6527574367795035	0.44806425980072334	9.014988220594274
0.6632786892617479	0.44156927691535675	9.015383593176425
0.6737996622353171	0.4350758581521197	9.015792477917602
0.6843207522525954	0.4285810005942258	9.016215206045539
0.6948428856432213	0.4220844343575943	9.016652168884109
0.7053660079372199	0.4155876873128425	9.017103655755795
0.715889041386104	0.40909291993180114	9.0175703396082
0.726412049322677	0.40259830636578164	9.018052996282092
0.7369349424027077	0.3961038961038943	9.018552601666146
0.7474575447065993	0.38961038961038774	9.019070137249336
0.7579801470104908	0.38311688311688163	9.019606743060521
0.7685027493143819	0.3766233766233759	9.020163628953066
0.7790253516182727	0.37012987012987014	9.020742279142828
0.7895479539221638	0.3636363636363675	9.021344491847772
0.8000706490474202	0.35714274188852363	9.021972494409768
0.8105933744164958	0.35064908904933145	9.022628900749142
0.8211160781364395	0.34415548798306067	9.023316746641663
0.831638689959747	0.33766201950670777	9.024039475780013
0.8421611747497518	0.3311686682517984	9.024800992009922
0.8526835677455159	0.3246753246753253	9.025605685926488
0.8632061700494075	0.3181818181818185	9.026458507490467
0.8737287723532992	0.31168831168831185	9.027364981728558
0.8842513746571908	0.3051948051948052	9.028331358585072
0.8947739769610822	0.29870129870129863	9.029364693696245
0.9052965792649741	0.29220779220779214	9.030472885642164
0.915819181568866	0.28571428571428564	9.03166469411756
0.9263417838727578	0.2792207792207792	9.032949762920014
0.9368643861766497	0.27272727272727276	9.03433863488914
0.9473869884805415	0.2662337662337664	9.035842744431234
0.957909590784433	0.2597402597402598	9.037474420533728
0.9684321930883247	0.25324675324675333	9.03924674371916
0.9789547953922164	0.24675324675324684	9.041172883681599
0.25974025974025955	0.9789547953922165	9.464935542305438
0.26623376623376604	0.9684321930883247	9.473082048651875
0.27272727272727254	0.957909590784433	9.451875950649042
0.27922077922077904	0.9473869884805413	9.279691617333334
0.2857142857142856	0.9368643861766496	9.201589263471545
0.2922077922077921	0.9263417838727578	9.16083111972266
0.2987012987012986	0.915819181568866	9.127379742848682
0.305194805194805	0.9052965792649742	9.104963832336068
0.3116883116883115	0.8947739769610825	9.088137827039281
0.31818181818181795	0.8842513746571908	9.07444963087646
0.3246753246753245	0.873728772353299	9.06370084148554
0.33116883116883106	0.8632061700494074	9.055501844429076
0.33766233766233755	0.8526835677455156	9.04859066956751
0.34415584415584405	0.8421609654416238	9.042897593707965
0.35064935064935054	0.831638363137732	9.03830228481978
0.35714285714285704	0.8211157608338402	9.034337937711726
0.36363636363636354	0.8105931585299485	9.031005205432466
0.37012987012987003	0.8000705562260567	9.028085492078711
0.37662337662337647	0.789547953922165	9.025649418545528
0.3831168767987947	0.7790253609177257	9.023523124495725
0.3896103332989396	0.7685028061745074	9.021703939260815
0.3961036807553913	0.7579802921214899	9.020106975828504
0.40259693216582665	0.7474577406443005	9.018749105149668
0.40909019235623617	0.7369351372242413	9.017528016775211
0.41558343074365656	0.7264127901082545	9.016493645397885
0.4220764392819823	0.7158911469205996	9.015586543336353
0.42856833685124035	0.7053706232295244	9.014784426633883
0.4350581536585114	0.6948511607978306	9.014116254949853
0.44154637625401655	0.6843321680691486	9.013535883227492
0.4480347390361004	0.6738126513806262	9.013019495272308
0.45452514774897795	0.6632912681523289	9.012595515047822
0.4610188369712693	0.6527670444887997	9.012239891715117
0.4675151578110526	0.6422405264250944	9.011943979667935
0.4740114873448072	0.6317142264813048	9.011700801392708
0.4805027653968814	0.6211896598650118	9.01151445505086
0.4869850226276881	0.6106646255563803	9.011371804341065
0.4934556521437548	0.600134175217584	9.011272731615088
0.4999071133697701	0.5895942887477367	9.011218049726336
0.5063300042265214	0.5790457261748894	9.011197609502348
0.5127284406596827	0.5684809252955142	9.011203368360425
0.5191334456652482	0.5578622552302811	9.011246446614022
0.5250887827934589	0.5475121129029107	9.011312107634796
0.5289960471488977	0.5378964590204616	9.011358700872716
0.5381731571784674	0.5321945802586906	9.011547974184907
0.5481100694398221	0.5257867320464712	9.011767804134607
0.5583471343146443	0.5194081099986604	9.012008384432512
0.568696064246227	0.5130123004017909	9.012265615815965
0.5791491195666782	0.5065497864187838	9.012539350013112
0.5896453833280292	0.50005449327035	9.012828056809775
0.6001554748907022	0.4935436268916307	9.013131070878687
0.6106713723988506	0.48703322674780086	9.01344822567769
0.621189271880788	0.4805301193930211	9.013779403571858
0.63170933596763	0.4740289383668601	9.014124620613815
0.6422315216676807	0.46753246753246813	9.014483823458123
0.6527541239715723	0.4610389610389618	9.014857014952916
0.6632767262754639	0.4545454545454552	9.015244216599308
0.6737993285793556	0.4480519480519481	9.01564552173643
0.6843219308832476	0.44155844155844104	9.016061030985012
0.6948445331871396	0.4350649350649341	9.016490964132204
0.7053671354910316	0.42857142857142755	9.016935646537513
0.7158897377949236	0.42207792207792116	9.017395397081318
0.7264123400988155	0.41558441558441467	9.017870806621206
0.7369349424027073	0.4090909090909081	9.01836259600307
0.7474575447065989	0.4025974025974017	9.01887170875266
0.7579801470104904	0.3961038961038954	9.019399206227206
0.7685027493143819	0.38961038961038924	9.019946283165268
0.7790253516182737	0.3831168831168832	9.020514234238588
0.7895479539221656	0.3766233766233773	9.021104550154947
0.8000705902749509	0.37012982865911565	9.021718982298824
0.8105932364822673	0.3636362701812934	9.022359641318452
0.8211158738557516	0.357142728734593	9.023029036924909
0.8316384772152298	0.3506492336902392	9.023730111409934
0.8421610351948857	0.3441557833112147	9.024466242511137
0.852683573191876	0.33766233376179583	9.025241269343304
0.8632061700494078	0.3311688311688314	9.026059507076212
0.8737287723532993	0.32467532467532484	9.02692575705469
0.8842513746571906	0.3181818181818184	9.027845358530456
0.8947739769610822	0.3116883116883118	9.02882424554489
0.905296579264974	0.30519480519480524	9.029869020476882
0.9158191815688658	0.2987012987012987	9.030986990828003
0.9263417838727577	0.29220779220779214	9.032186163411724
0.9368643861766497	0.28571428571428564	9.033475218072056
0.9473869884805416	0.2792207792207792	9.034863456570564
0.957909590784433	0.2727272727272728	9.036360703536927
0.9684321930883246	0.2662337662337664	9.037977204938871
0.9789547953922165	0.2597402597402598	9.039723429366122
0.27272727272727254	0.9789547953922164	9.463457549028162
0.27922077922077904	0.9684321930883247	9.47041254553203
0.2857142857142856	0.9579095907844329	9.451560558054739
0.2922077922077921	0.9473869884805413	9.278959607461315
0.2987012987012985	0.9368643861766496	9.200851491904073
0.305194805194805	0.9263417838727577	9.160192199580878
0.3116883116883115	0.915819181568866	9.126837243805157
0.318181818181818	0.9052965792649743	9.104508752683278
0.3246753246753245	0.8947739769610825	9.08776031792454
0.331168831168831	0.8842513746571907	9.074139980063949
0.33766233766233755	0.873728772353299	9.063449069970114
0.34415584415584405	0.8632061700494074	9.055300662546642
0.35064935064935054	0.8526835677455156	9.048435566261512
0.35714285714285704	0.8421609654416238	9.042782046145673
0.36363636363636354	0.831638363137732	9.038221008594077
0.37012987012987003	0.8211157608338402	9.034286753456364
0.3766233766233765	0.8105931585299485	9.030980377080349
0.383116883116883	0.8000705562260568	9.028084000714104
0.3896103896103895	0.789547953922165	9.025668668964341
0.39610389610389607	0.7790253516182732	9.023561113993559
0.4025974025974025	0.7685027493143815	9.021758941554573
0.40909090909090906	0.7579801470104898	9.02017763788762
0.4155844155844155	0.7474575447065981	9.01883432009973
0.42207791229577624	0.7369349482109094	9.017626948561697
0.4285713621841296	0.7264123906068795	9.016605517623107
0.43506472680196384	0.7158899296164251	9.015710790369065
0.4415575383606327	0.7053678995323863	9.014920572846492
0.4480492204262953	0.6948465679962238	9.014263919854569
0.45454013403684596	0.6843255065993351	9.013694811146008
0.46103157353099994	0.6738038329877513	9.013189491442828
0.46752452195731137	0.6632810619439695	9.012776354305416
0.4740188554217017	0.6527574451584238	9.012431444677206
0.48051354903197274	0.6422337368880061	9.012146059445085
0.4870064797484166	0.6317103660143885	9.011913152375294
0.4934928048788522	0.6211858359131949	9.011736749086701
0.49996714795931013	0.6106576115567166	9.011603580302433
0.5064232037030344	0.6001220263479142	9.01151355355607
0.5128406757358835	0.5895763612428175	9.011467229427069
0.5192041085793974	0.5790237664397387	9.011454197578265
0.5255148560559141	0.5684123916694528	9.011466188227224
0.5317627671391103	0.5576858813554817	9.011512796674651
0.5381269188599733	0.5459624805190952	9.011587402803498
0.548438261906813	0.5382679647475511	9.011792855107869
0.5585145060667844	0.5321338447769707	9.012012668869021
0.5688283437300801	0.5258499559971531	9.012252994032847
0.5792146811042126	0.5194887364677778	9.012510235903596
0.5896572241349544	0.513034532641941	9.01278396473563
0.6001643626729046	0.506526865062796	9.013074298692201
0.6106732961261029	0.5000173913372347	9.013379430092217
0.6211899530940584	0.49351313440709177	9.013699431364612
0.6317095502357001	0.48701457171417123	9.014034159234262
0.6422315349291471	0.480519480235773	9.0143836020766
0.6527541239715724	0.47402597402597446	9.014747701043403
0.663276726275464	0.46753246753246797	9.015126472818347
0.6737993285793559	0.46103896103896136	9.015519936310268
0.6843219308832476	0.45454545454545453	9.01592816187926
0.6948445331871395	0.44805194805194787	9.016351242271506
0.7053671354910312	0.4415584415584412	9.01678935189726
0.7158897377949232	0.43506493506493477	9.017242776356005
0.7264123400988151	0.4285714285714284	9.017711836986328
0.7369349424027067	0.42207792207792183	9.018197038137885
0.7474575447065986	0.4155844155844153	9.018699039221476
0.7579801470104902	0.4090909090909089	9.019218718205897
0.7685027493143819	0.40259740259740256	9.019757131425528
0.7790253516182735	0.3961038961038961	9.020315506693406
0.7895479539221651	0.3896103896103897	9.020895206374036
0.8000705681590592	0.3831168687724327	9.021497761714954
0.8105931852731798	0.3766233448294487	9.022124914172855
0.821115798801884	0.370129826784045	9.022778701468775
0.8316384005803301	0.36363632416488506	9.023461519605826
0.8421609879294726	0.3571428363543965	9.024176175186286
0.8526835711503048	0.35064934819691235	9.02492590766329
0.8632061700494077	0.3441558441558442	9.025714409458901
0.8737287723532994	0.3376623376623377	9.026545832165224
0.8842513746571912	0.3311688311688312	9.027424793707068
0.8947739769610826	0.3246753246753249	9.0283563819505
0.9052965792649742	0.3181818181818183	9.029346172604782
0.9158191815688658	0.3116883116883118	9.030400266704625
0.9263417838727577	0.30519480519480524	9.031525313106682
0.9368643861766496	0.2987012987012987	9.032728488246393
0.9473869884805413	0.2922077922077922	9.034017440002584
0.9579095907844329	0.2857142857142857	9.035400194571757
0.9684321930883245	0.27922077922077926	9.0368849843062
0.9789547953922164	0.2727272727272729	9.038479996327668
0.2857142857142856	0.9789547953922165	9.462149980451665
0.2922077922077921	0.9684321930883247	9.46808803070458
0.2987012987012986	0.9579095907844329	9.451254072668277
0.305194805194805	0.9473869884805413	9.278289346195578
0.3116883116883115	0.9368643861766495	9.200171884364591
0.318181818181818	0.9263417838727578	9.159596816844989
0.3246753246753245	0.9158191815688661	9.126324562470332
0.33116883116883106	0.9052965792649742	9.104072523567801
0.33766233766233755	0.8947739769610824	9.087392427062717
0.34415584415584405	0.8842513746571907	9.073833368551435
0.35064935064935054	0.873728772353299	9.063194962446396
0.35714285714285704	0.8632061700494074	9.055092597274118
0.36363636363636354	0.8526835677455156	9.048269996676332
0.37012987012987003	0.8421609654416238	9.042653798730308
0.3766233766233765	0.831638363137732	9.038125572375968
0.383116883116883	0.8211157608338403	9.034220519132658
0.3896103896103895	0.8105931585299486	9.030940102980933
0.39610389610389607	0.8000705562260568	9.028067050348016
0.40259740259740256	0.789547953922165	9.025672754158988
0.4090909090909091	0.7790253516182734	9.023584461967017
0.4155844155844155	0.7685027493143816	9.021800014137748
0.422077922077922	0.7579801470104898	9.020235216020742
0.4285714285714285	0.7474575447065981	9.018907392559354
0.43506493506493493	0.7369349424027063	9.017714737876831
0.44155844155844143	0.7264123400988146	9.016707320501764
0.44805194805194787	0.7158897377949228	9.01582610969413
0.45454524987435824	0.7053672798124028	9.015048959238156
0.4610381680204567	0.6948450725758427	9.014404968913603
0.4675308506390215	0.6843229191008722	9.013848253352222
0.47402378780804333	0.6738004416283071	9.013355100238577
0.48051732466252806	0.6632775519877457	9.0129538620807
0.48701119639726786	0.6527545335078729	9.012620649868119
0.4935050062169281	0.6422317996616776	9.012346738496339
0.4999951836293697	0.6317084030013348	9.012125021827707
0.5064754103765565	0.6211818978776436	9.011959296963676
0.5129422414361906	0.6106513642921539	9.011836558246115
0.5193742347892352	0.6001149940064204	9.011756374776423
0.525735855486711	0.5895818878031521	9.011718974667817
0.5320474013847305	0.5790514897334261	9.011714487795324
0.5381425535368615	0.568554921485468	9.011732157736601
0.5441064337899305	0.5580388851662125	9.011781988183445
0.5494020453099158	0.5490213141005813	9.011852714957515
0.5586808060925103	0.5446334863961259	9.012044489490066
0.5689745717655409	0.5386454672880968	9.012267768019251
0.5793252767062349	0.5323828454319405	9.012507943706636
0.5897313668768215	0.5259741837800883	9.012765474742835
0.6001846280516265	0.5195085213916563	9.013040424323778
0.610681765670453	0.5130074235735956	9.013332557479771
0.621192250630918	0.5065026136425705	9.013640787717817
0.6317104522733601	0.5000022822291778	9.013964738367926
0.642231631694737	0.49350668271604575	9.014304154639246
0.6527541239715724	0.48701298701298734	9.014658941123287
0.6632767262754641	0.4805194805194808	9.015029035160005
0.6737993285793559	0.47402597402597424	9.015414438776515
0.6843219308832476	0.4675324675324677	9.015815169744664
0.6948445331871392	0.4610389610389612	9.016231284775968
0.7053671354910311	0.45454545454545464	9.016662869399658
0.715889737794923	0.4480519480519481	9.017110068946039
0.7264123400988147	0.4415584415584417	9.017573130033993
0.7369349424027064	0.4350649350649352	9.018052362680647
0.7474575447065983	0.4285714285714286	9.018548214972851
0.75798014701049	0.4220779220779221	9.019061285139129
0.7685027493143816	0.4155844155844157	9.01959237480902
0.7790253516182734	0.40909090909090917	9.020142490011837
0.789547953922165	0.40259740259740284	9.02071284136103
0.8000705602322605	0.3961038913375348	9.02130481523544
0.8105931672886996	0.38961037928062825	9.021919972549883
0.8211157729591423	0.3831168692831149	9.022560064604876
0.8316383747977523	0.37662336418342224	9.023227085669491
0.8421609723666313	0.3701298635643752	9.023923332250135
0.8526835691486635	0.363636362619987	9.024651461833217
0.8632061700494074	0.3571428571428572	9.025414530578528
0.8737287723532993	0.35064935064935066	9.026216019385354
0.8842513746571911	0.34415584415584416	9.027059847139414
0.8947739769610829	0.3376623376623377	9.027950368011822
0.9052965792649745	0.3311688311688312	9.028892353868402
0.9158191815688661	0.3246753246753249	9.029890975763509
0.9263417838727578	0.31818181818181834	9.030951799365122
0.9368643861766496	0.3116883116883118	9.032080780439612
0.9473869884805411	0.30519480519480524	9.033284228896855
0.9579095907844328	0.29870129870129875	9.034568731887589
0.9684321930883246	0.29220779220779214	9.035941030258927
0.9789547953922164	0.28571428571428575	9.037407770488427
0.2987012987012986	0.9789547953922165	9.460982765579068
0.3051948051948051	0.9684321930883247	9.466052348499042
0.3116883116883115	0.957909590784433	9.450955590669748
0.318181818181818	0.9473869884805413	9.277673039827262
0.3246753246753245	0.9368643861766496	9.19954401738213
0.331168831168831	0.9263417838727578	9.15904123420579
0.33766233766233755	0.915819181568866	9.12584005191041
0.3441558441558441	0.9052965792649742	9.10365504389579
0.35064935064935054	0.8947739769610825	9.087035261685502
0.35714285714285704	0.8842513746571908	9.073531312010305
0.36363636363636354	0.873728772353299	9.062940711730414
0.37012987012987003	0.8632061700494074	9.054880438539044
0.3766233766233765	0.8526835677455156	9.048096946302932
0.383116883116883	0.8421609654416238	9.042515814565567
0.3896103896103895	0.831638363137732	9.038018897416633
0.396103896103896	0.8211157608338403	9.034142071067057
0.4025974025974025	0.8105931585299485	9.03088709842339
0.40909090909090917	0.8000705562260567	9.028037217709503
0.4155844155844155	0.789547953922165	9.025664105917544
0.42207792207792205	0.7790253516182734	9.023595456176112
0.4285714285714285	0.7685027493143816	9.021829300853772
0.43506493506493493	0.7579801470104898	9.020281719767693
0.4415584415584415	0.7474575447065981	9.018970215840094
0.44805194805194787	0.7369349424027063	9.017793185878793
0.45454545454545436	0.7264123400988146	9.01680075709516
0.4610389513130693	0.7158897437442578	9.015934084891446
0.46753241082230446	0.7053671742786607	9.015171056656968
0.474025822844565	0.6948446394767439	9.014540803349893
0.48051922538724096	0.6843220878338462	9.01399755583116
0.4870126705554432	0.6737994592973013	9.01351762302569
0.4935061894086532	0.6632767798463174	9.013129310252753
0.4999992758527631	0.6527539881801051	9.012808800493941
0.5064935064935062	0.6422315216676807	9.012547326966894
0.5129770025935353	0.6317062418870546	9.012337577646962
0.519449356146507	0.621178258319297	9.012183481959395
0.5259026479870644	0.6106496489534295	9.012072055190602
0.5322851222656141	0.6001246008807152	9.01200219393172
0.5385851197249986	0.5896299069041584	9.011974608586728
0.5448551165670883	0.5792494034455451	9.011980885104279
0.5505637374538	0.5688960200965865	9.012001129694243
0.5577163377189046	0.5581490586728839	9.012082774948652
0.5690391137871027	0.551583268790671	9.01230873320205
0.5794622459311541	0.5452853344301974	9.012532948656753
0.5898356374764414	0.5389030507854724	9.01277297898023
0.6002422552016464	0.5324716639483893	9.013031185943719
0.6106968427515351	0.5259962830794382	9.013307905195644
0.6211995974420518	0.5194950743556696	9.013603032855913
0.631712536607822	0.5129933850178153	9.013915242520227
0.6422320878522502	0.5064949477111855	9.014244098218649
0.6527541433054195	0.5000001164437274	9.014589235562825
0.6632767262754641	0.4935064935064937	9.014950441500757
0.6737993285793559	0.4870129870129871	9.015327604580817
0.6843219308832476	0.4805194805194806	9.015720683370473
0.6948445331871392	0.47402597402597424	9.016129673888498
0.705367135491031	0.4675324675324678	9.016554615178917
0.7158897377949228	0.4610389610389613	9.016995583059144
0.7264123400988145	0.4545454545454548	9.017452703625052
0.7369349424027063	0.4480519480519483	9.01792619019456
0.7474575447065981	0.4415584415584418	9.018416332383419
0.7579801470104898	0.4350649350649353	9.018923536362683
0.7685027493143815	0.42857142857142877	9.01944834595726
0.7790253516182732	0.4220779220779223	9.019991487825685
0.789547953922165	0.41558441558441583	9.020553894489055
0.8000705575185477	0.40909090756726435	9.021136718779447
0.8105931612803591	0.4025973993809537	9.021741320809708
0.8211157645365205	0.3961038918988849	9.02236925714472
0.8316383666023807	0.3896103859061886	9.02302227595314
0.8421609674708987	0.38311688117764725	9.02370233807295
0.8526835682184024	0.3766233762790295	9.02441165577065
0.8632061700494074	0.3701298701298703	9.025152742393315
0.873728772353299	0.36363636363636376	9.025928454528513
0.8842513746571908	0.35714285714285726	9.026742024367586
0.8947739769610826	0.3506493506493507	9.027597078003465
0.9052965792649744	0.34415584415584427	9.028497635043344
0.9158191815688661	0.33766233766233783	9.029448084023732
0.9263417838727579	0.33116883116883133	9.030453140838132
0.9368643861766497	0.32467532467532484	9.03151780756061
0.9473869884805411	0.31818181818181834	9.032647334832573
0.9579095907844327	0.3116883116883118	9.033847163823998
0.9684321930883245	0.3051948051948053	9.035122824219956
0.9789547953922164	0.29870129870129875	9.03647975983465
0.3116883116883115	0.9789547953922165	9.45992986334006
0.318181818181818	0.9684321930883247	9.464259337195267
0.3246753246753245	0.9579095907844329	9.450664963927816
0.331168831168831	0.9473869884805413	9.277104053540354
0.33766233766233755	0.9368643861766495	9.198962034688348
0.3441558441558441	0.9263417838727577	9.158521725091076
0.35064935064935054	0.9158191815688661	9.125381643812576
0.3571428571428571	0.9052965792649743	9.103255639115469
0.36363636363636354	0.8947739769610825	9.086689141443008
0.37012987012987003	0.8842513746571907	9.073234726348547
0.3766233766233765	0.873728772353299	9.062687648289177
0.383116883116883	0.8632061700494073	9.054666003088988
0.3896103896103895	0.8526835677455155	9.047918596285124
0.396103896103896	0.8421609654416238	9.04237034512301
0.4025974025974025	0.831638363137732	9.037903254574024
0.4090909090909091	0.8211157608338402	9.034053663828779
0.4155844155844155	0.8105931585299485	9.030823567107754
0.42207792207792205	0.8000705562260567	9.027996634350776
0.42857142857142844	0.789547953922165	9.025644773021154
0.435064935064935	0.7790253516182732	9.023596059495867
0.4415584415584415	0.7685027493143815	9.02184868067527
0.4480519480519479	0.7579801470104898	9.020318949026683
0.4545454545454544	0.7474575447065981	9.019024517206311
0.46103896103896086	0.7369349424027063	9.017863954416162
0.46753246753246736	0.7264123400988145	9.016887428649483
0.47402597402597385	0.7158897377949228	9.01603625559621
0.4805194805194804	0.7053671354910311	9.015288351963534
0.4870129870129869	0.6948445331871393	9.014672864768956
0.49350649350649334	0.6843219308832476	9.01414412101535
0.4999999999999998	0.6737993285793559	9.013678433293938
0.5064935064935062	0.6632767262754641	9.013304095139597
0.5129840710663758	0.6527532869040545	9.01299718708666
0.5194716736110324	0.6422291332719717	9.012748954058411
0.5259495054563365	0.6317026117002165	9.012552190669451
0.532409398339211	0.6211742321541439	9.012410563153692
0.538818094089197	0.6106520845550423	9.012310811705689
0.5451686089029644	0.6001353376527516	9.012252211283355
0.5513435627355792	0.5896549604584999	9.012233391320123
0.5575410290499341	0.5792071363632348	9.012247909895803
0.5611398305120037	0.5700119200291539	9.012242456828387
0.5697680874338468	0.5644123269570247	9.012393575970558
0.5797868004549657	0.5581750104602515	9.012589743135642
0.5900589036622143	0.551773762950126	9.01280940520199
0.6003874201944561	0.545379124691561	9.013048865955616
0.6107509681059509	0.5389704261100607	9.013307567432202
0.6212215097137334	0.532484736292009	9.013587299358148
0.631719280658117	0.5259860004537368	9.013885968319476
0.6422337180431136	0.5194855615524337	9.014202953982684
0.652754399081526	0.5129880066881546	9.014537582297306
0.6632767335218002	0.5064935506695373	9.014889362366006
0.6737993285793559	0.5000000000000001	9.015257979807167
0.6843219308832476	0.4935064935064936	9.015643230278295
0.6948445331871393	0.4870129870129872	9.01604499299505
0.705367135491031	0.48051948051948074	9.01646321088335
0.7158897377949227	0.4740259740259743	9.016897886335718
0.7264123400988145	0.4675324675324678	9.017349073295618
0.7369349424027063	0.4610389610389613	9.017816878386709
0.7474575447065981	0.4545454545454548	9.018301485938315
0.7579801470104898	0.4480519480519483	9.018803160695908
0.7685027493143816	0.4415584415584418	9.019322272693943
0.7790253516182734	0.4350649350649353	9.019859317711065
0.789547953922165	0.4285714285714288	9.02041495376249
0.8000705566280386	0.42207792160824714	9.02099003205816
0.8105931593612494	0.41558441462102697	9.02158562226319
0.8211157619200575	0.4090909078662425	9.022203016743994
0.831638364124621	0.4025974015462093	9.022843723790617
0.8421609660086427	0.396103895562445	9.023509455429
0.8526835678864416	0.3896103895072702	9.024202126156469
0.8632061700494073	0.38311688311688336	9.024923867103984
0.873728772353299	0.37662337662337686	9.025677056069151
0.8842513746571908	0.37012987012987036	9.026464351315859
0.8947739769610825	0.36363636363636387	9.027288721623806
0.9052965792649743	0.3571428571428573	9.028153466723255
0.9158191815688661	0.3506493506493508	9.029062221767445
0.9263417838727578	0.3441558441558443	9.030018935731858
0.9368643861766496	0.33766233766233794	9.031027822165939
0.9473869884805414	0.33116883116883133	9.032093294535356
0.9579095907844328	0.3246753246753249	9.033219897378087
0.9684321930883245	0.31818181818181834	9.034412217156008
0.9789547953922164	0.3116883116883118	9.03567472787749
0.3246753246753245	0.9789547953922164	9.458972763406011
0.331168831168831	0.9684321930883247	9.462671306162152
0.33766233766233755	0.957909590784433	9.450382607428663
0.3441558441558441	0.9473869884805413	9.276576837706687
0.3506493506493506	0.9368643861766496	9.198420654118292
0.3571428571428571	0.9263417838727578	9.15803466601499
0.36363636363636354	0.915819181568866	9.124947060342464
0.37012987012987003	0.9052965792649742	9.102873230670054
0.3766233766233765	0.8947739769610824	9.086353813936315
0.383116883116883	0.8842513746571907	9.072944038999601
0.3896103896103895	0.873728772353299	9.062436498037677
0.396103896103896	0.8632061700494073	9.05445045983408
0.4025974025974025	0.8526835677455156	9.047736465716538
0.40909090909090906	0.8421609654416238	9.04221906466496
0.4155844155844155	0.831638363137732	9.037780387732596
0.422077922077922	0.8211157608338402	9.033957075309722
0.4285714285714285	0.8105931585299485	9.0307512893748
0.435064935064935	0.8000705562260568	9.027947060809375
0.4415584415584415	0.789547953922165	9.025616483262262
0.448051948051948	0.7790253516182734	9.023587960769653
0.4545454545454544	0.7685027493143816	9.021859801200536
0.46103896103896086	0.7579801470104898	9.020348511492573
0.46753246753246736	0.7474575447065981	9.019071866424943
0.47402597402597385	0.7369349424027063	9.017928580094699
0.48051948051948035	0.7264123400988145	9.016968842793235
0.4870129870129869	0.7158897377949228	9.016134104923053
0.49350649350649345	0.705367135491031	9.015402305528548
0.4999999999999999	0.6948445331871393	9.014802587946944
0.5064935064935063	0.6843219308832476	9.014289353694771
0.5129870129870127	0.6737993285793559	9.013838961402222
0.5194778640068427	0.6632760676417511	9.013479509240993
0.5259644032375083	0.6527516092692394	9.013187189872369
0.5324429079301283	0.6422253590412921	9.012953152641252
0.5389085611898846	0.6316971003586409	9.012770170080197
0.5453365835652887	0.6211721203757344	9.012641616703386
0.5517006006414881	0.610656601009582	9.012554318882756
0.5579123590850705	0.6001575378577026	9.012505642999422
0.5639813395193957	0.5895521431956782	9.012494834564963
0.5701945847698667	0.5778962959942178	9.012507885254562
0.5807318573602375	0.57065840779497	9.012687557496266
0.5904701043895969	0.5645109471289916	9.012876742569459
0.6006165718717352	0.5582244523661621	9.013093942098772
0.6108904424549512	0.5518771275235063	9.013333537726966
0.6212794894261452	0.545450681469013	9.013595239127826
0.6317358360697984	0.5389756468923906	9.013878081124647
0.642238961066079	0.532477591559834	9.0141814325801
0.6527556773996114	0.5259776136396846	9.01450407078748
0.6632769557925183	0.5194811281343524	9.014845301295166
0.673799329821585	0.512987020560047	9.01520458931506
0.6843219308832476	0.5064935064935067	9.015581530651835
0.6948445331871393	0.5000000000000002	9.015975810748131
0.7053671354910311	0.49350649350649367	9.016387205294416
0.7158897377949228	0.4870129870129873	9.016815572845035
0.7264123400988146	0.4805194805194808	9.017260851378374
0.7369349424027063	0.4740259740259743	9.017723050608863
0.7474575447065981	0.4675324675324678	9.018202245769972
0.7579801470104898	0.4610389610389613	9.018698589561744
0.7685027493143815	0.4545454545454548	9.01921231761075
0.7790253516182732	0.4480519480519483	9.019743765023607
0.789547953922165	0.4415584415584418	9.02029338339335
0.800070556346939	0.43506493492495024	9.020861768812773
0.8105931587726225	0.42857142829287725	9.021449692118393
0.821115761141186	0.4220779217344708	9.022058128687616
0.8316383634083632	0.41558441529816265	9.022688275075973
0.8421609655933753	0.40909090894670785	9.023341552010706
0.8526835677841215	0.40259740256902726	9.024019594997306
0.8632061700494074	0.3961038961038963	9.024724242855529
0.873728772353299	0.38961038961038985	9.025457532594752
0.8842513746571907	0.38311688311688336	9.02622170724753
0.8947739769610824	0.37662337662337686	9.027019232515977
0.9052965792649742	0.37012987012987036	9.02785281593303
0.915819181568866	0.36363636363636387	9.028725422444301
0.9263417838727578	0.3571428571428573	9.029640280202997
0.9368643861766496	0.3506493506493508	9.030600865067958
0.9473869884805413	0.3441558441558443	9.031610854733144
0.957909590784433	0.3376623376623379	9.032674054693375
0.9684321930883247	0.3311688311688314	9.033794302775673
0.9789547953922164	0.3246753246753249	9.034975328046379
0.33766233766233755	0.9789547953922165	9.458097123108603
0.34415584415584405	0.9684321930883247	9.461256889681769
0.3506493506493506	0.9579095907844329	9.4501090021556
0.3571428571428571	0.9473869884805413	9.276086598755443
0.36363636363636354	0.9368643861766496	9.197915054449977
0.37012987012987003	0.9263417838727577	9.157576575256675
0.3766233766233765	0.915819181568866	9.124533910393323
0.383116883116883	0.9052965792649743	9.102506439218358
0.3896103896103895	0.8947739769610825	9.086028629861874
0.39610389610389607	0.8842513746571908	9.072659219207521
0.40259740259740256	0.873728772353299	9.062187563142162
0.4090909090909091	0.8632061700494074	9.054234470674508
0.4155844155844155	0.8526835677455156	9.047551545977987
0.422077922077922	0.8421609654416238	9.042063181300469
0.4285714285714285	0.831638363137732	9.037651614291548
0.43506493506493493	0.8211157608338402	9.033853694413025
0.4415584415584415	0.8105931585299485	9.030671697536048
0.448051948051948	0.8000705562260567	9.027889951156814
0.4545454545454544	0.789547953922165	9.025580698861932
0.46103896103896086	0.7790253516182734	9.023572621716246
0.46753246753246736	0.7685027493143815	9.021864118951735
0.4740259740259738	0.7579801470104897	9.02037185670355
0.4805194805194804	0.747457544706598	9.019113705203495
0.48701298701298695	0.7369349424027062	9.017988498285762
0.49350649350649345	0.7264123400988144	9.017046430281026
0.5	0.7158897377949227	9.016229056053822
0.5064935064935064	0.705367135491031	9.015514330433042
0.5129870129870129	0.6948445331871392	9.014931397959229
0.5194805194805192	0.6843219308832476	9.014434687657454
0.525972031549649	0.6737988791101421	9.014000601447115
0.5324588536504827	0.6632747271566402	9.013657031192546
0.5389372812484671	0.652748834559169	9.013380212594397
0.5454039720485736	0.6422211455554021	9.013161336806496
0.5518468701060645	0.6316948807014485	9.01299292698546
0.5582598181982485	0.6211663693843879	9.012878397165624
0.5644851582933532	0.6107216038472871	9.012803622402366
0.5704869030874766	0.6003514564569445	9.01276543039035
0.576398755899452	0.5900496812985563	9.012766763242638
0.5816085002459795	0.5810538900117932	9.012793468831322
0.5907733864122832	0.5771986149355371	9.01296969823879
0.600853106576145	0.5710354342669025	9.013166353256606
0.6110639935529074	0.5647505967514547	9.013386010064679
0.6213845611930056	0.5583773073000348	9.013628500144284
0.6317788177275149	0.551948760378068	9.013893388961774
0.642250212146365	0.5454682405354382	9.014180856336152
0.6527596858090634	0.538969256749751	9.014489741403628
0.663278040901785	0.5324701297408247	9.014818831511734
0.6737995382084785	0.5259744495689413	9.015167466702847
0.6843219308832476	0.5194805194805197	9.015535080886105
0.6948445331871393	0.5129870129870131	9.015921183380781
0.705367135491031	0.5064935064935067	9.016325351097995
0.7158897377949228	0.5000000000000002	9.016747244779031
0.7264123400988146	0.4935064935064937	9.017186615093477
0.7369349424027063	0.4870129870129873	9.01764330738137
0.7474575447065981	0.4805194805194808	9.018117259038382
0.7579801470104898	0.4740259740259743	9.018608492068582
0.7685027493143816	0.4675324675324678	9.019117115307365
0.7790253516182732	0.4610389610389613	9.01964332678689
0.789547953922165	0.4545454545454548	9.020187423385847
0.8000705562613012	0.4480519480115006	9.020749812999698
0.8105931585985823	0.44155844148043766	9.02133103455786
0.8211157609180142	0.4350649349717901	9.021931783141492
0.8316383632094616	0.4285714284962147	9.02255293836979
0.8421609654807195	0.42207792204101985	9.023195586952651
0.8526835677554585	0.41558441557707765	9.023861034453544
0.8632061700494074	0.4090909090909093	9.024550803371923
0.873728772353299	0.4025974025974028	9.025266621365391
0.8842513746571907	0.3961038961038963	9.026010406037999
0.8947739769610824	0.38961038961038985	9.026784254908252
0.9052965792649742	0.3831168831168834	9.027590442916646
0.915819181568866	0.37662337662337686	9.028431425239448
0.9263417838727577	0.37012987012987036	9.029309841239192
0.9368643861766496	0.3636363636363638	9.030228515114233
0.9473869884805413	0.3571428571428573	9.031190443260884
0.9579095907844329	0.3506493506493508	9.032198755018063
0.9684321930883246	0.3441558441558443	9.033256636227224
0.9789547953922164	0.3376623376623379	9.034367199023217
0.35064935064935054	0.9789547953922165	9.457290962958043
0.3571428571428571	0.9684321930883247	9.45998959861373
0.36363636363636354	0.9579095907844329	9.449844361181484
0.37012987012987003	0.9473869884805413	9.275629047239208
0.3766233766233765	0.9368643861766495	9.197440779638875
0.38311688311688297	0.9263417838727577	9.15714411887947
0.3896103896103895	0.915819181568866	9.124139739525562
0.396103896103896	0.9052965792649743	9.102153688873123
0.40259740259740256	0.8947739769610825	9.085712661731904
0.4090909090909091	0.8842513746571908	9.072379885948196
0.41558441558441556	0.873728772353299	9.061940845469143
0.42207792207792205	0.8632061700494074	9.054018319852991
0.4285714285714285	0.8526835677455156	9.047364438467357
0.43506493506493493	0.8421609654416238	9.041903525908047
0.4415584415584415	0.831638363137732	9.03751790506101
0.4480519480519479	0.8211157608338403	9.033744593644498
0.4545454545454544	0.8105931585299485	9.03058594015335
0.46103896103896086	0.8000705562260567	9.027826509448902
0.46753246753246736	0.789547953922165	9.025538665523273
0.47402597402597385	0.7790253516182732	9.023551319743435
0.4805194805194804	0.7685027493143815	9.021862936361835
0.487012987012987	0.7579801470104897	9.020390308363433
0.4935064935064937	0.7474575447065978	9.019151374523576
0.5000000000000003	0.736934942402706	9.018045066353908
0.5064935064935067	0.7264123400988143	9.017121562216703
0.5129870129870131	0.7158897377949226	9.016322468449056
0.5194805194805194	0.705367135491031	9.015625841042736
0.5259740259740259	0.6948445331871392	9.015060749272282
0.5324665609621636	0.684321697805867	9.014581565130184
0.5389543832730012	0.6737978450416624	9.01416481670208
0.5454332238858294	0.6632723797090705	9.013838060989686
0.5518997221152896	0.6527456227449278	9.013577689920211
0.5583466416686599	0.642220340267989	9.013374949799955
0.5647775082366413	0.631701933892963	9.013222237434656
0.5710102058757636	0.6212648542338728	9.013121244905223
0.5769707194339851	0.610960606028998	9.013057770953255
0.5827283917483972	0.6007660301296035	9.013029734332
0.5899086425175456	0.5901764434198441	9.013065642790211
0.6010094741555253	0.583868070447001	9.01326381561173
0.6111948368907282	0.5776522600685357	9.013463703436928
0.621502809226315	0.5712910155611907	9.013687020120573
0.6318439535419496	0.5649007120368976	9.013932896704146
0.642278142352592	0.5584505836969663	9.014202807838272
0.6527673138589185	0.5519630491246486	9.014495905989127
0.6632815015878705	0.5454616294869167	9.014811154013623
0.6738004851084338	0.5389631893949142	9.015147505945706
0.6843220939730745	0.5324678496052838	9.015504353928518
0.6948445331871393	0.5259740259740261	9.01588108662024
0.7053671354910311	0.5194805194805197	9.016277132834468
0.7158897377949228	0.5129870129870132	9.016691970461663
0.7264123400988146	0.5064935064935067	9.017125144617188
0.7369349424027063	0.5000000000000002	9.017576285685884
0.7474575447065981	0.4935064935064937	9.018045124571548
0.7579801470104898	0.4870129870129873	9.018531499093692
0.7685027493143815	0.4805194805194808	9.019035351208707
0.7790253516182734	0.47402597402597424	9.019556725375855
0.789547953922165	0.46753246753246774	9.020095767046582
0.8000705562360446	0.4610389610276023	9.02065272588556
0.8105931585488072	0.4545454545242353	9.021227962140538
0.8211157608562241	0.44805194802742987	9.021821958949078
0.8316383631561735	0.44155844153928586	9.022435340215274
0.8421609654513657	0.4350649350558069	9.023068893586043
0.8526835677479577	0.42857142856961944	9.023723592853285
0.8632061700494074	0.4220779220779223	9.024400614216711
0.873728772353299	0.4155844155844158	9.025101341504056
0.8842513746571907	0.4090909090909093	9.025827359334025
0.8947739769610825	0.40259740259740284	9.026580436344164
0.9052965792649742	0.39610389610389635	9.027362505142984
0.915819181568866	0.38961038961038985	9.028175644329645
0.9263417838727578	0.38311688311688336	9.029022064396548
0.9368643861766495	0.37662337662337686	9.029904096381566
0.9473869884805413	0.37012987012987036	9.030824181296554
0.9579095907844329	0.3636363636363638	9.031784853247052
0.9684321930883246	0.3571428571428573	9.032788700717349
0.9789547953922164	0.3506493506493508	9.033838275681205
0.36363636363636354	0.9789547953922165	9.456543840344482
0.37012987012987003	0.9684321930883247	9.45884682831632
0.3766233766233765	0.957909590784433	9.449588471960668
0.383116883116883	0.9473869884805413	9.275200227608961
0.3896103896103895	0.9368643861766495	9.196993666754253
0.39610389610389607	0.9263417838727578	9.156734103278666
0.40259740259740256	0.9158191815688661	9.123762070731075
0.40909090909090906	0.9052965792649743	9.10181327909171
0.4155844155844155	0.8947739769610825	9.085404778031203
0.42207792207792205	0.8842513746571907	9.072105386965562
0.4285714285714285	0.873728772353299	9.061696070922837
0.435064935064935	0.8632061700494073	9.053802021218722
0.4415584415584415	0.8526835677455155	9.047175462268187
0.44805194805194787	0.8421609654416238	9.04174062833659
0.45454545454545436	0.831638363137732	9.0373799515864
0.46103896103896086	0.8211157608338402	9.033630590611635
0.46753246753246736	0.8105931585299485	9.03049493758676
0.47402597402597385	0.8000705562260568	9.027757739308504
0.4805194805194804	0.789547953922165	9.025491456408131
0.4870129870129871	0.7790253516182731	9.023525186765214
0.49350649350649384	0.7685027493143815	9.02185743582636
0.5000000000000006	0.7579801470104894	9.02040509388904
0.5064935064935072	0.7474575447065975	9.019186138664551
0.5129870129870135	0.7369349424027059	9.01809957826056
0.51948051948052	0.726412340098814	9.017195532621516
0.5259740259740261	0.7158897377949224	9.016415764069707
0.5324675324675324	0.7053671354910308	9.015738295749712
0.5389610389610388	0.6948445331871393	9.0151920902706
0.5454510249712776	0.6843209638409626	9.014731429987888
0.5519311048114292	0.6737954578507933	9.014333022982425
0.5583983001590115	0.6632687824939604	9.014024037439889
0.5648444374653747	0.6527431458304691	9.013781029527467
0.5712739011281946	0.6422208546471234	9.01359548020348
0.5775620846031204	0.631762326082584	9.013457857461178
0.5835868866349224	0.6214076795905471	9.013369605525547
0.5894974216264458	0.6112636284250945	9.01332210294917
0.5931079079254782	0.6017943651481841	9.013270382301169
0.6018469552161353	0.5964842028807853	9.013404593042742
0.6117489263355304	0.590338915124115	9.01357716774436
0.6217630505853422	0.5841172610750772	9.013774361379264
0.632005185688131	0.5777895611453479	9.013999036327604
0.6423217921608321	0.5714232340992591	9.014248328653379
0.6527828617599337	0.5649575634670619	9.014523948479876
0.6632879452737138	0.5584569695658598	9.014823583516637
0.6738032485606115	0.55195434846572	9.015145991786211
0.6843228349322207	0.5454562079336283	9.015490457418194
0.6948446207310989	0.5389612172694996	9.015856333164605
0.705367135491031	0.5324675324675326	9.016242958255846
0.7158897377949228	0.5259740259740261	9.016649688931492
0.7264123400988145	0.5194805194805197	9.017075913081312
0.7369349424027063	0.5129870129870131	9.017521065028008
0.7474575447065981	0.5064935064935067	9.017984651626756
0.7579801470104898	0.5000000000000002	9.018466276499042
0.7685027493143815	0.4935064935064937	9.018965656475443
0.7790253516182732	0.48701298701298723	9.019482627374963
0.789547953922165	0.48051948051948074	9.020017144502747
0.8000705562288143	0.47402597402286656	9.020569279935982
0.8105931585349956	0.46753246752684535	9.021139221053197
0.8211157608396361	0.46103896103267733	9.02172727118586
0.831638363142346	0.45454545454070794	9.02233385452399
0.8421609654439816	0.4480519480497552	9.022959525961946
0.8526835677460932	0.4415584415580123	9.023604986373172
0.8632061700494073	0.4350649350649353	9.024271100352662
0.873728772353299	0.42857142857142877	9.024958912029758
0.8842513746571907	0.4220779220779223	9.02566965405156
0.8947739769610824	0.41558441558441583	9.026404746377153
0.9052965792649742	0.4090909090909093	9.027165783159235
0.915819181568866	0.40259740259740284	9.02795451038668
0.9263417838727577	0.3961038961038963	9.028772799076902
0.9368643861766495	0.38961038961038985	9.029622617954198
0.9473869884805413	0.38311688311688336	9.030506007075806
0.957909590784433	0.37662337662337686	9.03142505222372
0.9684321930883247	0.37012987012987036	9.032381854442713
0.9789547953922164	0.36363636363636387	9.03337847205104
0.3766233766233765	0.9789547953922165	9.455846486834337
0.383116883116883	0.9684321930883247	9.45780920905012
0.3896103896103895	0.957909590784433	9.4493406737005
0.39610389610389607	0.9473869884805413	9.274796420621653
0.40259740259740256	0.9368643861766496	9.196569800218297
0.40909090909090906	0.9263417838727578	9.15634346817586
0.4155844155844155	0.915819181568866	9.123398436424358
0.422077922077922	0.9052965792649742	9.101483427041925
0.4285714285714285	0.8947739769610824	9.08510370665389
0.435064935064935	0.8842513746571907	9.071834861626558
0.4415584415584415	0.873728772353299	9.06145275686174
0.4480519480519479	0.8632061700494074	9.053585379880815
0.45454545454545436	0.8526835677455156	9.046984707333747
0.46103896103896086	0.8421609654416238	9.04157478186787
0.46753246753246736	0.831638363137732	9.037238223870041
0.47402597402597385	0.8211157608338403	9.033512301355332
0.48051948051948035	0.8105931585299486	9.030399430716871
0.4870129870129869	0.8000705562260568	9.027684487992572
0.49350649350649367	0.789547953922165	9.025440011646522
0.5000000000000007	0.7790253516182731	9.023495244511624
0.5064935064935077	0.7685027493143811	9.021848710317913
0.5129870129870145	0.7579801470104891	9.020417369719462
0.5194805194805208	0.7474575447065974	9.019219190816715
0.5259740259740269	0.7369349424027051	9.018153270171323
0.532467532467533	0.7264123400988133	9.01726975295872
0.5389610389610391	0.7158897377949218	9.016510357985604
0.5454545454545453	0.7053671354910307	9.015853126617698
0.5519480519480517	0.6948445331871393	9.01532688636746
0.5584307421299268	0.6843182448335088	9.014885670028542
0.5648990056851416	0.6737902940475754	9.01450664340144
0.5713483094887041	0.6632627813055274	9.01421634665438
0.5777726356594256	0.6527418326990818	9.013991815814537
0.5840981866926008	0.642244769755644	9.013823424534396
0.5901753752519505	0.6318638073419858	9.013699976407421
0.5961636679160808	0.6213484155812217	9.013623588741753
0.6024446713948886	0.6098852640915464	9.01357900520756
0.6128621089678445	0.6028421590540212	9.013730143778728
0.6223730872192519	0.596785737607931	9.013895515405663
0.6323166738470822	0.5905816674853192	9.014093268337554
0.6424896214044532	0.5843049095794569	9.014320247642162
0.652791596333247	0.5779673587773604	9.014574147566947
0.6632975555717374	0.5714565098242749	9.01485700927163
0.6738083398569943	0.5649492056154835	9.01516398353884
0.6843247390582778	0.5584463977569876	9.015494542284321
0.6948450589335172	0.5519489955816133	9.015848055465623
0.7053671627503261	0.5454546040519056	9.016223819458256
0.7158897377949227	0.5389610389610391	9.016621123864745
0.7264123400988146	0.5324675324675326	9.017039263854764
0.7369349424027063	0.5259740259740261	9.017477545582118
0.7474575447065981	0.5194805194805197	9.017935300736704
0.7579801470104898	0.5129870129870131	9.01841191652558
0.7685027493143816	0.5064935064935067	9.018906865639243
0.7790253516182732	0.5000000000000002	9.01941973126843
0.789547953922165	0.49350649350649367	9.019950222638018
0.8000705562268	0.4870129870121572	9.0204981819732
0.810593158531267	0.4805194805180262	9.021063584531495
0.8211157608353051	0.47402597402440194	9.021646535653117
0.8316383631388587	0.46753246753131966	9.02224726728704
0.8421609654421802	0.4610389610384476	9.022866136496837
0.852683567745648	0.454545454545356	9.023503627432744
0.8632061700494073	0.4480519480519483	9.02416035797678
0.873728772353299	0.4415584415584418	9.024837090051193
0.8842513746571908	0.4350649350649353	9.02553474085501
0.8947739769610825	0.4285714285714288	9.026254391281329
0.9052965792649742	0.4220779220779223	9.026997287927522
0.915819181568866	0.41558441558441583	9.027764834942273
0.9263417838727577	0.4090909090909093	9.028558574500194
0.9368643861766496	0.4025974025974028	9.029380157912149
0.9473869884805413	0.39610389610389635	9.030231310892447
0.957909590784433	0.38961038961038985	9.03111379511033
0.9684321930883247	0.38311688311688336	9.032029364845817
0.9789547953922164	0.37662337662337686	9.032979707281056
0.3896103896103895	0.9789547953922164	9.455190644138083
0.396103896103896	0.9684321930883247	9.456860154519974
0.40259740259740256	0.9579095907844329	9.449099914788492
0.40909090909090906	0.9473869884805413	9.274414092142814
0.4155844155844155	0.9368643861766495	9.19616548662364
0.42207792207792205	0.9263417838727577	9.155969276070651
0.4285714285714285	0.915819181568866	9.123046404266468
0.43506493506493493	0.9052965792649742	9.101162291442437
0.4415584415584415	0.8947739769610825	9.084808089591805
0.448051948051948	0.8842513746571908	9.071567273658736
0.4545454545454544	0.873728772353299	9.061210307631535
0.46103896103896086	0.8632061700494074	9.053368053446038
0.46753246753246736	0.8526835677455156	9.04679206793397
0.47402597402597385	0.8421609654416238	9.041406093438384
0.48051948051948035	0.831638363137732	9.037093019085018
0.4870129870129869	0.8211157608338403	9.033390186636318
0.49350649350649334	0.8105931585299485	9.030300023823076
0.5000000000000002	0.8000705562260569	9.027607485771059
0.5064935064935074	0.789547953922165	9.025385173979958
0.512987012987015	0.779025351618273	9.02346243613934
0.5194805194805222	0.7685027493143807	9.021837788456503
0.525974025974029	0.7579801470104882	9.02042821506854
0.5324675324675349	0.7474575447065958	9.01925169478294
0.5389610389610402	0.7369349424027035	9.018207531656474
0.5454545454545456	0.7264123400988121	9.017345588758934
0.5519480519480517	0.7158897377949218	9.016607645691677
0.5584396655198075	0.7053659966309059	9.015971713655217
0.5649272741555734	0.6948406070691343	9.015466365648733
0.5714020835277941	0.6843115237715165	9.015045695919428
0.5778558390550043	0.6737794953793171	9.01468709895304
0.5842928141189425	0.6632508436640301	9.014416581595825
0.5906500498236319	0.6527305785510201	9.014210662076989
0.602565979611644	0.6320775459348965	9.013950171814498
0.5967357349253578	0.6423618038171239	9.014060160190303
0.6083387931518187	0.6216805011364501	9.013887634050477
0.6136348855403927	0.613230591367857	9.013879248336243
0.6229288979912684	0.609507985676048	9.014045762118885
0.6326188655884432	0.6033264372330052	9.014214330650534
0.6426985531784746	0.597138585678577	9.014418243239767
0.6529398302561316	0.5908492248009233	9.014651093469068
0.6633308420873731	0.5844394585674466	9.014912797781399
0.6738157872033593	0.577947851088703	9.015202247107721
0.6843282282109932	0.5714397055719116	9.015517450701935
0.694846235429082	0.5649378925996201	9.015857200450506
0.70536735763275	0.5584419136927721	9.016220735623456
0.7158897414704506	0.5519480603571109	9.01660728717507
0.7264123400988145	0.5454545454545456	9.017016085870237
0.7369349424027063	0.5389610389610391	9.017446364753754
0.7474575447065981	0.5324675324675326	9.017897350771262
0.7579801470104898	0.5259740259740261	9.018368280356848
0.7685027493143816	0.5194805194805197	9.018858428465615
0.7790253516182734	0.5129870129870131	9.019367140349898
0.789547953922165	0.5064935064935066	9.019893861989752
0.8000705562262526	0.4999999999997833	9.020438164065284
0.8105931585302854	0.4935064935061255	9.020999757187122
0.8211157608342025	0.48701298701260215	9.021578497982956
0.8316383631380012	0.480519480519209	9.022174388408631
0.8421609654417522	0.47402597402585656	9.022787571016979
0.8526835677455452	0.4675324675324457	9.023418323104211
0.8632061700494073	0.4610389610389613	9.024067051966297
0.873728772353299	0.4545454545454548	9.024734293146636
0.8842513746571907	0.4480519480519483	9.025420712101022
0.8947739769610825	0.4415584415584418	9.02612710815278
0.9052965792649743	0.4350649350649353	9.026854418520934
0.915819181568866	0.4285714285714288	9.027603719838114
0.9263417838727578	0.4220779220779223	9.028376223249579
0.9368643861766495	0.4155844155844158	9.029173259437583
0.9473869884805413	0.4090909090909093	9.029996252229806
0.9579095907844329	0.40259740259740284	9.030846681650493
0.9684321930883247	0.39610389610389635	9.031726035543443
0.9789547953922165	0.38961038961038985	9.032635739797284
0.4025974025974025	0.9789547953922165	9.454568932891112
0.40909090909090906	0.9684321930883247	9.455985486787489
0.41558441558441556	0.957909590784433	9.448864841846804
0.42207792207792205	0.9473869884805413	9.274049863508553
0.4285714285714285	0.9368643861766495	9.195777242328179
0.435064935064935	0.9263417838727578	9.155608690864623
0.4415584415584415	0.9158191815688661	9.122703607196454
0.4480519480519479	0.9052965792649743	9.100847975156888
0.45454545454545436	0.8947739769610825	9.084516522060952
0.4610389610389609	0.8842513746571907	9.0713014390292
0.46753246753246736	0.873728772353299	9.060968058970644
0.47402597402597385	0.8632061700494073	9.053149596341258
0.48051948051948035	0.8526835677455155	9.046597289051583
0.48701298701298684	0.8421609654416238	9.04123452967275
0.49350649350649334	0.831638363137732	9.03694450548835
0.49999999999999994	0.8211157608338403	9.033264592662034
0.5064935064935067	0.8105931585299487	9.03019722261986
0.512987012987014	0.8000705562260569	9.02752738154147
0.5194805194805222	0.7895479539221646	9.025327720733598
0.5259740259740308	0.7790253516182722	9.023427652319079
0.5324675324675383	0.7685027493143792	9.021825612698343
0.5389610389610441	0.7579801470104858	9.020438725569113
0.5454545454545484	0.7474575447065925	9.019284990851018
0.5519480519480525	0.7369349424027005	9.018263648874408
0.5584415584415575	0.7264123400988098	9.017424413598858
0.5649341683742969	0.7158890669057277	9.016709030545115
0.5714223586570566	0.7053633307965174	9.016095557408777
0.5778999045888676	0.6948332248676913	9.015612130943504
0.5843587228862038	0.6842976106635241	9.015212892435201
0.5907942746821356	0.67375888229595	9.014875772601071
0.597228811628222	0.6632269104098706	9.014626109864329
0.603336193772948	0.6527837530482773	9.014438458448753
0.6143875063016584	0.6322442352071274	9.014199485614446
0.6089934720068996	0.6423996945706084	9.01429909696072
0.6213614775253831	0.6221495855627366	9.014181437570356
0.6325661038236812	0.6159727232504607	9.014357271292338
0.6428591812441982	0.6099552431811027	9.014543450310882
0.6530924283795005	0.6037428865151994	9.014753973368391
0.6634104271566272	0.5973933069729543	9.0149932150263
0.6738374330779776	0.5909432159424904	9.01526223744922
0.6843342479839198	0.5844375137203658	9.015559975340095
0.6948488940480685	0.5779292467958965	9.015884444941461
0.7053681032000417	0.5714298754139576	9.016234418799373
0.7158898179223242	0.5649351600986193	9.016608987405585
0.7264123400988146	0.5584415584415585	9.017007272448039
0.7369349424027063	0.5519480519480521	9.017428422555701
0.7474575447065981	0.5454545454545456	9.017871592078015
0.7579801470104898	0.5389610389610391	9.018335924491991
0.7685027493143815	0.5324675324675326	9.018820564664516
0.7790253516182734	0.5259740259740261	9.01932468291649
0.789547953922165	0.5194805194805195	9.019847504768281
0.8000705562261072	0.5129870129869576	9.020388342924177
0.8105931585300329	0.5064935064934154	9.02094662666987
0.8211157608339281	0.4999999999999078	9.02152192469012
0.8316383631377952	0.4935064935064306	9.02211395874838
0.842160965441653	0.48701298701296075	9.02272260832676
0.852683567745522	0.48051948051947596	9.023347907945356
0.8632061700494074	0.4740259740259743	9.023990039846678
0.873728772353299	0.4675324675324678	9.024649324685155
0.8842513746571907	0.4610389610389613	9.025326212682536
0.8947739769610824	0.4545454545454548	9.026021276789388
0.9052965792649743	0.4480519480519483	9.026735208145235
0.915819181568866	0.4415584415584418	9.027468813124978
0.9263417838727577	0.4350649350649353	9.028223010825903
0.9368643861766496	0.42857142857142877	9.02899882815006
0.9473869884805413	0.4220779220779223	9.029797388058448
0.9579095907844329	0.4155844155844157	9.030619886787875
0.9684321930883246	0.4090909090909093	9.031467555959908
0.9789547953922164	0.4025974025974028	9.032341597696592
0.4155844155844155	0.9789547953922165	9.45397471931888
0.42207792207792205	0.9684321930883247	9.455173082396719
0.4285714285714285	0.957909590784433	9.448633890145949
0.435064935064935	0.9473869884805413	9.27370048644694
0.4415584415584415	0.9368643861766496	9.195401789174497
0.4480519480519479	0.9263417838727578	9.155258938558609
0.4545454545454544	0.915819181568866	9.122367791451255
0.46103896103896086	0.9052965792649742	9.100538492710944
0.46753246753246736	0.8947739769610824	9.084227594752619
0.47402597402597385	0.8842513746571907	9.071036137316645
0.48051948051948035	0.873728772353299	9.060725233014056
0.48701298701298684	0.8632061700494073	9.05292943412888
0.49350649350649334	0.8526835677455156	9.046400012721302
0.49999999999999983	0.8421609654416238	9.041059960228546
0.5064935064935064	0.8316383631377319	9.036792761327547
0.5129870129870129	0.8211157608338403	9.03313578721336
0.51948051948052	0.8105931585299487	9.030091468574154
0.5259740259740288	0.8000705562260566	9.027444775700687
0.5324675324675393	0.7895479539221638	9.02526839113118
0.5389610389610491	0.7790253516182707	9.023391701251358
0.545454545454556	0.7685027493143752	9.021813180999546
0.5519480519480588	0.7579801470104793	9.020450163823988
0.55844155844156	0.747457544706586	9.019320290926816
0.5649350649350627	0.7369349424026957	9.018322972076218
0.5714285714285683	0.726412340098808	9.01750767116309
0.5779186158573416	0.7158871943324981	9.016815991486792
0.5844004100670357	0.7053575324059405	9.016226140330089
0.590863373450082	0.6948201106229192	9.015765667418272
0.5972976131421751	0.6842736992386177	9.015388780436682
0.6036989733003107	0.6737211947346492	9.01507388981358
0.6100617590826913	0.6631690544993876	9.014844081514012
0.6242802185873652	0.6329838085616671	9.014429590397565
0.6159011501887814	0.6526884539657194	9.014671865557661
0.6207179707396119	0.6421618699115631	9.014533671664857
0.6326349780330017	0.6280752269855219	9.014534361111735
0.6429932225597929	0.6228218608643497	9.014703742437577
0.6532517117583031	0.6166912199037587	9.014888767006765
0.663530902514285	0.6103481187758094	9.015102137837388
0.6738938579982591	0.6039267608742995	9.015347251878099
0.684349358761069	0.597439199595255	9.015624047184701
0.6948546884784929	0.590925146637745	9.015930836053341
0.705370445427339	0.5844196328807857	9.016265501985286
0.7158903024800122	0.5779227336577263	9.016626712883733
0.7264123656291951	0.5714285940993608	9.017013349498468
0.7369349424027063	0.564935064935065	9.0174243627416
0.7474575447065981	0.5584415584415585	9.017858772767285
0.7579801470104898	0.5519480519480521	9.018315624043256
0.7685027493143815	0.5454545454545456	9.018793961739739
0.7790253516182732	0.5389610389610391	9.019292835834593
0.789547953922165	0.5324675324675325	9.01981131678224
0.8000705562260695	0.5259740259740123	9.020348519401301
0.810593158529969	0.5194805194804976	9.020903632286098
0.8211157608338611	0.5129870129869915	9.021475948688744
0.8316383631377465	0.5064935064934923	9.022064894375207
0.8421609654416303	0.4999999999999944	9.022670048387198
0.852683567745517	0.4935064935064926	9.023291154554366
0.8632061700494074	0.4870129870129873	9.023928123642792
0.873728772353299	0.4805194805194808	9.024581027731825
0.8842513746571907	0.4740259740259743	9.025250089204206
0.8947739769610825	0.4675324675324678	9.025935667046829
0.9052965792649742	0.46103896103896136	9.026638242797238
0.9158191815688661	0.4545454545454548	9.027358407629242
0.9263417838727578	0.4480519480519483	9.02809685122027
0.9368643861766495	0.4415584415584418	9.028854352656042
0.9473869884805413	0.4350649350649353	9.029631771973095
0.9579095907844329	0.42857142857142877	9.030430038147928
0.9684321930883246	0.4220779220779223	9.031250126528434
0.9789547953922164	0.4155844155844157	9.03209301122672
0.4285714285714285	0.9789547953922165	9.453401975589399
0.435064935064935	0.9684321930883247	9.454412537253313
0.4415584415584415	0.9579095907844329	9.448405358427499
0.4480519480519479	0.9473869884805413	9.273362809916975
0.45454545454545436	0.9368643861766496	9.19503605703544
0.46103896103896086	0.9263417838727577	9.154917239840719
0.46753246753246736	0.915819181568866	9.122036894192703
0.47402597402597385	0.9052965792649743	9.100231694343504
0.48051948051948035	0.8947739769610825	9.083939967580191
0.48701298701298684	0.8842513746571907	9.070770264359732
0.49350649350649334	0.873728772353299	9.06048087809854
0.49999999999999983	0.8632061700494074	9.052706897275192
0.5064935064935063	0.8526835677455156	9.046199813854615
0.5129870129870128	0.8421609654416238	9.040882191212036
0.5194805194805193	0.8316383631377319	9.03663780744017
0.5259740259740258	0.8211157608338405	9.033003991847844
0.5324675324675329	0.8105931585299487	9.02998317071558
0.5389610389610461	0.8000705562260558	9.027360251647893
0.5454545454545607	0.7895479539221623	9.025207859931113
0.5519480519480717	0.7790253516182675	9.02335543609425
0.5584415584415735	0.7685027493143629	9.02180167301651
0.56493506493507	0.7579801470104663	9.020463670418422
0.5714285714285656	0.7474575447065734	9.019358903303008
0.577922077922071	0.7369349424026925	9.018386924662154
0.5844135741960685	0.7264109108023685	9.017596760398236
0.5908994234948951	0.7158828596620435	9.016930038523533
0.5973712934639712	0.7053467377462751	9.016365016020488
0.6038160111931951	0.694798721463385	9.01592854455564
0.6102207370520348	0.6842360117885549	9.015575050469131
0.6165781758487298	0.673660028121721	9.015282987563689
0.6228808099292598	0.6630883871214435	9.015073852381946
0.6322991603371709	0.6402881251413871	9.014743775412223
0.6284451994977593	0.6523667056499445	9.014913144700541
0.6432209799691164	0.6363462312725688	9.014919667427352
0.6534416373626399	0.6298817127865175	9.015066700461814
0.6636501658420121	0.6233642903426629	9.015246072007828
0.673979640068812	0.6169132941164152	9.015463006335857
0.6843881294485069	0.6104370918745621	9.015714546670607
0.6948677875674979	0.6039252633695018	9.015999575464718
0.7053760012781035	0.5974128964367181	9.01631590972539
0.715892276667602	0.5909117433264341	9.01666152985801
0.7264126519934418	0.5844159789768043	9.017034875657687
0.736934946779343	0.5779220818084989	9.017434554621333
0.7474575447065981	0.5714285714285715	9.01785927898323
0.7579801470104898	0.564935064935065	9.018307876188373
0.7685027493143816	0.5584415584415585	9.018779230315774
0.7790253516182732	0.5519480519480521	9.019272255324482
0.789547953922165	0.5454545454545455	9.019785889327459
0.8000705562260598	0.5389610389610356	9.020319099229502
0.8105931585299532	0.5324675324675275	9.020870894908912
0.821115760833845	0.5259740259740213	9.021440351619551
0.8316383631377352	0.5194805194805165	9.022026637766425
0.8421609654416251	0.5129870129870119	9.022629043885397
0.8526835677455159	0.5064935064935064	9.023247008068013
0.8632061700494074	0.5000000000000002	9.023880133950874
0.873728772353299	0.4935064935064937	9.024528199131952
0.8842513746571907	0.4870129870129873	9.025191153875966
0.8947739769610824	0.4805194805194808	9.025869111467372
0.9052965792649742	0.47402597402597424	9.026562332538921
0.915819181568866	0.4675324675324678	9.027271206019158
0.9263417838727578	0.4610389610389613	9.027996229066867
0.9368643861766495	0.4545454545454548	9.028737987789599
0.9473869884805413	0.4480519480519483	9.029497140162704
0.957909590784433	0.4415584415584418	9.03027440081712
0.9684321930883247	0.4350649350649353	9.031070523244608
0.9789547953922164	0.42857142857142877	9.031886266017244
0.4415584415584415	0.9789547953922164	9.452845101920163
0.4480519480519479	0.9684321930883246	9.453694879542212
0.45454545454545436	0.9579095907844329	9.448177452487956
0.4610389610389609	0.9473869884805413	9.273033743438019
0.46753246753246736	0.9368643861766495	9.194677190383777
0.47402597402597385	0.9263417838727578	9.154580694514236
0.48051948051948035	0.9158191815688661	9.121709161254131
0.4870129870129869	0.9052965792649743	9.099925300619349
0.49350649350649334	0.8947739769610825	9.083652171040718
0.49999999999999983	0.8842513746571907	9.070502705354071
0.5064935064935063	0.873728772353299	9.060234005094669
0.5129870129870128	0.8632061700494073	9.052481271514075
0.5194805194805192	0.8526835677455156	9.045996225232317
0.5259740259740258	0.8421609654416238	9.04070099129923
0.5324675324675321	0.831638363137732	9.036479635378297
0.5389610389610388	0.8211157608338403	9.032869411720528
0.5454545454545471	0.8105931585299485	9.029872737703476
0.5519480519480694	0.8000705562260539	9.027274370054242
0.558441558441586	0.7895479539221497	9.02514677123955
0.5649350649350965	0.779025351618242	9.02331996639384
0.571428571428585	0.7685027493143352	9.021792150925508
0.5779220779220569	0.7579801470104175	9.020480509784493
0.584415584415545	0.7474575447065208	9.019402217509024
0.5909078863754079	0.7369341995036915	9.018456955100591
0.59739574366921	0.7264077257625715	9.017693274107849
0.6038733104065964	0.7158742287002277	9.017052746398257
0.6103325441537317	0.7053294850984253	9.016513864991706
0.616760046922061	0.6947683302603744	9.016102605526891
0.623137865707434	0.684182164752377	9.015773697635192
0.6294594320553207	0.6735602370828283	9.015504819421794
0.6358083851779792	0.662803115780324	9.015315000247503
0.6423382500324062	0.650489189527159	9.015163559307622
0.6531520907133262	0.642735829979259	9.015266319976073
0.6637129752200559	0.6363898238584429	9.015425376010095
0.674065181780112	0.6299125476023767	9.015613146344862
0.6844514401540672	0.6234277206399044	9.01583657758716
0.6948960556205418	0.6169240979293653	9.016095784050153
0.7053880187362661	0.6104085669015423	9.016389719666167
0.7158968891332652	0.6039029650947955	9.016716294072282
0.7264141718929551	0.5974045730146705	9.01707363289218
0.7369351395975743	0.5909093477459552	9.017459941944365
0.7474575447065981	0.5844155844155845	9.0178735558474
0.7579801470104898	0.577922077922078	9.018312920711415
0.7685027493143816	0.5714285714285715	9.01877661174173
0.7790253516182734	0.564935064935065	9.019263293987711
0.789547953922165	0.5584415584415585	9.019771701871063
0.8000705562260575	0.5519480519480512	9.020300628525645
0.8105931585299495	0.5454545454545445	9.02084892045036
0.8211157608338412	0.5389610389610381	9.021415479918048
0.8316383631377325	0.532467532467532	9.021999276518818
0.8421609654416241	0.5259740259740259	9.0225993670995
0.8526835677455155	0.5194805194805195	9.023214921091087
0.8632061700494074	0.5129870129870131	9.023845246624328
0.873728772353299	0.5064935064935067	9.024489812624305
0.8842513746571907	0.5000000000000002	9.025148263077392
0.8947739769610825	0.4935064935064937	9.02582042142801
0.9052965792649743	0.48701298701298723	9.026506284858954
0.915819181568866	0.48051948051948074	9.027206009712186
0.9263417838727577	0.4740259740259743	9.027919890302954
0.9368643861766495	0.4675324675324678	9.02864833379522
0.9473869884805413	0.4610389610389613	9.029391833700076
0.957909590784433	0.4545454545454548	9.03015094408916
0.9684321930883247	0.4480519480519483	9.030926253882159
0.9789547953922165	0.4415584415584418	9.031718352560317
0.4545454545454544	0.9789547953922165	9.452298741335023
0.4610389610389609	0.9684321930883247	9.453012270695305
0.46753246753246736	0.957909590784433	9.447948319113195
0.47402597402597385	0.9473869884805413	9.272710214153419
0.48051948051948035	0.9368643861766496	9.194322540161798
0.48701298701298684	0.9263417838727578	9.154246207089203
0.49350649350649334	0.915819181568866	9.121382996753598
0.4999999999999999	0.9052965792649743	9.099617446658494
0.5064935064935063	0.8947739769610825	9.083362516698601
0.5129870129870128	0.8842513746571907	9.07023222789907
0.5194805194805193	0.873728772353299	9.059983616501425
0.5259740259740258	0.8632061700494074	9.052251818765155
0.5324675324675322	0.8526835677455156	9.04578875839856
0.5389610389610388	0.8421609654416238	9.040516115295091
0.5454545454545452	0.831638363137732	9.036318233375534
0.5519480519480527	0.8211157608338402	9.032732266730171
0.5584415584415615	0.8105931585299485	9.02976059357318
0.5649350649350764	0.8000705562260291	9.027187620040394
0.5714285714285887	0.789547953922086	9.025086101081776
0.5779220779220695	0.7790253516181407	9.023286269879064
0.5844155844155374	0.7685027493142236	9.021785818080078
0.5909090909089472	0.7579801470102101	9.020502042060931
0.5974025974023671	0.7474575447061875	9.019451735802141
0.6038913470856291	0.7369322394530881	9.018534654613326
0.6103718658873233	0.7264014556788737	9.017798840946623
0.616836740298018	0.7158604481104073	9.01718587401948
0.6232830315220311	0.7053064648926876	9.016674618853253
0.629711173325489	0.6947369394407452	9.01629039343443
0.6360602497008847	0.6841190936011401	9.01598716385751
0.6422808152594224	0.6735053388389675	9.015742957208436
0.6485932118460819	0.6627625461933409	9.015580123692713
0.6540589185613261	0.6535036202927453	9.015495604220181
0.6639129972971428	0.6494672085322357	9.01564947146497
0.6741088823436728	0.6429443352473357	9.015799827892637
0.6845196531910113	0.6364161020975153	9.015993435204805
0.6949431767016083	0.6299136380291938	9.016224240884165
0.7054101342743707	0.6234027763576974	9.016492089339684
0.7159062813688545	0.6168955512129446	9.01679574853013
0.726417800959286	0.6103947019967042	9.017133448291323
0.7369362610511957	0.6038975296841863	9.017503267849706
0.7474577077602215	0.5974027987653967	9.017903294513573
0.7579801470104898	0.5909090909090908	9.018331634153453
0.7685027493143816	0.5844155844155845	9.01878646787195
0.7790253516182734	0.5779220779220778	9.019266082294948
0.789547953922165	0.5714285714285715	9.019768871754797
0.800070556226057	0.5649350649350647	9.020293336365198
0.8105931585299487	0.5584415584415582	9.02083807748562
0.8211157608338403	0.551948051948052	9.021401788923166
0.8316383631377321	0.5454545454545455	9.02198324952574
0.8421609654416238	0.5389610389610391	9.022581322344031
0.8526835677455156	0.5324675324675326	9.023194962968338
0.8632061700494074	0.5259740259740261	9.023823236316757
0.873728772353299	0.5194805194805197	9.024465338462955
0.8842513746571907	0.5129870129870131	9.02512061875383
0.8947739769610824	0.5064935064935067	9.025788597483734
0.9052965792649742	0.5000000000000002	9.02646897549374
0.9158191815688661	0.49350649350649367	9.027161633677885
0.9263417838727578	0.48701298701298723	9.027866622060662
0.9368643861766496	0.4805194805194808	9.028584139543595
0.9473869884805413	0.4740259740259743	9.02931450639147
0.957909590784433	0.4675324675324678	9.030058131854611
0.9684321930883247	0.4610389610389613	9.030815478252775
0.9789547953922164	0.4545454545454548	9.03158701643011
0.46753246753246736	0.9789547953922165	9.451757701801817
0.47402597402597385	0.9684321930883247	9.452357765252358
0.48051948051948035	0.9579095907844329	9.447716039942923
0.48701298701298684	0.9473869884805413	9.27238913334582
0.49350649350649334	0.9368643861766495	9.193969643762502
0.49999999999999983	0.9263417838727577	9.153910805100997
0.5064935064935063	0.915819181568866	9.121056139715378
0.5129870129870128	0.9052965792649743	9.09930654019832
0.5194805194805192	0.8947739769610825	9.083069364489845
0.5259740259740258	0.8842513746571907	9.069957567242623
0.5324675324675322	0.873728772353299	9.05972870048317
0.5389610389610388	0.8632061700494073	9.052017791051709
0.5454545454545452	0.8526835677455156	9.045576922430612
0.5519480519480517	0.8421609654416238	9.04032732625494
0.5584415584415583	0.8316383631377319	9.03615361250768
0.5649350649350654	0.8211157608338402	9.032592823086917
0.5714285714285712	0.8105931585299485	9.029647134895809
0.5779220779218214	0.8000705562258422	9.027100633573136
0.5844155844151798	0.7895479539217108	9.025026812533836
0.5909090909087851	0.779025351617708	9.023255475759711
0.5974025974022699	0.7685027493137493	9.021783988574667
0.6038961038955417	0.7579801470094676	9.020529755857181
0.6103863719960729	0.7474560005004474	9.019508940799845
0.6168695637272662	0.7369279745896201	9.018621699144967
0.6233375775068307	0.7263911572916771	9.017915247147004
0.6297843832501191	0.7158418222956473	9.017331354762204
0.6362184933425604	0.7052824706007037	9.016849471204154
0.642659067090571	0.6947236554050908	9.016494660144176
0.6489196367647302	0.6841566453420156	9.016220003659285
0.6548351440804777	0.6736261704788445	9.016000421969478
0.6622377579648799	0.6626478422420049	9.015877598388082
0.6740134234322754	0.6560023524084327	9.016023164153017
0.6845902539643979	0.6493719831271584	9.016185783030943
0.694999177499298	0.6428922144801473	9.016386230327095
0.7054435472383668	0.6363894009348569	9.0166258005288
0.7159213321146911	0.6298864747466096	9.016903718326967
0.7264242550778278	0.623385930537076	9.017218604631333
0.7369388927554509	0.6168870049502758	9.017568628653274
0.7474584574383846	0.6103906285737407	9.01795191411175
0.7579802506982896	0.6038962419855116	9.01836650188996
0.7685027493143816	0.5974025974025975	9.018810346959377
0.7790253516182734	0.5909090909090908	9.01928140046528
0.789547953922165	0.5844155844155845	9.019777669653848
0.8000705562260569	0.5779220779220778	9.020297255657452
0.8105931585299487	0.5714285714285713	9.020838382493737
0.8211157608338402	0.564935064935065	9.021399411885097
0.831638363137732	0.5584415584415585	9.021978842608341
0.8421609654416238	0.5519480519480521	9.022575300872814
0.8526835677455156	0.5454545454545456	9.023187530136314
0.8632061700494074	0.5389610389610391	9.023814386967464
0.873728772353299	0.5324675324675326	9.024454845728217
0.8842513746571907	0.5259740259740261	9.025108011154856
0.8947739769610824	0.5194805194805197	9.025773135392905
0.9052965792649742	0.5129870129870131	9.02644963488739
0.915819181568866	0.5064935064935067	9.027137102644728
0.9263417838727578	0.5000000000000002	9.027835312377322
0.9368643861766496	0.4935064935064937	9.028544212465752
0.9473869884805413	0.48701298701298723	9.029263909096173
0.9579095907844329	0.4805194805194808	9.029994638890672
0.9684321930883247	0.4740259740259743	9.030736731250542
0.9789547953922165	0.4675324675324678	9.03149055657122
0.48051948051948035	0.9789547953922164	9.451217084614946
0.48701298701298684	0.9684321930883247	9.451725123176997
0.49350649350649334	0.957909590784433	9.44747862614809
0.4999999999999998	0.9473869884805413	9.272067383758099
0.5064935064935063	0.9368643861766495	9.1936162234024
0.5129870129870128	0.9263417838727578	9.153571938887291
0.5194805194805192	0.915819181568866	9.120726344034425
0.5259740259740258	0.9052965792649743	9.098990869925311
0.5324675324675322	0.8947739769610825	9.082771119460517
0.5389610389610388	0.8842513746571907	9.069677439239173
0.5454545454545452	0.873728772353299	9.059468239945973
0.5519480519480517	0.8632061700494074	9.051778445662924
0.5584415584415582	0.8526835677455156	9.045360242868997
0.5649350649350647	0.8421609654416238	9.0401344174646
0.5714285714285713	0.8316383631377319	9.035985837406885
0.5779220779220777	0.8211157608338402	9.032451386912372
0.5844155844151715	0.8105931585297875	9.029532756460718
0.5909090909078802	0.8000705562252454	9.027014423606806
0.5974025974017874	0.7895479539211039	9.02496992924013
0.6038961038944577	0.7790253516156669	9.023228848101484
0.6103896103871381	0.7685027493096489	9.021788124475677
0.6168805930225103	0.7579789807459075	9.02056517102511
0.6233658389019435	0.7474525887566198	9.01957561000353
0.6298371608197115	0.7369196820927398	9.018719864509054
0.636286088535744	0.7263758855750314	9.018044403498799
0.6427062113170567	0.7158176745618844	9.017491114375837
0.6491275435575191	0.7052568359861356	9.017040289989597
0.6555709594095351	0.6947287247634749	9.016716537402859
0.6615608947838688	0.6842026861589515	9.016467281349248
0.6654100152052307	0.6744719455762221	9.016255297964467
0.6748222329110803	0.6686573524300039	9.016318478594611
0.684810671571471	0.6621779382481875	9.01642524863177
0.6951031969972545	0.6557769661701888	9.016587000351961
0.7054818441826001	0.6493642669956649	9.01679375319137
0.7159425714205813	0.6428692523475735	9.017042762266458
0.7264295691902685	0.6363775015327988	9.017331916616582
0.7369427708845211	0.6298771573056813	9.01765950520779
0.7474599817555924	0.6233792964836675	9.018023195508123
0.757980620769371	0.6168837099159862	9.018421144468794
0.7685027850203358	0.6103896664504903	9.018851303089777
0.7790253516182734	0.6038961038961039	9.019311499089026
0.789547953922165	0.5974025974025975	9.019799500322454
0.8000705562260567	0.5909090909090908	9.020313070800329
0.8105931585299485	0.5844155844155843	9.02085003025038
0.8211157608338402	0.5779220779220778	9.021408312738528
0.831638363137732	0.5714285714285715	9.021986007696091
0.8421609654416238	0.564935064935065	9.022581378700712
0.8526835677455155	0.5584415584415586	9.023192862994735
0.8632061700494073	0.5519480519480521	9.023819060102982
0.873728772353299	0.5454545454545456	9.02445871889772
0.8842513746571907	0.5389610389610391	9.025110729745025
0.8947739769610825	0.5324675324675326	9.02577412446268
0.9052965792649742	0.5259740259740261	9.026448083347901
0.9158191815688661	0.5194805194805197	9.027131946144072
0.9263417838727578	0.5129870129870132	9.027825222703271
0.9368643861766496	0.5064935064935067	9.028527599101865
0.9473869884805413	0.5000000000000002	9.02923893567801
0.957909590784433	0.4935064935064937	9.02995925425769
0.9684321930883247	0.48701298701298723	9.030688711610841
0.9789547953922165	0.4805194805194808	9.031427553039334
0.49350649350649334	0.9789547953922165	9.450671967052644
0.49999999999999983	0.9684321930883247	9.451108655447607
0.5064935064935062	0.9579095907844329	9.447233980308935
0.5129870129870128	0.9473869884805413	9.271741809774204
0.5194805194805193	0.9368643861766496	9.193260049661566
0.5259740259740258	0.9263417838727577	9.153227147633716
0.5324675324675322	0.915819181568866	9.120391355459356
0.5389610389610388	0.9052965792649743	9.098668674557972
0.5454545454545452	0.8947739769610825	9.082466199811892
0.5519480519480517	0.8842513746571907	9.069390560042146
0.5584415584415582	0.873728772353299	9.059201227089284
0.5649350649350647	0.8632061700494074	9.051533062337578
0.5714285714285712	0.8526835677455156	9.045138281336301
0.5779220779220777	0.8421609654416238	9.0399372375273
0.5844155844155843	0.8316383631377319	9.035815055040429
0.5909090909090876	0.821115760833821	9.032308267630839
0.5974025973822481	0.8105931585233093	9.029418035754501
0.6038961038868227	0.8000705562200532	9.02692994773295
0.6103896103826147	0.7895479539157428	9.024916660325454
0.6168831168786895	0.7790253516075749	9.023207824790267
0.6233752151244935	0.7685021134546801	9.02179979673891
0.6298616781656717	0.7579763744898004	9.020610101589618
0.6363363393351139	0.7474457621805896	9.019653594175054
0.6427876687848032	0.7369063881101989	9.01883115821203
0.6492052026725281	0.7263541368083309	9.018188287425447
0.6555863975467161	0.7157826333202045	9.01766689884699
0.6619245566643789	0.7051731035590593	9.017245235491053
0.6682376320939879	0.6943493293400369	9.016939622880336
0.674531393410169	0.6823759004290653	9.016679055617304
0.685112744995763	0.6747066033192978	9.016718295215442
0.6952221771280546	0.6685523720340434	9.016835961434856
0.7055551061847293	0.6622429206550935	9.017003665348733
0.715969128470343	0.655834124885254	9.017217931396429
0.7264439476796672	0.6493562331517354	9.017476934782282
0.7369472150074813	0.6428655802822555	9.017778455612229
0.7474620324433845	0.6363685116392683	9.018119788043393
0.7579813467120475	0.6298715379832022	9.018498565016953
0.7685029030201734	0.6233768386248706	9.018912558438913
0.779025356522688	0.6168831265086779	9.019359496408171
0.789547953922165	0.6103896103896105	9.019837037694435
0.8000705562260567	0.6038961038961039	9.020342777403568
0.8105931585299485	0.5974025974025974	9.020874269276677
0.8211157608338402	0.5909090909090908	9.021429085627249
0.831638363137732	0.5844155844155845	9.022004888008313
0.8421609654416238	0.5779220779220778	9.022599488949938
0.8526835677455156	0.5714285714285715	9.02321089423109
0.8632061700494074	0.5649350649350651	9.023837321333483
0.873728772353299	0.5584415584415586	9.024477197617779
0.8842513746571907	0.5519480519480521	9.025129146727563
0.8947739769610825	0.5454545454545456	9.025791972181695
0.9052965792649743	0.5389610389610391	9.026464644639534
0.915819181568866	0.5324675324675326	9.027146295820971
0.9263417838727578	0.5259740259740261	9.027836218783504
0.9368643861766496	0.5194805194805197	9.028533871885157
0.9473869884805413	0.5129870129870132	9.0292388824734
0.9579095907844329	0.5064935064935067	9.029951045819827
0.9684321930883247	0.5000000000000002	9.030670313976126
0.9789547953922165	0.49350649350649367	9.031396765157476
0.5064935064935062	0.9789547953922164	9.450117454898733
0.5129870129870127	0.9684321930883246	9.450503077329088
0.5194805194805192	0.9579095907844329	9.446979826531246
0.5259740259740258	0.9473869884805413	9.27140927151922
0.5324675324675322	0.9368643861766495	9.192898861025851
0.5389610389610388	0.9263417838727578	9.152874026881632
0.5454545454545452	0.915819181568866	9.12004896487012
0.5519480519480517	0.9052965792649743	9.098338166356145
0.5584415584415582	0.8947739769610825	9.082153033684692
0.5649350649350647	0.8842513746571907	9.069095657743977
0.5714285714285712	0.873728772353299	9.05892667681737
0.5779220779220777	0.8632061700494074	9.05128096082107
0.5844155844155842	0.8526835677455156	9.04491065609511
0.5909090909090908	0.8421609654416238	9.039735721792352
0.5974025974025973	0.831638363137732	9.035641496068918
0.6038961038961038	0.8211157608338402	9.032163838974101
0.6103896101547877	0.8105931584572094	9.029303954051796
0.6168831167847278	0.8000705561740621	9.026848307800977
0.6233766233274218	0.7895479538467118	9.024868402010979
0.6298701298294542	0.7790253515496266	9.023194056728942
0.6363581772004298	0.7685004202808261	9.021820825917565
0.6428360925721596	0.7579712428179687	9.020666498550042
0.6492939731190318	0.7474350376889042	9.019745069606998
0.655713270861896	0.7368891306398533	9.018957908498725
0.6620851279454517	0.7263307383053661	9.018349441231999
0.6684308194668326	0.7157502049577122	9.01786183724411
0.6745939879116821	0.7051708929867915	9.017472922781124
0.680588572415491	0.694633724762226	9.017204577409546
0.6860128665005597	0.6853770194887193	9.017035869882022
0.6953497077973777	0.6809891959709614	9.017139216170953
0.7056411646501193	0.6750296954052576	9.017267801304676
0.716005104850204	0.6687573724578613	9.017440905475114
0.7264508974394442	0.6623285107968966	9.017662114515199
0.7369520166069883	0.6558530858770765	9.01793152261218
0.7474644305653512	0.6493591682349306	9.018245648241512
0.7579826116996294	0.6428604905340536	9.018601663321762
0.7685033545581742	0.6363642689391501	9.018996724090313
0.7790254144932268	0.6298702028970394	9.01942808469848
0.789547953922165	0.6233766233766235	9.01989308081872
0.8000705562260567	0.6168831168831169	9.020389080554002
0.8105931585299485	0.6103896103896105	9.020913440792233
0.8211157608338402	0.6038961038961039	9.021463497369197
0.831638363137732	0.5974025974025975	9.022036599455896
0.8421609654416238	0.5909090909090908	9.022630167552835
0.8526835677455156	0.5844155844155845	9.023241758658417
0.8632061700494074	0.5779220779220778	9.023869124443339
0.873728772353299	0.5714285714285715	9.024510250448309
0.8842513746571907	0.5649350649350651	9.02516337167153
0.8947739769610824	0.5584415584415585	9.025826967819585
0.9052965792649743	0.5519480519480521	9.026499746024
0.915819181568866	0.5454545454545456	9.027180619483225
0.9263417838727577	0.5389610389610391	9.027868688514523
0.9368643861766496	0.5324675324675326	9.028563227336507
0.9473869884805413	0.5259740259740262	9.029263676684032
0.9579095907844329	0.5194805194805197	9.029969639649552
0.9684321930883247	0.5129870129870131	9.030680875590063
0.9789547953922165	0.5064935064935067	9.031397281784178
0.5194805194805192	0.9789547953922164	9.449548800277642
0.5259740259740256	0.9684321930883246	9.449903428513922
0.5324675324675321	0.9579095907844329	9.446713639638503
0.5389610389610386	0.9473869884805413	9.2710667180648
0.5454545454545452	0.9368643861766495	9.192530330741318
0.5519480519480517	0.9263417838727577	9.152510246989879
0.5584415584415582	0.915819181568866	9.119696972512378
0.5649350649350647	0.9052965792649742	9.097997540873159
0.5714285714285712	0.8947739769610824	9.081830059745146
0.5779220779220777	0.8842513746571907	9.068791482638416
0.5844155844155842	0.873728772353299	9.058643640735731
0.5909090909090907	0.8632061700494073	9.051021519532348
0.5974025974025972	0.8526835677455156	9.04467706598274
0.6038961038961038	0.8421609654416238	9.03952992622684
0.6103896103896104	0.8316383631377319	9.035465448970038
0.6168831168831169	0.8211157608338403	9.032018636893953
0.623376622075385	0.8105931581516079	9.02919169776399
0.6298701292885135	0.8000705559739787	9.026770842589924
0.636363636132049	0.7895479535700322	9.024826785837504
0.6428536946900346	0.7790240384012644	9.023189266037349
0.6493358251012707	0.7684968857369959	9.021853249918985
0.6558010689814463	0.7579630229687296	9.020736632295664
0.6622372444254832	0.747421696416264	9.019852628140457
0.6686053146514794	0.7368733767684214	9.0191029063187
0.6749238036010504	0.7263240255008818	9.018531411141682
0.6811786761485723	0.7158137429035402	9.018082235502712
0.6870271796121022	0.7053464406182934	9.017727491438118
0.6944504418240828	0.6943141626597551	9.017500273184977
0.7056588516856865	0.6879553229186951	9.017592501123687
0.7161079443480416	0.6816231009393556	9.01772044894564
0.7265102143247626	0.6752613637287003	9.01789842079306
0.7369567344104337	0.6688438492092088	9.01812811706162
0.7474689580998821	0.6623545961573851	9.018408496216948
0.7579854918520764	0.6558532753605822	9.018736007069458
0.7685049773058932	0.6493531203057817	9.019107643344713
0.7790258965533025	0.6428576619236636	9.019520078193809
0.7895480197806855	0.6363637011157262	9.019970041917846
0.8000705562260568	0.6298701298701299	9.020454362519622
0.8105931585299485	0.6233766233766235	9.020969979648335
0.8211157608338402	0.6168831168831169	9.021513907370943
0.831638363137732	0.6103896103896105	9.02208320943893
0.8421609654416238	0.6038961038961039	9.022675003158215
0.8526835677455156	0.5974025974025975	9.023286489279466
0.8632061700494074	0.5909090909090908	9.02391500127098
0.873728772353299	0.5844155844155844	9.024558063325314
0.8842513746571908	0.5779220779220778	9.025213441876977
0.8947739769610825	0.5714285714285715	9.025879178560523
0.9052965792649742	0.564935064935065	9.026553600247906
0.915819181568866	0.5584415584415585	9.02723530905758
0.9263417838727578	0.5519480519480521	9.027923159448024
0.9368643861766495	0.5454545454545456	9.028616230406316
0.9473869884805413	0.5389610389610391	9.029313799090856
0.9579095907844329	0.5324675324675326	9.030015319091762
0.9684321930883247	0.5259740259740262	9.030720402233856
0.9789547953922165	0.5194805194805197	9.031428795921066
0.5324675324675322	0.9789547953922165	9.448961390692874
0.5389610389610386	0.9684321930883247	9.449305033771886
0.5454545454545451	0.9579095907844329	9.44643254737795
0.5519480519480517	0.9473869884805413	9.270711230572457
0.5584415584415582	0.9368643861766496	9.19215197200868
0.5649350649350647	0.9263417838727578	9.152133567552427
0.5714285714285712	0.915819181568866	9.119333175550453
0.5779220779220777	0.9052965792649742	9.09764498176299
0.5844155844155842	0.8947739769610825	9.081495730790975
0.5909090909090907	0.8842513746571907	9.068476818339375
0.5974025974025972	0.873728772353299	9.058351222679882
0.6038961038961037	0.8632061700494074	9.050754196293617
0.6103896103896103	0.8526835677455156	9.044437321464931
0.6168831168831169	0.8421609654416238	9.039320050421464
0.6233766233766234	0.8316383631377319	9.035287284839152
0.6298701298701299	0.8211157608338403	9.031873558638972
0.6363636214287834	0.8105931542939326	9.029082504615106
0.64285679932434	0.8000704262105587	9.026699136215127
0.6493482549546049	0.789547094096925	9.024793605239209
0.6558333387955352	0.7790214557476824	9.023195671457765
0.6623049060358772	0.7684909601682159	9.021899437681968
0.668756562540208	0.7579524658256488	9.020823209906142
0.6751506160606211	0.7474071494794751	9.019978998648506
0.681472157827468	0.7368616211881859	9.019268978217257
0.6876544084188018	0.7263148923224056	9.018734063100574
0.6937437213403809	0.7158154690031733	9.018319380515917
0.6975927072747103	0.7063864156546111	9.018000935841526
0.7064667670748572	0.7009098901816498	9.018009475451015
0.7164678907733942	0.6943916490822891	9.01806674923249
0.7267062510284159	0.6880965237384551	9.018194045809322
0.7370715471362517	0.6817474895970242	9.018378790462288
0.747475201123469	0.6753591067070853	9.018617518621094
0.7579931544693398	0.6688517090011502	9.018910157155796
0.7685089846072124	0.6623467833476936	9.019252253449578
0.779027971950776	0.6558468805090051	9.019640618517997
0.7895485385145083	0.6493512643653362	9.020071539211413
0.8000706051243562	0.6428571909339453	9.020541272865229
0.8105931585299485	0.6363636363636365	9.021046101407572
0.8211157608338402	0.6298701298701299	9.021582444540549
0.831638363137732	0.6233766233766235	9.02214687486311
0.8421609654416238	0.6168831168831169	9.02273610183414
0.8526835677455156	0.6103896103896105	9.02334696556794
0.8632061700494074	0.6038961038961039	9.023976441048775
0.873728772353299	0.5974025974025975	9.024621661201175
0.8842513746571908	0.5909090909090908	9.025279958554007
0.8947739769610825	0.5844155844155845	9.02594891410254
0.9052965792649743	0.577922077922078	9.02662639876479
0.915819181568866	0.5714285714285715	9.027310596791056
0.9263417838727577	0.5649350649350651	9.028000007400857
0.9368643861766495	0.5584415584415586	9.028693427215755
0.9473869884805413	0.5519480519480521	9.029389919852944
0.957909590784433	0.5454545454545456	9.03008877971011
0.9684321930883247	0.5389610389610391	9.03078949430993
0.9789547953922164	0.5324675324675326	9.031491702122919
0.5454545454545452	0.9789547953922165	9.448350705411372
0.5519480519480517	0.9684321930883247	9.448703524625264
0.5584415584415582	0.9579095907844329	9.44613322665897
0.5649350649350647	0.9473869884805413	9.270340076477972
0.5714285714285712	0.9368643861766495	9.191761084787759
0.5779220779220777	0.9263417838727577	9.151741815885758
0.5844155844155842	0.915819181568866	9.118955369971786
0.5909090909090907	0.9052965792649743	9.097278663171915
0.5974025974025972	0.8947739769610825	9.081148516988934
0.6038961038961037	0.8842513746571907	9.068150493757416
0.6103896103896101	0.873728772353299	9.058048596542882
0.6168831168831167	0.8632061700494074	9.050478553113644
0.6233766233766231	0.8526835677455156	9.044191384371317
0.6298701298701298	0.8421609654416238	9.039106428116847
0.6363636363636366	0.8316383631377321	9.035107522882948
0.6428571428571433	0.8211157608338403	9.031730086401645
0.6493505678877148	0.8105931359456405	9.028977914280041
0.6558428075262795	0.8000700972539857	9.026635098010352
0.6623302138660855	0.7895454348046478	9.0247711474328
0.6688064283944058	0.7790174424429571	9.02321582013782
0.675265854563332	0.7684847764161592	9.021962420378346
0.6817009442565249	0.7579453740355089	9.020929787686333
0.6880499496249767	0.7473841079056113	9.020126815918102
0.6942543575290536	0.7368580212271149	9.019458398054477
0.7003177439780695	0.7262125474931453	9.018956075651973
0.7066764287051	0.714581588397655	9.018529470854135
0.7169115527374598	0.7069192684347022	9.018481921759134
0.7269848509690741	0.7008201317400307	9.018554305954895
0.737242080367919	0.6946000783304486	9.018689035452653
0.7475864904297379	0.688274185164441	9.018882188683806
0.7580173293078574	0.6818450919273257	9.019132487630545
0.7685173990534357	0.6753469126638457	9.019438735247235
0.7790323657783781	0.6688414243911831	9.019797091503746
0.7895507275422649	0.6623409018766113	9.020203648771355
0.8000710457251382	0.6558447544092102	9.020654367932876
0.8105931783535837	0.649350668841245	9.021145080007344
0.8211157608338403	0.6428571428571429	9.021671535458694
0.831638363137732	0.6363636363636365	9.022229618224825
0.8421609654416238	0.6298701298701299	9.022815400140901
0.8526835677455156	0.6233766233766235	9.023425161494911
0.8632061700494074	0.6168831168831169	9.024055402656316
0.873728772353299	0.6103896103896105	9.024702840755294
0.8842513746571908	0.6038961038961039	9.02536441093959
0.8947739769610825	0.5974025974025975	9.0260372839136
0.9052965792649743	0.5909090909090909	9.026718898043312
0.9158191815688661	0.5844155844155845	9.027406995534603
0.9263417838727578	0.577922077922078	9.028099650414612
0.9368643861766496	0.5714285714285715	9.028795279487534
0.9473869884805413	0.5649350649350651	9.029492633038261
0.957909590784433	0.5584415584415586	9.0301907670281
0.9684321930883247	0.5519480519480521	9.030889000467669
0.9789547953922164	0.5454545454545456	9.031586857186353
0.5584415584415582	0.9789547953922164	9.447712234929226
0.5649350649350647	0.9684321930883247	9.448094920119773
0.5714285714285712	0.957909590784433	9.445811788035883
0.5779220779220777	0.9473869884805413	9.269950757542544
0.5844155844155842	0.9368643861766495	9.191354722647807
0.5909090909090907	0.9263417838727578	9.151332853744021
0.5974025974025972	0.915819181568866	9.118561363220046
0.6038961038961037	0.9052965792649743	9.096896753279305
0.6103896103896101	0.8947739769610825	9.080786907483796
0.6168831168831166	0.8842513746571908	9.067811395842382
0.6233766233766231	0.873728772353299	9.057735027428329
0.6298701298701296	0.8632061700494074	9.050194289401176
0.6363636363636361	0.8526835677455157	9.043939411376956
0.642857142857143	0.8421609654416241	9.038889494989926
0.6493506493506498	0.8316383631377325	9.034927012519207
0.6558441558441567	0.8211157608338414	9.031589767844446
0.662337224084112	0.8105930386495994	9.02887984259395
0.6688267388441261	0.8000691987524399	9.026580966235928
0.6753074815580153	0.7895426608516405	9.024762059184276
0.6817726284469211	0.7790128936193418	9.023252801182537
0.6882224282750294	0.7684831752669284	9.02204588900183
0.6946360660271551	0.7579576660146232	9.021061171655946
0.700791351947279	0.7474982192134554	9.020308359877715
0.706749219499154	0.7371386651662801	9.019688650851661
0.7128256721272991	0.7265645151102934	9.019229030061974
0.7177300533923574	0.7173001439076154	9.018912225653473
0.7271706632836075	0.7134683451705652	9.018993764225177
0.7374286190856907	0.7074281317407453	9.019072725115395
0.747722851708644	0.7011811627462482	9.019211936432859
0.7580996203006111	0.6948043349982077	9.019413280465658
0.7685509015530781	0.6883411537965688	9.019676139170583
0.7790393026652754	0.6818438315434209	9.01999752294048
0.7895552924034055	0.6753362420512407	9.020373892817856
0.8000729739013827	0.6688343483839772	9.020800273403621
0.8105934996715086	0.6623381448143726	9.021272287643777
0.8211157642321777	0.6558441591854011	9.021785252934045
0.831638363137732	0.6493506493506495	9.022334415662371
0.8421609654416238	0.6428571428571429	9.02291513911961
0.8526835677455155	0.6363636363636366	9.02352297571175
0.8632061700494074	0.6298701298701299	9.024153731771369
0.873728772353299	0.6233766233766235	9.02480351336201
0.8842513746571907	0.616883116883117	9.025468737117889
0.8947739769610825	0.6103896103896105	9.026146124984704
0.9052965792649742	0.6038961038961039	9.026832701345683
0.915819181568866	0.5974025974025975	9.027525801543726
0.9263417838727578	0.5909090909090908	9.028223090268137
0.9368643861766496	0.5844155844155844	9.028922581527725
0.9473869884805414	0.577922077922078	9.02962265029828
0.9579095907844329	0.5714285714285715	9.030322028088323
0.9684321930883247	0.5649350649350651	9.03101977765862
0.9789547953922165	0.5584415584415585	9.031715240659878
0.5714285714285712	0.9789547953922165	9.447041266359776
0.5779220779220777	0.9684321930883247	9.447475732954787
0.5844155844155842	0.957909590784433	9.445463639269862
0.5909090909090907	0.9473869884805413	9.269541111050977
0.5974025974025972	0.9368643861766495	9.190929659437371
0.6038961038961037	0.9263417838727577	9.150904521471132
0.6103896103896101	0.915819181568866	9.118148989544244
0.6168831168831166	0.9052965792649743	9.096497421285198
0.623376623376623	0.8947739769610825	9.08040941129295
0.6298701298701295	0.8842513746571908	9.067458483569226
0.636363636363636	0.8737287723532993	9.057409897745133
0.6428571428571427	0.8632061700494075	9.04990128906479
0.6493506493506492	0.8526835677455158	9.04368177019669
0.655844155844156	0.8421609654416244	9.038669863748455
0.6623376623376628	0.8316383631377332	9.034747289332577
0.668831168831168	0.8211157608338423	9.031454449384865
0.6753223679466601	0.8105925341074532	9.028790571206217
0.6818064271627927	0.8000671987585757	9.026539398876041
0.6882774262110036	0.7895380586531702	9.024769417529102
0.6947386472267453	0.7790071974445496	9.023309924515921
0.70110478714043	0.7684952688625873	9.022153852718226
0.7074477371736123	0.7580091639871327	9.021221182112152
0.7133227369369042	0.7476323331925205	9.020515563794063
0.7191375599642361	0.7373922676131827	9.019946168542049
0.7263430272248778	0.7267618780838818	9.019539704472471
0.7376028758377426	0.7203513565480701	9.01955071571522
0.7478630017572185	0.7141296659314318	9.019622537274826
0.7582088158915041	0.7077601899424608	9.019763778509066
0.768610578543471	0.7013274922821549	9.019974346430915
0.7790702005394866	0.6948456604166794	9.020251235063368
0.7895634904462435	0.6883398441340538	9.020590103406152
0.8000776217068067	0.6818290629447198	9.020986299068708
0.8105949050115274	0.6753271366227772	9.02143441215418
0.8211159519419202	0.6688314644802075	9.021929421995681
0.8316383631377319	0.6623376623376624	9.022466034983823
0.8421609654416238	0.6558441558441559	9.023038994423763
0.8526835677455155	0.6493506493506496	9.023643160417956
0.8632061700494073	0.6428571428571429	9.024273577316926
0.873728772353299	0.6363636363636366	9.024925570700404
0.8842513746571908	0.62987012987013	9.025594826558413
0.8947739769610825	0.6233766233766235	9.02627742967303
0.9052965792649742	0.6168831168831169	9.026969868935181
0.915819181568866	0.6103896103896105	9.027669026128043
0.9263417838727577	0.6038961038961039	9.028372163536934
0.9368643861766496	0.5974025974025974	9.029076918348862
0.9473869884805413	0.590909090909091	9.029781303327185
0.957909590784433	0.5844155844155845	9.030483707156165
0.9684321930883247	0.577922077922078	9.031182884676417
0.9789547953922165	0.5714285714285715	9.031877923048585
0.5844155844155843	0.9789547953922165	9.446332617245249
0.5909090909090907	0.9684321930883247	9.446843053442178
0.5974025974025972	0.957909590784433	9.4450832821242
0.6038961038961037	0.9473869884805413	9.269109593227007
0.6103896103896101	0.9368643861766496	9.1904823921541
0.6168831168831166	0.9263417838727578	9.150454533853496
0.6233766233766231	0.9158191815688661	9.11771610494151
0.6298701298701296	0.9052965792649743	9.096078848619358
0.636363636363636	0.8947739769610825	9.080014564436626
0.6428571428571425	0.884251374657191	9.067090806464195
0.6493506493506491	0.8737287723532993	9.057072743073006
0.6558441558441557	0.8632061700494077	9.049599678663087
0.6623376623376621	0.8526835677455161	9.043419012551103
0.6688311688311688	0.8421609654416244	9.038448433116228
0.6753246753246748	0.8316383631377327	9.034570537948396
0.6818181818181794	0.8211157608338403	9.03132649209004
0.6883048902102155	0.8105915463998699	9.028712939973992
0.6947799094089097	0.8000639541334387	9.026513665058795
0.7012405576474282	0.7895302980462505	9.024796816022873
0.7076578306090624	0.7789972028484822	9.023390544568914
0.7139260135309754	0.768517207613808	9.022288994516176
0.7200350906780226	0.7580512015643506	9.021406562276121
0.7257754623591213	0.7477044816107217	9.020746691402648
0.7296651493882218	0.7383473523970578	9.020237307123681
0.7384640538348463	0.7329780111796441	9.020154542379112
0.7483942143707978	0.7268570859957338	9.020139784768388
0.7584456302981366	0.7206456229272665	9.020204739071934
0.7687407064338331	0.7142848124527431	9.020349926468525
0.7791448652220377	0.7078347385369806	9.020570996258558
0.7895906346614919	0.7013467703732278	9.020862670746252
0.8000880913765912	0.6948308580703159	9.021220721369906
0.8105989155655599	0.6883196664275677	9.02163867590009
0.8211166951472803	0.6818195318725492	9.022110574828913
0.8316384341846935	0.6753247888611195	9.022630408869595
0.8421609654416238	0.668831168831169	9.023192163609378
0.8526835677455156	0.6623376623376626	9.023790029948039
0.8632061700494074	0.655844155844156	9.02441835154744
0.873728772353299	0.6493506493506497	9.0250716814119
0.8842513746571908	0.6428571428571431	9.025744885680263
0.8947739769610825	0.6363636363636365	9.026433240413638
0.9052965792649743	0.6298701298701299	9.027132496024313
0.915819181568866	0.6233766233766235	9.027838902539203
0.9263417838727577	0.6168831168831169	9.028549203007382
0.9368643861766495	0.6103896103896105	9.029260609473072
0.9473869884805413	0.6038961038961039	9.02997077495037
0.9579095907844329	0.5974025974025974	9.030677768483933
0.9684321930883246	0.5909090909090909	9.031380051840701
0.9789547953922165	0.5844155844155845	9.032076445574594
0.5974025974025973	0.9789547953922164	9.44558038980456
0.6038961038961037	0.9684321930883247	9.446194537318865
0.6103896103896101	0.9579095907844329	9.444663952866208
0.6168831168831166	0.9473869884805413	9.26865582996851
0.623376623376623	0.9368643861766496	9.190009281326944
0.6298701298701296	0.9263417838727577	9.149980289134275
0.6363636363636361	0.915819181568866	9.117260513733681
0.6428571428571426	0.9052965792649743	9.095639242236262
0.649350649350649	0.8947739769610826	9.079600953014063
0.6558441558441557	0.884251374657191	9.066707535780251
0.6623376623376621	0.8737287723532994	9.05672330697311
0.6688311688311686	0.8632061700494078	9.049289880063943
0.6753246753246751	0.8526835677455159	9.043151885767335
0.6818181818181818	0.8421609654416239	9.038226738636235
0.6883116883116883	0.8316383631377321	9.034399049026076
0.694805194805196	0.821115760833839	9.031208880451162
0.7012846456270919	0.8105911692756043	9.028650657712147
0.707752597989839	0.8000624054601236	9.026508280960593
0.7141835918224332	0.7895183341692097	9.024848562141878
0.720441812024598	0.7790500948218192	9.023506409788736
0.7266366047209	0.76854828375257	9.022454363713726
0.7325792882797644	0.7579764933263343	9.021615620943315
0.7389540592814126	0.7464467014387228	9.020931554626898
0.7493184271484932	0.7392645684067298	9.020776527522905
0.7589232449047305	0.7333481041089506	9.020757946595554
0.7689659742992117	0.7271811401308641	9.02082457601601
0.7792514305965589	0.7208242060957925	9.020975458333096
0.7896505087759031	0.7143529550968442	9.021207244863616
0.800113061749501	0.7078377681977693	9.021515697725237
0.8106093060061271	0.7013168123436424	9.021894449129322
0.8211196949403264	0.6948094625552317	9.022336281660243
0.8316386352293107	0.688312079827199	9.02283401151365
0.8421609776211029	0.6818182012815724	9.023380513165336
0.8526835677455156	0.6753246753246754	9.023968933799452
0.8632061700494074	0.668831168831169	9.024592802489183
0.873728772353299	0.6623376623376626	9.025245888584026
0.8842513746571908	0.6558441558441561	9.025922253053578
0.8947739769610825	0.6493506493506496	9.026616333348137
0.9052965792649743	0.6428571428571429	9.027323035084038
0.915819181568866	0.6363636363636365	9.02803780736028
0.9263417838727577	0.6298701298701299	9.028756684616816
0.9368643861766496	0.6233766233766235	9.029476290854815
0.9473869884805413	0.616883116883117	9.030193813491197
0.9579095907844329	0.6103896103896105	9.030906959207236
0.9684321930883247	0.6038961038961039	9.031613901577463
0.9789547953922165	0.5974025974025975	9.032313219105601
0.6103896103896101	0.9789547953922165	9.444777812215477
0.6168831168831166	0.9684321930883247	9.445528166559301
0.623376623376623	0.9579095907844329	9.44419697902873
0.6298701298701296	0.9473869884805414	9.268181644614542
0.636363636363636	0.9368643861766496	9.18950697113702
0.6428571428571427	0.9263417838727578	9.149478623659896
0.649350649350649	0.9158191815688661	9.116779835027986
0.6558441558441556	0.9052965792649743	9.095176829120147
0.6623376623376621	0.8947739769610826	9.079167252184803
0.6688311688311686	0.8842513746571911	9.066308014830343
0.6753246753246751	0.8737287723532993	9.056361621863987
0.6818181818181817	0.8632061700494075	9.048972606472818
0.6883116883116883	0.8526835677455157	9.04288145411436
0.6948051948051955	0.8421609654416239	9.038007535082826
0.7012987012987036	0.8316383631377328	9.034235705036407
0.7077922077922155	0.8211157608338424	9.03110528697813
0.7142609560128275	0.810595004704865	9.028608597911337
0.720715054841413	0.8000734917525332	9.02652986542171
0.7269954388027937	0.7896182238014382	9.024945678166345
0.7390765439892893	0.7688675982078993	9.022679023172175
0.7331171598403549	0.7792288439457812	9.023668642603134
0.7449141428498947	0.758253880484421	9.02188892506818
0.7499909951366394	0.7495318767365733	9.021405917304165
0.7592333961748885	0.7460995747526535	9.021438929151566
0.7691818271368551	0.7400406324404555	9.02141862595336
0.7793174993643821	0.7338694470392448	9.021488392261013
0.7897250980368561	0.7273784074360141	9.021645229461788
0.8001597861557568	0.7208520023266334	9.021889695797208
0.8106318442337312	0.7143179448545726	9.022216321491824
0.8211291877884205	0.7078020696986428	9.02261780877471
0.8316408872922524	0.7013001564931033	9.023085506289796
0.8421609654416238	0.694805194805195	9.02361094888782
0.8526835677455156	0.6883116883116884	9.02418582928493
0.8632061700494074	0.681818181818182	9.024802338475482
0.873728772353299	0.6753246753246754	9.025453184352374
0.8842513746571907	0.668831168831169	9.026131467632998
0.8947739769610824	0.6623376623376624	9.026830726707962
0.9052965792649743	0.6558441558441559	9.027544991837914
0.915819181568866	0.6493506493506495	9.028268851467674
0.9263417838727578	0.6428571428571429	9.028997516443143
0.9368643861766495	0.6363636363636365	9.029726863360423
0.9473869884805413	0.6298701298701299	9.030453444700226
0.9579095907844329	0.6233766233766235	9.031174463466392
0.9684321930883247	0.616883116883117	9.031887716955149
0.9789547953922165	0.6103896103896105	9.032591511194594
0.6233766233766231	0.9789547953922165	9.443917224874959
0.6298701298701297	0.9684321930883247	9.444841530877753
0.636363636363636	0.9579095907844329	9.44367113819259
0.6428571428571426	0.9473869884805413	9.267691761866983
0.6493506493506491	0.9368643861766495	9.188972973565997
0.6558441558441556	0.9263417838727578	9.148946012526212
0.6623376623376621	0.9158191815688661	9.116271448721099
0.6688311688311686	0.9052965792649744	9.09468985096172
0.675324675324675	0.8947739769610826	9.078712278267474
0.6818181818181817	0.8842513746571906	9.065891833238938
0.6883116883116882	0.873728772353299	9.055988107731936
0.6948051948051951	0.8632061700494074	9.048648791786981
0.7012987012987021	0.8526835677455155	9.0426094046213
0.7077922077922095	0.8421609654416243	9.037794058988217
0.7142857142857172	0.8316383631377343	9.034084180422655
0.720767645333706	0.821119371464411	9.031021308880243
0.7272395288210811	0.8106058401883375	9.028592357507236
0.7336738640870916	0.8001134957103225	9.026585996039806
0.7513909492201468	0.7697139927143802	9.022992394336113
0.7398256193733327	0.7897697621051286	9.02508462714301
0.7457125030361328	0.7795443865519242	9.023881759668358
0.7580186618089219	0.7589447051892816	9.022245203590359
0.7692360768980572	0.7529477556360176	9.022151570619824
0.7794259892546976	0.7467849446795879	9.022127908502386
0.7898053386372581	0.7404399246865342	9.022199867957246
0.800222920764301	0.7338881178335974	9.022364435515
0.810669704404825	0.7273279811968062	9.022623757974976
0.8211491208951806	0.720795903352344	9.022971448961156
0.8316493378884756	0.714290025485348	9.023398091292641
0.8421621834543815	0.7077926097040983	9.023893647368569
0.8526839256063813	0.701298868579214	9.024448646632548
0.8632061700494074	0.6948051948051949	9.025053416786307
0.873728772353299	0.6883116883116884	9.025699208017706
0.8842513746571907	0.681818181818182	9.026377740764017
0.8947739769610824	0.6753246753246754	9.027081349122168
0.9052965792649742	0.668831168831169	9.027802999869166
0.9158191815688661	0.6623376623376624	9.028536322801786
0.9263417838727578	0.6558441558441559	9.029275642669752
0.9368643861766496	0.6493506493506496	9.030016012776498
0.9473869884805413	0.642857142857143	9.030753238968648
0.957909590784433	0.6363636363636365	9.031483880304831
0.9684321930883247	0.6298701298701299	9.032205215786165
0.9789547953922164	0.6233766233766235	9.032915166243201
0.6363636363636361	0.9789547953922165	9.442990305041674
0.6428571428571427	0.9684321930883247	9.444130349974772
0.6493506493506491	0.957909590784433	9.443074176086837
0.6558441558441557	0.9473869884805413	9.267189975307737
0.6623376623376621	0.9368643861766496	9.188405983429321
0.6688311688311686	0.9263417838727579	9.148379119225305
0.6753246753246751	0.9158191815688661	9.115732576723003
0.6818181818181817	0.9052965792649742	9.094176576105673
0.6883116883116882	0.8947739769610822	9.078235041690247
0.6948051948051949	0.8842513746571908	9.065458928093266
0.7012987012987014	0.873728772353299	9.055603631590186
0.7077922077922086	0.8632061700494074	9.048319656113135
0.7142857142857161	0.8526835677455158	9.042338908529578
0.7207792207792235	0.8421609654416254	9.037590073974586
0.7272643512917031	0.831638875494569	9.0339493420178
0.7337383555257775	0.8211242306020226	9.030961892238333
0.740213128190537	0.8106229968531323	9.028607100234437
0.7465413244515148	0.800198192771738	9.026684939005596
0.7612357566168982	0.7706087002964164	9.02329715705117
0.7579514771774911	0.7797704115367923	9.024115783255837
0.7529132686161819	0.7899157108015629	9.02526695682304
0.7701293157659284	0.7654571557045089	9.023075290190905
0.7797324791672512	0.75955687777406	9.022928175355945
0.7898762910201003	0.7537020413652736	9.022909773207902
0.8002924767021091	0.7469874641743819	9.022966781608917
0.8107149549040141	0.7403481350362019	9.023138748824188
0.8211786362892401	0.7337893013494897	9.023416990165815
0.8316642282271397	0.7272803888163635	9.023789145472472
0.8421698584844295	0.7207815303428786	9.024243553073442
0.8526858698725984	0.7142867061593391	9.024769249760118
0.8632063604460299	0.7077923397505034	9.02535535424032
0.873728772353299	0.7012987012987014	9.025991395124239
0.8842513746571907	0.694805194805195	9.026667318640662
0.8947739769610824	0.6883116883116884	9.027373824704169
0.9052965792649742	0.681818181818182	9.028102413290606
0.915819181568866	0.6753246753246754	9.028845438609936
0.9263417838727578	0.6688311688311689	9.029596133158229
0.9368643861766496	0.6623376623376623	9.030348608670266
0.9473869884805413	0.6558441558441559	9.031097848477218
0.9579095907844329	0.6493506493506496	9.031839692577455
0.9684321930883247	0.6428571428571429	9.032570806222274
0.9789547953922164	0.6363636363636365	9.033288612512218
0.6493506493506491	0.9789547953922164	9.44198845840461
0.6558441558441557	0.9684321930883247	9.443386513038346
0.6623376623376621	0.9579095907844329	9.442394419498056
0.6688311688311686	0.9473869884805414	9.266678475247728
0.6753246753246751	0.9368643861766497	9.187804815999831
0.6818181818181817	0.9263417838727578	9.147775190021319
0.6883116883116882	0.9158191815688658	9.115160436279199
0.6948051948051948	0.9052965792649741	9.093635343879386
0.7012987012987013	0.8947739769610822	9.077734822629322
0.707792207792208	0.8842513746571908	9.065009715626472
0.7142857142857147	0.8737287723532994	9.055209460389483
0.7207786923296587	0.8632058964343633	9.047986886353302
0.7272700320779322	0.8526822279162184	9.04207395208769
0.7337593195345428	0.8421577569744886	9.037399324341601
0.7402378796538169	0.831636920937571	9.033836052725944
0.7466960244183015	0.8211249893046798	9.030932477423216
0.753122284921572	0.8106299183756573	9.028655655850313
0.7594988370848195	0.8001389584965906	9.026804072212768
0.7706393521267725	0.779170491762875	9.024304425969646
0.7657305280840156	0.7895560169524585	9.025431364136237
0.7796929117828593	0.77165910907667	9.023863262359654
0.7793875101284876	0.7795331977499986	9.024570884425266
0.7900342902818643	0.7667902601823021	9.023798938278103
0.8004026924723587	0.7601727454310944	9.023732319050369
0.8107398330957567	0.7533754333934906	9.023786473039372
0.8212038416950196	0.7467655805689124	9.023976143832686
0.8316834963363737	0.7402644310839094	9.024279085244407
0.8421795270054994	0.7337708887810278	9.024678843839768
0.8526901790713747	0.7272749594271158	9.025163696862966
0.8632074547103955	0.720780006798538	9.025721641828582
0.8737288466500258	0.7142857698172665	9.02634071475307
0.8842513746571908	0.7077922077922079	9.02700907605095
0.8947739769610825	0.7012987012987014	9.027715508167502
0.9052965792649742	0.6948051948051949	9.028449673763644
0.915819181568866	0.6883116883116884	9.029202223370525
0.9263417838727577	0.6818181818181819	9.029964894413633
0.9368643861766495	0.6753246753246754	9.030730543325602
0.9473869884805413	0.668831168831169	9.031493125232599
0.9579095907844329	0.6623376623376624	9.032247643336115
0.9684321930883247	0.6558441558441559	9.032990079611542
0.9789547953922164	0.6493506493506495	9.03371729935486
0.6623376623376621	0.9789547953922165	9.440903422096902
0.6688311688311686	0.9684321930883247	9.442596166603563
0.6753246753246751	0.9579095907844328	9.441623989450768
0.6818181818181817	0.9473869884805411	9.266157795658573
0.6883116883116882	0.9368643861766496	9.18716682859896
0.6948051948051948	0.9263417838727577	9.147131774722778
0.7012987012987013	0.9158191815688658	9.114552333934107
0.7077922077922079	0.9052965792649741	9.093064659754804
0.7142857142857144	0.8947739769610825	9.07721130324502
0.720779220779221	0.8842513746571911	9.064545204979515
0.7272727272727275	0.8737287723532995	9.05480732013464
0.7337639553166077	0.863204958060057	9.047653683333747
0.7402506966153887	0.8526788784776459	9.041819016759005
0.7467330496777894	0.8421513220943112	9.037228148784314
0.7532037082617581	0.8316274297162941	9.033750227463749
0.7596489260294222	0.8211099760221711	9.030938017050188
0.7660963910320908	0.8105928424164062	9.028741255474428
0.7725859898555466	0.7999440182694911	9.026961695102253
0.7790996924196538	0.7887040365504757	9.025606878335088
0.7884077907058432	0.7796660748819538	9.024838211752835
0.8000242384042545	0.7730421528299805	9.024652332679933
0.8106437497585594	0.7662682132896353	9.024584831089625
0.8211890116220963	0.7597277368114119	9.024673123980579
0.8316895704183066	0.753251280378465	9.024890394880801
0.8421889838505542	0.7467604854233741	9.02522017066167
0.8526964457104153	0.740263874646539	9.025650699428263
0.8632100854897803	0.7337682433848544	9.026169071217717
0.8737294566768931	0.7272731064541232	9.026761876385878
0.8842513934278712	0.7207792303079751	9.027415568395199
0.8947739769610825	0.7142857142857144	9.028116968754112
0.9052965792649743	0.7077922077922079	9.028853707480033
0.915819181568866	0.7012987012987014	9.029614450808923
0.9263417838727577	0.6948051948051949	9.030389057417159
0.9368643861766495	0.6883116883116884	9.031168708956882
0.9473869884805413	0.681818181818182	9.031945952948481
0.9579095907844329	0.6753246753246754	9.032714668051376
0.9684321930883247	0.668831168831169	9.033469970861418
0.9789547953922165	0.6623376623376624	9.034208072408491
0.6753246753246751	0.9789547953922164	9.439726851104064
0.6818181818181817	0.9684321930883245	9.441743999724261
0.6883116883116882	0.9579095907844326	9.440762852420983
0.6948051948051946	0.9473869884805411	9.265624147747713
0.7012987012987013	0.9368643861766496	9.186488192227555
0.7077922077922078	0.9263417838727577	9.146446194155784
0.7142857142857143	0.915819181568866	9.113905740620185
0.720779220779221	0.9052965792649743	9.09246332428035
0.7272727272727274	0.8947739769610829	9.07666475025958
0.7337662337662336	0.8842513746571913	9.064066974760207
0.7402597402597397	0.8737287723532995	9.054399693524664
0.7467443202729376	0.8632012789558461	9.047325008616921
0.7532234298677296	0.852670482775085	9.041579090778447
0.7596966289052567	0.8421374681413267	9.037082908610323
0.7661640206464555	0.8316088996184505	9.03370003877445
0.7725879641212551	0.821078389664668	9.030987830855471
0.7789946073423593	0.8105712704857888	9.028885793752101
0.7857134718562079	0.7999931075013462	9.027231091557804
0.790481173554329	0.7906278902248507	9.026142269902085
0.8000081555979822	0.7856728353233217	9.025841693060277
0.8105872375564497	0.7793105452419516	9.025621284516523
0.8211331045249861	0.7727683237432282	9.02556034975928
0.8316724931402174	0.7662582064266609	9.025658129581851
0.8421937515928639	0.7597582981257434	9.025894707521589
0.8527044569836669	0.7532570569958358	9.026252818832623
0.8632149889295994	0.7467580024031437	9.026717142786024
0.8737313438777591	0.7402611694584208	9.027272247796546
0.8842517598496071	0.733766348704047	9.027902381432488
0.8947739790955964	0.7272727272609126	9.02859212290594
0.9052965792649743	0.720779220779221	9.029326817243644
0.9158191815688661	0.7142857142857144	9.03009293357573
0.9263417838727578	0.7077922077922079	9.030878223822024
0.9368643861766495	0.7012987012987014	9.031671883520573
0.9473869884805413	0.694805194805195	9.032464678766287
0.957909590784433	0.6883116883116884	9.033248982564745
0.9684321930883247	0.681818181818182	9.034018717534451
0.9789547953922164	0.6753246753246754	9.034769204309313
0.6883116883116882	0.9789547953922164	9.4384480325684
0.6948051948051948	0.9684321930883245	9.440820933701618
0.7012987012987013	0.9579095907844327	9.439802227096395
0.7077922077922078	0.9473869884805411	9.265073842260152
0.7142857142857143	0.9368643861766496	9.185764649822085
0.7207792207792206	0.9263417838727578	9.145715529386782
0.7272727272727271	0.9158191815688661	9.113218399263173
0.7337662337662336	0.9052965792649742	9.091830614410007
0.7402597402597401	0.8947739769610824	9.07609620861591
0.7467503426837488	0.8842499792983519	9.063575696725835
0.7532372959998553	0.8737239622903417	9.053987322032837
0.7597150299561469	0.8631918749893375	9.047006219875122
0.7661820075674074	0.8526518191548988	9.04136007512664
0.772647686464521	0.8421085613021919	9.036970394123623
0.7791163100906373	0.8315714894465714	9.033693375816242
0.7854918165175275	0.8210169004169543	9.031090992707497
0.791631938646777	0.8104087694350506	9.02907776401821
0.7989849382202777	0.7991492748831298	9.027443137961788
0.8106322040508177	0.7923194207404602	9.026965106753378
0.8210822167137076	0.7857926225220311	9.026700273166396
0.8316342970207955	0.7792836073998153	9.026634962431546
0.8421943462192457	0.772767816243507	9.026743429691424
0.8527156906893613	0.7662590992288902	9.02700196168505
0.8632243683267684	0.7597525775161778	9.02739120944119
0.8737358601325815	0.7532510980040179	9.027892709810518
0.8842532700840781	0.7467540268759093	9.028487617912026
0.8947741742568152	0.7402597678039626	9.029157292266712
0.9052965792649743	0.733766233766234	9.0298840593517
0.915819181568866	0.7272727272727275	9.030651609479433
0.9263417838727578	0.720779220779221	9.031445230967877
0.9368643861766496	0.7142857142857144	9.032251872352354
0.9473869884805413	0.7077922077922079	9.033060255479361
0.957909590784433	0.7012987012987014	9.033860948829561
0.9684321930883247	0.694805194805195	9.034646356635163
0.9789547953922165	0.6883116883116884	9.035410598778192
0.7012987012987013	0.9789547953922163	9.437053003536349
0.7077922077922079	0.9684321930883244	9.439816957870095
0.7142857142857143	0.9579095907844328	9.438732654652133
0.7207792207792206	0.9473869884805416	9.264503946654974
0.7272727272727271	0.9368643861766498	9.184991562192074
0.7337662337662333	0.926341783872758	9.14493665434397
0.7402597402597397	0.915819181568866	9.11248844106098
0.7467532467532463	0.9052965792649741	9.09116653343608
0.7532447138803077	0.894772987843619	9.075506422323642
0.7597307613062658	0.8842468022285539	9.06307348290491
0.7662067374002021	0.8737148966469209	9.053579067158688
0.7726690607403551	0.8631726903980046	9.046703793439141
0.7791191113649681	0.8526168295033996	9.041169967292532
0.7855600763505022	0.8420326724728233	9.036890985709002
0.7919971010499617	0.8313971608820167	9.033708074422377
0.7983728424481386	0.820685539666004	9.031203309528545
0.8022339554961517	0.8110365236570811	9.029446957942463
0.8116037963797791	0.8052404557326607	9.028744324417898
0.8215268798367106	0.7987507907396667	9.0282061821595
0.8318353309119173	0.7923152037505877	9.027916373630264
0.8422591289883264	0.7857935236580763	9.027836510100427
0.8527463669231076	0.7792652282283599	9.027949739685956
0.8632415612413927	0.7727529506762923	9.028230446351428
0.8737453711208346	0.7662443361404537	9.028653380373184
0.8842571992892679	0.7597432838049456	9.029195041003474
0.8947751700358831	0.753247142828973	9.029832221025082
0.9052966489630676	0.7467532509564313	9.030542897611449
0.9158191815688661	0.7402597402597405	9.031306750094837
0.9263417838727578	0.733766233766234	9.032105624606261
0.9368643861766495	0.7272727272727275	9.032923595436564
0.9473869884805413	0.720779220779221	9.033746934980014
0.9579095907844329	0.7142857142857144	9.03456412407566
0.9684321930883246	0.7077922077922079	9.03536580852071
0.9789547953922165	0.7012987012987014	9.036144666428923
0.7142857142857143	0.9789547953922163	9.435524144014067
0.7207792207792207	0.9684321930883247	9.438719697611466
0.7272727272727272	0.9579095907844332	9.437542515245797
0.7337662337662335	0.9473869884805416	9.263911876083183
0.7402597402597398	0.9368643861766497	9.184164284838003
0.7467532467532463	0.9263417838727578	9.144106272024262
0.7532467532467529	0.9158191815688659	9.111714510170978
0.759739223586846	0.9052960789154502	9.090471414849205
0.7662270534743293	0.8947707240362308	9.074897787328007
0.7727039259987762	0.8842401884627898	9.062563407477855
0.7791635491077251	0.8736997471904727	9.053183264698356
0.7856022500748164	0.8631437443468615	9.04642948627289
0.7920248171760242	0.8525645928310376	9.04102274862562
0.798447992614105	0.8419316859264314	9.036869910198751
0.8049272114831192	0.8309776226111729	9.033741920448058
0.8114161363097224	0.8191396939974191	9.031135376804384
0.821908516665185	0.8115007669205326	9.030110304981015
0.8321095812341299	0.8054042793017089	9.02959012708376
0.8423959650443883	0.7987865836936013	9.029254411641132
0.8528083514105802	0.792260402702083	9.029168118946876
0.8632676047638417	0.7857529526161141	9.029293995028034
0.8737620272270479	0.7792397129535437	9.029601374369456
0.8842646800401092	0.7727344987942485	9.03006122683798
0.8947779752051431	0.7662357266494073	9.03064545292416
0.905297114883617	0.7597404926572566	9.031326309816222
0.9158191929720106	0.7532467530876045	9.032078071034926
0.9263417838727578	0.746753246753247	9.032877521918694
0.9368643861766496	0.7402597402597405	9.033704513344242
0.9473869884805413	0.733766233766234	9.034541895471392
0.957909590784433	0.7272727272727275	9.03537541398918
0.9684321930883247	0.720779220779221	9.036193563999602
0.9789547953922164	0.7142857142857144	9.0369873446014
0.7272727272727272	0.9789547953922165	9.433841806331303
0.7337662337662336	0.9684321930883246	9.437515245276442
0.7402597402597401	0.957909590784433	9.436218204499802
0.7467532467532465	0.9473869884805414	9.26329584968463
0.7532467532467529	0.9368643861766496	9.183278461455508
0.7597402597402594	0.9263417838727577	9.143221056030912
0.766233766233766	0.915819181568866	9.11089608701925
0.7727233513099856	0.905294771047704	9.089747113054463
0.7792043928203305	0.8947661011119025	9.074272881021825
0.785666708396693	0.884229119751366	9.062054706630853
0.7921051857263898	0.8736795162399952	9.052812618467991
0.7985093773528423	0.8631134648251625	9.046202621371497
0.80488857643415	0.8525268649456159	9.0409481474939
0.8111269892107605	0.8419017356985714	9.036959820447619
0.8172341303874093	0.8312868128283334	9.034054830479858
0.8226970096483456	0.8222520756679053	9.032139309368944
0.8320976965824229	0.8182173060838351	9.031678202124324
0.8424807880102602	0.8117255266504976	9.031069522352878
0.8528843175640725	0.805218626203846	9.030735724805242
0.8633069722974867	0.7987338624436459	9.030656218718521
0.8737867122429063	0.7922296713716875	9.030801769125263
0.884277089403145	0.7857263472707277	9.031140699265821
0.894782825694077	0.7792260532980659	9.03164093410983
0.9052987823478112	0.7727288683174939	9.032269334905159
0.9158193670757587	0.7662339698790461	9.032993742652627
0.9263417838727578	0.7597402597402599	9.033784642387916
0.9368643861766496	0.7532467532467534	9.03461590932055
0.9473869884805413	0.746753246753247	9.035465380793646
0.9579095907844329	0.7402597402597405	9.036314781124036
0.9684321930883247	0.733766233766234	9.037149531028616
0.9789547953922165	0.7272727272727275	9.037958381843879
0.7402597402597402	0.9789547953922165	9.431984946614877
0.7467532467532467	0.9684321930883247	9.436188850452966
0.7532467532467532	0.9579095907844329	9.434743591139794
0.7597402597402596	0.9473869884805413	9.262655339067171
0.766233766233766	0.9368643861766496	9.182330018346493
0.7727272727272725	0.9263417838727577	9.142277888006037
0.7792184127816876	0.9158183686985114	9.110032026859708
0.785703842546456	0.9052920507725827	9.08899583499772
0.7921745413724883	0.8947584440458801	9.073637200582608
0.7986165064595108	0.8842141167479224	9.061562205972832
0.8050414297508927	0.8736594533366201	9.05248671090928
0.8113753149187333	0.8630971668917296	9.04604871168806
0.8177080725056641	0.852575743640159	9.041001189289025
0.8235368571785244	0.8421041674296948	9.03723949504605
0.8307708675491234	0.8312126833437968	9.034387031396356
0.8424393552468049	0.8246071590800308	9.033388135287902
0.8529578123897421	0.8181192055399625	9.032737740825965
0.8633608323248113	0.8116799555392553	9.032397720916025
0.873812969551421	0.8052091523811189	9.032330010769362
0.8842960992415279	0.7987149608789954	9.032502042119946
0.8947904113588026	0.7922176263261292	9.032878588042442
0.9053019800111867	0.7857195618835613	9.03342282742422
0.9158203688644421	0.7792223438427768	9.034096091785708
0.9263418621556396	0.7727274190456311	9.034862048326454
0.9368643861766496	0.7662337662337665	9.03568754127732
0.9473869884805413	0.7597402597402598	9.036543749269107
0.9579095907844329	0.7532467532467534	9.037406769732556
0.9684321930883246	0.746753246753247	9.038257514305611
0.9789547953922165	0.7402597402597404	9.039081365380598
0.7532467532467532	0.9789547953922164	9.429929598269107
0.7597402597402596	0.9684321930883247	9.434724822254623
0.7662337662337662	0.957909590784433	9.433099404450088
0.7727272727272727	0.9473869884805414	9.26199132945335
0.7792207792207791	0.9368643861766495	9.181315143410485
0.7857126762402236	0.9263413982639359	9.141273096497912
0.7922002874309478	0.9158168268612822	9.109124959303427
0.7986785063132346	0.9052876188590812	9.088220721160882
0.8051360379684603	0.8947485296916259	9.073004848500394
0.8115495915762999	0.884198521021126	9.0611055776564
0.8178964793446671	0.8736386237030551	9.052226640896079
0.8241948912217292	0.8630655093626443	9.045968665232452
0.8302896968664903	0.8525985071873036	9.041138745176967
0.834091386551699	0.8430495218800045	9.037834439755796
0.8429858552243163	0.8373575230472199	9.036440155798205
0.853202111106046	0.8308847127216783	9.035320071845819
0.8634809362255715	0.8245458949083144	9.034627498435938
0.8738439314400954	0.8181820957794275	9.034281336089181
0.8843173383641703	0.8116975405962266	9.034226050096315
0.8948044590558859	0.8052079569981982	9.034430737683019
0.9053065881912855	0.7987130414905588	9.03485092091199
0.9158230255743507	0.7922132329434146	9.035441889985806
0.9263426282022073	0.7857155077134871	9.036159319799234
0.936864417912953	0.7792208385390328	9.036962447914517
0.9473869884805413	0.7727272727272729	9.037814677703414
0.9579095907844329	0.7662337662337665	9.038685006414555
0.9684321930883247	0.7597402597402598	9.039548423077227
0.9789547953922164	0.7532467532467534	9.040385588524734
0.7662337662337662	0.9789547953922164	9.427647846109013
0.7727272727272725	0.9684321930883246	9.433106020447303
0.779220779220779	0.9579095907844329	9.431262546795693
0.7857142857142856	0.9473869884805413	9.261306308851054
0.792206929542035	0.9368642697268442	9.180229715519673
0.7986960344330364	0.9263407371505304	9.140205798325681
0.8051774837266946	0.9158147721858492	9.108179750223114
0.8116480099300262	0.9052837037804838	9.087431988019475
0.8180835504505852	0.8947416480921716	9.072404026484785
0.8244414450060816	0.8841961183485507	9.06072330691799
0.8307484100027381	0.8736150184061131	9.052060733356432
0.8368326298613215	0.8628825980699589	9.045931045942398
0.8431497902099753	0.8509800291837587	9.040713800833602
0.8535993352351773	0.8433698983232629	9.038649764453782
0.8637028208310745	0.8372565768751192	9.037505859023398
0.873993432707777	0.8310048660243572	9.036780132209868
0.8843462391777618	0.8246742460945709	9.036424120957582
0.8948216017642026	0.8181928366107035	9.03638698549904
0.905308850338641	0.8117123459463645	9.036631177160634
0.9158278376603137	0.8052067782043637	9.037099814557775
0.9263454189589644	0.7987056879105379	9.037738723671753
0.9368651755753884	0.7922084499171408	9.038497267714762
0.9473869939210506	0.7857142958831292	9.039329731917652
0.9579095907844329	0.7792207792207794	9.040196489759865
0.9684321930883247	0.7727272727272729	9.041065184755304
0.9789547953922165	0.7662337662337664	9.041910585341396
0.7792207792207791	0.9789547953922164	9.425106216907253
0.7857142857142856	0.9684321930883247	9.431313349340327
0.7922077922077921	0.957909590784433	9.42920516103189
0.7987012987012987	0.9473869884805414	9.260604150036997
0.8051914281969815	0.936864036992339	9.179070500754975
0.811675632735343	0.926340043602906	9.139077380112267
0.8181498201029589	0.9158138891846678	9.107207042146706
0.8246150730660166	0.9052860919161323	9.086652901822985
0.8309792294822357	0.8947586169423728	9.071884489624823
0.8372948169901591	0.8842380251910706	9.060472945637187
0.8433545809930292	0.8737534648394062	9.05213609983757
0.8492584098739664	0.8632830594405275	9.046336814526056
0.8546161810763391	0.8540525580475531	9.042404736047706
0.8639356922888664	0.849687768915051	9.041219232482293
0.8741795409858003	0.8437510215596838	9.040037692895488
0.884483361020166	0.8375297255020997	9.039259675621501
0.8948795951981113	0.8311505914177796	9.038882942844253
0.905339552481756	0.8246927202745588	9.038870098364377
0.9158402688330197	0.8182002794832552	9.03915746798062
0.9263518841821288	0.8116981054003346	9.039676223801662
0.9368686151528943	0.8051975792051586	9.040361192398345
0.9473878744723762	0.7987015784330609	9.041153405467925
0.9579095907844329	0.7922077922077925	9.042002052695237
0.9684321930883247	0.7857142857142858	9.042865209648673
0.9789547953922165	0.7792207792207794	9.043710165717874
0.7922077922077921	0.9789547953922165	9.42226455032811
0.7987012987012986	0.9684321930883247	9.429325033906034
0.8051948051948051	0.9579095907844329	9.426893471387901
0.8116859825742346	0.947386842626616	9.259887817437702
0.81817260705984	0.9368637271285105	9.177835042967422
0.8246501602140439	0.9263397393976623	9.13789082581593
0.8311207833331372	0.915815700121179	9.106220726169235
0.8375028308343598	0.9053042883424588	9.085931147519846
0.8438269621265619	0.8948067124497725	9.071485987268046
0.8499271723661601	0.8843537722463203	9.060424147887671
0.8558483008560446	0.8740185347872589	9.052497258253139
0.8631781290561809	0.8630948606311606	9.046636973995527
0.8743378363615587	0.8565985538806576	9.044449857410084
0.8846477671245914	0.8503945536719524	9.043015422839401
0.8949336264063893	0.8441106362631258	9.04213710994483
0.9053900997642897	0.8376685347060988	9.041735650008114
0.9158554245682952	0.8311962004626872	9.041744008405265
0.9263652649865738	0.824693894027187	9.042075970451016
0.9368771174926084	0.8181894493241195	9.042642615694758
0.9473920116864059	0.8116898456452395	9.043365477627615
0.9579105158256364	0.8051949281234531	9.044176705307573
0.9684321930883247	0.7987012987012989	9.045020590055456
0.9789547953922165	0.7922077922077924	9.045853817727384
0.8051948051948051	0.9789547953922164	9.419072484103822
0.8116883116883116	0.9684321930883247	9.427116549962863
0.8181799121483189	0.9579094877858827	9.424285614288197
0.8246679813782009	0.9473865988638082	9.259162371336236
0.8311487082117724	0.9368634208141625	9.176521495538012
0.8376210406208887	0.9263396790183186	9.136648226728783
0.8440218328873305	0.9158299497192656	9.105267959146259
0.8503696411556877	0.9053309447075236	9.08528938837179
0.8564927326363637	0.8948414362208208	9.071189772504928
0.8625180749346997	0.8844061324340864	9.060452360289347
0.8663622585921114	0.8750493995606861	9.053542155839564
0.8750185374170982	0.8695497922856388	9.050575679262636
0.8850726036114214	0.863102570055597	9.048072404898946
0.8952245315130059	0.8568791061771427	9.04644430089155
0.905453519182077	0.8506521686641138	9.045495786322062
0.9159082009530852	0.8441884044284304	9.045070907355042
0.9263819141669177	0.8376943419011732	9.045098190710368
0.9368915645994113	0.8311864504804988	9.045469695401666
0.9474016067281054	0.8246801894633494	9.046073373428788
0.9579145966598638	0.8181826208992252	9.04681638914512
0.9684329231226861	0.8116883647358684	9.047621313016437
0.9789547953922165	0.8051948051948054	9.048428430107231
0.8181818181818181	0.9789547953922164	9.41546783611116
0.8246743630839778	0.9684321193050976	9.424660023633026
0.8311624862012548	0.9579093053862698	9.421329339101094
0.8376451630342631	0.9473864169944614	9.258432364229451
0.8441241953434219	0.9368635552336597	9.175128834940622
0.8505375065385409	0.9263504572969762	9.1354059574763
0.8569078112375241	0.9158464311258607	9.104359152053119
0.8631404377268908	0.9053748103011054	9.084815835245697
0.8691047273963067	0.894770309270009	9.07097598317692
0.8753496293931634	0.8830489688447646	9.059399748466022
0.8856198879426167	0.8755954004464042	9.054872001944693
0.8955933776089303	0.8695038914370045	9.052221403068565
0.9057347091454102	0.8633931260105286	9.05047427997728
0.9159674410224574	0.857211095547235	9.04945735423494
0.9264362513605152	0.8506874746380245	9.048997001383583
0.9369130211525145	0.8441899049158338	9.049042664285379
0.9474151713244979	0.8376758964406661	9.049438866577402
0.9579230778813109	0.8311712958435079	9.050056986412272
0.9684359882692936	0.8246757300243487	9.05078767263165
0.9789552006568688	0.8181818397427553	9.051545286183275
0.8311688311688311	0.9789547953922165	9.411360124022165
0.837658639390345	0.9684319290433737	9.421922760734219
0.8441398388859186	0.9579089819506427	9.417957351602867
0.8506163305737948	0.9473867115866794	9.257700751296602
0.8570466460516886	0.9368724780089791	9.173708434188226
0.8634537606594771	0.9263661322256801	9.13416225357342
0.8696923805521768	0.915917446356386	9.103688369551177
0.8756089373080377	0.9055846858496693	9.084816098568366
0.8815185523786846	0.8953658219696072	9.071760640452096
0.8866982062804836	0.886105115614167	9.062764886921103
0.895914398512482	0.8818372997765825	9.059958779558885
0.9060268494708642	0.8760393637496278	9.057203030905653
0.9162316029067122	0.8699248853479293	9.055269055633174
0.926528554248074	0.8636351791725255	9.054124970601345
0.9369395805934433	0.8571881415832943	9.053657811055437
0.9474293609663405	0.8506765414226863	9.053707549642082
0.9579332544601625	0.8441641224572122	9.05410460007928
0.9684420028179952	0.8376636153295415	9.054696537810848
0.9789568863314081	0.8311690711515287	9.055360813455655
0.8441558441558441	0.9789547953922165	9.406586857553519
0.8506371493006905	0.9684312816307116	9.418865709984766
0.8571086627878101	0.9579082965869108	9.414084714839388
0.8635481377478326	0.9473916036509702	9.257010450176088
0.869958784327906	0.9368871285652633	9.172239500234218
0.8762692982730313	0.9264274253971838	9.133118965633692
0.8822420299571344	0.9161470605282342	9.103630259456219
0.887953884583904	0.9059327790701367	9.08542318108716
0.8952792236044983	0.8949484444158885	9.071737830182935
0.9062567503621447	0.8887607888856244	9.066718214275413
0.9164724200369634	0.8827048926557719	9.063300516025484
0.9267209816636283	0.8764589851698776	9.061037198758003
0.9370209549170442	0.8701361233398172	9.059766309143138
0.9474471238247483	0.8636750560856673	9.059248320066423
0.9579417817867465	0.8571645605278548	9.059268623031754
0.9684489350795019	0.850654052643541	9.059612644402122
0.9789603996563297	0.8441568810530197	9.060107002155076
0.8571333920023324	0.978953700474713	9.400787473702884
0.8636058362374738	0.9684296408183498	9.41543429888406
0.8700616257238513	0.9579069767615027	9.409623687310237
0.8764586353714252	0.9473952309087761	9.256292970540729
0.882715090240228	0.9369357094277703	9.170978045685883
0.8888783417231867	0.9265622976627009	9.132379659336484
0.8947140144992778	0.9165250273174566	9.104208391848031
0.8983508822370209	0.9070263087247319	9.087610885629191
0.9069917556605719	0.9015505495388397	9.080529269035702
0.9169372915132404	0.8953026265567122	9.074600247122206
0.9270040716355514	0.8891879019515709	9.070591773805445
0.9371968977948132	0.8829821103049639	9.068062690225375
0.9475145124372415	0.876633082992741	9.066636617861354
0.957951519697983	0.870168822833453	9.066024879381443
0.9684550102322073	0.863652086247965	9.065939411227896
0.9789648091644766	0.8571462779590427	9.066133216335716
0.8701025780175587	0.9789515370385166	9.392977614262014
0.8765598664788903	0.9684267560404548	9.411555013225309
0.8829689820322724	0.9579096615710013	9.404567343978583
0.8892088748981094	0.9474265050291253	9.255908657270817
0.8953649089549839	0.936969535006271	9.169806307724032
0.9013996168066352	0.926496831883376	9.131367429642497
0.9076907010076736	0.9150111826738683	9.10089957496402
0.9175545419944043	0.9077931051346413	9.09042941312166
0.927344209389806	0.9018185211738241	9.083951664820901
0.9374030813391747	0.8957731717248522	9.079551268262373
0.947649655579029	0.8895186951905664	9.076709072553966
0.958007435757633	0.8831352250955914	9.075083151048586
0.968463415657897	0.8766557160557071	9.074284280559192
0.9789698551762612	0.8701402052232269	9.07396355469473
0.8830592253341654	0.978946922210635	9.38150952075574
0.8894981771341262	0.9684227105088106	9.40715306976013
0.8957472474594054	0.9579210851496165	9.398860426440203
0.9018295084185725	0.9474826487783866	9.255883399639167
0.9077474505316349	0.9372138789096329	9.170384842464584
0.9134233117723671	0.9267084357395573	9.131897229094172
0.9185815953357445	0.9181981973616665	9.109441358193969
0.9276189135586824	0.9142389245243262	9.10256074172726
0.937570727327167	0.9085737221205962	9.095687853062303
0.9478128514795899	0.9023445741429503	9.090606634319485
0.9581110272358929	0.8960517806925594	9.08743782655546
0.9685010902787488	0.8896372544759273	9.08552753372043
0.9789793398002944	0.8831380932795599	9.084379896699636
0.8959974708643013	0.978935509274714	9.36414230639228
0.9023409696702571	0.9684080511303853	9.4020222932797
0.9084800810459229	0.957923561001982	9.392199052388973
0.9141175503024442	0.9475291443742903	9.255885998190045
0.919553552421095	0.9373958456688483	9.17215885157893
0.9264843413956542	0.9272058431623322	9.13431690112295
0.9375931813882068	0.9210678163487405	9.1198573118781
0.9479511067342048	0.9151347198832687	9.110740281726477
0.9582386525365784	0.9089402862129717	9.104787173929116
0.9685781568943076	0.902588540065225	9.100988938737103
0.9790047920257875	0.8961294859805462	9.098510543348075
0.9088892555690795	0.9789058550764933	9.341102269354431
0.9151098426224962	0.968352813661504	9.396093008457358
0.9209243870795456	0.9578108927822058	9.383438260292701
0.9258410420294069	0.9473191453614344	9.253212833967234
0.9295717223707779	0.9383052179533857	9.181126378108155
0.9378202284477883	0.9332562933816744	9.159252585176107
0.9481137708657439	0.9279973950202445	9.143333392054862
0.9583818954573794	0.9218790394487044	9.13134369458964
0.9686729200576604	0.9155469839935498	9.123503984369654
0.979048524848466	0.9091145109643276	9.118429394701822
0.9217404596175074	0.9788456583466585	9.31296834289305
0.9278433731563466	0.9682293892423246	9.389861483211078
0.9334257360344125	0.9574395849363021	9.371060944085762
0.9374533039681676	0.9454341864535738	9.233474590118027
0.9483858032164552	0.9415607247535568	9.2068880384169
0.9585727996479191	0.935058255210176	9.1777794287119
0.9687687547987877	0.9285636803395855	9.159630224836617
0.9790882921643321	0.9221212397622929	9.148447082054247
0.9346107545722492	0.9787499079965661	9.278954679135529
0.9408703314383247	0.9679622477126925	9.38348830713342
0.9474483873875803	0.9557121694447901	9.348397944664649
0.9583140884909043	0.9478702607645093	9.27315954969202
0.9688017322014719	0.9415943514440606	9.23080458528912
0.9791176495547846	0.9351566752732839	9.202581230237998
0.9474854566576566	0.9787148967354851	9.224330760913515
0.95377397136591	0.9679741470957032	9.376186755544046
0.9592905891501329	0.9587062015464816	9.361013369803032
0.9691420514082867	0.9545273739032922	9.346782518428325
0.9791792751514494	0.94816467310901	9.30485843417575
0.9600587864061797	0.9788669301883397	9.11389475410786
0.9674902771555868	0.9678824369464308	9.369846264826341
0.9792318890783331	0.9611294746479374	9.401199376829211
0.9707076283959474	0.9798143875156575	8.899162073284447
0.980100474526806	0.974063437852205	9.224982526664943
