% Model:              Simple_2D_Model_Laminar_SS_Model.mph
% Version:            COMSOL 6.2.0.415
% Date:               Mar 15 2025, 23:44
% Dimension:          2
% Nodes:              14945
% Expressions:        1
% Description:        Velocity magnitude
% Length unit:        m
% x	y	spf.U (m/s) @ H=0.5, L=1
0.004253610110503895	0.004388500595613234	7.839720610044071
0	0.00649350649350649	9
0	0	4.5
0.006493506493506551	0	0
0.004841794516495484	0.00978134146240691	9.128367548747292
0	0.01298701298701298	9
0.012987012987012991	0	0
0.009932749542517438	0.005667655022152773	8.814873915442112
0.0050558176350875275	0.01618296755869109	9.067102867875137
0	0.019480519480519466	9
0.01661861066557151	0.005218904457812243	8.450719743176307
0.01948051948051943	0	0
0.005182042488063101	0.022671710536069128	9.026507378060366
0	0.02597402597402596	9
0.022899165741455924	0.005273023152832071	8.325780699824515
0.02597402597402587	0	0
0.005203241138201392	0.029183066862777756	9.01131125724852
0	0.03246753246753245	9
0.029286763843167512	0.005301962770034092	8.145341359988848
0.03246753246753242	0	0
0.005217434156728169	0.035689010717166535	9.006319260049542
0	0.03896103896103893	9
0.03576742638616452	0.005292373944432255	7.951511985980594
0.038961038961038974	0	0
0.005235053313332333	0.04218889227097796	9.003580567389351
0	0.045454545454545435	9
0.042246676269637906	0.005277426185404727	7.80348631276069
0.045454545454545414	0	0
0.005247893236748593	0.04868998922575574	9.002222566360395
0	0.05194805194805192	9
0.04871719291065801	0.005267828763852996	7.702405944486331
0.051948051948051854	0	0
0.005256305031595954	0.05518958908743842	9.001438038865517
0	0.05844155844155842	8.999999999999998
0.05520360821919762	0.0052636814841050235	7.635749120654424
0.058441558441558406	0	0
0.005260083648289993	0.06168692788758681	9.000968228002497
0	0.06493506493506489	9
0.06169227208279307	0.005262052641992057	7.591182378952111
0.06493506493506485	0	0
0.00526121485264141	0.06818166089765228	9.000673445707692
0	0.07142857142857137	9
0.06818314747520925	0.005261493042121568	7.559627722673029
0.07142857142857151	0	0
0.00526130115194584	0.07467532467532462	9.000481809464718
0	0.07792207792207786	9
0.07467532467532466	0.005261301151945882	7.536083320147992
0.07792207792207784	0	0
0.00526130115194584	0.0811688311688311	9.000353410346355
0	0.08441558441558433	9
0.08116883116883114	0.005261301151945895	7.517888505967181
0.0844155844155845	0	0
0.005261301151945844	0.08766233766233758	9.000264956634956
0	0.09090909090909084	9
0.08766233766233768	0.005261301151945879	7.503400530249074
0.09090909090909094	0	0
0.005261301151945846	0.09415584415584409	9.000202499174383
0	0.09740259740259732	9
0.09415584415584421	0.005261301151945871	7.491667705817352
0.09740259740259749	0	0
0.0052613011519458425	0.10064935064935057	9.000157420236194
0	0.1038961038961038	9
0.10064935064935072	0.005261301151945873	7.48204568152039
0.10389610389610404	0	0
0.00526130115194585	0.10714285714285704	9.000124254143644
0	0.1103896103896103	9
0.005261301151945859	0.11363636363636355	9.000099431502507
0	0.1168831168831168	9
0.10714285714285725	0.005261301151945872	7.474109027487853
0.11038961038961048	0	0
0.005261301151945862	0.12012987012987003	9.000080567275086
0	0.12337662337662329	9
0.005261301151945861	0.12662337662337653	9.000066034088766
0	0.12987012987012977	9
0.11363636363636376	0.005261301151945873	7.467497747617069
0.11688311688311703	0	0
0.005261301151945856	0.13311688311688302	9.000054699945073
0	0.13636363636363627	9
0.005261301151945862	0.13961038961038955	9.000045763530222
0	0.1428571428571428	9
0.12012987012987031	0.005261301151945873	7.4619492362715425
0.12337662337662358	0	0
0.005261301151945862	0.14610389610389604	9.000038648588626
0	0.1493506493506493	9
0.005261301151945854	0.15259740259740254	9.000032934734337
0	0.15584415584415576	9
0.12662337662337686	0.005261301151945873	7.457277277643949
0.12987012987013014	0	0
0.005261301151945844	0.159090909090909	9.000028311270242
0	0.16233766233766225	9
0.005261301151945848	0.1655844155844155	9.000024545844283
0	0.16883116883116875	9
0.13311688311688338	0.005261301151945873	7.453291994771976
0.1363636363636367	0	0
0.005261301151945852	0.17207792207792202	9.000021462841632
0	0.1753246753246753	9
0.13961038961038993	0.00526130115194587	7.449866661485754
0.14285714285714313	0	0
0.005261301151945847	0.17857142857142852	9.000018928276033
0	0.18181818181818177	9
0.005261301151945839	0.18506493506493502	9.000016839089026
0	0.18831168831168826	9
0.005261301151945841	0.1915584415584415	9.000015115485475
0	0.19480519480519476	9
0.14610389610389643	0.005261301151945862	7.446903606261654
0.14935064935064968	0	0
0.005261301151945851	0.19805194805194803	9.000013695393422
0	0.20129870129870125	9
0.005261301151945847	0.20454545454545456	9.000012530438338
0	0.20779220779220778	9
0.1525974025974029	0.005261301151945851	7.4443248018416535
0.15584415584415612	0	0
0.00526130115194584	0.211038961038961	9.000011583030942
0	0.21428571428571425	9
0.15909090909090937	0.00526130115194585	7.442065580089179
0.16233766233766267	0	0
0.005261301151945835	0.21753246753246747	9.00001082434805
0	0.22077922077922074	9
0.005261301151945831	0.2240259740259739	9.000010233388885
0	0.2272727272727272	8.999999999999998
0.16558441558441583	0.005261301151945849	7.440071144292818
0.168831168831169	0	0
0.005261301151945833	0.23051948051948037	9.000009798530938
0	0.23376623376623368	8.999999999999998
0.0052613011519458365	0.2370129870129869	9.00000952744553
0	0.24025974025974015	9
0.1720779220779223	0.005261301151945851	7.438293768402205
0.17532467532467555	0	0
0.005261301151945839	0.24350649350649345	9.000009400503957
0	0.24675324675324667	9
0.005261301151945839	0.24999999999999994	9.00000936238952
0	0.25324675324675316	9
0.1785714285714288	0.005261301151945849	7.436696187527169
0.181818181818182	0	0
0.005261301151945841	0.2564935064935064	9.00000940471766
0	0.2597402597402596	9
0.005261301151945841	0.2629870129870128	9.000009477455377
0	0.2662337662337661	9
0.18506493506493524	0.005261301151945855	7.435252458584402
0.18831168831168843	0	0
0.005261301151945835	0.2694805194805193	9.000009672859628
0	0.2727272727272726	9
0.005261301151945834	0.2759740259740258	9.000010037852844
0	0.2792207792207791	9
0.1915584415584417	0.005261301151945857	7.433940775561564
0.19480519480519498	0	0
0.005261301151945837	0.28246753246753237	9.000010563565668
0	0.2857142857142856	9
0.005261301151945842	0.28896103896103886	9.000011253761762
0	0.29220779220779214	9
0.19805194805194826	0.005261301151945858	7.4327432923561245
0.20129870129870153	0	0
0.005261301151945841	0.29545454545454536	9.000012126174651
0	0.2987012987012986	9
0.005261301151945837	0.30194805194805185	9.000013207180823
0	0.3051948051948051	9
0.20454545454545472	0.005261301151945858	7.431645300383177
0.20779220779220797	0	0
0.005261301151945851	0.30844155844155835	9.000014531779422
0	0.31168831168831157	9
0.0052613011519459215	0.31493506493506496	9.000016145281899
0	0.31818181818181807	9
0.21103896103896116	0.005261301151945859	7.430634511112765
0.2142857142857144	0	0
0.005261301151946157	0.321428571428572	9.000018105993009
0	0.3246753246753246	9
0.0052613011519470725	0.3279220779220808	9.000020488974222
0	0.33116883116883106	9
0.2175324675324677	0.005261301151945867	7.429700475442554
0.22077922077922096	0	0
0.005261301151950501	0.3344155844155954	9.000023391244959
0	0.33766233766233755	9
0.22402597402597424	0.0052613011519458686	7.428833988905843
0.22727272727272751	0	0
0.005261301151962734	0.3409090909091303	9.00002693898969
0	0.344155844155844	9
0.005261301152003913	0.347402597402731	9.00003129762652
0	0.3506493506493506	9
0.2305194805194808	0.0052613011519458625	7.428027020957965
0.23376623376623407	0	0
0.005261301152133426	0.35389610389653253	9.000036686027057
0	0.35714285714285715	9
0.005261301152514656	0.36038961039091166	9.000043396856524
0	0.3636363636363636	9
0.23701298701298731	0.0052613011519458555	7.427271418201882
0.2402597402597405	0	0
0.005261301153624338	0.36688311688696507	9.0000518260891
0	0.3701298701298701	9
0.005261301178098827	0.373376623366464	9.00006251643285
0	0.3766233766233766	9
0.24350649350649378	0.005261301151945852	7.426559156365002
0.24675324675324695	0	0
0.005261301258740441	0.37987012979021384	9.000076222604266
0	0.3831168831168831	9
0.005261301559929646	0.3863636359125011	9.00009401060433
0	0.3896103896103896	9
0.2500000000000003	0.005261301151945853	7.425884513482352
0.2532467532467535	0	0
0.0052613027007246994	0.39285714068959154	9.000117413591537
0	0.39610389610389607	9
0.005261306920085516	0.3993506400717917	9.000148679611451
0	0.4025974025974025	9
0.2564935064935068	0.005261301151945858	7.425243628180087
0.25974025974025994	0	0
0.005261321398900537	0.40584412035208356	9.000191178768334
0	0.40909090909090906	9
0.005261368769917262	0.41233754036654807	9.000250093132982
0	0.41558441558441556	9
0.26298701298701327	0.005261301151945859	7.424633015052513
0.2662337662337666	0	0
0.005261511681963499	0.4188308012366311	9.000333591607848
0	0.42207792207792205	9
0.26948051948051976	0.005261301151945847	7.424049463560466
0.27272727272727304	0	0
0.005261910127068639	0.42532374425050534	9.000455012312635
0	0.4285714285714285	9
0.0052628840973170206	0.4318164387750772	9.00063671355271
0	0.435064935064935	9
0.005264783925943284	0.4383105030172811	9.000916451748951
0	0.4415584415584415	9
0.2759740259740262	0.005261301151945844	7.423490079258586
0.2792207792207795	0	0
0.005271071001211141	0.44480497691585263	9.001369625548294
0	0.448051948051948	9
0.005283749743291395	0.45130588825640067	9.002135778640984
0	0.4545454545454545	9
0.28246753246753276	0.005261301151945852	7.422952271350318
0.28571428571428603	0	0
0.005310321263497231	0.45781511088025145	9.003551534664437
0	0.46103896103896097	9
0.28896103896103925	0.005261301151945852	7.422433767673826
0.29220779220779247	0	0
0.005346446988613016	0.4643562904166658	9.006486321740239
0	0.46753246753246747	9
0.005367833613242667	0.47099402419434255	9.01241251175901
0	0.47402597402597396	9
0.29545454545454575	0.005261301151945854	7.421932604880419
0.2987012987012989	0	0
0.00536617523274973	0.4773684898461528	9.022624109229076
0	0.4805194805194805	9
0.005269107022750945	0.4834986958352583	9.03746483080071
0	0.48701298701298695	9
0.3019480519480522	0.005261301151945857	7.421447068669395
0.30519480519480546	0	0
0.0057797578653683845	0.4901602755054557	9.199581437114448
0	0.4935064935064935	9
0.004453883720282012	0.4958017703406413	7.820825195815994
0	0.5	4.5
0.3084415584415587	0.005261301151945857	7.420975679413526
0.311688311688312	0	0
0.006493506493506485	0.5	0
0.3149350649350651	0.005261301151945854	7.42051721384239
0.31818181818181834	0	0
0.009996154242535193	0.49534208269125746	8.157283107137177
0.01298701298701297	0.5	0
0.32142857142857156	0.005261301151945847	7.420070647451072
0.3246753246753248	0	0
0.016086452728077294	0.49484113144442243	8.565334313805499
0.019480519480519456	0.5	0
0.32792207792207806	0.005261301151945861	7.419635135096448
0.3311688311688312	0	0
0.02260329127257589	0.49475414579696464	8.50033251272771
0.02597402597402594	0.5	0
0.33441558441558455	0.005261301151945867	7.419210026967279
0.3376623376623378	0	0
0.029156361032597264	0.4947364470429665	8.297137710384307
0.03246753246753242	0.5	0
0.3409090909090911	0.005261301151945871	7.41879496949089
0.3441558441558443	0	0
0.03569613799720926	0.4947874110141624	8.07222524036162
0.03896103896103891	0.5	0
0.3474025974025976	0.005261301151945871	7.418389950613244
0.3506493506493509	0	0
0.04218917047878959	0.4947895536775165	7.932628618743364
0.0454545454545454	0.5	0
0.3538961038961041	0.005261301151945871	7.417995133371932
0.3571428571428573	0	0
0.048681158673510604	0.4947704822036321	7.856444742586501
0.05194805194805189	0.5	0
0.36038961038961054	0.005261301151945869	7.417610579704021
0.36363636363636376	0	0
0.055181417167908725	0.4947591564402671	7.8052348430451355
0.05844155844155837	0.5	0
0.36688311688311703	0.0052613011519458686	7.417235868904625
0.3701298701298703	0	0
0.06168055910765772	0.49474907654548267	7.770650705902688
0.06493506493506485	0.5	0
0.3733766233766236	0.0052613011519458686	7.416870409157265
0.37662337662337686	0	0
0.06817732973586092	0.4947425241524234	7.745001769935992
0.07142857142857131	0.5	0
0.37987012987013014	0.005261301151945871	7.416512334263564
0.3831168831168833	0	0
0.07467312341931996	0.4947397196835451	7.724028037423139
0.07792207792207781	0.5	0
0.38636363636363663	0.005261301151945871	7.4161600531781415
0.38961038961038985	0	0
0.08116806740701263	0.49473892541036313	7.706478973482496
0.08441558441558429	0.5	0
0.39285714285714307	0.005261301151945872	7.4158135960630664
0.3961038961038963	0	0
0.08766220846896589	0.49473872932968227	7.692193644214471
0.09090909090909077	0.5	0
0.39935064935064957	0.005261301151945871	7.415472639347382
0.40259740259740284	0	0
0.09415584415584399	0.49473869884805416	7.680672386979629
0.09740259740259727	0.5	0
0.40584415584415595	0.005261301151945872	7.415136654652936
0.4090909090909093	0	0
0.10064935064935049	0.4947386988480541	7.671357947082112
0.10389610389610375	0.5	0
0.41233766233766245	0.005261301151945875	7.414804903652438
0.4155844155844157	0	0
0.10714285714285698	0.49473869884805416	7.663807754081131
0.1103896103896102	0.5	0
0.418831168831169	0.005261301151945873	7.414476450610535
0.4220779220779223	0	0
0.11363636363636347	0.4947386988480541	7.657591030837497
0.1168831168831167	0.5	0
0.4253246753246755	0.005261301151945871	7.414150201711483
0.4285714285714288	0	0
0.12012987012986993	0.49473869884805416	7.652435645777072
0.1233766233766232	0.5	0
0.43181818181818193	0.005261301151945872	7.413824978963084
0.43506493506493527	0	0
0.12662337662337644	0.49473869884805416	7.648126366490286
0.1298701298701297	0.5	0
0.4383116883116885	0.005261301151945872	7.4134996191808495
0.4415584415584417	0	0
0.13311688311688294	0.49473869884805416	7.64447428920164
0.1363636363636362	0.5	0
0.44480519480519504	0.005261301151945872	7.413173067850269
0.44805194805194826	0	0
0.13961038961038943	0.49473869884805416	7.64135010906256
0.14285714285714268	0.5	0
0.4512987012987016	0.005261301151945872	7.412844465239378
0.4545454545454548	0	0
0.1461038961038959	0.49473869884805416	7.638653502930658
0.14935064935064915	0.5	0
0.4577922077922081	0.005261301151945871	7.412513219088615
0.46103896103896136	0	0
0.15259740259740243	0.4947386988480542	7.636304864841265
0.15584415584415565	0.5	0
0.4642857142857146	0.005261301151945875	7.4121790354957655
0.4675324675324678	0	0
0.1590909090909089	0.49473869884805416	7.634237348014028
0.16233766233766214	0.5	0
0.470779220779221	0.0052613011519458755	7.41184189583115
0.47402597402597424	0	0
0.16558441558441536	0.4947386988480542	7.6323963352866135
0.16883116883116864	0.5	0
0.4772727272727275	0.005261301151945878	7.411501970934114
0.4805194805194807	0	0
0.17207792207792183	0.49473869884805405	7.630746026447601
0.17532467532467508	0.5	0
0.48376623376623407	0.005261301151945884	7.411159469764908
0.48701298701298734	0	0
0.17857142857142838	0.4947386988480541	7.629257585356818
0.1818181818181816	0.5	0
0.4902597402597406	0.0052613011519458755	7.410814426091529
0.4935064935064938	0	0
0.18506493506493485	0.49473869884805416	7.627907174506578
0.18831168831168807	0.5	0
0.496753246753247	0.005261301151945873	7.410466433356965
0.5000000000000002	0	0
0.19155844155844132	0.49473869884805416	7.626675444064168
0.19480519480519454	0.5	0
0.5032467532467535	0.005261301151945873	7.4101162748474225
0.5064935064935068	0	0
0.19805194805194778	0.4947386988480542	7.625546646743888
0.20129870129870103	0.5	0
0.50974025974026	0.005261301151945873	7.409764860255259
0.5129870129870133	0	0
0.20454545454545425	0.4947386988480541	7.62450777022326
0.20779220779220756	0.5	0
0.5162337662337666	0.005261301151945871	7.4094125483105495
0.5194805194805198	0	0
0.21103896103896072	0.49473869884805405	7.623547885573818
0.214285714285714	0.5	0
0.522727272727273	0.005261301151945871	7.409059750711134
0.5259740259740263	0	0
0.21753246753246724	0.49473869884805416	7.622657497280788
0.2207792207792205	0.5	0
0.5292207792207796	0.005261301151945874	7.408707352265112
0.5324675324675329	0	0
0.22402597402597374	0.4947386988480541	7.62182844918356
0.227272727272727	0.5	0
0.5357142857142861	0.005261301151945875	7.408355817433303
0.5389610389610393	0	0
0.23051948051948024	0.49473869884805416	7.621053697044563
0.23376623376623346	0.5	0
0.5422077922077927	0.005261301151945875	7.408004857169657
0.5454545454545459	0	0
0.23701298701298668	0.49473869884805416	7.620326742417589
0.24025974025973992	0.5	0
0.5487012987012992	0.005261301151945873	7.407653922556837
0.5519480519480524	0	0
0.24350649350649317	0.49473869884805416	7.619641212716517
0.24675324675324642	0.5	0
0.5551948051948056	0.005261301151945875	7.407302615867098
0.5584415584415588	0	0
0.24999999999999964	0.4947386988480542	7.6189904050860475
0.2532467532467529	0.5	0
0.5616883116883121	0.005261301151945873	7.406950779377575
0.5649350649350653	0	0
0.25649350649350616	0.49473869884805416	7.618368814113862
0.2597402597402594	0.5	0
0.5681818181818187	0.005261301151945869	7.406598234985403
0.5714285714285718	0	0
0.26298701298701266	0.49473869884805416	7.6177728171966095
0.2662337662337659	0.5	0
0.5746753246753252	0.0052613011519458625	7.406244273205542
0.5779220779220784	0	0
0.26948051948051915	0.49473869884805416	7.617199017825796
0.2727272727272724	0.5	0
0.5811688311688317	0.0052613011519458625	7.405888728853452
0.5844155844155847	0	0
0.2759740259740256	0.49473869884805416	7.61664640084098
0.2792207792207788	0.5	0
0.587662337662338	0.0052613011519458625	7.405531737795649
0.5909090909090913	0	0
0.2824675324675321	0.49473869884805416	7.616112449739778
0.28571428571428537	0.5	0
0.5941558441558445	0.0052613011519458686	7.405173231929509
0.5974025974025978	0	0
0.28896103896103864	0.49473869884805416	7.615594432732956
0.2922077922077919	0.5	0
0.600649350649351	0.005261301151945871	7.404813031970264
0.6038961038961043	0	0
0.2954545454545451	0.49473869884805405	7.615090479994852
0.2987012987012984	0.5	0
0.6071428571428574	0.005261301151945872	7.40445090751972
0.6103896103896107	0	0
0.613636363636364	0.005261301151945872	7.40408655839548
0.6168831168831173	0	0
0.30194805194805163	0.49473869884805416	7.61459905228432
0.30519480519480485	0.5	0
0.6201298701298705	0.005261301151945871	7.403719602024595
0.6233766233766237	0	0
0.626623376623377	0.005261301151945871	7.4033495949421635
0.6298701298701302	0	0
0.30844155844155813	0.4947386988480542	7.614118949567755
0.31168831168831135	0.5	0
0.6331168831168835	0.005261301151945869	7.402976058655335
0.6363636363636367	0	0
0.6396103896103901	0.005261301151945869	7.402598461533596
0.6428571428571432	0	0
0.3149350649350646	0.49473869884805416	7.613649229219866
0.31818181818181784	0.5	0
0.6461038961038966	0.0052613011519458625	7.402216241706259
0.6493506493506498	0	0
0.652597402597403	0.0052613011519458625	7.401828828545342
0.6558441558441561	0	0
0.3214285714285711	0.49473869884805416	7.613189075206454
0.32467532467532434	0.5	0
0.6590909090909095	0.005261301151945866	7.401435587466689
0.6623376623376627	0	0
0.6655844155844161	0.0052613011519458686	7.401035772770595
0.6688311688311692	0	0
0.32792207792207756	0.4947386988480541	7.61273770992764
0.3311688311688308	0.5	0
0.6720779220779224	0.005261301151945869	7.40062852290023
0.6753246753246757	0	0
0.6785714285714288	0.005261301151945871	7.400212899418391
0.6818181818181821	0	0
0.33441558441558406	0.4947386988480541	7.612294382005615
0.3376623376623373	0.5	0
0.6850649350649354	0.0052613011519458686	7.399787943730615
0.6883116883116887	0	0
0.6915584415584419	0.0052613011519458625	7.399352717547619
0.6948051948051952	0	0
0.3409090909090905	0.4947386988480541	7.611858376754051
0.3441558441558438	0.5	0
0.6980519480519484	0.0052613011519458495	7.398906240349235
0.7012987012987015	0	0
0.7045454545454548	0.005261301151945868	7.398447465426159
0.7077922077922081	0	0
0.347402597402597	0.49473869884805405	7.611429021449321
0.35064935064935027	0.5	0
0.7110389610389614	0.0052613011519458686	7.397975275143209
0.7142857142857146	0	0
0.3538961038961035	0.49473869884805416	7.6110056926453185
0.35714285714285676	0.5	0
0.7175324675324679	0.005261301151945866	7.3974884398095275
0.7207792207792212	0	0
0.7240259740259744	0.005261301151945861	7.396985574323632
0.7272727272727276	0	0
0.36038961038961004	0.49473869884805405	7.610587815035248
0.36363636363636326	0.5	0
0.7305194805194808	0.005261301151945861	7.396465083302744
0.7337662337662341	0	0
0.7370129870129873	0.0052613011519458625	7.395925098865966
0.7402597402597406	0	0
0.3668831168831166	0.49473869884805405	7.610174854521248
0.37012987012986975	0.5	0
0.7435064935064939	0.0052613011519458625	7.395363421099108
0.7467532467532472	0	0
0.7500000000000004	0.0052613011519458555	7.394777468757006
0.7532467532467536	0	0
0.3733766233766231	0.49473869884805405	7.609766313270533
0.3766233766233763	0.5	0
0.7564935064935069	0.005261301151945854	7.394164241041014
0.75974025974026	0	0
0.7629870129870134	0.005261301151945851	7.393520342465945
0.7662337662337666	0	0
0.3798701298701295	0.49473869884805416	7.609361726719224
0.38311688311688274	0.5	0
0.7694805194805199	0.005261301151945846	7.392841971517194
0.772727272727273	0	0
0.7759740259740263	0.00526130115194585	7.392124409972503
0.7792207792207795	0	0
0.386363636363636	0.4947386988480541	7.608960662369924
0.38961038961038924	0.5	0
0.7824675324675328	0.0052613011519458555	7.39136069233102
0.785714285714286	0	0
0.7889610389610392	0.00526130115194585	7.390542619459549
0.7922077922077925	0	0
0.3928571428571425	0.49473869884805416	7.608562719208609
0.39610389610389574	0.5	0
0.7954545454545455	0.005261301151945851	7.3896630957180784
0.7987012987012989	0	0
0.8019480519480521	0.005261301151945851	7.3887150014616685
0.8051948051948055	0	0
0.39935064935064896	0.49473869884805416	7.608167527146379
0.40259740259740223	0.5	0
0.8084415584415586	0.005261301151945854	7.387690200779153
0.8116883116883119	0	0
0.8149350649350651	0.005261301151945857	7.386579630614109
0.8181818181818183	0	0
0.4058441558441555	0.4947386988480541	7.607774748697644
0.4090909090909088	0.5	0
0.8214285714285716	0.005261301151945866	7.3853731375180045
0.8246753246753249	0	0
0.412337662337662	0.49473869884805416	7.6073840834618816
0.4155844155844153	0.5	0
0.8279220779220781	0.005261301151945865	7.384059227876381
0.8311688311688313	0	0
0.8344155844155846	0.00526130115194586	7.3826247381675225
0.8376623376623379	0	0
0.41883116883116844	0.4947386988480542	7.606995232497289
0.42207792207792166	0.5	0
0.840909090909091	0.005261301151945851	7.381054387659617
0.8441558441558443	0	0
0.8474025974025976	0.00526130115194585	7.379330107185383
0.8506493506493509	0	0
0.42532467532467483	0.4947386988480542	7.606607915293131
0.4285714285714281	0.5	0
0.853896103896104	0.005261301151945844	7.377430176676465
0.8571428571428573	0	0
0.8603896103896105	0.005261301151945856	7.375327831990188
0.8636363636363638	0	0
0.4318181818181814	0.49473869884805405	7.606221869058001
0.43506493506493465	0.5	0
0.866883116883117	0.0052613011519458625	7.372988498907232
0.8701298701298703	0	0
0.8733766233766236	0.005261301151945861	7.370364807560719
0.8766233766233769	0	0
0.4383116883116879	0.4947386988480541	7.605836845846553
0.44155844155844115	0.5	0
0.87987012987013	0.005261301151945847	7.367392071001404
0.8831168831168833	0	0
0.8863636363636365	0.005261301151945844	7.363985036125768
0.8896103896103897	0	0
0.4448051948051943	0.49473869884805416	7.605452610693193
0.44805194805194765	0.5	0
0.892857142857143	0.005261301151945852	7.360038531152225
0.8961038961038963	0	0
0.8993506493506495	0.005261301151945859	7.3554280953207245
0.9025974025974027	0	0
0.45129870129870087	0.49473869884805416	7.605068940072882
0.45454545454545414	0.5	0
0.905844155844156	0.005261301151945863	7.350024730336336
0.9090909090909092	0	0
0.9123376623376623	0.005261301151945868	7.343714047834202
0.9155844155844157	0	0
0.45779220779220736	0.49473869884805405	7.6046856204939095
0.46103896103896064	0.5	0
0.9188311688311689	0.005261301151945868	7.336341729251068
0.9220779220779222	0	0
0.9253246753246754	0.005261301151945864	7.327735816420719
0.9285714285714287	0	0
0.4642857142857139	0.49473869884805416	7.604302447124193
0.46753246753246713	0.5	0
0.9318182894353472	0.005261278836257466	7.31772511955763
0.9350649350649352	0	0
0.938312816996934	0.00526046918740581	7.3054462507461935
0.9415584415584416	0	0
0.47077922077922046	0.49473869884805405	7.603919222401983
0.4740259740259737	0.5	0
0.9448099786683893	0.005256945840254976	7.288955316056787
0.9480519480519481	0	0
0.9513107395067388	0.0052480385781927584	7.266001264699434
0.9545454545454546	0	0
0.477272727272727	0.49473869884805405	7.603535754503483
0.48051948051948024	0.5	0
0.9578149502868789	0.005234098938458783	7.235282320818897
0.9610389610389611	0	0
0.4837662337662335	0.4947386988480541	7.603151855519724
0.4870129870129867	0.5	0
0.9643240623615426	0.005217772833683129	7.198308339164098
0.9675324675324676	0	0
0.9708375585028551	0.005199216529046444	7.154550430955234
0.974025974025974	0	0
0.49025974025973995	0.4947386988480541	7.602767339248021
0.49350649350649317	0.5	0
0.977349492790461	0.00517644412367573	7.1056574046711285
0.9805194805194806	0	0
0.9838146348749544	0.00508940864727634	6.985766408984181
0.987012987012987	0	0
0.49675324675324645	0.49473869884805405	7.602382018666828
0.4999999999999997	0.5	0
0.9902157856773045	0.004846821248524278	6.7062942662825975
0.9935064935064936	0	0
0.9956086640151174	0.0042308202490043065	6.120464276731715
1	0	0
0.5032467532467529	0.4947386988480541	7.601995703281069
0.5064935064935062	0.5	0
1	0.006493506493506496	8.048392453173248
0.5097402597402594	0.4947386988480541	7.601608197137657
0.5129870129870127	0.5	0
1	0.012987012987013047	9.390217482845692
0.994321040891789	0.009813773502990758	8.983221271909441
0.5162337662337659	0.49473869884805405	7.601219299284568
0.5194805194805193	0.5	0
0.9947741106630484	0.01658671916888108	9.445558150945594
1	0.019480519480519487	9.492557714317549
0.5227272727272725	0.49473869884805416	7.600828807763729
0.5259740259740258	0.5	0
0.9947523796730132	0.022873493159923642	9.425005717323442
1	0.025974025974026038	9.379853406484735
0.5292207792207789	0.4947386988480541	7.6004365175425415
0.5324675324675322	0.5	0
0.9947217872168747	0.029280963873908925	9.288210388228457
1	0.032467532467532534	9.246899972646753
0.5357142857142854	0.4947386988480541	7.6000422146979405
0.5389610389610386	0.5	0
0.994728673942568	0.035760244875409755	9.194800344302017
1	0.03896103896103903	9.176645316899512
0.5422077922077918	0.49473869884805416	7.599645673101968
0.5454545454545452	0.5	0
0.994735185676704	0.04223540609611213	9.148913652488753
1	0.045454545454545525	9.140086211806404
0.5487012987012984	0.49473869884805416	7.599246645020869
0.5519480519480517	0.5	0
0.9947378413664464	0.048711167613323	9.121333629244461
1	0.05194805194805202	9.115773425129051
0.5551948051948049	0.49473869884805416	7.598844846746599
0.5584415584415583	0.5	0
0.9947386988480541	0.055194805194805276	9.101708445214785
1	0.05844155844155852	9.098232261124702
0.5616883116883115	0.49473869884805416	7.598439953335247
0.5649350649350647	0.5	0
0.9947386988480541	0.06168831168831177	9.087641796502423
1	0.06493506493506501	9.085464067062043
0.5681818181818179	0.4947386988480541	7.598031644967128
0.5714285714285712	0.5	0
0.9947386988480541	0.06818181818181825	9.07715521380868
1	0.07142857142857151	9.075800173912969
0.5746753246753245	0.4947386988480541	7.597619573872237
0.5779220779220777	0.5	0
0.9947386988480542	0.07467532467532473	9.069129011231745
1	0.07792207792207795	9.068327654569295
0.5811688311688309	0.49473869884805405	7.597203347002828
0.5844155844155843	0.5	0
0.9947386988480541	0.08116883116883121	9.062859193356163
1	0.08441558441558444	9.062437092294783
0.5876623376623374	0.49473869884805416	7.5967826187377545
0.5909090909090907	0.5	0
0.9947386988480541	0.0876623376623377	9.057873833483088
1	0.09090909090909094	9.057716955038517
0.594155844155844	0.49473869884805405	7.596357139200896
0.5974025974025972	0.5	0
0.9947386988480541	0.09415584415584421	9.053848814465427
1	0.09740259740259749	9.053878556768074
0.6006493506493504	0.49473869884805405	7.595926598550242
0.6038961038961037	0.5	0
0.9947386988480542	0.10064935064935071	9.050552994665251
1	0.10389610389610393	9.050716237796149
0.607142857142857	0.49473869884805416	7.595490601023465
0.6103896103896101	0.5	0
0.9947386988480541	0.10714285714285718	9.047822750006553
1	0.11038961038961043	9.048084347869725
0.6136363636363635	0.4947386988480541	7.595048778523515
0.6168831168831167	0.5	0
0.9947386988480541	0.11363636363636369	9.045540568236595
1	0.11688311688311692	9.045875714992805
0.62012987012987	0.49473869884805416	7.594600705056645
0.6233766233766231	0.5	0
0.9947386988480542	0.12012987012987017	9.04361826411247
1	0.12337662337662342	9.044008328958745
0.6266233766233764	0.49473869884805416	7.5941458529574595
0.6298701298701297	0.5	0
0.9947386988480541	0.12662337662337667	9.041986851178256
1	0.1298701298701299	9.042417773589815
0.633116883116883	0.49473869884805416	7.593683604172413
0.6363636363636362	0.5	0
0.9947386988480541	0.13311688311688316	9.040592402958431
1	0.1363636363636364	9.041054072108045
0.6396103896103894	0.4947386988480541	7.593213264213719
0.6428571428571427	0.5	0
0.9947386988480542	0.13961038961038963	9.039393366313215
1	0.14285714285714285	9.039878693805468
0.6461038961038958	0.49473869884805416	7.592734066998498
0.6493506493506491	0.5	0
0.9947386988480541	0.1461038961038961	9.038357493864952
1	0.1493506493506494	9.038861609566217
0.6525974025974023	0.49473869884805416	7.592245192641123
0.6558441558441557	0.5	0
0.9947386988480541	0.15259740259740265	9.037459637920447
1	0.155844155844156	9.037979085284743
0.6590909090909088	0.49473869884805416	7.591745785057706
0.6623376623376622	0.5	0
0.9947386988480541	0.1590909090909092	9.036679486343493
1	0.16233766233766245	9.03721181251826
0.6655844155844154	0.49473869884805416	7.591234951494132
0.6688311688311688	0.5	0
0.9947386988480542	0.1655844155844157	9.03600053700148
1	0.16883116883116894	9.036544010540533
0.6720779220779219	0.49473869884805416	7.590711756409831
0.6753246753246752	0.5	0
0.9947386988480542	0.17207792207792216	9.035409196109311
1	0.17532467532467538	9.035962539473479
0.6785714285714284	0.49473869884805416	7.590175216825075
0.6818181818181817	0.5	0
0.9947386988480541	0.1785714285714287	9.034893975631105
1	0.18181818181818193	9.035456393650463
0.6850649350649348	0.49473869884805416	7.589624293954429
0.688311688311688	0.5	0
0.9947386988480541	0.18506493506493518	9.03444547323238
1	0.18831168831168843	9.035016719991482
0.6915584415584413	0.49473869884805416	7.589057868254052
0.6948051948051945	0.5	0
0.9947386988480542	0.1915584415584417	9.034056214685647
1	0.19480519480519493	9.03463649082442
0.6980519480519478	0.49473869884805416	7.588474692604314
0.7012987012987011	0.5	0
0.9947386988480542	0.19805194805194817	9.033720193305705
1	0.20129870129870142	9.034309960265405
0.7045454545454544	0.4947386988480542	7.587873331310639
0.7077922077922075	0.5	0
0.9947386988480542	0.20454545454545464	9.033432426359878
1	0.20779220779220786	9.034032314950492
0.7110389610389608	0.4947386988480542	7.587252033213159
0.714285714285714	0.5	0
0.9947386988480541	0.21103896103896114	9.033188769456034
1	0.2142857142857144	9.033799664338547
0.7175324675324672	0.49473869884805416	7.586608374699935
0.7207792207792205	0.5	0
0.9947386988480541	0.21753246753246766	9.032986037972421
1	0.2207792207792209	9.033609180820678
0.7240259740259738	0.49473869884805416	7.585938616144692
0.727272727272727	0.5	0
0.9947386988480542	0.22402597402597418	9.03282203415028
1	0.2272727272727274	9.03345892874525
0.7305194805194802	0.4947386988480542	7.585238132005521
0.7337662337662334	0.5	0
0.9947386988480541	0.23051948051948068	9.032695136814345
1	0.2337662337662339	9.0333472647351
0.7370129870129866	0.49473869884805405	7.584503019992806
0.7402597402597401	0.5	0
0.9947386988480542	0.23701298701298715	9.032603667977014
1	0.2402597402597404	9.033272260254913
0.7435064935064932	0.49473869884805416	7.583729811186168
0.7467532467532465	0.5	0
0.9947386988480541	0.24350649350649367	9.032545575205829
1	0.24675324675324684	9.033231659820858
0.7499999999999998	0.49473869884805416	7.582914428123311
0.753246753246753	0.5	0
0.9947386988480541	0.25000000000000006	9.032518717286777
1	0.25324675324675333	9.033223498932388
0.7564935064935062	0.4947386988480542	7.582052460845614
0.7597402597402595	0.5	0
0.9947386988480541	0.25649350649350655	9.03252162430424
1	0.2597402597402598	9.03324700775329
0.7629870129870127	0.4947386988480542	7.581139044582517
0.7662337662337659	0.5	0
0.9947386988480541	0.26298701298701305	9.032554245235941
1	0.2662337662337663	9.033303047468737
0.7694805194805192	0.4947386988480541	7.580168749035359
0.7727272727272725	0.5	0
0.9947386988480542	0.26948051948051954	9.032618017213208
1	0.2727272727272728	9.033393687831428
0.7759740259740258	0.4947386988480541	7.579135483187611
0.779220779220779	0.5	0
0.9947386988480541	0.2759740259740261	9.03271514989362
1	0.27922077922077926	9.033521323046648
0.7824675324675323	0.4947386988480541	7.578032384911609
0.7857142857142856	0.5	0
0.9947386988480541	0.2824675324675325	9.032847820668755
1	0.28571428571428575	9.033688130393426
0.7889610389610389	0.49473869884805416	7.576851702255046
0.792207792207792	0.5	0
0.9947386988480541	0.2889610389610389	9.033017978041586
1	0.29220779220779225	9.03389625895255
0.7954545454545453	0.49473869884805416	7.575584666101787
0.7987012987012985	0.5	0
0.9947386988480541	0.2954545454545454	9.033227772474563
1	0.29870129870129875	9.034148397466787
0.8019480519480517	0.49473869884805416	7.574221346546694
0.805194805194805	0.5	0
0.9947386988480542	0.30194805194805197	9.033480066784152
1	0.30519480519480524	9.034448134323945
0.8084415584415583	0.49473869884805416	7.572750469579771
0.8116883116883116	0.5	0
0.9947386988480543	0.30844155844155846	9.033778601384595
1	0.31168831168831174	9.03479997778745
0.8149350649350648	0.4947386988480542	7.571159130151851
0.818181818181818	0.5	0
0.9947386988480542	0.31493506493506496	9.034127959423728
1	0.31818181818181823	9.03520938059259
0.8214285714285713	0.4947386988480542	7.569432206908899
0.8246753246753245	0.5	0
0.9947386988480542	0.3214285714285715	9.034533696411133
1	0.3246753246753247	9.035683005495452
0.8279220779220777	0.49473869884805416	7.567551195756534
0.831168831168831	0.5	0
0.9947386988480541	0.327922077922078	9.03500265755689
1	0.3311688311688312	9.03622905544634
0.8344155844155842	0.49473869884805416	7.565494653210778
0.8376623376623373	0.5	0
0.9947386988480541	0.3344155844155845	9.035543233208301
1	0.3376623376623378	9.036857481771712
0.8409090909090907	0.49473869884805405	7.563239277500554
0.8441558441558439	0.5	0
0.9947386988480542	0.34090909090909105	9.03616556259143
1	0.3441558441558442	9.037580358693027
0.8474025974025972	0.49473869884805416	7.560756820695098
0.8506493506493503	0.5	0
0.9947386988480541	0.34740259740259744	9.036882090772478
1	0.3506493506493507	9.038412735892875
0.8538961038961037	0.49473869884805416	7.558012721111091
0.8571428571428569	0.5	0
0.9947386988480541	0.35389610389610393	9.037708512293953
1	0.3571428571428572	9.03937358238538
0.86038961038961	0.49473869884805405	7.554964213318564
0.8636363636363633	0.5	0
0.9947386988480541	0.3603896103896105	9.038664438554969
1	0.36363636363636376	9.040486138610667
0.8668831168831166	0.4947386988480541	7.551557897437255
0.8701298701298699	0.5	0
0.9947386988480541	0.36688311688311703	9.039773536290694
1	0.3701298701298702	9.041778408919427
0.8733766233766231	0.49473869884805416	7.547727453730926
0.8766233766233764	0.5	0
0.9947386988480541	0.3733766233766234	9.04106472366056
1	0.3766233766233767	9.043286052241694
0.8798701298701297	0.4947386988480541	7.543391834236792
0.883116883116883	0.5	0
0.9947386988480541	0.3798701298701299	9.042576094527107
1	0.3831168831168832	9.045056335579972
0.8863636363636361	0.49473869884805416	7.538455070818935
0.8896103896103895	0.5	0
0.9947386988480541	0.3863636363636364	9.04435861927381
1	0.3896103896103897	9.047152430802154
0.8928571428571427	0.4947386988480541	7.53281368157473
0.896103896103896	0.5	0
0.9947386988480542	0.3928571428571429	9.04647974503594
1	0.3961038961038962	9.04965741406617
0.8993506493506492	0.49473869884805416	7.526384543754076
0.9025974025974025	0.5	0
0.9947386988480543	0.3993506493506494	9.049025450924928
1	0.4025974025974027	9.052671081578623
0.9058441558441558	0.4947386988480541	7.519004560525135
0.9090909090909091	0.5	0
0.9947386988480541	0.4058441558441559	9.052098570850072
1	0.40909090909090917	9.056324339040527
0.9123376623376623	0.4947386988480541	7.510485683355028
0.9155844155844155	0.5	0
0.9947386988480541	0.4123376623376624	9.05584351097174
1	0.41558441558441567	9.060805701101671
0.9188311688311689	0.4947386988480541	7.500578823657041
0.9220779220779222	0.5	0
0.9947386988480542	0.4188311688311689	9.060470759045463
1	0.42207792207792216	9.066385872340627
0.9253238250461105	0.4947384584774539	7.48921812273993
0.9285714285714285	0.5	0
0.9947386988480541	0.4253246753246754	9.066288095611457
1	0.4285714285714286	9.073481217338534
0.9318154354991107	0.494737797285069	7.476330368925667
0.9350649350649352	0.5	0
0.994739037547445	0.4318182770120097	9.073773122755993
1	0.4350649350649351	9.082712959083862
0.9383055244917405	0.4947361100796097	7.462572646775427
0.9415584415584416	0.5	0
0.9947407954836369	0.4383121414657631	9.083613670225374
1	0.4415584415584416	9.094937993784772
0.9447938521639826	0.4947322732159354	7.4496298159125365
0.9480519480519481	0.5	0
0.9947462765245016	0.44480912260380556	9.096798831654963
1	0.4480519480519481	9.11160767294293
0.9512798120496587	0.4947258027937915	7.4389274723587056
0.9545454545454546	0.5	0
0.9947554611113917	0.45130756632703384	9.115052952582593
1	0.4545454545454546	9.134704789589403
0.9577710508121964	0.4947189471693081	7.4293215822459695
0.961038961038961	0.5	0
0.994770886250338	0.4578043086608588	9.1411764355546
1	0.4610389610389611	9.170447717771648
0.9642343355317619	0.4947138756094591	7.418882779015084
0.9675324675324676	0.5	0
0.9947891157210974	0.4643025163715741	9.185048699053645
1	0.4675324675324676	9.233351091878564
0.9706942035559671	0.49472487579946794	7.4015490121734855
0.9740259740259741	0.5	0
0.9948047419397062	0.4708066463502747	9.264600151538575
1	0.474025974025974	9.353824657868383
0.9771155212703374	0.4947582068157718	7.3801485254209895
0.9805194805194806	0.5	0
0.9948267663018985	0.477311961101939	9.393281299931587
1	0.4805194805194805	9.47279224011785
0.983383436106469	0.4947668663993599	7.347859834746472
0.987012987012987	0.5	0
0.9949370918273844	0.48379352043841134	9.396855950935437
1	0.487012987012987	9.26597737682597
0.9900218283469588	0.49420623719136403	7.774887130871273
0.9935064935064934	0.5	0
0.9951259393610968	0.49019829497318984	8.776753820694756
1	0.4935064935064935	8.060951155643755
0.995731581050489	0.4955802247197235	6.468742432555514
1	0.5	0
0.009895422183662017	0.012846896056275092	9.404606111347972
0.014627741052296792	0.009979736596405935	9.54302361350788
0.010415646622304561	0.019330324829862973	9.143421363864185
0.01626666448507667	0.01597342954548389	9.508919331315385
0.019926254575695225	0.010492816008634429	9.67089052228397
0.010405312709664228	0.02588216786164903	9.063974768214026
0.015539511188544186	0.022592081990242263	9.161138265213927
0.02041792551836108	0.020630891788664757	9.34317540701185
0.02306109906038351	0.015970979256035255	9.63461968739481
0.026166619109619513	0.01061392450615567	9.692535728255102
0.010406733649615705	0.03241873010189271	9.034291857523913
0.015573787598012478	0.029164721949982087	9.092082598127904
0.02081962122708074	0.026056728591952686	9.17696400456255
0.026181512611917535	0.022112391298641676	9.368665676292997
0.029407618061631023	0.016002422388631095	9.676646714963619
0.0326096371393362	0.010608156362989589	9.663705575328803
0.010435321723675816	0.03892877642732985	9.019498990091476
0.015592924746906432	0.035673814226003596	9.0516808281308
0.020678622066263586	0.032364808928152244	9.104121862665847
0.02578768988361918	0.02910876325013048	9.16543858523528
0.031158647159306007	0.027140319524677645	9.246684751535243
0.03313654036145494	0.0211785468402228	9.4670299744677
0.03597756237897269	0.01587114772873943	9.683034766813897
0.039079332869622244	0.010565651364837066	9.617377166462802
0.010471574098788365	0.04543241457247135	9.011902528449342
0.015653991313214908	0.042192380922204516	9.03152531321311
0.02079550345289227	0.038984807110566407	9.06303872750612
0.025928873558704397	0.035887827339284674	9.10778143868834
0.03108148997676413	0.03324747740962239	9.152237631563994
0.03508731561597844	0.03057315794512444	9.20498597720998
0.03699300828957982	0.02620497330561317	9.30296516079189
0.039476284872245374	0.021027622732694696	9.499500075945322
0.0423864803002896	0.015806265523017598	9.666482139590839
0.04552868468965985	0.010538839395045308	9.575405720672606
0.01049918127925536	0.05193267197135339	9.007661228784945
0.015710183479281548	0.04868782893957823	9.020154934669561
0.02087742186895759	0.04547856883909312	9.04041482690433
0.026032824419677088	0.042320283440486293	9.068820625966778
0.03119128051036056	0.03930636236722541	9.105264696313446
0.03674321978652487	0.03623481376682435	9.14604876695787
0.04017903308982187	0.031148517002223822	9.213791345147117
0.04292483801512895	0.026161976823998852	9.320248645371821
0.04574207290426447	0.021006336096274194	9.512369090386615
0.048770815555864065	0.01578786479663366	9.643417609350761
0.05197244108708908	0.010527988965753087	9.544426699189522
0.010514602639855979	0.05843299523675106	9.005126166394549
0.0157504593023455	0.05518014844648186	9.01343513377748
0.020944735854143356	0.05195101292989759	9.026897801063752
0.026090574091204414	0.048764331860263105	9.046002676998869
0.03118344949721068	0.04563543955157829	9.070288255275171
0.03617782582328222	0.04251233269555646	9.099552932702936
0.040733297960842685	0.040720545088856364	9.122742730630552
0.04339401576390424	0.036456171164005964	9.160501333090783
0.04616768390307318	0.03136166324546316	9.223146600715625
0.049024150736352204	0.026224254345926082	9.326545126769716
0.052055288364373245	0.021037838814871323	9.516292879288896
0.05523661969712085	0.015784418924335217	9.620245210057822
0.05845250241818937	0.01052433106100173	9.52268067275614
0.010520739196393437	0.0649321950370138	9.003546191912838
0.01577224555862224	0.061677139219099064	9.009248944839532
0.020997214705824177	0.05842977863624891	9.018512763612764
0.026169493433336747	0.05521266715324922	9.03173042994308
0.031287418948716936	0.052030658555594494	9.048948033206669
0.03630708926019099	0.04889087766303981	9.069463328635832
0.04105775782951881	0.045838563876351685	9.092767615057078
0.04631590144201566	0.04242952585023885	9.12185070348127
0.049393514743234924	0.036714256239311405	9.167860537269346
0.05228588759665157	0.03146926593093474	9.228101147481082
0.05532156225215126	0.026274785696550382	9.328124967382136
0.05849770358335719	0.021036967477522765	9.517733506312142
0.061710380752389354	0.015782515260104046	9.5998288046317
0.06493908030092997	0.010523002154899713	9.507502495139436
0.010522413657001628	0.07142815469389331	9.002523893054759
0.015780454641595075	0.06817656087906371	9.00654704330501
0.021026374722316412	0.06492147661773583	9.013078662983517
0.026237345545454833	0.06167873991417764	9.022469385818752
0.031397281696281684	0.05846306091307121	9.034813442168273
0.03653789567905906	0.0552517183571887	9.050081756030169
0.04159818778335823	0.052076552941969174	9.067604953995795
0.046501673627461264	0.04906117001667598	9.086372681001713
0.05076200153319166	0.04639058573790972	9.105148928954275
0.052626025969530796	0.04186046945808519	9.133896265801
0.05557510027746379	0.036708122136807034	9.173943480622425
0.05859630001161885	0.031515938043873655	9.230352833904037
0.06175183393050327	0.02628845227924641	9.327984238451604
0.06496320397382395	0.021039464027007255	9.51759292740263
0.06818670922549688	0.015783575725535588	9.582722570288476
0.07143027737906056	0.010522646305705355	9.496625098545607
0.010522602303891678	0.07792207792207786	9.001842293768519
0.015782715219131323	0.07467368431430191	9.004751513576055
0.021037653300100375	0.071420238286928	9.00946199673592
0.02627598334438731	0.0681654274224379	9.01626097890376
0.03147619605647945	0.06492503369596166	9.0252857802391
0.036647158064257654	0.06170003174832936	9.036505890381271
0.04176082012911872	0.05852223351986626	9.049671618966668
0.046928538771261796	0.05534659765458611	9.064577237313195
0.05234765440542144	0.05228519403900039	9.080784182422805
0.05590123091051314	0.04698680533041988	9.107581788603975
0.05882810857218995	0.041919893213415674	9.138699033717858
0.06186887748720136	0.0367554846212161	9.176685098011609
0.06501543005022935	0.03153774892768429	9.23069324542415
0.06821511317250101	0.02629580979921081	9.326670864343408
0.07143452887695186	0.02104389416940715	9.516850904696229
0.07467741708241604	0.01578363776136016	9.568634265311632
0.0779220779220779	0.01052260230389176	9.488524267391101
0.010522555461009298	0.08441552381893473	9.001375000029112
0.015783344695634353	0.08116822650879392	9.003526974765206
0.021041519941846543	0.07791826658506934	9.00699623694871
0.0262924105341128	0.07466386620326905	9.012009818608691
0.031524462891534155	0.07140826164917154	9.018711361573223
0.03672199706116841	0.068167218348591	9.027116113794847
0.04187208134224352	0.06496203835875956	9.037070541643812
0.04696505794053321	0.061815942695264886	9.048334557721427
0.05199619967045925	0.0587501682232171	9.06043075126887
0.056468535321062455	0.056716183884888624	9.070256009685524
0.0590323401454547	0.05230538282493615	9.086468814124588
0.06203856035361367	0.04716081288673654	9.11126407055623
0.06513719033615757	0.04199309317751817	9.141462131932387
0.06827511626961387	0.03678811464773745	9.177741390643071
0.07146879353388187	0.031551655826812026	9.229948292694795
0.07468147647343572	0.02630434868254723	9.324796500329724
0.0779244448643417	0.021044582406110835	9.516023757887355
0.08116883116883115	0.015783903455837626	9.55711875228956
0.0844155844155844	0.010522602303891756	9.482241382571091
0.01052259575429434	0.0909090813943463	9.001046497529797
0.015783644298249046	0.08766202276197897	9.002670662217456
0.021043475358150415	0.08441382537835994	9.005276977219182
0.026299687425124393	0.0811632149612761	9.009039037884458
0.031547350698257065	0.07790725768299425	9.01408780789531
0.03677814690568134	0.07464928014579199	9.02047818853689
0.04196353125743182	0.07141923451040376	9.028138318690191
0.04709372411265494	0.06822959901666914	9.03690704817764
0.05213128998554361	0.06509361613479354	9.046569228444755
0.056932924692834404	0.06200807980016843	9.05683535722447
0.062085342542655075	0.058243232379302554	9.069894505439711
0.0653032546713568	0.05247068038158098	9.08977161086485
0.06839880373892245	0.04724933186047126	9.113863570507943
0.07153487161417445	0.04203939918510587	9.142900378557199
0.07472229110110762	0.036807638780552536	9.177760511679546
0.07792922202775078	0.03156466186151968	9.228636751256879
0.08117144164317243	0.026305518371560973	9.322967180955912
0.0844155844155844	0.02104520460778349	9.51515393691614
0.08766233766233768	0.015783903455837626	9.547706746359358
0.09090909090909095	0.010522602303891751	9.477207753469616
0.010522602303891689	0.09740259740259732	9.000810379171108
0.015783865249853018	0.09415578865316764	9.002058181019784
0.021044589424218788	0.09090836442179784	9.004051332276044
0.02630378487740781	0.08765979284371132	9.006922503736805
0.03155853445597488	0.08440881930626014	9.01077932654591
0.03680489677441558	0.08115097551428456	9.015686979758504
0.042032427415789296	0.07789653349387222	9.021642525818448
0.04722445902605356	0.07466429804698405	9.02856454333181
0.05237335538359794	0.07145701684851061	9.036310808050017
0.05742647811318193	0.06830089022493116	9.04471092521363
0.062405705686586654	0.06518578942220007	9.053500884736183
0.06686441310644138	0.062379051778794346	9.062251427617023
0.06874304507032826	0.057657364922043985	9.075156449026688
0.07167604368998791	0.05249836636733502	9.09244614502177
0.07479698030464546	0.047293263759490965	9.115502571052788
0.07797455410287636	0.04206519953049757	9.143469602325327
0.08117783927032034	0.036824748322385116	9.177162145718158
0.0844187115291683	0.03156639154841525	9.227230955381811
0.08766233766233766	0.026306505759729364	9.321167148058455
0.09090909090909095	0.0210452046077835	9.514294967360241
0.09415584415584421	0.015783903455837623	9.540007002490439
0.09740259740259749	0.010522602303891746	9.47306180748219
0.010522602303891694	0.1038961038961038	9.000637312499931
0.01578390345583754	0.10064935064935056	9.001611340547639
0.021045110366354914	0.09740246049599538	9.003160049386961
0.02630570755163845	0.0941548848848185	9.005385613110034
0.03156468183673441	0.0909064225670236	9.008375083292727
0.03681831381769413	0.08765406919771525	9.012187977975133
0.04206377203364148	0.08439545565309846	9.016846763039467
0.04728232871222678	0.08114570510110916	9.022312384958765
0.052489100709705215	0.07790534603134434	9.028527750449799
0.05770763825955616	0.07467350055962439	9.035406351454192
0.06284420813398028	0.07153288375438602	9.04270984160434
0.06859858884962373	0.06828287798552479	9.050873262751148
0.07212427283347532	0.0628966511333492	9.063492287738628
0.07495626104678113	0.05772582837219886	9.077335183856755
0.07803714592996291	0.05255313768930706	9.094042338339818
0.08122362741291471	0.04732456132376218	9.116359742978402
0.08442443705981857	0.042085887237302104	9.143426570054485
0.0876658356388889	0.03682739188316097	9.176345384562076
0.09090909090909091	0.03156780691167524	9.22577033333995
0.0941558441558442	0.026306505759729367	9.319484245588754
0.09740259740259749	0.0210452046077835	9.513444646303107
0.10064935064935072	0.015783903455837623	9.533699352574699
0.103896103896104	0.010522602303891746	9.469575971752564
0.01052260230389171	0.1103896103896103	9.000508236468578
0.010522602303891727	0.11688311688311681	9.00041046007432
0.015783903455837554	0.10714285714285704	9.00127954331372
0.0210452046077834	0.10389610389610378	9.002500385453603
0.02630637883095846	0.1006491662571254	9.004250047304545
0.03156705674830553	0.09740161769150961	9.006598809488144
0.036825427525395346	0.09415219452986616	9.009598792684548
0.042077773899249195	0.09089728343297822	9.01327752846281
0.047319056841686795	0.08763743078094975	9.017630938682883
0.05252940244760973	0.08438321036980469	9.02260953731754
0.05772665058602578	0.08113445650084643	9.028159309975779
0.06288976593020275	0.07791399740270973	9.03417526667774
0.06798259178271741	0.07490974141925207	9.040289829313146
0.07263658988602778	0.07278372439226673	9.045320764025343
0.07533234051813731	0.06829230399842512	9.05350792365063
0.07824530999818173	0.06305343909708754	9.06527567952213
0.08130108222169757	0.05782362639746426	9.078793762006548
0.08447692270038971	0.052586748652569744	9.095060816365992
0.08767087863231716	0.04734742127116049	9.11668972946144
0.09091257284088505	0.042088654673054095	9.143103720470242
0.0941558441558442	0.036829108063621115	9.175385829178218
0.09740259740259745	0.03156780691167524	9.224356008521669
0.10064935064935072	0.02630650575972937	9.317926673799201
0.103896103896104	0.0210452046077835	9.512608542179727
0.10714285714285725	0.015783903455837623	9.528520277278277
0.1103896103896105	0.010522602303891746	9.466592897048143
0.010522602303891723	0.12337662337662329	9.00033535472395
0.010522602303891718	0.12987012987012977	9.00027693936355
0.015783903455837574	0.11363636363636355	9.001029240457582
0.01578390345583759	0.12012987012987003	9.000837712354327
0.021045204607783422	0.11038961038961027	9.002004337160095
0.026306505759729263	0.10714285714285703	9.003397774898446
0.031567665579159514	0.10389589162476903	9.00526617725514
0.03682813387955037	0.10064772107796373	9.007654432943704
0.04208544985616288	0.09739555414766991	9.010590573708727
0.04733535322570309	0.09413689624968025	9.014081596210675
0.052568378055336616	0.09087266971082009	9.018109687456679
0.05777582767565664	0.08760502779937823	9.02263356380283
0.06296816849342421	0.08432565684221721	9.027616564834444
0.06806937439726997	0.08118004249810923	9.032832212921756
0.07308267104803208	0.07814774851191886	9.038219458712682
0.0781997241541007	0.07434530351119559	9.044941998989186
0.0814595153544498	0.06846797098142288	9.055080521189922
0.08456590537183636	0.06312394887579553	9.06672020261441
0.08773357057951241	0.05785760124966452	9.079864531919938
0.09092167639998806	0.052608665645439485	9.095613660188725
0.09415994555462263	0.04734997878203213	9.116725824004384
0.09740259740259744	0.042090409215567004	9.142565578378568
0.1006493506493507	0.036829108063621115	9.17438862595837
0.10389610389610397	0.031567806911675246	9.223009816164513
0.10714285714285725	0.026306505759729367	9.31649920508489
0.1103896103896105	0.0210452046077835	9.511790619127543
0.11363636363636376	0.015783903455837623	9.524256123767584
0.11688311688311703	0.010522602303891746	9.464009083315167
0.010522602303891723	0.13636363636363627	9.000230993896585
0.010522602303891728	0.1428571428571428	9.00019449263439
0.01578390345583758	0.12662337662337653	9.000689274563753
0.01578390345583759	0.133116883116883	9.000572904714632
0.02104520460778345	0.1168831168831168	9.001625936393339
0.02104520460778345	0.12337662337662329	9.001333525653907
0.0263065057597293	0.11363636363636354	9.002748956220096
0.0315678012416985	0.11038960100640864	9.004252477237186
0.03682886134100896	0.10714236424902594	9.006174406369295
0.04208884626623263	0.10389248797942968	9.008541310191204
0.04734493034163315	0.10063688349218658	9.011365051664328
0.05259109462491871	0.09737383291629435	9.014640215796655
0.05781846272692295	0.09410236044965574	9.018345339788949
0.06303859828138332	0.09081231192080667	9.022456515576502
0.06819659405666155	0.08759877073736223	9.026843723332165
0.07330171659432705	0.08441514624170207	9.031488775130894
0.07830389797375431	0.0812675418033281	9.036276611575177
0.08287099986318741	0.07839294680692835	9.041005308137406
0.0847197281082761	0.07359684385569354	9.047828001922921
0.08780463842347602	0.06839302252133275	9.056706747255094
0.09098775390816827	0.063128492709057	9.067861386868081
0.09417416917759348	0.05787104302495096	9.080559355855089
0.09740843272116827	0.052611453668466486	9.095879636549432
0.10064935064935066	0.04735171036751288	9.116515457438558
0.10389610389610396	0.042090409215567	9.141924852301015
0.10714285714285722	0.03682910806362112	9.173396664446686
0.1103896103896105	0.03156780691167524	9.221754444948294
0.11363636363636376	0.026306505759729367	9.315197604043712
0.11688311688311703	0.0210452046077835	9.51099529058874
0.12012987012987031	0.015783903455837623	9.520733190164362
0.12337662337662358	0.010522602303891746	9.461754197136147
0.010522602303891716	0.14935064935064932	9.000165234453585
0.010522602303891704	0.15584415584415579	9.000141596723159
0.015783903455837595	0.13961038961038955	9.000480729937422
0.01578390345583759	0.14610389610389607	9.000407043464476
0.02104520460778344	0.12987012987012977	9.00110491467285
0.021045204607783453	0.13636363636363627	9.000924295892204
0.026306505759729315	0.12012987012987003	9.002248605170506
0.02630650575972931	0.12662337662337653	9.001858209431292
0.03156780691167516	0.1168831168831168	9.003471543217257
0.03682908059295691	0.11363629927224123	9.005034118954887
0.042090013044000306	0.11038839600929234	9.006960198557339
0.047349693531685694	0.10713660106948926	9.009263513598983
0.052604420211742	0.1038782534028649	9.011945255208468
0.05784676818851159	0.10061190126084285	9.014993290891546
0.06307260185732737	0.09733848622974112	9.018384290763834
0.06829025314576007	0.09407047296177942	9.0220843321214
0.07345659162173455	0.0908256682443543	9.026025750366749
0.07868838146853845	0.0875611584211841	9.030247892118998
0.08453056635292756	0.0842852071446318	9.034826467162652
0.08813699454251452	0.07886824885295203	9.041717108241953
0.0910703724409725	0.07363029571664308	9.049124129230064
0.09422775571945635	0.06839207024602975	9.057806649528375
0.09742555455350856	0.06313354285419544	9.068625657329894
0.10065720356455593	0.057873162926971145	9.080965032570466
0.10389610389610394	0.052613011519458776	9.09590093740632
0.1071428571428572	0.04735171036751287	9.116158349713468
0.11038961038961048	0.042090409215567	9.14123658657907
0.11363636363636376	0.036829108063621115	9.172435568151867
0.11688311688311703	0.03156780691167524	9.220597833859687
0.12012987012987031	0.026306505759729367	9.314013570219132
0.12337662337662358	0.0210452046077835	9.510226759695124
0.12662337662337686	0.015783903455837623	9.51780797163517
0.12987012987013014	0.010522602303891746	9.459770197087122
0.010522602303891697	0.16233766233766225	9.000122368762403
0.0105226023038917	0.16883116883116878	9.000106637337419
0.01578390345583757	0.15259740259740254	9.000347652603663
0.01578390345583756	0.15909090909090903	9.000299438994732
0.02104520460778346	0.1428571428571428	9.000780241066673
0.02104520460778345	0.14935064935064934	9.000664375584762
0.026306505759729315	0.133116883116883	9.001550363742012
0.026306505759729332	0.13961038961038952	9.001305281824218
0.03156780691167518	0.12337662337662329	9.00286292202223
0.03156780691167517	0.12987012987012977	9.002383568741136
0.036829108063621045	0.12012987012987003	9.004145632292152
0.04209035921957193	0.11688292387687943	9.005727329691554
0.04735133966983285	0.1136343496167664	9.007621666512579
0.052610784826003086	0.1103813305472718	9.009833560840347
0.05786407542791514	0.10712118574603208	9.012357845954824
0.06310357687201003	0.10385302903776372	9.015179345937433
0.06832529670705606	0.10057989174010423	9.018274012508853
0.073520104511051	0.0973061468872224	9.02161333265658
0.07869197393038926	0.09402058744083741	9.025172887313632
0.08379644001807574	0.09074438653940359	9.028901398984372
0.08862845514533557	0.08889399877336532	9.031559855247524
0.0913090611677223	0.08433110643141005	9.036250558626685
0.09432123932200122	0.07897309316240536	9.042806509716051
0.09749554510921772	0.07367613517899275	9.0501057778773
0.1006889291975553	0.06840096091923623	9.058584744187193
0.1039079705833414	0.06313581028768367	9.069119158185996
0.10714285714285725	0.057874312671404665	9.08114183608326
0.11038961038961048	0.05261301151945875	9.09576090050392
0.11363636363636376	0.047351710367512866	9.115715090373824
0.11688311688311703	0.042090409215567	9.140539350316208
0.12012987012987031	0.036829108063621115	9.17152105491701
0.12337662337662358	0.03156780691167524	9.219540012714567
0.12662337662337686	0.026306505759729367	9.312937785317429
0.12987012987013014	0.02104520460778349	9.509488783697835
0.1331168831168834	0.015783903455837616	9.515367272623429
0.1363636363636367	0.010522602303891742	9.458017211169336
0.0105226023038917	0.1753246753246753	9.000093706785888
0.015783903455837547	0.16558441558441553	9.000260057282118
0.015783903455837557	0.17207792207792205	9.000227725597439
0.021045204607783422	0.1558441558441558	9.00057048607921
0.021045204607783394	0.16233766233766225	9.000493910285535
0.026306505759729325	0.14610389610389607	9.001108485387403
0.026306505759729298	0.1525974025974026	9.000949248855754
0.03156780691167518	0.13636363636363627	9.002002400426626
0.03156780691167519	0.1428571428571428	9.001696676975603
0.03682910806362103	0.12662337662337653	9.003446128618542
0.03682910806362103	0.133116883116883	9.0028901797029
0.0420904092155669	0.12337662337662325	9.004756320519789
0.047351675414654286	0.12012953661604324	9.00632699726028
0.052612776920052756	0.11688069974857657	9.008164570381807
0.05787180680924656	0.11362695126599981	9.010268291141076
0.0631238301114958	0.11036505102386972	9.01262987816115
0.06836220475386547	0.10709457353604691	9.015233839114137
0.07357823089652647	0.10381662716371577	9.018058501597457
0.07876852656695328	0.10052382184185073	9.021089763118598
0.0839217993959826	0.09716234271100932	9.02432995304588
0.08896321423161613	0.09428166570131796	9.027399623305028
0.09426551444965936	0.09040558074761595	9.031384186640269
0.09754223056298196	0.0844118638101058	9.037275336643988
0.1007398882072148	0.07899324105815647	9.043762164525033
0.10394221632435036	0.07367973176898772	9.050878473130664
0.1071596604261008	0.06840093704056761	9.059128649061293
0.11039309111179373	0.0631359871084636	9.069403282793546
0.11363636363636377	0.057874312671404644	9.081156918039538
0.11688311688311703	0.05261301151945875	9.095512375504791
0.12012987012987031	0.04735171036751288	9.115230509413976
0.12337662337662358	0.042090409215567004	9.139854355460175
0.12662337662337686	0.036829108063621115	9.170663259114422
0.12987012987013014	0.03156780691167524	9.218576674083751
0.1331168831168834	0.02630650575972936	9.311962293391291
0.1363636363636367	0.021045204607783485	9.508785049681594
0.13961038961038996	0.015783903455837606	9.513321091062364
0.1428571428571432	0.01052260230389173	9.456462330146659
0.01052260230389169	0.18181818181818177	9.00008304255261
0.010522602303891678	0.18831168831168826	9.000074230791055
0.010522602303891689	0.1948051948051948	9.000066949146662
0.01578390345583755	0.17857142857142858	9.000201077899577
0.02104520460778341	0.16883116883116878	9.00043111370769
0.02104520460778342	0.1753246753246753	9.000379391897802
0.026306505759729256	0.15909090909090906	9.000819536304034
0.026306505759729263	0.16558441558441553	9.000713264508535
0.031567806911675184	0.14935064935064934	9.001449559001903
0.031567806911675135	0.15584415584415587	9.00124843691564
0.03682910806362105	0.13961038961038952	9.002444514148408
0.03682910806362105	0.14610389610389607	9.002084474891776
0.04209040921556689	0.12987012987012977	9.0039844185533
0.042090409215566914	0.13636363636363627	9.003365584670753
0.047351710367512755	0.12662337662337653	9.005296946008007
0.05261301649525957	0.12337624336899973	9.006834670402212
0.0578740467680939	0.12012732823858308	9.008599047682361
0.06313261878636674	0.11687245925241617	9.010586170980062
0.06838449950288776	0.11360876622275189	9.012786492198792
0.07362320378126268	0.1103366662326112	9.015185098567898
0.07884647469567423	0.10705902054377736	9.017763459957015
0.08404730277004095	0.1037783043118105	9.020502061089926
0.08919407530143075	0.10056317275606962	9.023344474615124
0.0941686134028702	0.09733775246788431	9.02625422700937
0.09881774862431664	0.09441966997133028	9.029096607404863
0.10075141577751029	0.0896130699705752	9.033103749851191
0.1039654132646214	0.08427183259270084	9.03833326416018
0.10718299522829118	0.07895509857001969	9.044562533952222
0.1104079050592921	0.07366895143912992	9.051457382605998
0.11364146710429712	0.06839848931424593	9.059485490698934
0.11688311688311703	0.06313561382335053	9.069531986322021
0.12012987012987031	0.057874312671404644	9.081057367908722
0.12337662337662358	0.05261301151945876	9.095198010494682
0.12662337662337686	0.04735171036751288	9.114731639957343
0.12987012987013014	0.042090409215567004	9.139192695822386
0.1331168831168834	0.036829108063621115	9.169866686587527
0.1363636363636367	0.03156780691167524	9.217700254789655
0.13961038961038996	0.026306505759729346	9.311082456618836
0.1428571428571432	0.021045204607783464	9.508117257647049
0.14610389610389649	0.01578390345583759	9.51159727184512
0.14935064935064968	0.010522602303891716	9.455076955727614
0.010522602303891694	0.2012987012987013	9.000060945431832
0.010522602303891683	0.20779220779220783	9.000056021950966
0.015783903455837536	0.18506493506493504	9.00017905862532
0.01578390345583754	0.1915584415584415	9.000160846686258
0.015783903455837547	0.19805194805194803	9.00014580009691
0.021045204607783405	0.1818181818181818	9.000336658469282
0.026306505759729273	0.17207792207792205	9.000625785087756
0.026306505759729287	0.17857142857142858	9.000553516117437
0.03156780691167512	0.1623376623376623	9.00108377120541
0.03156780691167513	0.16883116883116878	9.000948277091402
0.036829108063621024	0.15259740259740262	9.001791588503382
0.036829108063620955	0.15909090909090912	9.001551875406973
0.04209040921556693	0.1428571428571428	9.00286564655874
0.042090409215566914	0.14935064935064937	9.002458962043875
0.04735171036751276	0.13311688311688302	9.004470582973084
0.047351710367512796	0.13961038961038955	9.003802607160436
0.052613011519458575	0.12987012987012983	9.005766484221882
0.05787432112495796	0.12662302902058528	9.007255982335812
0.06313500887877287	0.12337351373965898	9.00893741043531
0.06839323271131698	0.12011709342131867	9.010805233068806
0.07364595852800175	0.1168530379227909	9.012849247569415
0.07889977831372151	0.11358659528787718	9.015056780152308
0.0841518733112988	0.11031224048138633	9.017413396910003
0.08939960069435239	0.1070493086468598	9.019896860943222
0.09466392131372232	0.10376966269753572	9.022507901876422
0.1004991300155971	0.10030058104144009	9.025409241882103
0.10415932676568895	0.09475923065802792	9.029643798876975
0.10717897724845846	0.08946762602296615	9.034067321679984
0.11040576778987117	0.08419652071694012	9.039126820944501
0.11364506673599754	0.07892695260663284	9.045161887442198
0.11688846708932514	0.07366150695695595	9.051860110773111
0.12012987012987028	0.06839691497529642	9.059694396655354
0.12337662337662358	0.06313561382335055	9.06954570096403
0.1266233766233769	0.05787431267140466	9.080880279932616
0.12987012987013016	0.05261301151945877	9.094848485451719
0.13311688311688344	0.047351710367512886	9.11423522763866
0.13636363636363671	0.042090409215567004	9.138563276113333
0.13961038961038996	0.0368291080636211	9.16913285147303
0.14285714285714324	0.03156780691167521	9.216901974144855
0.14610389610389649	0.02630650575972932	9.31029474783398
0.1493506493506497	0.021045204607783443	9.50748649661059
0.15259740259740293	0.015783903455837568	9.510138713902414
0.15584415584415615	0.010522602303891702	9.453836295288802
0.010522602303891666	0.21428571428571427	9.000052023919695
0.015783903455837543	0.20454545454545459	9.000133415298047
0.015783903455837515	0.21103896103896105	9.000123297052115
0.021045204607783394	0.1883116883116883	9.000301292434138
0.021045204607783405	0.1948051948051948	9.000272027134407
0.021045204607783405	0.2012987012987013	9.000247868702624
0.02630650575972927	0.18506493506493504	9.000493677074134
0.03156780691167515	0.1753246753246753	9.000836344315465
0.03156780691167515	0.1818181818181818	9.000743619607029
0.03682910806362097	0.16558441558441553	9.001354658567559
0.036829108063621004	0.17207792207792205	9.001191714456143
0.04209040921556686	0.1558441558441559	9.00212610177622
0.04209040921556681	0.16233766233766234	9.00185221166584
0.04735171036751281	0.1461038961038961	9.003258972853267
0.04735171036751274	0.15259740259740268	9.002813828638999
0.05261301151945863	0.13636363636363627	9.004902109972102
0.05261301151945868	0.14285714285714282	9.004197953473891
0.05787431267140444	0.13311688311688308	9.006167583040918
0.06313546137036405	0.12986957989645587	9.007598868473226
0.06839538525876154	0.12661860795321797	9.00919252318167
0.07365290958561552	0.12336136575023617	9.010941970999497
0.07890603744554137	0.1200996569713027	9.012836719952588
0.08416139989756745	0.11683721506324972	9.01486530782458
0.0894329602614419	0.11357144197706791	9.017017517345693
0.09473410557067824	0.11030007804922355	9.019287203690082
0.10000318965047217	0.10706480477614666	9.021618121516724
0.1048005288471694	0.10468100376807543	9.023564692823209
0.10723784443062234	0.10002335839082185	9.026479104830512
0.1104738894116825	0.09473195289337166	9.030442722591898
0.11367110675252133	0.08945089136473737	9.034772514084276
0.11689688412596827	0.08418442339393735	9.039701604057955
0.12013477712787712	0.07892142418845392	9.045585296403845
0.12337662337662351	0.07365821612724234	9.052123568137972
0.12662337662337686	0.06839691497529646	9.059791051130373
0.12987012987013016	0.06313561382335058	9.069477818179571
0.13311688311688347	0.057874312671404665	9.08065367820315
0.13636363636363674	0.05261301151945875	9.094483875558309
0.13961038961039	0.047351710367512845	9.113750491868887
0.14285714285714327	0.042090409215566955	9.137971009324586
0.14610389610389649	0.03682910806362106	9.168459999413828
0.14935064935064976	0.03156780691167516	9.216176126969641
0.15259740259740295	0.026306505759729287	9.309589885443636
0.15584415584415615	0.02104520460778342	9.50689697427544
0.1590909090909094	0.015783903455837557	9.508899998693947
0.1623376623376626	0.010522602303891697	9.452720533484962
0.010522602303891656	0.22077922077922071	9.000048830949744
0.010522602303891657	0.22727272727272718	9.000046351041888
0.015783903455837467	0.2175324675324675	9.000115135986858
0.021045204607783384	0.20779220779220786	9.000228035713727
0.021045204607783346	0.2142857142857143	9.000211914226568
0.02630650575972926	0.1915584415584415	9.000444096142862
0.026306505759729273	0.19805194805194803	9.000403068815443
0.026306505759729256	0.20454545454545459	9.000369253248506
0.031567806911675135	0.1883116883116883	9.000666703120475
0.03682910806362101	0.17857142857142855	9.001056661165633
0.036829108063621004	0.18506493506493504	9.000944513081878
0.042090409215566844	0.16883116883116878	9.001625841539761
0.042090409215566865	0.1753246753246753	9.001438098769222
0.04735171036751267	0.15909090909090914	9.00244737299384
0.04735171036751268	0.16558441558441553	9.002144317996494
0.05261301151945865	0.14935064935064943	9.00362086818881
0.05261301151945857	0.15584415584415598	9.003145398750926
0.0578743126714045	0.13961038961038955	9.005279693284796
0.057874312671404554	0.14610389610389615	9.004551086629876
0.06313557124131793	0.13636357005295202	9.006505115370755
0.06839615110152635	0.1331153974117338	9.007872264621092
0.0736547066642174	0.12986278298455375	9.009376660470378
0.0789103986637104	0.12660608379803112	9.011010952296303
0.08416170106192335	0.12334880952500026	9.012764750416371
0.089414933208779	0.12009138746138104	9.01462844962713
0.09468791347375587	0.11680569456293077	9.016603944828018
0.1000162339866691	0.113469621674493	9.018698262323147
0.10579306634464265	0.11019322333593778	9.020893883829151
0.11048606720213318	0.10582069173835033	9.023693870271913
0.11032706000520498	0.11026570574259617	9.02138906857491
0.11367137621195789	0.09999904583069243	9.027218415768884
0.11692470506084607	0.09469156509298436	9.031118578885126
0.12015177823609402	0.0894344778124892	9.035331245675296
0.12338513493854104	0.0841780999208156	9.040134464496319
0.12662556180201676	0.0789189241707698	9.045883174569136
0.12987013423566698	0.07365820897502179	9.0522793540442
0.13311688311688355	0.06839691497529647	9.05980637259138
0.13636363636363683	0.06313561382335055	9.069352961037508
0.1396103896103901	0.05787431267140461	9.080398640112252
0.1428571428571433	0.052613011519458686	9.09411698123826
0.1461038961038965	0.04735171036751278	9.113284049533506
0.14935064935064976	0.04209040921556689	9.137418494536453
0.15259740259740298	0.036829108063621004	9.167843903199609
0.1558441558441562	0.03156780691167513	9.21552031755819
0.1590909090909094	0.026306505759729263	9.308954115723438
0.1623376623376626	0.021045204607783412	9.50635175608789
0.16558441558441586	0.01578390345583756	9.507844535850637
0.16883116883116908	0.010522602303891702	9.451715379933185
0.010522602303891666	0.23376623376623365	9.000044523239117
0.010522602303891673	0.24025974025974017	9.000043304331038
0.015783903455837474	0.22402597402597396	9.000108691009679
0.015783903455837484	0.2305194805194804	9.000103780422817
0.02104520460778331	0.22077922077922074	9.000199023107363
0.02630650575972922	0.2110389610389611	9.000341592368367
0.026306505759729176	0.21753246753246755	9.000319254666293
0.031567806911675135	0.1948051948051948	9.000602925650476
0.031567806911675135	0.2012987012987013	9.000550183727176
0.0315678069116751	0.20779220779220786	9.00050681681774
0.036829108063621	0.1915584415584415	9.000851353758092
0.042090409215566865	0.1818181818181818	9.001282030911552
0.04209040921556684	0.1883116883116883	9.00115217138613
0.04735171036751271	0.17207792207792202	9.001892773701664
0.047351710367512734	0.17857142857142852	9.001683431910083
0.05261301151945852	0.16233766233766236	9.002751845691561
0.05261301151945855	0.16883116883116875	9.002424856167591
0.05787431267140447	0.15259740259740276	9.003950052282471
0.05787431267140436	0.1590909090909092	9.003451979566757
0.06313560763026464	0.1428571331425312	9.00560610707853
0.06313561382335038	0.14935064935064954	9.004863345205694
0.0683966689302003	0.13961001050788838	9.006785164467736
0.07365628877333058	0.13636050278571973	9.008085256367195
0.07891308503871124	0.1331067285181002	9.009501308080859
0.08416508433025528	0.12985108069013848	9.011025606120791
0.08940936257107501	0.12659117025899325	9.012650108500198
0.09465256752724278	0.12330128313534704	9.014375240591535
0.0998785658010352	0.11996959520541904	9.016196712007066
0.10500190400854416	0.1165484745851625	9.018116543730725
0.11015354410859118	0.11417044546167404	9.019698204641813
0.11454565150481123	0.11045187718288701	9.02175516670738
0.11714885799029916	0.10517445380944908	9.024738562468615
0.12021500345241176	0.09989914022133185	9.027900690688144
0.12340483175496769	0.09467009820317018	9.031660896476744
0.12663131540231923	0.08943200407493927	9.035760724983396
0.12987410504885516	0.08417682588590791	9.040453291206783
0.13311785609605734	0.07891856746334071	9.046082840890287
0.13636364218435268	0.07365820659094825	9.052356436713383
0.1396103896103902	0.0683969149752964	9.05976239819241
0.14285714285714346	0.06313561382335046	9.069190083496444
0.14610389610389665	0.057874312671404526	9.080129990781883
0.14935064935064982	0.052613011519458595	9.09375573685278
0.15259740259740298	0.04735171036751271	9.112840781803348
0.1558441558441562	0.04209040921556685	9.136906266154652
0.1590909090909094	0.03682910806362099	9.167280363447533
0.16233766233766264	0.03156780691167513	9.21493140352027
0.16558441558441586	0.026306505759729277	9.308376624641712
0.16883116883116908	0.021045204607783422	9.505849613412833
0.1720779220779223	0.015783903455837564	9.506941786406502
0.17532467532467555	0.010522602303891706	9.450810968895425
0.010522602303891676	0.24675324675324672	9.000042727253044
0.010522602303891675	0.25324675324675316	9.000042713576349
0.0157839034558375	0.2370129870129869	9.000100263885345
0.015783903455837512	0.24350649350649342	9.000098134949582
0.02104520460778331	0.22727272727272718	9.00018899108021
0.02104520460778332	0.23376623376623365	9.000181529110401
0.026306505759729152	0.224025974025974	9.000301592263254
0.03156780691167505	0.2142857142857143	9.000471514672098
0.031567806911675	0.22077922077922074	9.000443249941481
0.03682910806362102	0.19805194805194803	9.000774093568262
0.03682910806362099	0.20454545454545459	9.00071028902225
0.03682910806362094	0.2110389610389611	9.000658006755998
0.042090409215566865	0.1948051948051948	9.001044202324307
0.04735171036751273	0.18506493506493504	9.001508963754356
0.047351710367512706	0.1915584415584415	9.00136357148777
0.0526130115194586	0.17532467532467524	9.002152387890833
0.0526130115194586	0.1818181818181818	9.00192494179828
0.05787431267140436	0.16558441558441556	9.00303763493673
0.05787431267140444	0.17207792207792194	9.002691894313825
0.06313561382335023	0.15584415584415615	9.00424690563167
0.06313561382335016	0.1623376623376624	9.003733328900887
0.06839687884896263	0.14610383943532826	9.005885367694047
0.0683969149752962	0.15259740259740295	9.005137276883135
0.07365758713700078	0.142856197530142	9.007014278640641
0.07891608510122304	0.13960557759611988	9.008246477946749
0.0841709294831177	0.1363514879816959	9.009576644688508
0.08941761011137106	0.1330932681613191	9.01099788009592
0.0946520689203894	0.129821194374835	9.01250508094022
0.09987166010524767	0.1265182402824909	9.014097263190882
0.10504111570475166	0.12317425699209009	9.015766064765428
0.11016383273933929	0.12019267195770307	9.017377775265468
0.11502766983246626	0.11719861878556387	9.01899761088182
0.11930978699184391	0.11460483112935302	9.020458776264457
0.12095073660106538	0.11005955543321533	9.022562598944132
0.12351151100784802	0.10505314416317019	9.025367077318576
0.12669185569194774	0.09988840007010948	9.028411164072153
0.12987739432116874	0.09468342321115895	9.032072644109908
0.13312017491449227	0.08943448118147933	9.036088252508778
0.1363645871397044	0.08417887850410273	9.040680889088259
0.1396107506621545	0.07891891676708006	9.04620676210854
0.14285714586451345	0.07365821120015692	9.052374270372873
0.14610389610389676	0.06839691497529625	9.059675940066922
0.14935064935064993	0.06313561382335033	9.06900389470668
0.15259740259740306	0.057874312671404415	9.079857325483509
0.15584415584415623	0.052613011519458554	9.093405059764768
0.1590909090909094	0.047351710367512664	9.112423317210128
0.16233766233766259	0.04209040921556686	9.136433336336864
0.16558441558441583	0.03682910806362101	9.166766233859795
0.16883116883116908	0.03156780691167515	9.214403492087568
0.1720779220779223	0.026306505759729287	9.307853612861159
0.17532467532467555	0.02104520460778343	9.505384280427462
0.1785714285714288	0.015783903455837564	9.50616571373999
0.18181818181818202	0.010522602303891711	9.449997220667044
0.010522602303891664	0.2597402597402596	9.000042985587953
0.01052260230389166	0.26623376623376604	9.00004392840552
0.01578390345583751	0.24999999999999997	9.000097417150307
0.015783903455837495	0.2564935064935064	9.000097720332834
0.021045204607783335	0.24025974025974017	9.00017649297331
0.021045204607783346	0.2467532467532467	9.000173898859225
0.02630650575972915	0.23051948051948043	9.000288099956359
0.02630650575972916	0.2370129870129869	9.000278437582653
0.03156780691167498	0.22727272727272718	9.00042121992685
0.03682910806362087	0.21753246753246755	9.000615723135482
0.03682910806362084	0.224025974025974	9.000582243640833
0.04209040921556687	0.2012987012987013	9.0009547027161
0.042090409215566844	0.20779220779220786	9.000880958774976
0.042090409215566775	0.21428571428571438	9.000820822471946
0.04735171036751277	0.19805194805194803	9.001242652780826
0.05261301151945858	0.18831168831168832	9.001734989017152
0.0526130115194586	0.1948051948051948	9.001576540212836
0.05787431267140448	0.17857142857142852	9.002402799671527
0.05787431267140444	0.1850649350649351	9.00216085134729
0.06313561382335024	0.16883116883116867	9.003304111040423
0.06313561382335035	0.17532467532467522	9.002944580434201
0.06839691497529601	0.15909090909090937	9.004512937540698
0.068396914975296	0.16558441558441547	9.00399022963033
0.0736581270156191	0.14935050956818197	9.006122139406427
0.07365821612724195	0.15584415584415628	9.005376148919352
0.07891841314826212	0.1461023427205826	9.007199004020821
0.08417575664341796	0.14285111994735308	9.008363957865443
0.08942798804319153	0.1395966675648105	9.009611755845173
0.09466865293558846	0.13633334938284633	9.010936872310223
0.09989446083309765	0.13305578411442612	9.012334457159378
0.10511243666797898	0.12978257560738454	9.01379528065492
0.11032998118739701	0.12658265667222823	9.015294426356684
0.11541780265526386	0.12348237836665281	9.016797990682967
0.12098536759765555	0.12038701113675301	9.018386768032132
0.12429854813221013	0.11501762364901293	9.020730632102293
0.1270991261687617	0.11016196747956093	9.023018540348621
0.13003298164518376	0.1050898204711845	9.025828918981139
0.13311622708889476	0.09993953742860051	9.028790328640708
0.1363676583602826	0.09469077776547796	9.032402459727038
0.13961168655980713	0.08943830200838093	9.036334933565966
0.14285750741453768	0.08417985767993347	9.040839430267111
0.1461039459194299	0.07891940858705601	9.046272727029733
0.14935064935065015	0.07365821612724198	9.052348153524699
0.15259740259740315	0.0683969149752961	9.059560137017387
0.15584415584415626	0.0631356138233502	9.068805678787752
0.1590909090909094	0.05787431267140439	9.079586871227209
0.16233766233766264	0.052613011519458554	9.093069290541608
0.16558441558441586	0.04735171036751273	9.112032879111782
0.16883116883116908	0.04209040921556687	9.135998080800436
0.1720779220779223	0.03682910806362102	9.166298668970063
0.17532467532467555	0.03156780691167516	9.213929302516762
0.1785714285714288	0.02630650575972929	9.307386376459911
0.18181818181818202	0.021045204607783436	9.504948315996499
0.18506493506493527	0.015783903455837574	9.50549433195659
0.18831168831168846	0.010522602303891715	9.449263463552528
0.01052260230389166	0.27272727272727254	9.000045496832742
0.010522602303891666	0.2792207792207791	9.00004770476965
0.015783903455837474	0.2629870129870128	9.000099162471841
0.01578390345583748	0.2694805194805193	9.000102103074285
0.021045204607783325	0.2532467532467532	9.000173493155929
0.021045204607783308	0.2597402597402596	9.000175102500775
0.026306505759729176	0.24350649350649342	9.00027249998263
0.026306505759729162	0.24999999999999997	9.00027012988088
0.03156780691167498	0.23376623376623365	9.00040482909027
0.031567806911674996	0.24025974025974017	9.000393761008995
0.036829108063620816	0.23051948051948043	9.000556649219803
0.042090409215566706	0.22077922077922077	9.00077260237873
0.042090409215566664	0.22727272727272718	9.000734977384909
0.04735171036751274	0.2045454545454546	9.001142547497311
0.04735171036751268	0.21103896103896116	9.001060347235972
0.04735171036751259	0.2175324675324677	9.000993750841884
0.05261301151945864	0.20129870129870134	9.001444819843945
0.05787431267140445	0.19155844155844157	9.001958473887697
0.057874312671404506	0.19805194805194806	9.001789610558497
0.06313561382335035	0.1818181818181818	9.00264305004886
0.06313561382335031	0.18831168831168832	9.0023901746386
0.06839691497529615	0.17207792207792183	9.003551559665526
0.06839691497529625	0.17857142857142846	9.003182870446208
0.07365821612724179	0.16233766233766245	9.004750380184312
0.07365821612724192	0.16883116883116855	9.004224157104689
0.07891934878677542	0.15259715124898568	9.006321333760274
0.07891951072904838	0.1590908995760376	9.00558359249082
0.08417902648628128	0.14934846468637117	9.0073456494029
0.08943524707946697	0.1460970614547839	9.008445106804118
0.09468421679559628	0.1428411624299323	9.009614909384881
0.09991873002642031	0.13957275440780334	9.01085068650965
0.10513749956923296	0.1362976497185428	9.012146452663771
0.11033544432426445	0.13303778887503542	9.013491171670218
0.11544813959387629	0.12985983115493724	9.014854947701716
0.120440868647615	0.1267649589410575	9.016221810941198
0.12503176534053434	0.1250991802035464	9.01714724180934
0.12754071544500778	0.12073150488643603	9.018806481004388
0.13041606623449373	0.11545818895426734	9.021030885531497
0.13335743092728683	0.11032138060838055	9.023387267653808
0.1364266014203067	0.10517348950208626	9.026179888872349
0.1396208540993457	0.09995036637767801	9.029120801063788
0.14285993354055165	0.09469807902690039	9.032660369011646
0.14610458474183965	0.08944051247052048	9.03651795566511
0.14935064935065087	0.08418081843113358	9.040942559570022
0.15259740259740337	0.07891951727918768	9.046294942660195
0.15584415584415628	0.0736582161272419	9.052289931598468
0.1590909090909094	0.06839691497529604	9.059425376835476
0.1623376623376626	0.06313561382335026	9.068602953054272
0.16558441558441583	0.057874312671404436	9.07932223899968
0.16883116883116908	0.052613011519458595	9.092750833364905
0.1720779220779223	0.04735171036751274	9.111669641733997
0.17532467532467555	0.042090409215566886	9.135598619131153
0.1785714285714288	0.036829108063621024	9.165874225200389
0.18181818181818205	0.03156780691167517	9.213501991594141
0.18506493506493527	0.026306505759729308	9.306975235599166
0.1883116883116885	0.021045204607783446	9.504538602172367
0.19155844155844173	0.01578390345583758	9.504909348649155
0.19480519480519498	0.010522602303891718	9.448599870317254
0.010522602303891673	0.28571428571428564	9.000050604569202
0.010522602303891673	0.29220779220779214	9.000054278939496
0.015783903455837488	0.2759740259740258	9.000106425434465
0.01578390345583751	0.28246753246753237	9.000112232500245
0.021045204607783308	0.2662337662337661	9.000179041765955
0.021045204607783315	0.2727272727272726	9.000185487958857
0.02630650575972915	0.2564935064935064	9.000271070225681
0.02630650575972915	0.2629870129870128	9.000275408302642
0.031567806911675	0.2467532467532467	9.000387837783167
0.031567806911674996	0.2532467532467532	9.0003868062995
0.036829108063620816	0.2370129870129869	9.000538337057149
0.03682910806362082	0.24350649350649342	9.00052698301284
0.04209040921556664	0.23376623376623365	9.00070699088605
0.04735171036751251	0.22402597402597402	9.000940947035687
0.04735171036751248	0.23051948051948043	9.00090055934332
0.052613011519458595	0.20779220779220797	9.001336019505443
0.0526130115194585	0.21428571428571452	9.001247111442519
0.05261301151945836	0.22077922077922088	9.001175699172348
0.05787431267140452	0.20454545454545467	9.001649414541104
0.06313561382335035	0.1948051948051948	9.00217846063803
0.06313561382335044	0.2012987012987014	9.002001890915338
0.06839691497529622	0.18506493506493507	9.002872887224486
0.0683969149752962	0.1915584415584415	9.002612540827998
0.07365821612724209	0.17532467532467508	9.003780910093631
0.07365821612724212	0.18181818181818177	9.003407306248418
0.07891951727918761	0.1655844155844154	9.004961886054941
0.0789195172791879	0.17207792207792164	9.004437024579529
0.08418045713813883	0.15584368115857145	9.006487835358989
0.08418078022198755	0.16233760683424284	9.005763352987815
0.08943939948085454	0.15259456952518427	9.007460117121852
0.09469456560657326	0.1493432251032412	9.008496553127427
0.09994031083759826	0.1460834769995552	9.009593342262939
0.1051700852148046	0.1428100676018481	9.010746502390047
0.11038251280948043	0.13953714995864597	9.011949231930146
0.11552330630857728	0.13631867968127423	9.013179407672412
0.1205724902242609	0.13313455527199447	9.01443424873281
0.12530231660895375	0.13021719462967637	9.015630466271231
0.1306442689714604	0.12671702496663786	9.01707058445247
0.1336881434677093	0.12091329553213313	9.019191227459432
0.1366146180215551	0.11560671516641084	9.021387541569267
0.13969770756080824	0.11042611374934491	9.023718995046968
0.1428705384818153	0.10521534808161775	9.026488345186578
0.14610743254762898	0.0999607823163939	9.02938500436735
0.14935064935065145	0.09470342073502547	9.032859719327375
0.1525974025974037	0.08944211958307936	9.036649039176465
0.15584415584415648	0.08418081843113355	9.041003160922878
0.1590909090909094	0.07891951727918772	9.046283940223931
0.16233766233766253	0.07365821612724194	9.052208909368616
0.1655844155844158	0.06839691497529614	9.059279969937831
0.16883116883116903	0.06313561382335028	9.068400624936663
0.17207792207792227	0.05787431267140445	9.079067023249221
0.17532467532467555	0.05261301151945861	9.092450977820562
0.1785714285714288	0.04735171036751276	9.111333058469588
0.18181818181818205	0.0420904092155669	9.135232785211711
0.18506493506493527	0.036829108063621045	9.165488946319341
0.1883116883116885	0.03156780691167518	9.213116327381057
0.19155844155844173	0.02630650575972932	9.306615359983583
0.194805194805195	0.021045204607783446	9.50415496278349
0.19805194805194826	0.015783903455837578	9.504396026843457
0.20129870129870153	0.010522602303891718	9.44799741399571
0.010522602303891671	0.2987012987012987	9.000058839909572
0.010522602303891704	0.3051948051948052	9.000064432258723
0.015783903455837505	0.2889610389610389	9.0001196933517
0.01578390345583752	0.2954545454545454	9.000129032236229
0.02104520460778333	0.2792207792207791	9.000194438243236
0.02104520460778334	0.28571428571428564	9.000206146980561
0.02630650575972915	0.2694805194805193	9.000283450251914
0.02630650575972915	0.2759740259740258	9.000295327600055
0.03156780691167499	0.25974025974025966	9.000390565845363
0.03156780691167499	0.2662337662337661	9.000399356311563
0.03682910806362083	0.24999999999999997	9.000522319777518
0.03682910806362082	0.25649350649350644	9.00052413578348
0.04209040921556665	0.24025974025974017	9.00068806061127
0.04209040921556667	0.2467532467532467	9.000677822109703
0.047351710367512484	0.2370129870129869	9.000871655688265
0.05261301151945832	0.22727272727272727	9.001119917055071
0.05261301151945832	0.23376623376623365	9.001078409143359
0.057874312671404436	0.21103896103896133	9.00153401463517
0.0578743126714043	0.2175324675324678	9.00144033108347
0.05787431267140417	0.2240259740259741	9.001365935177036
0.06313561382335038	0.20779220779220806	9.00185563827295
0.06839691497529629	0.19805194805194803	9.002394523763861
0.06839691497529636	0.20454545454545478	9.002212948806628
0.07365821612724201	0.18831168831168832	9.003092584928948
0.07365821612724215	0.19480519480519473	9.00282804490392
0.07891951727918804	0.1785714285714284	9.003993522147054
0.07891951727918789	0.18506493506493518	9.003618837702783
0.08418081843113356	0.1688311688311683	9.00515030810095
0.0841808184311339	0.17532467532467488	9.004630992537983
0.08944144752281909	0.15909009438255917	9.00662632247696
0.08944202533385281	0.16558427867598016	9.00591911988976
0.09470003782176957	0.1558410239740785	9.007547793406095
0.09995417542529715	0.15258836070231982	9.008524305800607
0.1051967630099895	0.14932376646917184	9.009552816159976
0.11042332653596815	0.14604913007132733	9.010628922540262
0.1156080588638273	0.14280560420116714	9.01173918509621
0.12075247369230314	0.13958205775375068	9.012880474767472
0.12582580176870045	0.13638850163034388	9.014046598101329
0.13086537815983615	0.1333744919222864	9.015188715426204
0.1352181615676263	0.13059859102956856	9.016260419143872
0.13698122466913523	0.12607023511587287	9.017710493379099
0.13993789805945855	0.12089557545387745	9.019597321917033
0.14296502046142381	0.11569068836423749	9.02172124944903
0.14611976200235088	0.1104770272125423	9.024020478082171
0.14935496334547138	0.10522281125619534	9.026758019616167
0.1525974025974041	0.09996472188697053	9.029598464764609
0.15584415584415653	0.09470342073502508	9.03301378605971
0.15909090909090937	0.0894421195830793	9.0367395051683
0.1623376623376625	0.08418081843113363	9.0410301550271
0.16558441558441567	0.07891951727918783	9.046248132143914
0.16883116883116897	0.07365821612724201	9.052112569623654
0.17207792207792225	0.06839691497529617	9.059129814750735
0.17532467532467547	0.06313561382335031	9.06820164145209
0.17857142857142874	0.057874312671404464	9.078823377502333
0.18181818181818202	0.05261301151945862	9.092170254575395
0.18506493506493527	0.04735171036751278	9.111022151268289
0.1883116883116885	0.042090409215566914	9.134898199523688
0.19155844155844176	0.03682910806362105	9.165139112997892
0.194805194805195	0.031567806911675184	9.212768312123272
0.19805194805194826	0.026306505759729315	9.30630034023824
0.20129870129870145	0.021045204607783446	9.50379734690596
0.20454545454545472	0.01578390345583758	9.503942793112886
0.20779220779220797	0.010522602303891718	9.44744822419389
0.010522602303891801	0.3116883116883119	9.000071241461326
0.010522602303892126	0.318181818181819	9.000079504557776
0.01578390345583755	0.30194805194805197	9.00014053859556
0.015783903455837658	0.3084415584415585	9.000154582894657
0.02104520460778335	0.29220779220779214	9.000220961094238
0.02104520460778338	0.2987012987012987	9.000239330032086
0.02630650575972917	0.2824675324675323	9.000311240638736
0.026306505759729176	0.28896103896103886	9.000331656598336
0.03156780691167499	0.2727272727272726	9.000413456113174
0.03156780691167499	0.2792207792207791	9.000433100492664
0.03682910806362081	0.2629870129870129	9.000532514993624
0.03682910806362083	0.2694805194805193	9.000547774239704
0.04209040921556665	0.2532467532467532	9.000675989662819
0.04209040921556664	0.25974025974025966	9.000682488846435
0.04735171036751249	0.24350649350649345	9.000853666091944
0.04735171036751249	0.24999999999999997	9.000846205719588
0.052613011519458325	0.24025974025974017	9.001050294301239
0.05787431267140414	0.23051948051948046	9.001308983810915
0.05787431267140416	0.2370129870129869	9.001268195788407
0.06313561382335023	0.21428571428571463	9.001735842929095
0.06313561382335002	0.22077922077922107	9.001639436225885
0.06313561382334998	0.22727272727272732	9.00156402911484
0.06839691497529622	0.2110389610389615	9.00206308494351
0.07365821612724226	0.20129870129870134	9.002606647346182
0.07365821612724224	0.20779220779220822	9.00242270807498
0.0789195172791879	0.19155844155844148	9.003302793646737
0.07891951727918813	0.19805194805194795	9.003037123632971
0.08418081843113386	0.18181818181818188	9.00419102199531
0.08418081843113362	0.18831168831168837	9.003818681981405
0.08944211958307963	0.1720779220779213	9.005318544729967
0.08944211958307986	0.17857142857142838	9.004808328623085
0.09470255928207201	0.16233662203382118	9.006741158514146
0.09470328626652047	0.16883097225771745	9.00605441875554
0.0999611924831535	0.1590874849092446	9.007613563663547
0.10521438428255592	0.15583156838885387	9.008533507822674
0.11045475836369593	0.152565238002745	9.009497725453796
0.11567622741018614	0.14929969901751236	9.01050069341629
0.12087387437300598	0.14605849419823438	9.011534358979475
0.12605703250693417	0.14284089946371176	9.012594763871766
0.13123311228826376	0.13972548918562208	9.01366414155023
0.13694785801667073	0.13652255336455468	9.01480924868062
0.14040515677868448	0.13122774025883063	9.016423598575363
0.14325996280182016	0.12613117088443343	9.018071997182473
0.14622516964249876	0.12095183197284226	9.01992659383754
0.14937106743744075	0.11573809796957436	9.022018521102678
0.1526027470290209	0.11048421486971866	9.024291458425013
0.15584415584415598	0.10522602303891554	9.026980043460272
0.159090909090909	0.09996472188697071	9.029768594073794
0.1623376623376623	0.0947034207350252	9.03312790740362
0.16558441558441553	0.08944211958307947	9.036796757851148
0.16883116883116886	0.08418081843113372	9.04103139764912
0.17207792207792208	0.07891951727918786	9.046194268717668
0.1753246753246754	0.07365821612724203	9.052006999162932
0.1785714285714287	0.0683969149752962	9.058978795877659
0.18181818181818196	0.06313561382335034	9.068008429700143
0.18506493506493524	0.05787431267140448	9.078592571909583
0.1883116883116885	0.05261301151945862	9.091908615496031
0.19155844155844176	0.047351710367512775	9.11073565476117
0.194805194805195	0.0420904092155669	9.134592487275583
0.19805194805194826	0.036829108063621045	9.164821489962833
0.20129870129870145	0.03156780691167518	9.212454378975522
0.20454545454545467	0.026306505759729325	9.306024329607235
0.2077922077922079	0.02104520460778346	9.503465095225364
0.21103896103896116	0.015783903455837592	9.503540550976405
0.2142857142857144	0.010522602303891728	9.446945540917808
0.010522602303893224	0.32467532467532784	9.000089524882796
0.010522602303896863	0.33116883116884144	9.000101692117283
0.015783903455838032	0.31493506493506535	9.00017163810123
0.015783903455839382	0.32142857142857245	9.000192308039088
0.021045204607783464	0.30519480519480524	9.00026182903882
0.021045204607783686	0.3116883116883119	9.000289191561677
0.026306505759729187	0.2954545454545454	9.00035718032868
0.02630650575972927	0.30194805194805197	9.000388589684817
0.031567806911675	0.2857142857142856	9.000458760639619
0.03156780691167501	0.29220779220779214	9.000491187958653
0.03682910806362081	0.2759740259740258	9.000570241724118
0.036829108063620816	0.28246753246753237	9.000600383959354
0.042090409215566615	0.2662337662337661	9.000697557064926
0.04209040921556663	0.2727272727272726	9.000721586695702
0.04735171036751248	0.2564935064935065	9.000849066676823
0.04735171036751248	0.26298701298701294	9.000862342614887
0.052613011519458325	0.24675324675324672	9.001035016053946
0.05261301151945832	0.2532467532467533	9.001032235338066
0.057874312671404166	0.24350649350649345	9.001242749524927
0.06313561382334998	0.2337662337662337	9.001507870173791
0.06313561382334999	0.24025974025974017	9.001469781027987
0.06839691497529597	0.21753246753246802	9.001941147174882
0.0683969149752958	0.22402597402597427	9.001844143012965
0.06839691497529578	0.23051948051948054	9.001769795188688
0.07365821612724198	0.214285714285715	9.002271653857186
0.07891951727918824	0.2045454545454549	9.002815120671292
0.07891951727918804	0.21103896103896183	9.002631359555776
0.0841808184311339	0.19480519480519462	9.003504420898913
0.08418081843113419	0.2012987012987014	9.003240453638044
0.08944211958307952	0.18506493506493543	9.00437517750864
0.08944211958307957	0.19155844155844146	9.004008214332808
0.09470342073502576	0.17532467532467458	9.005469433507455
0.09470342073502565	0.18181818181818202	9.004971306283698
0.09996389970788555	0.16558328505162925	9.006836354192638
0.0999645821154082	0.17207769915526216	9.006172551224878
0.10522253258442064	0.1623328764002092	9.007661806097916
0.11047508597643278	0.159074377437873	9.00852823852462
0.11571222630211787	0.15581120897146172	9.009431650258252
0.12092588898744966	0.15256037473242604	9.010365784224327
0.1261126305078758	0.14933877320961988	9.011324250063751
0.13128123282824136	0.14615906161249462	9.012301243460206
0.1364181160112408	0.14306936306960305	9.01328135004765
0.14093173957483188	0.14104314639468404	9.014014910893556
0.14356334173621182	0.13661905169128807	9.01519189554102
0.14650333545857777	0.13142372748412862	9.016723901899029
0.14951292279742104	0.12621738637175242	9.01838038778122
0.15262722524166583	0.1209980931456132	9.020219060286594
0.15585147829137966	0.1157453602317173	9.022287956257708
0.15909090909090812	0.11048732419086138	9.02451894891338
0.162337662337662	0.1052260230389165	9.02716164302588
0.16558441558441528	0.09996472188697113	9.029901014599155
0.16883116883116864	0.09470342073502534	9.03320976262969
0.172077922077922	0.08944211958307956	9.036827967388588
0.17532467532467524	0.08418081843113369	9.041013170794004
0.17857142857142858	0.07891951727918786	9.046127822828426
0.1818181818181819	0.07365821612724203	9.051896831045154
0.18506493506493524	0.0683969149752962	9.058829487987873
0.1883116883116885	0.06313561382335033	9.06782290700801
0.1915584415584418	0.05787431267140447	9.078375279425765
0.194805194805195	0.0526130115194586	9.091665629912333
0.19805194805194826	0.047351710367512734	9.110472155318448
0.20129870129870145	0.042090409215566886	9.134313402136378
0.20454545454545467	0.03682910806362104	9.164533160371436
0.2077922077922079	0.03156780691167519	9.212171140218432
0.21103896103896114	0.02630650575972934	9.305782257502846
0.2142857142857144	0.02104520460778347	9.503157027968188
0.2175324675324677	0.01578390345583761	9.5031820322428
0.22077922077922096	0.010522602303891737	9.446483564240909
0.010522602303908323	0.3376623376623664	9.000116509775625
0.015783903455844475	0.3279220779220771	9.00021736564864
0.015783903455865163	0.33441558441555896	9.00024780507732
0.021045204607784133	0.3181818181818188	9.000322351923066
0.021045204607785917	0.3246753246753259	9.000362502126293
0.02630650575972943	0.30844155844155846	9.0004268761817
0.02630650575972979	0.3149350649350648	9.000473300537644
0.031567806911675066	0.29870129870129863	9.00053134128045
0.03156780691167516	0.3051948051948051	9.000580447717207
0.03682910806362082	0.28896103896103914	9.000639006128631
0.036829108063620795	0.29545454545454686	9.000687227822057
0.04209040921556668	0.2792207792207794	9.000755072831938
0.04209040921556686	0.2857142857142873	9.00079881425665
0.047351710367512505	0.26948051948051954	9.000886402663118
0.0473517103675127	0.2759740259740269	9.000921777798716
0.052613011519458325	0.2597402597402598	9.001041888086474
0.05261301151945843	0.2662337662337666	9.00106423624162
0.05787431267140416	0.25	9.001232137571265
0.057874312671404186	0.2564935064935066	9.001236136575892
0.06313561382334992	0.2467532467532468	9.00144901871338
0.06839691497529576	0.237012987012987	9.001716491043998
0.06839691497529556	0.243506493506494	9.001683173410212
0.07365821612724169	0.22077922077922132	9.002149832498645
0.07365821612724156	0.22727272727272751	9.002054394548466
0.07365821612724154	0.23376623376623407	9.001983233005705
0.07891951727918761	0.2175324675324685	9.002481475320804
0.08418081843113417	0.20779220779220853	9.00302045021724
0.08418081843113373	0.21428571428571544	9.002839285752698
0.08944211958308	0.19805194805194778	9.003698536279636
0.08944211958308028	0.20454545454545503	9.003438868298582
0.09470342073502531	0.18831168831168846	9.004547805509553
0.09470342073502558	0.19480519480519431	9.004188884731745
0.09996472188697182	0.17857142857142824	9.005605679222997
0.09996472188697125	0.18506493506493546	9.005122133888849
0.10522527660214087	0.16882970583958737	9.006915556431538
0.10522589049688635	0.17532439092373045	9.006276555953846
0.11048366464284524	0.16557765836047147	9.00769620913516
0.11573487978161946	0.16231835319535215	9.00851198569552
0.12096607077820325	0.15906067552220482	9.009358326903877
0.126171748341676	0.15582046169734184	9.010229795375421
0.13135919148721542	0.1525975990401953	9.011124513187978
0.13650731416791836	0.14938224570621564	9.012039489453377
0.14134400207016387	0.14640072868088141	9.012915031370225
0.14667663254850302	0.14271157471685333	9.013983510594768
0.14977372360660282	0.13684450786541688	9.01548099437629
0.15279142371822044	0.1315072431564445	9.017024820639799
0.15590371739151046	0.12625619706523433	9.018668069409527
0.15910479807625122	0.12100585429202818	9.020485422718721
0.1623376623376618	0.11574862534280776	9.022517634293164
0.16558441558441536	0.11048732419086231	9.024708956842263
0.16883116883116855	0.10522602303891689	9.0273078878022
0.17207792207792177	0.0999647218869712	9.030002458336917
0.17532467532467508	0.09470342073502526	9.033265750807324
0.1785714285714284	0.08944211958307952	9.036838958505085
0.18181818181818177	0.08418081843113369	9.040980466572138
0.18506493506493515	0.07891951727918788	9.046053290024053
0.1883116883116885	0.07365821612724201	9.051785170228207
0.1915584415584418	0.06839691497529614	9.058683596282604
0.194805194805195	0.06313561382335026	9.067646213043625
0.19805194805194823	0.05787431267140441	9.07817172118534
0.20129870129870145	0.052613011519458554	9.0914406151134
0.20454545454545464	0.04735171036751272	9.110230184243454
0.20779220779220783	0.042090409215566914	9.134058816425814
0.21103896103896114	0.03682910806362107	9.164271425775603
0.2142857142857144	0.031567806911675225	9.211915477665514
0.2175324675324677	0.026306505759729364	9.305569851436964
0.22077922077922096	0.021045204607783488	9.5028716219761
0.22402597402597424	0.015783903455837613	9.502861318978383
0.22727272727272751	0.010522602303891735	9.446057381187146
0.010522602303943902	0.34415584415590805	9.000134633228141
0.010522602304404646	0.35064935064915187	9.000156922854643
0.015783903455956826	0.3409090909088894	9.000284913198099
0.021045204607791707	0.3311688311688307	9.000411168582817
0.021045204607807233	0.3376623376623256	9.000470316630155
0.02630650575973068	0.32142857142856956	9.000529466208326
0.02630650575973248	0.32792207792206396	9.000597417852765
0.03156780691167532	0.311688311688311	9.000640066242838
0.031567806911675635	0.3181818181818114	9.000712174629877
0.03682910806362057	0.3019480519480589	9.000746472074942
0.03682910806361926	0.308441558441592	9.000818551599005
0.04209040921556764	0.2922077922078004	9.000854016526583
0.0420904092155713	0.29870129870133827	9.000922263427979
0.04735171036751356	0.2824675324675377	9.000969248560345
0.04735171036751743	0.28896103896106373	9.001030026475705
0.05261301151945885	0.27272727272727476	9.001099801155034
0.05261301151946073	0.279220779220789	9.00114934943708
0.05787431267140434	0.2629870129870136	9.00125485531335
0.057874312671405	0.2694805194805224	9.001288733407806
0.06313561382334956	0.2532467532467538	9.001445180524874
0.06313561382334774	0.25974025974026244	9.001458204615572
0.06839691497529447	0.25000000000000283	9.00166921535306
0.07365821612724124	0.24025974025974195	9.00193490143561
0.07365821612723954	0.24675324675325525	9.001908488375198
0.07891951727918738	0.22402597402597468	9.002362005669804
0.07891951727918729	0.23051948051948146	9.002270304588874
0.07891951727918699	0.2370129870129907	9.002204473699763
0.08418081843113327	0.22077922077922196	9.002692848745086
0.08944211958307995	0.21103896103896239	9.003223286810098
0.0894421195830793	0.21753246753246924	9.003046999413415
0.0947034207350262	0.2012987012987012	9.00388629687086
0.0947034207350262	0.207792207792209	9.003633290756325
0.09996472188697103	0.1915584415584413	9.004710704466598
0.09996472188697186	0.19805194805194737	9.004362155246325
0.1052260230389175	0.18181818181818235	9.00572980880532
0.1052260230389167	0.18831168831168868	9.00526290735102
0.11048653683297388	0.17207583438922222	9.006981991753891
0.11048718202761597	0.17857101047395593	9.006369183942034
0.11574391511302916	0.1688227610524489	9.007719908148516
0.12099172936780168	0.1655632249624909	9.00848786926642
0.12621758006395598	0.16231003198091318	9.009281314822601
0.13143408157790917	0.15906473085471642	9.010098510562743
0.13661613945670736	0.15584100389896027	9.010933631785674
0.14177022588020646	0.15264370454124557	9.011784579873583
0.14685566063659417	0.1494827825464875	9.012640659403063
0.1512683405398535	0.1467007172337173	9.013418025171754
0.15302808180933908	0.14202655831526936	9.014468601779265
0.1560817610495459	0.13677861288639984	9.015809764345596
0.159170900473953	0.13152270925273862	9.017311091100154
0.16236089015138033	0.12626686517680488	9.018928793650822
0.16558441558441653	0.12100992649475313	9.020715387183811
0.1688311688311689	0.11574862534280765	9.022712967392955
0.17207792207792205	0.11048732419086285	9.02486592802916
0.17532467532467488	0.1052260230389167	9.027424690588118
0.17857142857142813	0.09996472188697107	9.03007862440879
0.18181818181818163	0.09470342073502531	9.03330118485983
0.18506493506493507	0.08944211958307956	9.036834431299711
0.1883116883116885	0.08418081843113367	9.040937328182968
0.19155844155844182	0.07891951727918782	9.04597432637631
0.194805194805195	0.07365821612724191	9.051674134073368
0.19805194805194817	0.06839691497529604	9.058542781993067
0.20129870129870134	0.06313561382335021	9.06747903844763
0.20454545454545453	0.05787431267140436	9.07798179564884
0.20779220779220778	0.052613011519458595	9.091232727220047
0.2110389610389611	0.047351710367512796	9.110008270024062
0.2142857142857144	0.04209040921556697	9.13382670406479
0.2175324675324677	0.036829108063621115	9.16403379927827
0.22077922077922096	0.031567806911675246	9.211684606352177
0.22402597402597424	0.026306505759729374	9.305383526243405
0.22727272727272751	0.021045204607783485	9.502607271801397
0.2305194805194808	0.015783903455837595	9.502573522232167
0.23376623376623407	0.01052260230389172	9.445662997722307
0.01052260230604401	0.3571428571409136	9.000184519242431
0.010522602312856897	0.36363636362405094	9.000218950997862
0.01578390345639864	0.34740259740133655	9.000330368775693
0.015783903458053142	0.353896103889695	9.000386381481876
0.021045204607864246	0.34415584415574313	9.00054249420649
0.02630650575973655	0.33441558441540226	9.000679774409576
0.026306505759729967	0.3409090909080088	9.000779910448557
0.031567806911675225	0.32467532467528704	9.00079928509392
0.03156780691166875	0.33116883116862617	9.000904599448553
0.03682910806361262	0.31493506493522355	9.000905762242523
0.03682910806358088	0.32142857142930764	9.00101101069122
0.042090409215588175	0.3051948051949906	9.001005563733026
0.04209040921566431	0.3116883116891647	9.00110646447949
0.047351710367534765	0.2954545454546595	9.00110579117016
0.04735171036761033	0.30194805194856705	9.001198696009562
0.052613011519468754	0.28571428571432944	9.001214048513264
0.05261301151950213	0.29220779220798315	9.001295591691798
0.057874312671407725	0.27597402597403886	9.001338504741637
0.05787431267141877	0.28246753246758727	9.001405273796179
0.06313561382333889	0.26623376623377903	9.001488389716897
0.06313561382329606	0.27272727272733177	9.001536388364235
0.06839691497528916	0.2564935064935201	9.001674367470015
0.06839691497526358	0.2629870129870762	9.00169875598648
0.07365821612723107	0.2532467532467924	9.001903524549489
0.07891951727918504	0.24350649350651055	9.002163253106046
0.07891951727917496	0.25000000000007533	9.0021459077416
0.08418081843113306	0.22727272727272899	9.002577921035373
0.0841808184311328	0.2337662337662397	9.002492105089539
0.08418081843113094	0.24025974025976607	9.002433734037579
0.08944211958307885	0.2240259740259765	9.002906190719079
0.09470342073502538	0.2142857142857167	9.003424367171624
0.09470342073502458	0.22077922077922418	9.003255094222274
0.09996472188697243	0.20454545454545522	9.00406888919265
0.09996472188697193	0.2110389610389639	9.003824681223373
0.10522602303891715	0.1948051948051938	9.004865606877344
0.10522602303891843	0.20129870129870095	9.004529453587537
0.11048731807490093	0.1850649252947285	9.00584414667327
0.1104873241908622	0.19155844155844112	9.005395579781144
0.1157474073371955	0.17532182553152906	9.007038485488232
0.11574834750960328	0.18181748607721715	9.006452900836459
0.12100277009471644	0.17206723973895022	9.007735825902422
0.1262460034533215	0.1688080409618551	9.008458753447345
0.13146987211262046	0.16555616135919335	9.009203497624677
0.13669107020138194	0.1623075441276929	9.009969664921273
0.1419009692635063	0.15907424234178036	9.010753294450916
0.14717083123978225	0.1558343267553028	9.011559662497545
0.1529039315410558	0.15260564335092447	9.012404207787286
0.15645088917686586	0.14720461468290433	9.013582301702796
0.1593069667262942	0.14199088216613617	9.01477450903937
0.16243698039348636	0.13677751484560463	9.016090354283113
0.1656139242308464	0.13152800141934462	9.017567902292535
0.16883116883116908	0.1262712276466965	9.019157568736697
0.172077922077922	0.12100992649475213	9.020914240295498
0.1753246753246748	0.11574862534280748	9.02287757588077
0.1785714285714279	0.11048732419086238	9.024995031329027
0.18181818181818132	0.10522602303891677	9.027517094038616
0.18506493506493496	0.09996472188697118	9.0301342941258
0.1883116883116885	0.0947034207350253	9.033320438543866
0.19155844155844184	0.08944211958307945	9.036818147174683
0.19480519480519506	0.08418081843113352	9.040887097166172
0.19805194805194815	0.07891951727918768	9.045893501396675
0.20129870129870123	0.07365821612724187	9.051564996457856
0.2045454545454544	0.06839691497529607	9.05840804472192
0.20779220779220767	0.0631356138233503	9.067321728457303
0.211038961038961	0.05787431267140452	9.077805180765992
0.21428571428571433	0.05261301151945871	9.091041029561397
0.21753246753246766	0.04735171036751288	9.109804975412024
0.22077922077922096	0.04209040921556703	9.133615149228111
0.22402597402597424	0.03682910806362112	9.163818025568887
0.22727272727272751	0.031567806911675225	9.211476055159123
0.2305194805194808	0.02630650575972934	9.305220233859941
0.23376623376623407	0.02104520460778345	9.502362515109162
0.23701298701298731	0.01578390345583757	9.502314636054345
0.24025974025974053	0.010522602303891704	9.445298430964653
0.010522602342417474	0.3701298700630086	9.000262291546797
0.010522602450887686	0.3766233763083943	9.00031739074563
0.01578390346398002	0.3603896103598145	9.000455889151999
0.015783903484188323	0.3668831167523587	9.00054284149005
0.021045204608289403	0.3506493506483456	9.00063103142695
0.02104520461055663	0.3571428571041215	9.000740320886912
0.02630650575960636	0.34740259739635476	9.00090220563491
0.03156780691162173	0.33766233766133796	9.001032218775846
0.03156780691133919	0.34415584415132083	9.001187429135895
0.03682910806343527	0.32792207792541583	9.001137984487714
0.03682910806279035	0.3344155844303051	9.001291380036543
0.04209040921599652	0.3181818181856666	9.001228182140443
0.042090409217380026	0.3246753246922936	9.001374780854677
0.047351710367929796	0.3084415584438415	9.001311464741265
0.047351710369229034	0.3149350649449753	9.001447535670026
0.05261301151963619	0.298701298702113	9.00139621446663
0.05261301152014927	0.3051948051981962	9.00151875061308
0.05787431267146214	0.2889610389612647	9.001490675520424
0.057874312671625905	0.2954545454554503	9.001596950436612
0.06313561382309321	0.2792207792210462	9.001603228574622
0.06313561382215861	0.2857142857154664	9.001690442563833
0.0683969149751427	0.2694805194808086	9.001742896680634
0.06839691497458085	0.27597402597532356	9.001807711920451
0.07365821612719033	0.2597402597404356	9.00191994505496
0.07365821612699727	0.2662337662345425	9.001958090115595
0.07891951727912518	0.25649350649383257	9.002152156918102
0.08418081843112053	0.24675324675335672	9.002401755619013
0.08418081843106807	0.25324675324721185	9.002395637652498
0.08944211958307859	0.23051948051948826	9.002797931487821
0.08944211958307698	0.23701298701301887	9.002720100294654
0.08944211958306729	0.2435064935066248	9.00267127766645
0.09470342073502415	0.2272727272727362	9.003121990276851
0.09996472188697031	0.21753246753247216	9.003624468441204
0.09996472188696807	0.22402597402598476	9.003464204752559
0.10522602303891883	0.2077922077922104	9.004247484920624
0.1052260230389158	0.21428571428572077	9.004013997070118
0.11048732419086389	0.1980519480519465	9.005014146427087
0.11048732419086563	0.20454545454545559	9.004692139440797
0.1157485834388718	0.1883116216150017	9.005950803904794
0.11574862534280832	0.1948051948051931	9.005521943461245
0.12100755929940533	0.17856716878732284	9.007087576852618
0.12100926896782042	0.18506362526830156	9.006529905383799
0.12626037798944764	0.1753105364771219	9.007746500079508
0.1314991795506302	0.1720521492423184	9.008427125457324
0.136721619703589	0.168797088596194	9.009127060913494
0.14193518039635403	0.16554081511994198	9.009845899138348
0.14715068289795136	0.16227939676624772	9.010583584873276
0.15238392094009245	0.15893916180793544	9.011348844641015
0.15694273763482258	0.15705031851425977	9.011872369199391
0.15961943290817812	0.15261034932436768	9.012728606008293
0.16257858153647453	0.1472935377070109	9.013847462508544
0.16569692824582657	0.14204180108746892	9.015037813020127
0.16887080715800185	0.1367891105530127	9.016340466616056
0.17207792207791447	0.1315325287986395	9.017794767676866
0.17532467532467172	0.12627122764669607	9.019358250343446
0.17857142857142652	0.12100992649475222	9.02108456787964
0.1818181818181811	0.11574862534280779	9.0230159750174
0.18506493506493485	0.11048732419086264	9.025100738918018
0.18831168831168862	0.10522602303891677	9.027589377220897
0.19155844155844212	0.0999647218869709	9.030173468850087
0.1948051948051952	0.09470342073502493	9.03332707842438
0.19805194805194812	0.08944211958307911	9.036793150665252
0.201298701298701	0.08418081843113334	9.040832576581218
0.2045454545454542	0.07891951727918761	9.04581255706985
0.20779220779220745	0.07365821612724203	9.051459067204151
0.21103896103896083	0.06839691497529628	9.058280022957709
0.21428571428571422	0.06313561382335048	9.067174354837015
0.2175324675324676	0.057874312671404644	9.07764139380727
0.22077922077922096	0.05261301151945879	9.090864539763317
0.22402597402597427	0.0473517103675129	9.109618917168733
0.22727272727272751	0.04209040921556698	9.133422354864345
0.23051948051948076	0.03682910806362107	9.163622104372223
0.23376623376623404	0.03156780691167518	9.211287603577302
0.23701298701298731	0.026306505759729298	9.305077296661606
0.24025974025974053	0.02104520460778341	9.502136051050252
0.24350649350649378	0.015783903455837554	9.502081110254823
0.24675324675324703	0.010522602303891702	9.444961863716008
0.0105226028344082	0.38311688175313546	9.000388223520227
0.010522604147088705	0.38961038409480736	9.000480423185245
0.01578390354688845	0.373376622833599	9.000652614166215
0.015783903723777967	0.37987012772769946	9.000792622106017
0.021045204612159	0.3636363634738242	9.000876216218822
0.021045204597981634	0.37012986949393767	9.001046606672034
0.026306505758453173	0.3538961038632203	9.00105239158129
0.02630650574979761	0.3603896102547847	9.001238039480016
0.03156780690978656	0.35064935063065766	9.001377094470422
0.036829108060044524	0.3409090909717902	9.001477210467746
0.03682910804890966	0.34740259765792225	9.001703224735296
0.042090409222768355	0.3311688312416659	9.001551409361957
0.04209040924165549	0.33766233796504247	9.00176461817623
0.04735171037425176	0.32142857147057696	9.0016112384903
0.04735171039235538	0.327922078095275	9.001808032490047
0.052613011521983166	0.3116883117020569	9.001666771551841
0.052613011527846136	0.31818181823582975	9.001844766816122
0.057874312672215045	0.3019480519515732	9.001726977563074
0.05787431267420449	0.308441558454801	9.001884382782267
0.06313561381799372	0.29220779221287363	9.001800197137824
0.06313561380019983	0.2987012987224172	9.001935345873065
0.06839691497202091	0.2824675324732335	9.00189460784386
0.06839691496061899	0.2889610389854778	9.002005615819952
0.073658216126099	0.27272727273063346	9.002018734128578
0.07365821612200406	0.27922077923501454	9.002103136288447
0.07891951727888673	0.26298701298839783	9.002182144213679
0.0789195172777733	0.26948051948628265	9.002236458312282
0.08418081843081471	0.2597402597421357	9.00241530877058
0.0894421195830173	0.2500000000005292	9.00265063839464
0.0894421195827767	0.25649350649559605	9.002657870252065
0.09470342073502223	0.2337662337662684	9.00302244516188
0.09470342073501083	0.24025974025987898	9.002954628447087
0.09470342073495308	0.2467532467537917	9.002917380382884
0.09996472188696048	0.2305194805195201	9.003340770116663
0.10522602303890904	0.2207792207792372	9.00382437323718
0.10522602303888422	0.22727272727278702	9.00367497327545
0.11048732419086088	0.2110389610389702	9.004423208444905
0.11048732419084699	0.217532467532496	9.004202163691865
0.11574862534281022	0.20129870129870167	9.005157836569055
0.11574862534280674	0.2077922077922195	9.00485148124646
0.12100980602554767	0.19155823258640314	9.006051674565969
0.12100992649475474	0.19805194805194756	9.005643621602914
0.1262671942566486	0.18181167087918162	9.007131485698643
0.12627008601240142	0.18830950932864055	9.006602122984546
0.1315171353405086	0.17855390787986938	9.007753942946046
0.1367517377280955	0.17529464480749354	9.008395052795448
0.14197025559220602	0.17203127270068055	9.009053742044502
0.14716704493902377	0.16875979761993617	9.009729397655462
0.15232340234291514	0.16544487209179032	9.010424322466156
0.15725305312051385	0.16249396808820937	9.011075770270741
0.1625533496642726	0.15860246999986188	9.011890712441252
0.16579744375140504	0.1527126153512751	9.012984899032375
0.16896183884801155	0.1473396904109534	9.014104332563848
0.1721358675830086	0.14205828577428212	9.015281762703806
0.1753297838512757	0.13679387282663028	9.016564652343957
0.1785714285714229	0.13153252879864494	9.017996009309806
0.18181818181817921	0.1262712276466992	9.01953242307461
0.18506493506493407	0.12100992649475316	9.021230268608027
0.18831168831168885	0.11574862534280773	9.023132092855422
0.19155844155844257	0.11048732419086199	9.02518687484914
0.19480519480519556	0.10522602303891597	9.02764515577742
0.19805194805194817	0.09996472188697016	9.030199476349894
0.20129870129870078	0.09470342073502448	9.033323985889524
0.2045454545454537	0.08944211958307903	9.036761965431154
0.2077922077922069	0.08418081843113355	9.04077590859792
0.2110389610389604	0.07891951727918797	9.045732612192403
0.214285714285714	0.07365821612724234	9.051357255044264
0.21753246753246755	0.06839691497529649	9.058159100591974
0.220779220779221	0.06313561382335056	9.067036807043008
0.22402597402597432	0.057874312671404644	9.077489852286257
0.2272727272727276	0.05261301151945874	9.090702273717001
0.23051948051948082	0.04735171036751281	9.109448773462212
0.23376623376623404	0.0420904092155669	9.133246649017595
0.23701298701298726	0.03682910806362102	9.163444285808259
0.2402597402597405	0.03156780691167515	9.211117266471787
0.24350649350649378	0.026306505759729287	9.304952266047062
0.246753246753247	0.021045204607783426	9.501926771174618
0.2500000000000003	0.015783903455837574	9.501869912133271
0.2532467532467535	0.010522602303891716	9.44465031218381
0.010522608517223362	0.3961038752697414	9.000602120900465
0.010522622454607574	0.40259732950944477	9.000765284110512
0.01578390416731707	0.38636362833105603	9.000973247082301
0.015783905112319068	0.3928571143476329	9.001209261243337
0.021045204472262647	0.3766233742357176	9.001262256770262
0.02104520377172139	0.38311687452881543	9.001538053534162
0.026306505701082453	0.3668831163774198	9.00146925401854
0.0263065054626261	0.37337662157039087	9.001759673573021
0.03156780690179322	0.35714285707300747	9.001610203144677
0.031567806863682615	0.36363636339250527	9.001898635847551
0.0368291080065307	0.35389610487532225	9.001979483448721
0.04209040929584006	0.34415584536534666	9.002022787150922
0.042090409378500525	0.3506493552505879	9.002336706802508
0.04735171045102685	0.33441558510698527	9.0020448223899
0.04735171060788355	0.3409090935652545	9.002330379924572
0.05261301154266886	0.3246753248800624	9.002058373845886
0.052613011555249785	0.331168831913415	9.00231468462806
0.057874312680361396	0.31493506498289237	9.002073716623629
0.057874312697087475	0.32142857159302435	9.002300676813867
0.06313561372830735	0.30519480527853937	9.002099500639167
0.06313561345983575	0.31168831199900554	9.002297187318355
0.06839691491113967	0.2954545455563133	9.002143488850344
0.0683969147027494	0.30194805235739847	9.002311759916454
0.07365821610376487	0.2857142857730973	9.002213154587784
0.07365821602464895	0.29220779244388784	9.002351373813609
0.07891951727271437	0.2759740259974712	9.00231618294381
0.07891951725039902	0.28246753256049656	9.002422980084262
0.08418081842963615	0.2662337662412792	9.002461149340151
0.08418081842434956	0.27272727275666375	9.002534037362913
0.08944211958167374	0.2629870129950866	9.0026931316876
0.0947034207346813	0.25324675324885015	9.00291011532399
0.094703420733463	0.2597402597481632	9.0029327538431
0.09996472188692346	0.23701298701314544	9.003251889081595
0.09996472188675219	0.2435064935071203	9.003196029550912
0.0999647218859902	0.25000000000244066	9.003172298439262
0.10522602303877503	0.23376623376647943	9.00356305399764
0.1104873241907946	0.22402597402608107	9.004024842529283
0.11048732419057633	0.23051948051992457	9.003888022386745
0.11574862534278531	0.21428571428576051	9.004597114473995
0.11574862534270407	0.22077922077939935	9.004390053657465
0.12100992649475277	0.20454545454546813	9.00529805796714
0.12100992649472757	0.21103896103902597	9.005008641535953
0.12627103594137304	0.19480480830990202	9.006148437931989
0.12627122764669915	0.20129870129871352	9.005762067363035
0.1315266639404258	0.1850563370749477	9.007172031110457
0.13153087758506618	0.1915555346138289	9.006671206136827
0.1367732924527955	0.18179826176762195	9.007759849570652
0.14200444682379734	0.1785354466728757	9.008364087593039
0.14721724212668713	0.17526715401316184	9.008983726835304
0.15239897955911316	0.17199852256590398	9.00961672857454
0.15753033259970955	0.1687725335384619	9.010257128967014
0.1625319639378826	0.16555923747719178	9.010899410942997
0.1671591894984047	0.16260719788747857	9.011511862776512
0.16904627130826755	0.1578433833443983	9.012286544437572
0.17218031156538677	0.15260435372971137	9.013261976413064
0.1753887778653704	0.14732817388359112	9.014348136672998
0.1785975813022009	0.14205897216004681	9.015503975019511
0.18182174500173998	0.13679438492182566	9.016765433555305
0.1850649350649324	0.1315325287986486	9.018172687595653
0.188311688311689	0.1262712276466992	9.019683538422703
0.1915584415584425	0.12100992649475197	9.021354821678678
0.19480519480519554	0.11574862534280583	9.023229342128941
0.19805194805194806	0.11048732419086012	9.025256706421446
0.20129870129870045	0.1052260230389147	9.027687478961328
0.20454545454545303	0.09996472188696942	9.030215061271617
0.20779220779220609	0.09470342073502482	9.033313494757708
0.21103896103895967	0.08944211958307957	9.03672671667355
0.2142857142857135	0.08418081843113412	9.040718552170455
0.21753246753246733	0.0789195172791884	9.045654520287592
0.22077922077922096	0.07365821612724249	9.051260146396821
0.22402597402597443	0.06839691497529649	9.058045443499147
0.2272727272727277	0.06313561382335048	9.066908838891697
0.2305194805194809	0.057874312671404526	9.07734991464328
0.2337662337662341	0.05261301151945861	9.090553277311413
0.23701298701298731	0.04735171036751273	9.10929328473113
0.2402597402597405	0.04209040921556684	9.133086511235591
0.24350649350649367	0.03682910806362099	9.163282977594884
0.24675324675324692	0.03156780691167514	9.210963351265365
0.25000000000000017	0.02630650575972931	9.304842881970588
0.25324675324675344	0.021045204607783457	9.501733800762503
0.2564935064935067	0.015783903455837595	9.50167858353034
0.25974025974026	0.010522602303891727	9.444360981403804
0.010522665456894995	0.40909067315827546	9.000987929201498
0.01052279440406678	0.41558372736944094	9.001297863674248
0.015783906671373533	0.39935055422160554	9.001522072154126
0.015783908799419377	0.40584386056715877	9.001943321341747
0.02104520056984961	0.3896103601504464	9.001894897044863
0.021045187873374574	0.39610380044919785	9.002362587971987
0.02630650437691107	0.37987012365695216	9.002127935677935
0.026306499574668255	0.3863636156499762	9.002599845327309
0.031567806693184965	0.37012986933081155	9.002258256205694
0.031567805963774086	0.37662337422756087	9.002710487459671
0.0368291078588474	0.3603896138446985	9.002319158905117
0.03682910740800755	0.36688312766376124	9.002739655959191
0.04209040898917593	0.35714287358049096	9.002720373578738
0.04735171085120151	0.3474026071465055	9.002675911190126
0.04735171015977347	0.3538961376812631	9.003095823918143
0.052613011364391706	0.33766234024794656	9.002622650896358
0.05261300938237884	0.34415585273077215	9.002993622650528
0.05787431273365445	0.3279220784535432	9.002572397061753
0.05787431278746483	0.3344155859946754	9.002897828828196
0.06313561257234149	0.3181818192248175	9.002534060684338
0.06313561022347024	0.324675327631407	9.002817174122507
0.06839691385470538	0.30844156002062445	9.002514859921972
0.06839691053536305	0.3149350707232171	9.002758314420168
0.07365821569178324	0.29870129961800523	9.002521181981324
0.0736582143402522	0.30519480861769266	9.002726855880548
0.0789195171551173	0.2889610393191125	9.00255921743272
0.0789195167628369	0.295454546788868	9.00272807448147
0.08418081840149326	0.27922077933279454	9.002635419040631
0.0841808183064197	0.28571428612892014	9.002767415948183
0.08944211957683462	0.2694805195109809	9.002757073867484
0.08944211955648894	0.2759740260859794	9.002850906630043
0.09470342072823039	0.2662337662628978	9.002985709812647
0.09996472188270894	0.25649350650286046	9.003180356148379
0.09996472186903642	0.2629870130222434	9.003220371633164
0.10522602303829869	0.24025974026074906	9.003486679494545
0.1052260230362786	0.2467532467573312	9.003444617402783
0.10522602302794536	0.2532467532630368	9.00343624217127
0.11048732418966717	0.2370129870148319	9.003789340465511
0.11574862534238384	0.22727272727345696	9.004226594368745
0.11574862534110784	0.2337662337692209	9.004103933237586
0.1210099264946284	0.21753246753272149	9.004770173629153
0.1210099264942549	0.2240259740269865	9.004578471849754
0.12627122764667587	0.20779220779228103	9.005436052284923
0.12627122764657658	0.21428571428600618	9.005164669124476
0.1315322010581663	0.19805135495645687	9.006242568739731
0.1315324802357339	0.20454539770398242	9.005878566590953
0.13678557559834084	0.1883018673631748	9.007210752416396
0.13679113574831095	0.19480160041820915	9.006738593009443
0.1420288990690402	0.185043328303739	9.0077657279202
0.1472586070134083	0.18177685841801006	9.008335326975507
0.15246229807918624	0.17850683719725047	9.008917770417783
0.157667703013151	0.1752380530595199	9.009513292428965
0.16293840766080062	0.17195011857097117	9.010126574400106
0.16881001861239128	0.16857945586600923	9.010784129629174
0.17246978097707336	0.16309123831622196	9.011664842817744
0.17544809897750457	0.15782087721408886	9.012540349743873
0.17861290456343581	0.15258491305659028	9.013501179311023
0.18184844027895172	0.14732361272652597	9.014567690817382
0.18507706197424065	0.1420580599110777	9.015703498116574
0.18831389597642742	0.13679440010104532	9.016943492264419
0.19155844155844312	0.13153252879864408	9.0183277747986
0.19480519480519584	0.12627122764669405	9.019814637496665
0.19805194805194726	0.12100992649474736	9.021461256262855
0.2012987012986998	0.11574862534280286	9.023310659613243
0.20454545454545062	0.11048732419085901	9.025313010810855
0.20779220779220445	0.10522602303891491	9.027718906474028
0.21103896103895847	0.0999647218869707	9.030222466923647
0.21428571428571264	0.09470342073502587	9.03329753478562
0.21753246753246688	0.0894421195830803	9.036689152884719
0.22077922077922085	0.0841808184311345	9.040661537081435
0.2240259740259745	0.07891951727918843	9.045579107988482
0.22727272727272785	0.07365821612724234	9.051168113083152
0.230519480519481	0.06839691497529628	9.057939056911579
0.23376623376623418	0.0631356138233503	9.06679010957005
0.23701298701298731	0.05787431267140439	9.07722091269683
0.24025974025974042	0.05261301151945854	9.090416638338816
0.24350649350649367	0.047351710367512685	9.109151259631654
0.24675324675324686	0.042090409215566865	9.132940607952065
0.2500000000000001	0.036829108063621045	9.163136667183695
0.25324675324675333	0.0315678069116752	9.210824368550762
0.2564935064935066	0.026306505759729343	9.304747151875356
0.2597402597402599	0.02104520460778347	9.501556310134427
0.26298701298701316	0.015783903455837595	9.501504931982128
0.2662337662337665	0.010522602303891718	9.444091394487225
0.010523172867368149	0.42207616254440805	9.001739149996048
0.01578391756542297	0.41233682373102604	9.00252085040397
0.01578399376204376	0.41882904385648034	9.00332881156706
0.021045144233401484	0.4025971122995286	9.002984432606008
0.021045020146666978	0.4090901034003158	9.003824577687878
0.026306477972359594	0.39285707432110245	9.003211656009542
0.02630637399011045	0.39935040914121994	9.004015086912657
0.03156780294699686	0.3831168770824254	9.003284603708979
0.03156773548272536	0.3896103423468529	9.004021086899497
0.03682910631561231	0.37337665085428834	9.003264207500342
0.03682910486803836	0.3798701758361817	9.00392414861665
0.04209040410002293	0.36363641766639576	9.003192094697901
0.04209037187594499	0.37013002837813946	9.00377603839725
0.047351701229176896	0.36038971961044064	9.00360877628478
0.05261299527005448	0.35064937830330245	9.003442068124949
0.052612906457641044	0.3571429497566339	9.003986549636352
0.05787431288303548	0.34090909501728756	9.003288243687878
0.05787431455324518	0.34740260528906397	9.003757895484684
0.06313560683171261	0.3311688370105638	9.003155331618382
0.06313561423230565	0.33766233902757087	9.003559549667889
0.068396898085673	0.3214285913552866	9.003048996249278
0.0683968533684456	0.3279221414407134	9.003395445560535
0.0736582090782446	0.31168832389046514	9.002973724023162
0.07365818959606114	0.3181818593303077	9.00326839936703
0.0789195152132986	0.30194805673510233	9.002933619240672
0.07891950937817799	0.3084415748795906	9.003180931327433
0.08418081792704472	0.292207793693168	9.0029329471416
0.0841808164807703	0.2987013038300192	9.003135819186399
0.08944211947455351	0.2824675328672462	9.002976488305107
0.08944211915910034	0.28896104034321085	9.00313644335783
0.09470342070666231	0.2727272728320715	9.00306994070216
0.09470342062136994	0.2792207795878924	9.003187028890046
0.09996472181406417	0.26948051961057823	9.00329304285816
0.10522602299458507	0.25974025980400256	9.003461466355686
0.1052260228654859	0.2662337664777871	9.00352072700514
0.1104873241859718	0.24350649351403342	9.003727197471887
0.11048732417135583	0.25000000003022776	9.003700656313057
0.11048732411524749	0.2564935066120299	9.003709357185818
0.11574862533613793	0.24025974027175376	9.004020082129523
0.12100992649283569	0.23051948052351878	9.004430287572916
0.12100992648754423	0.23701298702880977	9.004323228943539
0.12627122764621443	0.2207792207803498	9.004943263914184
0.12627122764489257	0.22727272727709544	9.004768145127878
0.1315325225853326	0.21103895132812836	9.005572920918853
0.13153252879822644	0.21753246753353192	9.005320496589725
0.1367930024676578	0.20129759635933528	9.006335356902655
0.13679358697518185	0.20779189474146598	9.005994243574934
0.14204325414586808	0.191547895858755	9.00724903692108
0.14205028026447938	0.19804738469662705	9.00680553102952
0.14728339177671454	0.18828787097352076	9.007772921004815
0.15250864341722373	0.1850177610196461	9.008309681709802
0.15771136565863922	0.18174437420814618	9.008857827707665
0.1629068362569584	0.17846702399870462	9.009417783222338
0.16806569995313914	0.17513402180397292	9.00999218934045
0.17290308509145935	0.17319039968820715	9.010410273313584
0.17560200316797922	0.16852397731802107	9.01106264683328
0.17875310261354876	0.16317253755477265	9.01189394628588
0.1818804650748379	0.1578676990361078	9.012764247218682
0.18509500137945004	0.15259044934875082	9.013716288943918
0.1883275146922191	0.14732243891447788	9.014765669459848
0.19156401258661074	0.14205717857557248	9.015882143801727
0.1948061246531666	0.1367941768282567	9.017101441658253
0.1980519480519464	0.13153252879863164	9.018463972146408
0.20129870129869798	0.12627122764668583	9.019928420462376
0.20454545454544623	0.12100992649474496	9.021552214522073
0.2077922077922001	0.11574862534280299	9.02337856825059
0.2110389610389545	0.11048732419086078	9.025358144926146
0.21428571428571044	0.10522602303891682	9.027741574113165
0.21753246753246613	0.09996472188697225	9.030223516496529
0.22077922077922074	0.09470342073502658	9.033277729973394
0.2240259740259748	0.08944211958308045	9.036650525132119
0.22727272727272826	0.08418081843113423	9.040605512885833
0.23051948051948143	0.07891951727918807	9.04550690134608
0.23376623376623437	0.07365821612724202	9.05108136597709
0.23701298701298734	0.06839691497529607	9.057839836769576
0.24025974025974042	0.06313561382335019	9.066680217309637
0.24350649350649362	0.05787431267140433	9.07710218201535
0.2467532467532468	0.05261301151945853	9.090291477869245
0.25000000000000006	0.04735171036751275	9.109021595266016
0.25324675324675333	0.04209040921556693	9.132807765983378
0.2564935064935066	0.036829108063621094	9.163003967006782
0.2597402597402598	0.03156780691167522	9.210698970779609
0.26298701298701316	0.026306505759729357	9.304663402467789
0.2662337662337664	0.021045204607783464	9.501393368695027
0.26948051948051965	0.015783903455837574	9.50134699593612
0.272727272727273	0.010522602303891656	9.443839454850258
0.010524227404543243	0.4285676870852729	9.00238406091952
0.010526768411893626	0.43505871669430884	9.003353795956086
0.010532239977158186	0.4415515406295602	9.004860005373457
0.015784455827147357	0.42532003053115647	9.00448524643631
0.0210447662716996	0.4155824448121903	9.004980168281465
0.021044501808848183	0.42207382015996675	9.006602083705639
0.02630618747209762	0.40584351763244303	9.005085410294589
0.026305778027717167	0.41233613268980274	9.006533890882915
0.03156680126153015	0.3961032995456484	9.004976570049168
0.031565835299157116	0.4025959483136016	9.006232240123106
0.03682910806362083	0.38636363636363624	9.004762234283803
0.03682783757272598	0.3928566706103498	9.005837126153393
0.04209020999156531	0.376623767754134	9.004504376694243
0.042089559068593296	0.38311761723289806	9.005420377419059
0.04735164767474709	0.3668834400466181	9.004239143085151
0.04735140610091129	0.37337747634691354	9.005018992413241
0.05261271558464201	0.36363666445968795	9.004651063608222
0.05787379559704214	0.35389611790802844	9.004324854045523
0.0578730225778892	0.36038967823846146	9.005012350473644
0.06313540298524348	0.3441559031900089	9.004043642638406
0.06313425629325838	0.35064957214286885	9.004624970756531
0.06839669869644609	0.33441576897883313	9.003808285234767
0.06839617971230265	0.3409095720682868	9.004300754256654
0.07365812176568746	0.3246754543627486	9.003619071167776
0.07365790325411474	0.3311692068938789	9.004035877405743
0.07891948860211215	0.31493511857994577	9.003476304394908
0.07891941940178111	0.32142873637978714	9.003827511995155
0.08418081124168335	0.305194822182523	9.0033808207288
0.08418079333196306	0.31168836537642186	9.003673884701469
0.08944211800169138	0.29545455006769655	9.003334270284812
0.0894421139722882	0.3019480667533097	9.003574428807267
0.09470342029838384	0.28571428696311874	9.003339286156773
0.09470341913133568	0.2922077963192013	9.003529868781426
0.09996472160174301	0.2759740264428997	9.003399667262203
0.0999647208189426	0.282467534109837	9.003542235727368
0.10522602238499522	0.2727272736361432	9.003615034161795
0.11048732390700394	0.2629870134397538	9.003753474302956
0.11048732316333461	0.269480521157159	9.003833734057112
0.11574862531731905	0.24675324680052657	9.00397376915143
0.11574862524824503	0.25324675342832664	9.003964344167256
0.11574862500341716	0.2597402604183027	9.003991712919158
0.12100992646839226	0.2435064935670835	9.00425566961417
0.1262712276401164	0.23376623378287165	9.00463650987209
0.12627122762329693	0.24025974032166875	9.004546362429771
0.13153252879710625	0.2240259740299649	9.005117166432525
0.1315325287931079	0.23051948053426682	9.004959715706507
0.13679379370651698	0.21428565763850574	9.00570962780003
0.13679382994925002	0.22077922078279585	9.005476941755362
0.1420533065008822	0.20454344787374412	9.006427910322428
0.14205458482444935	0.2110382053619115	9.00611006668089
0.1472995495113393	0.1947939615118893	9.007288089595287
0.14730864656559137	0.201293305625563	9.006873078567255
0.15253605747944152	0.1915298479438381	9.007782600071728
0.1577530510317789	0.18825878434325763	9.008287949025727
0.16294089967446798	0.1849956781184924	9.008802080737405
0.16811227227922376	0.18174292905195066	9.00932463875314
0.17332955596594063	0.1786463045808386	9.009845236369516
0.17871925634919839	0.17461393394662544	9.010477738498645
0.18195117078705403	0.16849175062322677	9.011301652110232
0.18515295286931674	0.16315017415975697	9.012121594991674
0.18835571451902566	0.1578605304030564	9.012977353858465
0.1915785336927006	0.15258707563223886	9.013912776536968
0.19481322383743405	0.14732016576901008	9.014944377446298
0.19805420394443252	0.14205620334397603	9.016042001735228
0.20129898647240496	0.13679395885237475	9.017241565389925
0.20454545454543793	0.13153252879862523	9.018583656432702
0.20779220779219143	0.1262712276466863	9.020027247820636
0.21103896103894737	0.1210099264947483	9.021629982335961
0.21428571428570561	0.11574862534280693	9.023435225414568
0.21753246753246328	0.1104873241908637	9.025394102908187
0.22077922077921985	0.10522602303891852	9.027757249467415
0.22402597402597513	0.09996472188697257	9.03021970688671
0.22727272727272893	0.09470342073502618	9.033255462606851
0.230519480519482	0.08944211958307983	9.036611722048042
0.23376623376623482	0.08418081843113366	9.040551112833876
0.23701298701298756	0.0789195172791877	9.04543825150436
0.24025974025974048	0.07365821612724184	9.05099997991338
0.2435064935064935	0.06839691497529599	9.057747594941732
0.24675324675324675	0.06313561382335024	9.066578723278253
0.25000000000000006	0.05787431267140445	9.076993077544275
0.25324675324675333	0.05261301151945864	9.090176948479451
0.2564935064935066	0.04735171036751283	9.108903291420768
0.2597402597402599	0.042090409215566976	9.132686916021797
0.2629870129870131	0.0368291080636211	9.162883650959458
0.2662337662337664	0.03156780691167522	9.210585907502853
0.26948051948051965	0.026306505759729332	9.304590242886965
0.27272727272727293	0.021045204607783453	9.501243946880779
0.2759740259740262	0.01578390345583757	9.501203061678366
0.2792207792207795	0.01052260230389171	9.443603424309671
0.010545744295315873	0.44805137375173815	9.007317639976263
0.010580128333376487	0.45455991795051265	9.011520138579606
0.015786180657554136	0.43180945292999623	9.006184276796835
0.015791547181905948	0.43829129341914336	9.008749052539173
0.015805485375027087	0.4447673186119561	9.012747363107378
0.02104446527725598	0.4285629874260182	9.008930094152014
0.02630506128954857	0.4188280683949322	9.008528923179783
0.0263027094326433	0.42531652479785464	9.011329955437732
0.03156500351483082	0.40908826666685644	9.00790576893901
0.03156398404650035	0.4155801878634844	9.010170520002804
0.03682408546258695	0.3993485619211244	9.007230993678403
0.036821057197064216	0.4058397506685048	9.009061418947995
0.04208735990208042	0.3896111331177337	9.006582623137064
0.04208238597653657	0.39610314217136805	9.008071404541772
0.04735052397746423	0.3798720646488077	9.005990934692933
0.04734786166176428	0.3863671646578468	9.007211838069447
0.05261244281256391	0.37013079010722194	9.005466858370085
0.052611841290886835	0.37662585609889393	9.006475093721841
0.057872225775967616	0.36688353336919294	9.00585024879453
0.06313261887138996	0.3571430371071682	9.005325652437456
0.06313035555387639	0.36363644845411686	9.006173807599701
0.0683948064967462	0.3474035825025012	9.004889390432576
0.06839209364801842	0.353897482115318	9.00559493004664
0.07365726907384292	0.33766331350185236	9.00453138449591
0.0736556953386094	0.34415801562431586	9.005121196072684
0.07891920676362837	0.32792255075727267	9.004244141156194
0.0789186147561868	0.33441683097799296	9.004738020388565
0.0841807360481144	0.3181819791017177	9.004022324221054
0.08418056637315573	0.32467577907142287	9.004435131314382
0.08944210073428639	0.30844160394176395	9.00386246297314
0.0894420599557884	0.31493519823174154	9.004205198808547
0.09470341512953538	0.2987013117436566	9.003762872738308
0.09470340220891721	0.30519484483092063	9.004043431823726
0.09996471808776392	0.28896104451154553	9.003723543382902
0.09996470917368434	0.2954545633899926	9.003947294625007
0.10522602067620727	0.279220782492954	9.00374605538615
0.10522601491725303	0.2857142970083485	9.003916218514066
0.1104873206226737	0.27597403195803377	9.003951483852589
0.1157486241692841	0.2662337686851935	9.004056323916155
0.11574862145194027	0.27272728126381246	9.004159213200287
0.12100992640134627	0.25000000022612245	9.004226651316863
0.12100992617524098	0.2564935073133095	9.004235802331728
0.12100992544423211	0.2629870158632477	9.004283297083399
0.1262712275657343	0.24675324697783516	9.004496420124587
0.13153252877903412	0.23701298706660037	9.004845769916335
0.13153252873031218	0.24350649369606872	9.004773708275794
0.1367938299456433	0.22727272728594317	9.005292564226865
0.13679382993238312	0.2337662338144262	9.005153737605816
0.14205504170024472	0.21753232780412105	9.005847006062318
0.14205513109833537	0.2240259740405208	9.005634711864358
0.1473134594142739	0.2077894438172511	9.006521162279428
0.14731566725531844	0.21428465459987356	9.006226857023362
0.15255562298592304	0.1980379846650772	9.007329076175623
0.15256749084398658	0.20453904270761802	9.006942195704662
0.15778611371836243	0.19477327911562073	9.007795266297569
0.16298951155816566	0.19151128732197897	9.008269946240057
0.16815009354875718	0.1882639550039041	9.008751145923604
0.17325253246210714	0.1849687757307454	9.00924324751207
0.17836938867642338	0.18171818137055554	9.009738189865267
0.1837204366157366	0.17969473178814166	9.010134166436133
0.1857301490026697	0.17373327569216213	9.010827324261946
0.18844135041107024	0.16840004987893148	9.011536014095784
0.1916053515069556	0.16312013895048047	9.012333268023964
0.19482494838442696	0.15784810668681706	9.013172385386106
0.19806016410226204	0.15258162796135624	9.014091236839514
0.20130160228347457	0.14731788158914585	9.015105474018702
0.2045461505378637	0.1420555019433737	9.016185027586507
0.20779220779216953	0.13679382995055847	9.017365957320331
0.21103896103893335	0.13153252879863134	9.018688943409067
0.21428571428569557	0.12627122764669432	9.020113187780522
0.2175324675324578	0.12100992649475424	9.02169653471146
0.22077922077921783	0.11574862534281027	9.02348247337254
0.2240259740259749	0.11048732419086464	9.025422566021318
0.2272727272727297	0.10522602303891808	9.027767384655712
0.23051948051948298	0.09996472188697147	9.030212290578353
0.23376623376623543	0.09470342073502518	9.033231831198492
0.2370129870129879	0.08944211958307917	9.036573341983475
0.24025974025974053	0.0841808184311334	9.040498829616359
0.24350649350649345	0.07891951727918761	9.045373387745231
0.24675324675324664	0.07365821612724198	9.050923938141821
0.24999999999999992	0.0683969149752962	9.057662086304147
0.2532467532467533	0.06313561382335038	9.066485174170465
0.2564935064935066	0.05787431267140456	9.076892975630619
0.2597402597402599	0.052613011519458706	9.090072245483912
0.26298701298701316	0.047351710367512845	9.108795451209971
0.26623376623376643	0.042090409215566976	9.132577050290196
0.26948051948051965	0.03682910806362109	9.162774648261005
0.27272727272727293	0.03156780691167519	9.210484046252033
0.2759740259740262	0.026306505759729315	9.304526518004282
0.2792207792207795	0.021045204607783443	9.501106976047053
0.28246753246753276	0.015783903455837574	9.501071649828916
0.28571428571428603	0.01052260230389171	9.443381842025673
0.010651985594769285	0.4610837198787562	9.019439965029262
0.015836600318353253	0.45125524384816007	9.019283873864767
0.015901261052219878	0.4577651574134676	9.03056812948376
0.02104459231268143	0.4350407216593887	9.012350956834235
0.02105239547536608	0.44149529135273424	9.017509398301842
0.02108111946840678	0.44792778911626147	9.025497863507878
0.026297435887002292	0.43179583305149927	9.01534048565172
0.03156147643569582	0.42207019317123873	9.013286775566963
0.03155556811224044	0.4285547898468908	9.017650432403984
0.036819535998116056	0.4123307486226218	9.011499290703206
0.03681894615640171	0.41882254276417746	9.014793989061006
0.04207516949495293	0.4025931431135041	9.009999302854895
0.04207040926286123	0.4090808922779583	9.012526325396813
0.04734145771911729	0.39286143208613183	9.008758265079196
0.04732949429305322	0.39935080125131733	9.010733359852544
0.05260985647691255	0.38312256933644234	9.007729942921538
0.05260448420611502	0.38962098435323106	9.009303540065611
0.05787159046902718	0.3733783963365391	9.006877635776682
0.05787073326594441	0.3798756531309784	9.008145455627941
0.06312886080531312	0.37013052107747213	9.007206072089522
0.06838829695437106	0.3603903914524866	9.00644351709905
0.06838464678044948	0.36688285328930637	9.007469144087082
0.07365245599561847	0.3506531984460184	9.005824726480762
0.07364716249083231	0.35714724799442693	9.006666005600875
0.07891715375638315	0.3409120582627905	9.005323768654542
0.07891401332063241	0.34740879678832415	9.006019497719466
0.08418010633341773	0.3311700314098241	9.004923355371416
0.08417897756007753	0.33766528229557863	9.005500593532998
0.08944194300640064	0.32142894183756815	9.004611009775436
0.0894416329075806	0.32792304895968255	9.00509014807227
0.09470336335009379	0.3116884262117378	9.004377872652027
0.09470325599571507	0.31818212982837074	9.00477394297259
0.09996468235248653	0.30194810671012495	9.004218194071546
0.09996460915743731	0.30844171419047345	9.004542065530769
0.10522599671410388	0.2922078291863416	9.004128819846672
0.1052259434272186	0.29870141199003236	9.004388119261646
0.11048731237566069	0.2824675528986995	9.004108786651274
0.11048728714047985	0.2889611050740653	9.004308526507456
0.11574861303671975	0.2792208076727061	9.004302087385126
0.12100992319103071	0.2694805292017412	9.004369872271544
0.12100991660942463	0.2759740574586232	9.00449689186629
0.12627122737448312	0.2532467540380668	9.004486022904162
0.12627122675807875	0.25974026244005693	9.0045150714587
0.12627122483248068	0.26623377511915547	9.004584014873716
0.13153252856412484	0.25000000065220995	9.004742570939243
0.1367938298837312	0.24025974043239817	9.005058492601124
0.13679382970579507	0.24675324735998663	9.005005558538294
0.14205513108686554	0.2305194805745935	9.005470043298375
0.142055131044331	0.23701298721888894	9.005350675597908
0.14731631184260977	0.22077903260015577	9.005985768047852
0.14731643224706165	0.22727272734507187	9.005794409110209
0.15257404508107622	0.21103593389915065	9.006615918628244
0.15257693552432394	0.21753148721903204	9.00634530933945
0.15781234161580723	0.2012813409649835	9.007372713100319
0.15782760544262833	0.20778422735185123	9.007013660842746
0.1630344942381264	0.19802365410125147	9.007811251423737
0.16822045250661743	0.19478719296404287	9.00825538299089
0.17336825150114843	0.1915918771247671	9.008702790212679
0.1785071563035642	0.18850735326318224	9.009148692038236
0.1836658161283483	0.18583823095255877	9.009565318080268
0.1876751740339005	0.1831595474127634	9.009947349240592
0.18956816089292272	0.17877314504472067	9.010429976907451
0.19201426224334658	0.17358502915738103	9.01105223955633
0.1948051948050208	0.16836163686340241	9.011741011094715
0.19805194805287318	0.16310033571091842	9.012525650258988
0.20129870129904834	0.1578390345583719	9.01334986799205
0.20454545454560366	0.1525777334062639	9.014252904111606
0.20779220779215776	0.1473164322543931	9.015250585108426
0.21103896103890216	0.1420551311024991	9.01631305377663
0.21428571428567822	0.13679382995057762	9.017476494139778
0.2175324675324469	0.13153252879864333	9.018781696702531
0.2207792207792131	0.12627122764670154	9.020188041194556
0.22402597402597424	0.12100992649475661	9.021753571148622
0.22727272727273085	0.11574862534280982	9.023521881764808
0.23051948051948437	0.11048732419086288	9.025444942803361
0.23376623376623648	0.10522602303891636	9.027773170239305
0.23701298701298834	0.09996472188697036	9.030202331967628
0.2402597402597405	0.09470342073502473	9.033207622945868
0.24350649350649323	0.08944211958307922	9.036535788919155
0.24675324675324642	0.08418081843113366	9.040448987761389
0.2499999999999998	0.07891951727918799	9.04531243104936
0.2532467532467532	0.07365821612724222	9.050853153447385
0.2564935064935066	0.06839691497529635	9.057583028599788
0.2597402597402599	0.06313561382335046	9.066399116872384
0.26298701298701316	0.0578743126714046	9.07680127197503
0.26623376623376643	0.05261301151945872	9.089976619407443
0.26948051948051965	0.04735171036751284	9.108697264710166
0.27272727272727293	0.042090409215566955	9.132477204336501
0.2759740259740262	0.036829108063621066	9.16267600875102
0.2792207792207795	0.031567806911675184	9.210392391750323
0.28246753246753276	0.026306505759729305	9.30447125005068
0.28571428571428603	0.021045204607783443	9.500981414376263
0.2889610389610393	0.01578390345583757	9.500951466949127
0.2922077922077925	0.010522602303891711	9.443173457608495
0.010751525117704192	0.46766976752580636	9.03563585856273
0.011207764428795008	0.47460826895116826	9.069202228055046
0.016038320134010617	0.4643178809059992	9.051858368648707
0.021124959482363957	0.4543622306025377	9.038538161759318
0.021161802524503226	0.46090224062129104	9.060428268412439
0.02628848989178284	0.43824196742570803	9.021207746546116
0.02629853696689802	0.4446485672245031	9.029995633806672
0.026366695231550278	0.4509682957183257	9.04337704133273
0.03154105121256618	0.4350228172311084	9.023870512987285
0.03681688179518008	0.42531399108658025	9.019313061071331
0.03681055531105358	0.4318050117933569	9.025629289661493
0.04206905911828804	0.4155707622771412	9.015886192402006
0.04206987677457421	0.4220637394877332	9.0204080632467
0.04731679223233105	0.4058376967127091	9.013287646804613
0.047317285930085315	0.4123136003770898	9.01662344899489
0.05259135883599703	0.3961181526017001	9.011291403384414
0.05256485042697249	0.40259311157798866	9.01381633626976
0.05786808240840654	0.3863769742029672	9.009720909486134
0.05786054527314763	0.3928844399939351	9.011693194345929
0.06312950416820994	0.3766256802417406	9.008469416368747
0.06312826766550103	0.38312672802340514	9.01002575576531
0.06838279495302961	0.37338114911826464	9.008715186702519
0.07364062710047607	0.3636366402251119	9.007675579079264
0.07363591562005056	0.3701425683818255	9.00889588652779
0.0789082540480741	0.3539067340778983	9.006847571631775
0.07889932321467219	0.3604007686442754	9.007835383097143
0.08417649036635416	0.3441625142066213	9.00618363193981
0.0841715874697588	0.35066325271371684	9.006993246227454
0.08944087727333079	0.33441797203321894	9.005655175243772
0.08943919561158326	0.3409145732224865	9.006321518699876
0.09470298765822521	0.32467611563711285	9.005241101095871
0.09470238545221478	0.33117069448382846	9.005790885412706
0.09996443002895221	0.31493547116752724	9.004926038880319
0.09996403355565246	0.32142952945293474	9.005378799363543
0.10522580098360458	0.3051951242418107	9.004699437601836
0.10522545756242845	0.31168911941093225	9.005069304529322
0.11048721496249686	0.2954547458113351	9.004554509242551
0.1104870234647534	0.30194861203738227	9.00485155403243
0.11574858840675924	0.28571437578389225	9.00448742400829
0.11574852058995667	0.29220806051244536	9.004718574415007
0.12100989849607162	0.2824676295824957	9.004666439515459
0.12627121901741745	0.2727273008135298	9.004693891728484
0.1262712022070556	0.27922086406717117	9.004846409469268
0.13153252800474763	0.25649350867144466	9.004751982007763
0.13153252614824154	0.2629870200277343	9.004802112008337
0.13153252010999184	0.26948054145103123	9.004893692362396
0.13679382905916435	0.2532467553335873	9.004994277683252
0.14205513088826502	0.24350649426191695	9.005275017469371
0.14205513032527203	0.2500000027086268	9.005242122495334
0.14731643222989732	0.23376623404026486	9.005650095174166
0.14731643217566778	0.24025974127335004	9.005550906320492
0.15257763937951416	0.22402582714503752	9.00612651548923
0.152577733432024	0.23051948085428564	9.005956536737399
0.1578352454395153	0.21428271767431725	9.006712859107042
0.1578383169452323	0.220778546057676	9.006466010443267
0.1630691487901725	0.2045277802393528	9.007419405008172
0.16308816879102028	0.21102958393287455	9.007088005069583
0.16828141292076504	0.2012845560785801	9.00783102953639
0.1734549403078031	0.19808540481733394	9.008245715184037
0.1786043727999842	0.19496402403141277	9.00866089533119
0.18377621300004185	0.19197257233910844	9.00907371632097
0.1892791437973954	0.18889895333588255	9.009506579933896
0.19277107161026252	0.18374178038487168	9.010067215197495
0.19549787185162057	0.17872450583300412	9.010626948548635
0.19824348412384318	0.17357590378646517	9.011245394378543
0.20129870129947044	0.16836163686235725	9.011929573375875
0.20454545454583314	0.16310033571007657	9.01270089350885
0.20779220779229457	0.15783903455822818	9.013511016616567
0.21103896103891348	0.15257773340634254	9.014399153055523
0.2142857142856649	0.1473164322544456	9.015381293012922
0.2175324675324314	0.14205513110252774	9.016427763335505
0.22077922077920556	0.13679382995059244	9.017574882270099
0.22402597402597244	0.13153252879864868	9.018863555390398
0.2272727272727324	0.12627122764670137	9.02025337278018
0.23051948051948665	0.1210099264947538	9.021802551367294
0.2337662337662381	0.1157486253428069	9.023554785529145
0.2370129870129889	0.11048732419086095	9.0254624052317
0.24025974025974028	0.10522602303891564	9.027775594831839
0.2435064935064927	0.09996472188697053	9.030190743285635
0.24675324675324584	0.09470342073502529	9.033183402168802
0.24999999999999933	0.0894421195830798	9.036499515290911
0.25324675324675305	0.08418081843113406	9.040401799480245
0.2564935064935066	0.07891951727918821	9.045255414602552
0.25974025974026	0.07365821612724227	9.050787484147863
0.26298701298701327	0.06839691497529633	9.05751011681953
0.2662337662337665	0.06313561382335044	9.066320104823248
0.26948051948051976	0.057874312671404575	9.076717382797455
0.27272727272727293	0.052613011519458706	9.089889383848645
0.2759740259740262	0.04735171036751282	9.108607978335828
0.2792207792207794	0.04209040921556694	9.132386481462719
0.2824675324675327	0.036829108063621045	9.16258685668407
0.285714285714286	0.03156780691167518	9.210310058382012
0.28896103896103925	0.026306505759729305	9.304423595988723
0.2922077922077925	0.021045204607783443	9.500866289736772
0.2954545454545458	0.015783903455837568	9.500841366040062
0.298701298701299	0.010522602303891715	9.442977164751062
0.010337062914699135	0.4805799315788857	9.114797098966546
0.010155020657062863	0.48528655098029966	9.263310162183734
0.016057169944680705	0.47061960754876075	9.089170451948783
0.01642884609141293	0.4754340696167493	9.138712409208546
0.014541448201865703	0.4787522741221477	9.154864579515055
0.021935801588176252	0.4677087205875655	9.107039475713961
0.026743427528323066	0.4631903097017005	9.099021747719073
0.026484455365981457	0.4572738814185029	9.064603555204085
0.03149602469970454	0.44144135608444746	9.032885043071134
0.031511691684583454	0.44781439678085283	9.04626838748752
0.03157962180091206	0.4540464367428938	9.065410491094825
0.03679628329898792	0.4382939500713124	9.034600083086344
0.04207637003068993	0.4285624378599853	9.026601686023197
0.04207620528912467	0.4350809112214757	9.035224322484611
0.047313717664832076	0.4188117820057054	9.021044855500044
0.04731614143952593	0.42529886327736627	9.026968328941633
0.05254067360190359	0.40909557517590617	9.017084954998175
0.05256540328148665	0.4155727824887185	9.021342849658781
0.05784135015224968	0.39940152402944573	9.014182669606855
0.057809110608895486	0.4059374153753032	9.017357976899284
0.06312543393625926	0.3896355425681042	9.011956496126645
0.06312002162578316	0.39615783823174067	9.014370624475875
0.06838396235070456	0.3798757244620004	9.010236224076657
0.06838580579098252	0.3863783148137306	9.012106962582264
0.07363415003116347	0.37663461107250484	9.010370897604972
0.07889186531327567	0.366913584790532	9.009022668766113
0.07888132562324869	0.3734157060044414	9.010448050577518
0.08416313539173241	0.3571692391562222	9.00795546343402
0.08415580174047643	0.3636914718164567	9.009105170421194
0.08943581443380454	0.34741442520282906	9.00710820125259
0.08942937469044875	0.3539212327187098	9.008039000238325
0.09470115130136754	0.33766644325901346	9.00643738814311
0.09469883221752805	0.3441643160956685	9.007197873654064
0.09996322600270423	0.3279240925481695	9.00591090424908
0.09996173213493205	0.3344193794600728	9.006535155989441
0.10522471342176148	0.3181836111978868	9.00550566546667
0.10522325226364898	0.32467875211081393	9.006018149082612
0.11048655411688502	0.30844297574487306	9.005205610626673
0.11048548916355112	0.3149382421881245	9.005623929854316
0.11574834507592896	0.2987020423689891	9.00499985740756
0.11574791533686195	0.30519669794237975	9.005336661768267
0.12100985170847645	0.2889613222568049	9.004881420329838
0.12100973805211247	0.29545532098377747	9.005145657808308
0.1262711570619904	0.2857145292983035	9.00504404164928
0.1315325011674807	0.2759740919211359	9.005028076083441
0.1315324456883002	0.28246772193008907	9.005207326220601
0.1367938267413045	0.2597402667399548	9.00502454743703
0.1367938186474277	0.2662337889953887	9.005096808716802
0.1367937916254827	0.2727273438037407	9.005212083773046
0.14205512834606082	0.256493515923147	9.005251616845316
0.14731643201302938	0.24675325039522714	9.005495600121977
0.1473164315596951	0.2532467658785102	9.00548353008383
0.15257773351884252	0.23701298822895422	9.005833120757229
0.15257773387215245	0.24350649778312627	9.005754721495002
0.15783899613279415	0.2272726674476159	9.006269747756017
0.15783903482546524	0.23376623499557092	9.006121505430983
0.1630965162425668	0.21752912592991522	9.006812528560305
0.16309957249312104	0.22402531716078175	9.006589443541417
0.16832427562021277	0.207777328055051	9.007469667259317
0.16834736165480968	0.21427486592138126	9.007165651779843
0.17352423744110956	0.20455328283063498	9.007855288633762
0.1786841193850928	0.2013846915478119	9.008242566116797
0.18380540552072025	0.1982903949743054	9.008629537229337
0.18879538345023858	0.19533647747730895	9.009006731434923
0.1933042464517704	0.1933929868069647	9.009300883709011
0.195967185068664	0.18906362969996143	9.009714252697579
0.19880567565252694	0.18388840852817978	9.01024528971955
0.20160510360254466	0.1787849269739971	9.010805881220456
0.20455567156641558	0.17361989795338417	9.011421152760247
0.2077922077922398	0.1683616368613874	9.012103125968418
0.21103896103877587	0.16310033571002688	9.012861474043907
0.21428571428565146	0.1578390345582707	9.01365796971615
0.21753246753242794	0.15257773340639888	9.014531880412713
0.22077922077920145	0.14731643225447993	9.015499299993856
0.22402597402597266	0.14205513110254045	9.016530728262495
0.22727272727273598	0.13679382995059292	9.017662609719308
0.2305194805194906	0.13153252879864402	9.01893595446501
0.23376623376624073	0.12627122764669638	9.02031053748515
0.23701298701298976	0.1210099264947505	9.021844726849338
0.24025974025973987	0.11574862534280578	9.023582315963552
0.24350649350649164	0.11048732419086138	9.025475920669608
0.24675324675324475	0.10522602303891676	9.027775493805946
0.24999999999999853	0.0999647218869716	9.030178232680155
0.25324675324675255	0.09470342073502602	9.0331595403318
0.25649350649350633	0.08944211958308011	9.036464829554484
0.25974025974026005	0.08418081843113412	9.04035740552291
0.2629870129870134	0.07891951727918813	9.04520231468591
0.2662337662337666	0.07365821612724216	9.05072675298405
0.2694805194805198	0.06839691497529625	9.05744303528166
0.272727272727273	0.06313561382335038	9.066247700939714
0.27597402597402626	0.05787431267140455	9.0766407510747
0.2792207792207795	0.052613011519458686	9.089809912961812
0.28246753246753276	0.04735171036751281	9.108526873139885
0.285714285714286	0.04209040921556692	9.132304085754155
0.28896103896103925	0.036829108063621045	9.162506371076802
0.2922077922077925	0.03156780691167518	9.210236254728782
0.2954545454545458	0.026306505759729315	9.304382826361243
0.2987012987012991	0.021045204607783446	9.500760783382505
0.3019480519480523	0.01578390345583758	9.50074033591097
0.30519480519480546	0.010522602303891723	9.442792008633814
0.012859397127402694	0.48988848858794337	9.494406386357626
0.01544165399246289	0.4839432019803305	9.40114777847855
0.020583679408951228	0.47394061882286465	9.163555982535462
0.019291913581958545	0.47919589848360455	9.266625982877654
0.025172894528109335	0.4723762210486465	9.178334094935007
0.027793317048655564	0.46861416546369594	9.148819522529736
0.031090975164175222	0.46535508626301564	9.134611498471084
0.032240380732520245	0.46021637385231834	9.0994474617477
0.03675796433389921	0.4447947355618871	9.04776020530349
0.03665653772041555	0.45096364543762835	9.065671116526042
0.03641150758507304	0.4562831674086877	9.087820783101703
0.04212016513932043	0.44160438931765006	9.047511072211632
0.0473329102728984	0.4317750053966862	9.034974160131974
0.04732658145237334	0.4383451405241912	9.046184922462324
0.05254374637264456	0.4220507356061905	9.02691920143085
0.0525572151852514	0.4285284869424176	9.034327222088438
0.05780827420274859	0.41247306084786456	9.021463249895753
0.05781826093010762	0.41888466582773787	9.02668110450297
0.06309244201290443	0.4027215391083	9.017421884435985
0.06311614211603236	0.4093045311861357	9.021334529572583
0.0683809939118994	0.39289231467272656	9.01442039264604
0.06837163376973637	0.3994208437079505	9.01730372098733
0.07364316434582302	0.38311652028597426	9.012167030947547
0.07364992789197855	0.3896283500111857	9.01437502290797
0.07887933813526102	0.379903516520552	9.012166730491792
0.08414394364674462	0.37021632299385665	9.010479446772855
0.08411563043370913	0.3767406770199208	9.012128360186354
0.08941341123843982	0.36045114780731785	9.009145398974999
0.08942611947733736	0.36699402403642034	9.01046737207277
0.09469508720172913	0.35066549153303256	9.00809355444389
0.09469124222454763	0.35717066607408554	9.009150804003033
0.09995922043173727	0.34091580082782896	9.007267148772366
0.09995537777053999	0.34741406626185917	9.008125927808651
0.10522069770891541	0.33117447689199214	9.006618370321789
0.10521680302139808	0.3376705680703434	9.00732035684979
0.11048324789936521	0.32143475282734135	9.006115286008052
0.11047900128384648	0.3279322976138453	9.006690195467689
0.11574690531753913	0.31169266940024815	9.005735583403107
0.11574460493761017	0.3181907387323573	9.006204628637876
0.12100947452261412	0.3019500281375838	9.00546398989473
0.12100887073656154	0.3084462076605512	9.005842389338946
0.12627105332854166	0.2922084525370287	9.005290126626662
0.12627089200051997	0.29870297759156667	9.005588964018683
0.13153230339183442	0.28896155550192015	9.005434313188642
0.13679370774048658	0.2792209892030051	9.005372051066031
0.13679347598705108	0.2857148594841563	9.005579138183606
0.14205512164436365	0.26298704458260347	9.00530366431996
0.1420551001135919	0.26948062019394253	9.005398979877254
0.14205503571442715	0.27597432664709626	9.005538886697623
0.14731643042581366	0.25974030170526513	9.005514592132668
0.15257773523445542	0.25000001448836257	9.00572041658051
0.15257774020021372	0.2564935534754306	9.005729838593526
0.1578390355421496	0.24025974444078604	9.006019435490726
0.15783903803770297	0.2467532604334908	9.00596233332035
0.16310028720965894	0.2305194051999727	9.006415868965812
0.16310033065361929	0.23701298040278004	9.00628964019606
0.1683568389505051	0.22077430220679464	9.006915346482948
0.16836022315456178	0.22727130450712718	9.006715980478502
0.17357494182823588	0.21102944384830843	9.007523875862928
0.17360347826322067	0.217520236132232	9.007246909649744
0.17876220848073365	0.20782116350000526	9.007884855738991
0.18389373692107847	0.20467920280109345	9.008245873996486
0.18894447574251108	0.20163185654080032	9.008603921509275
0.1938879952292379	0.19868186768766805	9.008957002714455
0.19898139775282456	0.1950820524872217	9.009362252141061
0.20198252835155606	0.189293684614694	9.009882531455496
0.20483148252486433	0.18402863753165832	9.010411478812243
0.2078191571670948	0.17887439609717395	9.01097203272893
0.21103896103845945	0.1736229380135453	9.011592178438496
0.2142857142854634	0.16836163686194183	9.012262909787525
0.2175324675323654	0.16310033571020202	9.013008636805052
0.22077922077920253	0.1578390345583476	9.013792065017027
0.22402597402598534	0.15257773340642838	9.014652445258811
0.2272727272727473	0.14731643225448335	9.015605972040541
0.23051948051949966	0.1420551311025328	9.01662330007081
0.23376623376624597	0.136793829950584	9.017740990941816
0.23701298701299114	0.13153252879863825	9.019000148146526
0.24025974025973865	0.12627122764669457	9.020360706469766
0.24350649350648937	0.1210099264947515	9.021881169497506
0.24675324675324264	0.11574862534280794	9.023605426432368
0.2499999999999972	0.11048732419086348	9.025486288323714
0.25324675324675183	0.1052260230389181	9.027773582946368
0.2564935064935061	0.09996472188697218	9.030165311828926
0.25974025974026005	0.09470342073502604	9.03313631695771
0.2629870129870136	0.08944211958307995	9.036431944832378
0.2662337662337669	0.0841808184311339	9.040315878135042
0.26948051948052004	0.07891951727918795	9.045153062618999
0.27272727272727315	0.07365821612724206	9.050670759051739
0.2759740259740263	0.06839691497529621	9.057381465442981
0.2792207792207795	0.06313561382335038	9.066181479865746
0.2824675324675327	0.057874312671404526	9.076570854252912
0.285714285714286	0.05261301151945867	9.089737630082544
0.28896103896103925	0.047351710367512796	9.10845326070485
0.2922077922077925	0.04209040921556692	9.132229352286528
0.2954545454545458	0.03682910806362105	9.162433721828025
0.2987012987012991	0.03156780691167519	9.210170225668108
0.30194805194805235	0.026306505759729315	9.304348268265818
0.3051948051948056	0.021045204607783446	9.500664336402139
0.30844155844155874	0.015783903455837578	9.50064736471024
0.3116883116883119	0.010522602303891715	9.442617203407012
0.01916854985655565	0.48950363461020824	9.646363805524246
0.022266728960724624	0.4841511485852325	9.557319612809088
0.025303378810659916	0.47817612110849533	9.325659062052265
0.02980865636060981	0.4738716954829537	9.242238480792706
0.033105546708297254	0.4692744075622992	9.182862415084768
0.03595490051373983	0.4647161740485356	9.14687591550089
0.03734871986788663	0.4606695269529613	9.1172641707657
0.0405198197680073	0.4586466867351103	9.109909369026752
0.04224338510580164	0.44821105115083226	9.06576200720884
0.041697114688333814	0.454233115212509	9.088700026722947
0.0475208506170266	0.44490040356923943	9.062051814820002
0.052642648015142714	0.43483373073285225	9.04414538851711
0.052700527390355134	0.44091122875565547	9.05679295268016
0.057691607555932445	0.4252077983418648	9.03323841088828
0.05761660009984143	0.43145152173856244	9.041822348275007
0.06319644818050484	0.41595433521968234	9.026458751557357
0.06300253508125808	0.42211275847391694	9.032330668886885
0.06837731882470352	0.4059998293178309	9.02095092625099
0.06844789497214723	0.41271633063594154	9.025689616499596
0.07362734698400526	0.3961347479293697	9.017084414452627
0.07361752300809243	0.40261978777996416	9.020432298741115
0.07890562516532754	0.38639761110729903	9.014263882880714
0.07891403914880694	0.392892889195263	9.01681825104459
0.08413566818792141	0.383213582019686	9.014105035883622
0.08937900129213314	0.37352667555155095	9.012034276347777
0.08926936213147703	0.380162531452874	9.013934252163729
0.09468229399496014	0.36369089514568165	9.010403391767992
0.09465354614734442	0.37020774127700906	9.01188499273629
0.0999503395287315	0.3539139006355922	9.009134670907093
0.09994601594238274	0.3604105303052872	9.010321433807759
0.10521158732272677	0.3441670238826966	9.00814117276518
0.10520499397314094	0.3506647072459894	9.009101612878771
0.11047222220882114	0.3344296857295946	9.00736125957719
0.11046368920601636	0.34092544906102407	9.008143618120728
0.11573965301843969	0.32469116911912177	9.006753366220112
0.11573016605908715	0.3311923700246406	9.007393109634295
0.12100744000859553	0.31494507244286024	9.006288143801534
0.12100388550084962	0.32144798627340077	9.006810032197292
0.1262707541310851	0.305198798296562	9.00594591866399
0.12627064896257842	0.3116972014143015	9.006367598434833
0.13153202721866528	0.2954558605027921	9.005712810752705
0.131531804037717	0.30195109784341406	9.006047590329002
0.13679294957903698	0.29220919505335585	9.005836616645228
0.1420548604675013	0.2824683553131727	9.005725402562746
0.14205443615020388	0.28896303980434224	9.005961334773842
0.14731642804163694	0.26623389849668916	9.00558921431635
0.1473164244042451	0.2727276634477394	9.005708393030703
0.1473164218390002	0.2792218443762886	9.005873768009026
0.1525777572099298	0.2629871577186789	9.005783144546543
0.15783904631688442	0.2532467960853557	9.005949570141764
0.1578390723107383	0.25974038739513267	9.005981042246544
0.16310033960605005	0.24350650291553508	9.006209276057552
0.1631003481210266	0.2500000271212499	9.006173881575632
0.16836133038569986	0.23376588751696958	9.006565193129248
0.1683615914028215	0.2402596875425674	9.006461187857893
0.17361523497976608	0.22401876770894355	9.007021592032574
0.17361979116429568	0.23051670494235602	9.006845891499232
0.1788231336704372	0.21428117063575633	9.007582567523203
0.17885739226831035	0.22076574701451424	9.007332102816845
0.18399538474218935	0.2110846683872791	9.00792007855989
0.18910319116969995	0.20795922347887086	9.008256842092763
0.19415434322568415	0.20488443703686796	9.00859405674472
0.19914109204571803	0.20177387740458874	9.008934006791677
0.2033751742590777	0.19900405456592477	9.009238869205461
0.20518246348999863	0.1944147819295862	9.009597817214498
0.2081269756758159	0.18928795422303463	9.010061705185057
0.21109187641882515	0.1841243143562179	9.010576452475965
0.21428571428444065	0.17888423916576182	9.011139988744999
0.21753246753199815	0.17362293801398265	9.011750771170624
0.2207792207791058	0.16836163686217054	9.012409941797442
0.22402597402599236	0.16310033571029361	9.01314354403826
0.2272727272727774	0.15783903455836565	9.013914504600903
0.23051948051952234	0.1525777334064173	9.014762072028786
0.2337662337662576	0.14731643225446764	9.015702532489923
0.23701298701299425	0.1420551311025224	9.016706679671431
0.2402597402597365	0.13679382995058095	9.017811183518695
0.2435064935064851	0.13153252879864039	9.019057229916106
0.2467532467532385	0.12627122764669882	9.020404890490092
0.24999999999999434	0.12100992649475545	9.021912796042978
0.25324675324675044	0.11574862534281044	9.023624916313837
0.25649350649350583	0.11048732419086443	9.025494177335993
0.2597402597402603	0.10522602303891804	9.027770473872819
0.26298701298701394	0.09996472188697174	9.030152362260026
0.2662337662337671	0.09470342073502556	9.033114014192362
0.26948051948052026	0.08944211958307954	9.036400997857386
0.2727272727272733	0.08418081843113369	9.040277232054605
0.2759740259740265	0.07891951727918785	9.045107554240403
0.27922077922077954	0.07365821612724203	9.050619285855541
0.28246753246753276	0.06839691497529622	9.057325090233585
0.285714285714286	0.06313561382335038	9.066121031493324
0.28896103896103925	0.05787431267140452	9.076507207714414
0.2922077922077925	0.052613011519458665	9.089671992884035
0.29545454545454575	0.0473517103675128	9.10838649826229
0.2987012987012991	0.04209040921556692	9.132161754288235
0.30194805194805235	0.03682910806362105	9.16236801701988
0.3051948051948056	0.03156780691167519	9.210111172575141
0.30844155844155885	0.026306505759729305	9.304320056790433
0.311688311688312	0.021045204607783436	9.500575600607355
0.3149350649350651	0.01578390345583757	9.50056149619835
0.31818181818181834	0.010522602303891704	9.442451992864145
0.025753775058090508	0.4894436912663569	9.682115196913108
0.02885025427884338	0.4841127475634273	9.616210108592723
0.03201096373622769	0.47913323282378556	9.41960132039951
0.035738231684301694	0.4739597162546466	9.275011133615203
0.03896733055459042	0.4690382589132776	9.199848802064361
0.041672643589025345	0.4634491909515018	9.1506109522256
0.045469113109717685	0.45859843314989107	9.11832641250433
0.04820305528039412	0.45218108313127225	9.089168140387313
0.053359294552130974	0.44702143640987485	9.0751300907952
0.05713433659804412	0.4434193222808607	9.067115746963701
0.05849768444304827	0.4377906751317464	9.05414457406829
0.0626112876664916	0.42821862146236306	9.03982668841926
0.062357020703156546	0.4332370050323764	9.04777225138769
0.06686548367616024	0.4256406879804343	9.038251164621048
0.06934156162601496	0.4199650770600661	9.032625343393365
0.07368549730763374	0.40905075685372155	9.02459231974318
0.07392879917092174	0.41540081278254803	9.029827570945555
0.07882622544058537	0.3993546237282995	9.019908814244681
0.07876913525159755	0.4057602601872734	9.023696766801585
0.08417867423083755	0.38971324770847904	9.016517660094175
0.08410157225707193	0.39617017737097987	9.01940121646854
0.08944751694161024	0.38662846675624946	9.016210106885401
0.09457035981986239	0.37673353089990314	9.013642378930703
0.094461115934105	0.38342752114434464	9.015790741221851
0.0999282964962449	0.36689735015647784	9.011717481492278
0.0998678254707011	0.37335463635852445	9.013352166641589
0.10519606821437895	0.3571631821358465	9.010226989102563
0.10517795306633126	0.3636584306654373	9.01154699573373
0.110455041654685	0.3474198236791608	9.009055819375886
0.11044720566017475	0.3539175358526361	9.01012130501064
0.11571551262715492	0.33769085559378725	9.008137226616041
0.11569986397009398	0.34418289342285213	9.00900175627106
0.12099526388131221	0.32795488406144907	9.007418465463738
0.12097738354520875	0.33445967179431957	9.008124970688627
0.12627002395792034	0.3182003025477635	9.006861991426169
0.12626662209534498	0.32471104888287455	9.00743893113595
0.13153234037258596	0.3084480190298969	9.006444569166765
0.13153442554209377	0.3149484845302534	9.00691097311042
0.13679213362490547	0.29870423955610015	9.006148685504783
0.13679183153490812	0.30519995547989853	9.006520595394884
0.14205351565143784	0.2954586484741672	9.006250351451662
0.14731628798271174	0.2922134494354018	9.006353442878373
0.14731641650588376	0.28571690977622655	9.00608771838238
0.15257781139458457	0.2694809392315643	9.005881029060207
0.1525779691543032	0.27597515956001667	9.006024783203292
0.15257837605339472	0.2824703442387682	9.006216383598131
0.15783914899696555	0.2662341261208841	9.00605716316589
0.163100373166026	0.256493580672667	9.006183100644456
0.16310044182811295	0.2629872077693747	9.006237081100904
0.16836164628948305	0.24675325504943366	9.006402807828445
0.1683616635348074	0.25324676956970615	9.006389442689967
0.1736219510634449	0.23701214898529363	9.00671795678572
0.17362277809142254	0.24350634261504978	9.006636325055618
0.1788719418789576	0.22726371986889485	9.00713150549283
0.17887864542129583	0.2337622477495778	9.00697940740915
0.18406976774782616	0.21753021732872335	9.00764605837922
0.1841105290311262	0.22400954856685995	9.007421559553466
0.18922941172415528	0.2143430246025262	9.007961206687751
0.19435128067117163	0.21120056035986595	9.008277594461822
0.19946830077506347	0.20810339803841618	9.008596268260765
0.20497934103242044	0.2048874546114338	9.00893564871683
0.2084635043388079	0.1994924023609423	9.009359436788081
0.21139227419859327	0.19448615783307988	9.009769619916533
0.2143661526470247	0.189367134708968	9.01022516550728
0.21753383320538588	0.1841449121557141	9.010740559751104
0.22077922077850212	0.17888423916616528	9.011297124045624
0.22402597402582614	0.1736229380141742	9.011897206676023
0.22727272727278247	0.1683616368622317	9.012545253323468
0.23051948051956261	0.16310033571028823	9.013267274569758
0.2337662337662844	0.1578390345583416	9.014026394328637
0.23701298701300208	0.1525777334063995	9.014861872580111
0.24025974025973285	0.1473164322544626	9.015790079606107
0.24350649350647716	0.14205513110252685	9.01678193396985
0.24675324675323088	0.13679382995058909	9.017874205635023
0.24999999999998898	0.13153252879864782	9.01910815172573
0.25324675324674767	0.12627122764670343	9.02044396108924
0.25649350649350505	0.12100992649475711	9.021940388605104
0.25974025974026055	0.11574862534281018	9.023641452177253
0.2629870129870145	0.11048732419086349	9.025500153876592
0.2662337662337676	0.10522602303891705	9.027766644584133
0.26948051948052065	0.09996472188697099	9.030139645227303
0.2727272727272735	0.09470342073502502	9.033092841427594
0.27597402597402654	0.08944211958307936	9.036372078197674
0.2792207792207797	0.08418081843113358	9.040241443996763
0.2824675324675328	0.07891951727918783	9.045065661279345
0.285714285714286	0.07365821612724205	9.05057210833395
0.28896103896103925	0.06839691497529625	9.057273597549157
0.29220779220779247	0.0631356138233504	9.066065965370745
0.2954545454545458	0.05787431267140455	9.07644936165452
0.29870129870129913	0.05261301151945868	9.08961248530511
0.30194805194805235	0.04735171036751278	9.108326019745853
0.30519480519480563	0.0420904092155669	9.132100821467022
0.30844155844155885	0.036829108063621024	9.16230846049226
0.311688311688312	0.03156780691167514	9.210057912270473
0.31493506493506523	0.026306505759729287	9.3042990262775
0.3181818181818184	0.021045204607783433	9.500493818627179
0.32142857142857156	0.015783903455837578	9.500481819994762
0.32467532467532484	0.010522602303891718	9.442295588719928
0.03229858282466629	0.48948542288787805	9.64848410476276
0.03546809628269124	0.48428686870881615	9.630839758519853
0.0387226057507668	0.4791211962245748	9.447297535095794
0.04207993563454123	0.4739931266822415	9.293114190489321
0.04520221499114297	0.46880184620360926	9.209561839948284
0.048247212090824027	0.46367425633994924	9.163333267018915
0.05180837008640322	0.45817838586999043	9.12411918127612
0.05545818126913976	0.4529483086267826	9.100146117145036
0.05919853082946904	0.44779795062663413	9.08279683894906
0.062231770675560356	0.4428135309224193	9.068898055934412
0.06513492573894973	0.4375371776194761	9.057439333323998
0.06805601810963072	0.43157856412121043	9.047726044177383
0.07208066852576783	0.4261133993899149	9.041017472694138
0.07549886183565967	0.42109379137147046	9.035997830416859
0.07884779714717395	0.41197657830092194	9.028310260896975
0.07851230106908369	0.41715581922018663	9.032886285895879
0.08392409712702627	0.4025513491664059	9.022858717577934
0.08370790212858259	0.40900907617091187	9.027149949781743
0.08951031611906302	0.39307459543285833	9.018929632000658
0.08925289772248886	0.3994397943074322	9.022114103220828
0.09538246196588948	0.39001541625741487	9.018520130091611
0.09978970364977484	0.3797209049600325	9.015259015999396
0.09971439139368987	0.3858340425556484	9.01743093872358
0.10512600649384683	0.3701293753937498	9.013091276008746
0.10504058685522434	0.3764562507088624	9.014862882710714
0.11043866083803001	0.360418289796609	9.011367646360911
0.11042592219830426	0.3669334880688622	9.012830552577649
0.11568940883754492	0.3506684082682215	9.010006927039298
0.11568943633777043	0.3571751420588937	9.011182358889252
0.12094651823112569	0.3409584296703842	9.008943731715517
0.12092494381262044	0.34743767719946694	9.009891579127421
0.12625367335478146	0.33123076413557756	9.008109498310025
0.12622516592527747	0.3377517581890137	9.008886515500452
0.1315379606005276	0.32145632502133636	9.007455800247733
0.13154017914355048	0.3279800654051771	9.008090020630249
0.13679419473647256	0.3116960884560518	9.006958659322764
0.13680142071633675	0.3181961798686191	9.007471115204114
0.1420514780243476	0.3019542621888129	9.006597009736957
0.1420505693740643	0.3084502593091849	9.007007011127996
0.14731511166722888	0.2987112510946259	9.006674983117884
0.15258044194281944	0.2954667816671945	9.006755011170588
0.15257924337572001	0.2889673233852668	9.006458590750718
0.1578393604538977	0.27272822758535803	9.006178901696407
0.15783990643052645	0.2792231548343163	9.006347855531152
0.1578412422407433	0.28571981572929367	9.00656635659567
0.16310061525600877	0.2694810264416631	9.006336493884897
0.16836170826832264	0.2597402914624963	9.006420991992217
0.168361817945232	0.2662338441133126	9.00649785321266
0.17362295052014465	0.24999998778136232	9.006600133748236
0.17362296891371318	0.25649345417737224	9.00660903534005
0.1788823522762778	0.24025838309228545	9.006874344233134
0.17888392124508903	0.24675297892247064	9.006815169752544
0.1841285183201483	0.23050793616644313	9.007245387906929
0.18413768774284456	0.2370076971080274	9.007116735302814
0.18931639775794548	0.22077511870574915	9.007714576206105
0.18936440809595315	0.22724984530478023	9.007515547292831
0.19445965842829738	0.2176000806839603	9.00800788984841
0.1995550106133608	0.21447932801364022	9.008301656848504
0.20460153033919826	0.21142648641481618	9.008594424965493
0.20909926854510977	0.2093351042566452	9.008829776161853
0.21160056926779164	0.20489075413186236	9.009128282691941
0.2145764708048067	0.1997469777189498	9.009514688620442
0.21763807823510573	0.19460769605699832	9.009928318934799
0.2208181438135577	0.18938552666549027	9.010387582304352
0.224025974025407	0.18414554031851357	9.010895970681526
0.2272727272725988	0.17888423916620821	9.011442711374146
0.230519480519544	0.17362293801415696	9.012032455636984
0.2337662337663133	0.16836163686219552	9.012669835270058
0.23701298701301754	0.16310033571026114	9.01338083378581
0.24025974025972788	0.15783903455833478	9.014128746811139
0.2435064935064628	0.15257773340640887	9.014952852444432
0.24675324675321686	0.14731643225447832	9.015869596344587
0.24999999999997946	0.1420551311025409	9.016850008693636
0.25324675324674295	0.13679382995059758	9.017930951310545
0.2564935064935037	0.13153252879865068	9.019153741108362
0.2597402597402612	0.12627122764670265	9.020478669214034
0.26298701298701566	0.12100992649475517	9.021964612045208
0.26623376623376843	0.11574862534280832	9.023655589500182
0.26948051948052126	0.11048732419086212	9.025504702443355
0.2727272727272737	0.1052260230389161	9.02776245464784
0.2759740259740266	0.09996472188697064	9.030127345383152
0.27922077922077965	0.09470342073502501	9.03307294261513
0.28246753246753276	0.0894421195830793	9.036345232195893
0.28571428571428603	0.0841808184311336	9.040208461474819
0.2889610389610392	0.07891951727918789	9.045027239390722
0.2922077922077925	0.07365821612724209	9.050528998051007
0.2954545454545458	0.06839691497529628	9.057226683920854
0.29870129870129913	0.06313561382335038	9.066015913265609
0.30194805194805235	0.05787431267140448	9.076396896173778
0.30519480519480563	0.05261301151945859	9.089558622331213
0.30844155844155885	0.047351710367512706	9.10827137644466
0.31168831168831207	0.04209040921556683	9.132045932423841
0.31493506493506523	0.03682910806362097	9.162255095599107
0.3181818181818184	0.03156780691167515	9.210006690647726
0.3214285714285717	0.02630650575972929	9.304286051863054
0.3246753246753249	0.021045204607783443	9.500417961674051
0.32792207792207806	0.015783903455837592	9.500407518207139
0.3311688311688314	0.01052260230389173	9.442147322132273
0.03886431310430631	0.489544863035318	9.596973765030937
0.042061290041726845	0.4843236368921988	9.617081275448122
0.045309000894281186	0.47912770386933956	9.458372414797863
0.04853785215870275	0.47392547432022336	9.29932915162499
0.051708851680012775	0.46870918201786477	9.215364204616217
0.05491998078039301	0.46339658329348854	9.167518834490373
0.05844953340668158	0.45814248900740867	9.129543385283087
0.06194138050248164	0.45292419768174463	9.104526127750004
0.06526430667668211	0.4477365215074809	9.08621411904994
0.06839071663615802	0.4424835839995369	9.071170587818697
0.0714399912119229	0.43699241843660364	9.059116441470197
0.0748246657894062	0.4316060502144737	9.050408214763847
0.07822534614497849	0.4263675593885858	9.043445593933471
0.08148540676299802	0.4212526087263764	9.03790142083126
0.08444943167322477	0.41546803320285464	9.032786879174155
0.08888524171247804	0.40557534313558463	9.02584186364379
0.0884242436576485	0.41096848964444843	9.029752163485513
0.09468465764253932	0.3964949637912026	9.021454696595134
0.0943597798106331	0.4027065690658118	9.024938889384233
0.10077014262754985	0.3903838466967019	9.019458142094754
0.09911893329068845	0.394134087626249	9.020960177910146
0.105130531411809	0.38251952816863616	9.01687250208314
0.10521344550483827	0.3880159422316774	9.018999823962217
0.11033141661503659	0.3734850480634877	9.014559102855019
0.11000979827551523	0.379529204034447	9.016374143867822
0.11569544036586316	0.37022759903881575	9.014166503962448
0.11569123180212591	0.36366373015848813	9.012548529321384
0.12091536453408	0.35387998500236384	9.01098620328318
0.12092209497989619	0.3602547575529418	9.012240243458914
0.12613604306716547	0.34422786379904213	9.009776418714353
0.12615262288057352	0.3507150570190145	9.01081596175942
0.13153066509940498	0.3345350147302443	9.00882809854577
0.13150671225397834	0.3410988050045143	9.009681734642216
0.1368156611556305	0.32470461223629493	9.008067200303246
0.13683725793622492	0.3312445197688172	9.00876188996365
0.1420556032514818	0.31493810811877687	9.007486814157334
0.1420709444222352	0.3214364793247416	9.008045958868836
0.14731170400252444	0.3052106794859228	9.007057332419185
0.14730140152775284	0.3117050244771201	9.007505969071547
0.1525823875375349	0.30197178497638355	9.007110328238555
0.15785021794512696	0.29872519212833787	9.007165754963063
0.15784421788255407	0.292219711487188	9.006837597193835
0.16310102024328924	0.2759753769359875	9.006482582327207
0.16310199104772075	0.2824709242568621	9.006677258349349
0.16310453479275613	0.2889690225385733	9.006923227453298
0.1683620661185514	0.27272739090525494	9.00662094234132
0.17362301201032895	0.26298685821262374	9.006663187926
0.17362309797805509	0.26948026158141797	9.006763220036953
0.17888424187502724	0.253246711114018	9.006801300169371
0.17888315128766555	0.25973832446201234	9.006832590718625
0.18414198416130736	0.24350406746049444	9.007034463974906
0.18414269049784213	0.24999770789829667	9.006997709122333
0.18938467661376576	0.23375036241079883	9.007363380900673
0.18939525819524652	0.24025180197207271	9.007257942573403
0.19455441270293547	0.22402360164231805	9.007787737967421
0.1946126622723491	0.2304923107329867	9.007613789470058
0.19968226875366102	0.2208494297362433	9.008060617644668
0.20474892387665822	0.21771775268201643	9.00833422802434
0.20968537407577267	0.21464237488816287	9.008606218372412
0.2146351944889644	0.21083317582713432	9.008914907537887
0.21780308752010194	0.2051113674555126	9.009286392663975
0.22091497134146582	0.19985581421606852	9.009674362211081
0.22407879029368466	0.1946374004797205	9.010087314048839
0.2272805193693738	0.1894023026786832	9.010539189581719
0.23051948051979368	0.18414554031820163	9.01104037531288
0.23376623376634476	0.17888423916604912	9.011577561699722
0.23701298701300455	0.17362293801410023	9.012157387150289
0.24025974025971072	0.16836163686218764	9.012784591999862
0.24350649350643658	0.163100335710282	9.01348514052571
0.24675324675319135	0.15783903455836568	9.014222481891219
0.24999999999996206	0.15257773340643555	9.015035917500272
0.25324675324673457	0.147316432254494	9.015941960482964
0.2564935064935018	0.1420551311025457	9.01691174087786
0.25974025974026266	0.13679382995059555	9.017982204529195
0.26298701298701765	0.1315325287986466	9.019194716775083
0.2662337662337699	0.12627122764669896	9.020509661543668
0.26948051948052226	0.12100992649475256	9.021986029698041
0.27272727272727404	0.11574862534280658	9.023667794250601
0.2759740259740268	0.1104873241908615	9.025508241096581
0.27922077922077965	0.10522602303891608	9.027758171595321
0.2824675324675325	0.09996472188697048	9.030115648991456
0.28571428571428564	0.0947034207350249	9.033054410472799
0.28896103896103903	0.08944211958307936	9.036320467115516
0.2922077922077924	0.08418081843113367	9.040178208378228
0.2954545454545458	0.07891951727918795	9.044992133394862
0.29870129870129913	0.07365821612724209	9.050489726914627
0.3019480519480524	0.0683969149752962	9.057184057308989
0.30519480519480563	0.06313561382335027	9.065970528767226
0.30844155844155885	0.05787431267140437	9.076349416925153
0.311688311688312	0.052613011519458484	9.089509971291447
0.31493506493506523	0.04735171036751262	9.108222202895831
0.3181818181818184	0.04209040921556678	9.131996425381324
0.3214285714285716	0.03682910806362098	9.162208863798861
0.32467532467532484	0.03156780691167516	9.20995700676675
0.3279220779220781	0.02630650575972932	9.304280613181918
0.3311688311688314	0.021045204607783464	9.500346407789785
0.33441558441558455	0.01578390345583761	9.500337758864498
0.33766233766233794	0.010522602303891739	9.442006892451994
0.045388237048835295	0.4895459294180906	9.5585805323076
0.04860909202913777	0.4843172185998628	9.595805591382783
0.051838181618423795	0.47909200440268523	9.461047313400757
0.05505846860816652	0.47385810353953567	9.30054546825889
0.0582905012585563	0.4686001743684581	9.216925972050037
0.061602876593396035	0.4633326439501131	9.170369415476392
0.06497594424161081	0.4580819621266559	9.132374540671698
0.06830616115203227	0.45284047088843793	9.107078265212863
0.07154909636750259	0.4475780819357869	9.08830347365385
0.07472670127882841	0.44224593851677924	9.07291194023338
0.07797045636319799	0.43690587523461577	9.061147942506315
0.0812671377996416	0.4316176290554197	9.05234777452945
0.0845123561927514	0.426374847512826	9.045113007764273
0.08771414366229008	0.4210556016623347	9.039151930447867
0.09116950999968704	0.41560322464627364	9.034313819997779
0.09426715905640605	0.40950839576791187	9.02967952554505
0.09887919873069059	0.4056040286818623	9.027591495119754
0.10046657425825467	0.3995996795701661	9.024029411775416
0.10445568088771737	0.3940498364026854	9.021630811474
0.10903654604920472	0.39069127963780975	9.020600776541446
0.11076376950837336	0.38553999498119407	9.018651866120846
0.11332596482891982	0.38163574029509767	9.01747608714338
0.11578866368427432	0.3775713323021403	9.01630935314548
0.12114845291660241	0.37265439497306396	9.015325209431866
0.12108114103875363	0.3665661338217586	9.013699552910767
0.12603686436284206	0.35706020655897897	9.011976731199033
0.12611221623219598	0.3631787486037579	9.013289229731614
0.1315714717325734	0.3477691797863017	9.010697194526285
0.13132517311768888	0.35396839670684993	9.011754649323104
0.13678358521488027	0.33780988325946126	9.00956178677856
0.13685269035624692	0.3444493546473781	9.010505169093458
0.14210655318488108	0.3279155172506164	9.008692303100217
0.14215077526476605	0.33441839779491733	9.00944035891421
0.14731972472131122	0.3182006690250061	9.008029932824849
0.1473361132443359	0.3246930204273378	9.008637051808073
0.15258129406044368	0.3084836551797214	9.007530119148294
0.15257233811117663	0.3150058224570001	9.008021217600229
0.15786068814690915	0.30523965029633154	9.007556129980111
0.16312379592948192	0.3019826651174555	9.00758483499047
0.16311073531928455	0.29547216823485195	9.007224160087398
0.16836248928789282	0.27922121888171697	9.00679177325044
0.1683631861159529	0.2857165940408344	9.007012568745866
0.16836620431702765	0.29221513724120873	9.007286388830233
0.1736233984440424	0.2759726142881043	9.006910297635647
0.17888261402291264	0.26622999140354464	9.006909484751368
0.1788817138865126	0.27271953570987845	9.007032801588759
0.1841414717777913	0.2564889880274076	9.007006154695496
0.18413966996193024	0.2629783062616907	9.007059906253575
0.18939824771415623	0.24674816746811415	9.007198303673137
0.18939648265743578	0.2532393851766645	9.007183869012842
0.19463695395839484	0.23699287740873745	9.007485409253936
0.1946474740724238	0.2434952335543925	9.00740296011711
0.19978882071169313	0.22726874202435118	9.007865959142526
0.19985206193735794	0.23373906693767676	9.007716207398813
0.20492160889859654	0.22407511977388986	9.008120249349288
0.21003152696502353	0.22087538616704022	9.008378134686213
0.21503164967736665	0.21771215032302613	9.008634652485453
0.21942584703933204	0.21493814687030088	9.008867587979053
0.22103019115317613	0.21022756893425948	9.00911550056105
0.22418046478196713	0.20508707986359218	9.009451963705041
0.22734785594146187	0.19988182699270798	9.009830884962291
0.23052962443989572	0.19466101021308463	9.010236294339153
0.23376686889208306	0.1894063225748547	9.01068176486878
0.23701298701341053	0.18414554031768818	9.011174498938322
0.24025974025966643	0.17888423916593502	9.011702487867131
0.2435064935063473	0.17362293801411632	9.012272834760038
0.24675324675314148	0.16836163686224892	9.012890367807424
0.24999999999993058	0.1631003357103331	9.01358103980355
0.25324675324671997	0.1578390345583948	9.014308435762262
0.25649350649349895	0.1525777334064435	9.015111883186977
0.2597402597402663	0.14731643225448887	9.016007955013224
0.2629870129870221	0.14205513110253717	9.016967870609953
0.2662337662337723	0.13679382995058828	9.018028652106905
0.2694805194805238	0.13153252879864163	9.019231702580528
0.27272727272727443	0.12627122764669607	9.020537494527359
0.27597402597402687	0.12100992649475163	9.022005116564877
0.27922077922077954	0.11574862534280683	9.023678460892931
0.28246753246753226	0.1104873241908616	9.025511119308971
0.2857142857142852	0.10522602303891622	9.027753977755934
0.2889610389610385	0.09996472188697064	9.030104706237042
0.2922077922077921	0.09470342073502515	9.03303730288813
0.2954545454545457	0.08944211958307953	9.036297762591966
0.2987012987012992	0.08418081843113367	9.040150591497765
0.30194805194805246	0.07891951727918779	9.044960181406546
0.30519480519480563	0.07365821612724184	9.050454069948797
0.30844155844155885	0.06839691497529593	9.05714543800069
0.311688311688312	0.06313561382335005	9.065929484038442
0.3149350649350651	0.05787431267140425	9.076306551803869
0.3181818181818183	0.052613011519458436	9.089466157179091
0.32142857142857156	0.04735171036751266	9.108178043485351
0.32467532467532484	0.042090409215566844	9.13195191993441
0.32792207792207806	0.03682910806362104	9.162168656945527
0.33116883116883133	0.03156780691167521	9.209910676211235
0.3344155844155846	0.02630650575972935	9.304280790592893
0.3441558441558444	0.010522602303891739	9.441874477314029
0.3376623376623379	0.021045204607783488	9.500277329968808
0.3409090909090911	0.015783903455837613	9.50027163973065
0.05190649526908845	0.48953108949727064	9.534476196744938
0.05513453741908456	0.48429076497303375	9.575588328568216
0.05836522124437232	0.47904607196882676	9.46083343438629
0.061600999838788084	0.4737922820222063	9.299358606375849
0.06485874819437479	0.46853008325291023	9.216804641507288
0.06814773708040457	0.4632687728094955	9.17124899677244
0.0714411910877824	0.45800945939412685	9.13369939872323
0.0746928683976372	0.45273039392685843	9.108423612559745
0.07793889246753366	0.4474485636954285	9.089648956154642
0.08117803333532236	0.44214511376001353	9.074361995902839
0.08443770416359364	0.43687220588084974	9.062666792642387
0.08770489631440657	0.4316074611892054	9.053781679835835
0.09095287196738903	0.4263250467992947	9.0463761222558
0.09418643278778244	0.4209979225743871	9.040306680656451
0.0973736869062912	0.41560312362201085	9.035367162447843
0.10077845257741391	0.410497991579391	9.03148305297381
0.10417379000943727	0.40524376795254496	9.02809325922883
0.10724385026011035	0.3999308083743935	9.025095815549065
0.11053667150371133	0.3951811944418954	9.022932677102075
0.11421316284138328	0.3906694301315964	9.021126042867776
0.11717815221160317	0.3840824499505853	9.018733865783576
0.12177210341018962	0.37888651351122954	9.017275706746432
0.12569262582188565	0.37501419546484277	9.01639096723944
0.12696397622492092	0.36939049194043383	9.014886263761165
0.13098363672706073	0.359928214845008	9.012923708733064
0.13073429115591806	0.3648797973868721	9.014034595893385
0.13520901369212124	0.3573403832205293	9.012664008623073
0.1374629259506518	0.35167958095076035	9.011732784876067
0.14219879378996902	0.3407818169294609	9.01028360897363
0.1425093995597145	0.3470001232734629	9.011244157512719
0.1474500939949374	0.3374225153738124	9.01011150871006
0.14740116082538496	0.33107243689819266	9.009324417588447
0.15259946568567517	0.3214989591659046	9.008590552529112
0.15251883062652782	0.3280340608995653	9.00924320379241
0.1578981555443341	0.31178522748750487	9.008017375275296
0.157884467004632	0.31838493977193616	9.008557761567259
0.16317466075602685	0.30851312248429125	9.008012580265733
0.16841229105549138	0.3052639485163001	9.008013283984647
0.16837574446741463	0.2987218293407583	9.007617544403162
0.17362417030613106	0.28246218585710975	9.00710613323519
0.17362583984812643	0.2889533489975492	9.007353244739752
0.17362766808542213	0.29545063723559895	9.007655105405313
0.17888089727183046	0.2792048653576998	9.007203880509245
0.18413797827541842	0.26946591003967174	9.007159600409594
0.18413532011600708	0.27595033297672084	9.007306246645662
0.18939334165761798	0.25972687744089434	9.007214593774235
0.18939060707174007	0.26621167268994544	9.007290812960314
0.19464775729625472	0.24999078622042414	9.007365790942407
0.19464412862283967	0.25647767582919395	9.007373571522793
0.19988294057404296	0.24023919199530538	9.00761142971477
0.19989254553401278	0.24674506411767883	9.00755175334964
0.20503717357542944	0.2305018508992604	9.007949874873553
0.20509336317672125	0.23698814352841094	9.007823254211372
0.21019557769520136	0.22728812016439112	9.008186447538735
0.21544107979645089	0.22403290801717668	9.008430714804378
0.22115378289915522	0.22077290325405982	9.008690453964578
0.22453065960968877	0.21528786995538202	9.00898700599272
0.22744030650823413	0.21028681229862511	9.009274310654659
0.23060848089057942	0.2051302257530232	9.009604792727673
0.23377628258363586	0.19991874420382183	9.009976395154146
0.237012820131196	0.1946663959787547	9.010377087729175
0.24025965008781938	0.18940636787847429	9.010814880753118
0.24350622598286634	0.1841455112956085	9.011299049799106
0.24675320238272513	0.1788842378665507	9.011818241259057
0.24999999999986314	0.17362293801423254	9.012379567969226
0.2532467532466934	0.16836163686230354	9.012987939084057
0.25649350649349517	0.16310033571034638	9.01366930316766
0.2597402597402742	0.15783903455838288	9.014387365759118
0.26298701298703103	0.15257773340642586	9.01518148195376
0.2662337662337771	0.14731643225447474	9.016068277433094
0.2694805194805268	0.14205513110252763	9.017019051642466
0.2727272727272744	0.13679382995058292	9.01807089522425
0.2759740259740267	0.13153252879864022	9.019265239927812
0.27922077922077926	0.12627122764669668	9.020562645859686
0.2824675324675317	0.12100992649475222	9.02202227087629
0.28571428571428464	0.1157486253428075	9.023687927830663
0.2889610389610379	0.11048732419086231	9.025513593359692
0.29220779220779153	0.10522602303891676	9.027750018202603
0.29545454545454536	0.09996472188697102	9.03009462269439
0.29870129870129913	0.09470342073502519	9.033021652846225
0.3019480519480526	0.08944211958307928	9.036277079356664
0.30519480519480574	0.08418081843113323	9.040125506109797
0.3084415584415589	0.07891951727918727	9.044931218247378
0.31168831168831196	0.07365821612724138	9.050421807100989
0.3149350649350651	0.06839691497529556	9.057110557690722
0.3181818181818182	0.06313561382334994	9.065892465657242
0.32142857142857145	0.057874312671404256	9.076267955974584
0.32467532467532473	0.0526130115194585	9.089426812713528
0.327922077922078	0.04735171036751273	9.10813843040596
0.33116883116883133	0.04209040921556692	9.131912256577793
0.33441558441558455	0.0368291080636211	9.162133404357759
0.3376623376623379	0.03156780691167524	9.209872170083456
0.3409090909090911	0.02630650575972936	9.304282276362583
0.3506493506493508	0.010522602303891739	9.441749762465681
0.3474025974025976	0.015783903455837613	9.500207681411608
0.3441558441558444	0.021045204607783488	9.500207392310353
0.05841523806172899	0.48951168026824693	9.519775774811064
0.06165075236280614	0.48426118146503194	9.558227097110063
0.0648890344880068	0.47900537675124905	9.459811447169484
0.06813369002589122	0.47374450579088717	9.297462948164009
0.07138858237172076	0.4684817925919662	9.215823103517613
0.07465318861544626	0.46322016385937975	9.171164748861697
0.0779086559070288	0.45794732718733616	9.134136299281778
0.0811603968987995	0.4526731064184049	9.10921177666893
0.08441446840253931	0.4473888508239222	9.090588552874562
0.08766233766233751	0.4421256873285954	9.075465906033406
0.09091338661725432	0.4368638614311145	9.063776381234584
0.09417598870555438	0.4315962816768117	9.054840363682203
0.09742341414154936	0.42631816618020396	9.047383339656712
0.10064874368530517	0.4210373131412346	9.041299153957434
0.10386290114468899	0.4158180429781141	9.036456676259903
0.10721137955525634	0.4105275798148291	9.032317698011314
0.11046328467489785	0.40530251969462805	9.028879722479282
0.11362381991958634	0.40014871338958896	9.025919897401034
0.11700069627678084	0.39516707256836553	9.023570152613742
0.12034101112996984	0.3898693858298371	9.021352304221727
0.12404239007811187	0.3844047526030025	9.01945181671037
0.12769500372478942	0.37941208310430774	9.01792368236877
0.13068330456453525	0.3743785921737028	9.016573742974101
0.1335618060255757	0.3690826395469995	9.015269651723377
0.13648426180159817	0.36314175659305953	9.014006961117104
0.14043848128333003	0.35772074796224246	9.01306764706807
0.14398609161060585	0.35269481263123326	9.01229993252979
0.14744621834926905	0.34359062722773315	9.010985193981433
0.14711223705935936	0.34880300309270473	9.01179867650089
0.15268753755160708	0.3403624455660004	9.01077902266534
0.15283982018349623	0.334309625118135	9.009988926103846
0.15781940333225514	0.3247415887755791	9.009151875447074
0.1576486856127921	0.3308893965373284	9.00980882997118
0.1633159940961126	0.3150844296947505	9.008519178940224
0.16375799246718598	0.32201201136519514	9.009148442040837
0.16861881027282966	0.31176468139805086	9.008482098648111
0.17371993304748107	0.3084635440964774	9.008444414249736
0.17362293801332612	0.30194805194825053	9.008014903910523
0.17888391557489483	0.28568464193274556	9.007424760432345
0.17889220556566554	0.29213527941124945	9.007697098677367
0.1789303831538738	0.2985183434830954	9.008022058103299
0.18413228150193897	0.2824300426095238	9.007501483611676
0.18938822277180753	0.27269359864752957	9.007413267335055
0.18938326596887722	0.2791752626073968	9.007583440527624
0.19463955686516501	0.2629604996695926	9.007426606095487
0.1946361667218975	0.26943880063591247	9.007525126923637
0.19988890495656897	0.2532380377025616	9.007536884380388
0.19989076847585857	0.259709604563928	9.007567039252693
0.20512668361854322	0.24349701376032828	9.007741622436832
0.20513112185505702	0.25001242000199037	9.007704391862413
0.2102799042130139	0.23374674584368085	9.008038307426714
0.21034222386743076	0.24024792777386503	9.007935109848392
0.2154542374706335	0.2305060222770439	9.00825744104578
0.22060907237112554	0.22725844527064515	9.008479789642069
0.22521305170934452	0.2252841846548125	9.008656844380793
0.2278251200907781	0.22089661768707555	9.008857392516562
0.23081709484936253	0.2156244290703625	9.00912895945311
0.2338901246081806	0.2104112364420684	9.009421559430308
0.2370445896422427	0.20518119774974597	9.009747739461737
0.24026039569101512	0.19992804727798819	9.010115153619696
0.2435063854061971	0.19466764125328218	9.01050887038958
0.24675304856747016	0.1894066703577497	9.010938757977733
0.24999978963540256	0.1841455252502983	9.011414731620045
0.2532467267911075	0.17888423839136988	9.011925535081017
0.25649350649348784	0.17362293801425752	9.012478303942173
0.25974025974028997	0.16836163686227737	9.01307802135434
0.26298701298704824	0.16310033571031035	9.01375063497842
0.2662337662337866	0.15783903455835513	9.01445995723686
0.2694805194805333	0.15257773340640637	9.01524537114605
0.2727272727272735	0.14731643225446506	9.016123548659115
0.2759740259740258	0.1420551311025256	9.01706586112457
0.2792207792207782	0.13679382995058442	9.018109459885828
0.28246753246753037	0.13153252879864152	9.019295798724526
0.28571428571428337	0.12627122764669815	9.020585524324574
0.2889610389610368	0.12100992649475383	9.022037829440423
0.29220779220779086	0.11574862534280878	9.023696486287522
0.2954545454545451	0.11048732419086303	9.025515865206208
0.2987012987012991	0.10522602303891689	9.02774639748644
0.3019480519480527	0.09996472188697064	9.030085468285025
0.30519480519480596	0.09470342073502447	9.033007469408588
0.308441558441559	0.08944211958307839	9.036258363011648
0.311688311688312	0.08418081843113251	9.040102839695392
0.31493506493506485	0.07891951727918685	9.044905077987314
0.318181818181818	0.0736582161272412	9.050392724035149
0.3214285714285712	0.06839691497529563	9.057079157628872
0.3246753246753245	0.0631356138233501	9.065859176010953
0.32792207792207784	0.057874312671404374	9.07623330482947
0.33116883116883117	0.05261301151945861	9.089391563469421
0.3344155844155845	0.04735171036751281	9.10810295601383
0.3376623376623378	0.04209040921556697	9.131877153264247
0.3409090909090911	0.03682910806362111	9.162101862688168
0.3441558441558444	0.03156780691167524	9.209847686919495
0.3474025974025976	0.02630650575972936	9.30428821584762
0.35714285714285726	0.010522602303891739	9.441631937486749
0.35389610389610404	0.015783903455837613	9.50014401726668
0.3506493506493508	0.021045204607783488	9.500133623754722
0.06491985874974018	0.48949439003575135	9.509879779985882
0.06816063601233001	0.4842375884333951	9.543719682392629
0.07140382999369374	0.4789781352140405	9.458897265176347
0.07465036388980288	0.4737167129770569	9.295521703496723
0.07790091673849488	0.46845489313976135	9.214552714512452
0.08115454723093314	0.46319187459630123	9.17061383886647
0.08440713111113048	0.45792620700808967	9.134192207787391
0.0876580682203655	0.4526548042091018	9.109608327527114
0.09090794196911405	0.44738877713084596	9.091229416217002
0.09415659470148392	0.4421256509406098	9.076197586136514
0.09740593325017206	0.4368630199009982	9.06454223795386
0.10066006427847894	0.431600180723741	9.055617859363382
0.10391839088403469	0.42635228354870613	9.048187578747536
0.1071426457938724	0.4211161096078878	9.042118044648404
0.11039719589316814	0.41582590842103323	9.037163601711441
0.11365627274976231	0.41057843176069847	9.03301652110102
0.11687062568030408	0.40538581504060556	9.029552016226534
0.1200381571788413	0.40016202458224764	9.026509690891347
0.12343169713725373	0.39496080575511544	9.024014188279262
0.12690467750615728	0.3897030459301831	9.021806064906352
0.13037071147212156	0.38447904293697194	9.019948945295859
0.1336398948185494	0.379310482180866	9.018305962577086
0.13673515165615183	0.3740682322937788	9.016883927315265
0.13978535465865846	0.3686375070165345	9.015546123797977
0.14305905201021402	0.3632765301254701	9.014432724007925
0.14651423137543204	0.3580366843209031	9.013480202484631
0.14987954432341918	0.352928502483358	9.01265857385013
0.1528138330999402	0.3471509466967918	9.01181700861457
0.15727539900349297	0.34303519800543536	9.011395415165609
0.15875810738450016	0.3373987630313488	9.010662902941291
0.16281058943646406	0.3279835145969449	9.009718065306997
0.1626288876930505	0.3327883195629823	9.010263881516785
0.16863855485436346	0.31802602615316244	9.00899557502885
0.16706091463491052	0.3261569790707815	9.009707020623956
0.1690120033941656	0.3228448872459111	9.00945123615821
0.17445846955356248	0.31522959963704716	9.00898939609831
0.17941947775944178	0.3105664548607241	9.008816547812176
0.17908248652744221	0.30457649822278654	9.008389310880132
0.18413078419812068	0.28887667887877516	9.007746505655705
0.18414014633229248	0.2952788766979348	9.008043081869763
0.1842431586712161	0.3015298481771722	9.008388558568528
0.18935947830761535	0.28564100471586024	9.00780203352389
0.19463758287571484	0.2759119559315181	9.007670538359163
0.1946333651976524	0.28239920980581845	9.007864525841164
0.1998786995613966	0.2661966835557881	9.007642029441937
0.1998770300962991	0.2726559116406704	9.007762881906055
0.2051128834063831	0.25649522395355245	9.007711544432473
0.2051256914825216	0.2629752657979294	9.007764118049328
0.21037842219442174	0.24678337291110986	9.00787628953578
0.21036962811407367	0.2533218593302463	9.007861331430755
0.21553858179030777	0.2369701651124022	9.008132708
0.21561815262006487	0.24352302629649183	9.008052227104772
0.22066120895770158	0.23373974925396734	9.00833222947845
0.22567113443424458	0.2306434316500888	9.008530588677571
0.2308897077574189	0.22692846294453692	9.00875233641473
0.23410862002368035	0.22108379311725757	9.009003012302715
0.2371657458022036	0.2157502208391058	9.009271486467297
0.24031139299840626	0.2104704419895479	9.009561639838035
0.24352545455665073	0.20519440228599162	9.00988429739545
0.2467542259618912	0.1999297720846307	9.01024536699684
0.24999987967533333	0.1946681520339825	9.010631761589176
0.25324660654342973	0.1894068166336006	9.011054047662446
0.2564934062195164	0.1841455348975295	9.01152219487899
0.259740249359477	0.17888423886212626	9.012025030242347
0.2629870129870809	0.17362293801418513	9.012569705795032
0.26623376623380374	0.16836163686222305	9.013161271268801
0.269480519480544	0.16310033571027052	9.01382567668582
0.27272727272727193	0.15783903455833748	9.014526829478983
0.27597402597402415	0.15257773340640468	9.01530414015471
0.2792207792207758	0.1473164322544685	9.016174321122916
0.2824675324675275	0.1420551311025284	9.017108808380447
0.28571428571428054	0.13679382995058748	9.018144806342976
0.2889610389610344	0.1315325287986447	9.019323786657536
0.29220779220778936	0.12627122764670065	9.020606479764327
0.2954545454545445	0.12100992649475524	9.022052078145705
0.29870129870129924	0.1157486253428089	9.023704386159082
0.30194805194805313	0.11048732419086212	9.025518088332136
0.3051948051948064	0.10522602303891539	9.027743216170963
0.3084415584415593	0.09996472188696903	9.030077283969336
0.31168831168831224	0.09470342073502319	9.032994740452468
0.31493506493506457	0.08944211958307768	9.036241546857298
0.3181818181818175	0.0841808184311321	9.040082474566312
0.3214285714285708	0.07891951727918693	9.044881595728397
0.3246753246753241	0.07365821612724142	9.050366612252928
0.32792207792207756	0.06839691497529593	9.057050988757169
0.33116883116883095	0.06313561382335031	9.065829333312807
0.33441558441558433	0.057874312671404526	9.07620227853282
0.3376623376623377	0.05261301151945869	9.089360023511817
0.34090909090909105	0.04735171036751286	9.108071193815642
0.3441558441558443	0.042090409215566976	9.13184583480559
0.3474025974025976	0.03682910806362111	9.16207203955362
0.3506493506493508	0.03156780691167524	9.209833414952833
0.35389610389610404	0.026306505759729357	9.304303987497667
0.36363636363636376	0.01052260230389174	9.441520325042442
0.36038961038961054	0.015783903455837613	9.500078972687708
0.35714285714285726	0.021045204607783488	9.500056762518776
0.0714204167120765	0.489483429479425	9.502187515635036
0.07466490086301414	0.4842234566689549	9.531494671352627
0.07791039389352493	0.4789634418302396	9.458257605713788
0.0811569994072907	0.4737031841323227	9.29372522037544
0.08440580998197933	0.46844229189765385	9.213191005621423
0.08765720910366558	0.46317742863651645	9.169827326363203
0.09090582020952882	0.4579149173318349	9.133909859274086
0.09415439688065397	0.452650540828972	9.109678345522504
0.09740253265519783	0.4473870911785921	9.091514537556002
0.10064984760475201	0.44212562039652925	9.076615097493608
0.10389963205039192	0.43686454830401317	9.06503607599379
0.10714907139466291	0.4316069730294234	9.056158982454901
0.11038950530391407	0.4263516465616286	9.048732972738579
0.11363636363636342	0.42108048272081205	9.042627504709204
0.11688219033598303	0.4158335914970556	9.037710784486068
0.12011314110938115	0.4105951650853931	9.033551863732098
0.12334230543801968	0.405365291685825	9.030043355895431
0.12657713743984286	0.4001198155022288	9.026975030671984
0.12995517645738852	0.39488377002106967	9.024442081874502
0.13332179422359206	0.38963984854222095	9.022212426767128
0.13663702592315288	0.38441275466983305	9.020326670602499
0.13985593923496803	0.3791707657410117	9.018642359007393
0.14303587013774383	0.3738843383373798	9.017199849253023
0.14624517002044865	0.36857381533700845	9.01589318825736
0.14947916135121703	0.36329876540073386	9.014782462847455
0.1527940327482673	0.35807794813674454	9.013809736179526
0.15605684004691028	0.35280762002177035	9.012940275988269
0.15952451734760417	0.34768434747448707	9.012220911639007
0.16266307552026862	0.3425687455409272	9.011570502154582
0.16550063359575992	0.33726555093075083	9.010940961576061
0.1679062162877506	0.3312804990914882	9.01031010256745
0.17318254592210908	0.3213608166029908	9.00947693929337
0.17181777158898645	0.32666398305436817	9.009955233891574
0.17776709533151352	0.31978868086532675	9.009509525559041
0.18060519330506847	0.3159347895914961	9.00927739154865
0.1838630760785276	0.3127654991953574	9.009145291069954
0.18494671890832715	0.3076018865332265	9.00880419432633
0.1893766779063167	0.2920902279053372	9.008073723566033
0.18926561176692103	0.29834423663533693	9.008385301859471
0.1891215827182955	0.30367084783277215	9.008690668891886
0.19463526310207227	0.28892598166585015	9.008111456156373
0.19990317714694805	0.2791065082959588	9.0079310251138
0.1999154659953815	0.2856445961376493	9.008151223481804
0.2051024488601508	0.2694400090039912	9.007861007491895
0.20510225548507716	0.275841041660443	9.008002381120624
0.21036357699022082	0.2598513998516098	9.007891765542782
0.2103631107103274	0.26632867456509196	9.00796687477668
0.21565973292518037	0.25012231290098835	9.008016146714125
0.21567192682266126	0.25677034327086506	9.008024945419175
0.2208058041141221	0.24020779170862872	9.0082319140327
0.22098063944494728	0.2468093158292908	9.008176035529333
0.2258952322402219	0.23700407812148963	9.00841232606773
0.23096273799349964	0.23384933148689854	9.00859468579987
0.23551879937793027	0.23102318148659043	9.008765881007701
0.2375317380356846	0.226280874875214	9.008926936546741
0.24046562444805955	0.2210150330617282	9.00914989054442
0.24358840799712703	0.21573845363589605	9.009411970939121
0.2467863071198424	0.21046317072742574	9.00969684597604
0.25001014841377794	0.2051939091509675	9.010012768330684
0.2532478910982231	0.1999299036565631	9.010367030051883
0.2564934706604054	0.1946681832440338	9.010746348000353
0.259740175068318	0.18940683818611895	9.011161355324047
0.2629869755828147	0.18414553865877994	9.011622055310566
0.2662337629008575	0.17888423906844572	9.01211734526636
0.2694805194805591	0.17362293801410963	9.012654387037799
0.27272727272726727	0.16836163686219097	9.013238291077776
0.2759740259740203	0.1631003357102714	9.013895011964633
0.2792207792207711	0.1578390345583453	9.014588541683269
0.2824675324675218	0.1525777334064107	9.015358317202548
0.28571428571427493	0.14731643225447447	9.01622108620616
0.2889610389610295	0.1420551311025346	9.01714834285737
0.29220779220778614	0.1367938299505924	9.01817733728298
0.29545454545454325	0.13153252879864755	9.019349557519893
0.2987012987012995	0.12627122764670098	9.020625810354458
0.3019480519480541	0.12100992649475346	9.022065260554244
0.3051948051948073	0.11574862534280587	9.023711831812603
0.30844155844155985	0.11048732419085884	9.025520374125234
0.31168831168831257	0.10522602303891283	9.027740556048208
0.3149350649350641	0.09996472188696776	9.030070091310124
0.3181818181818169	0.09470342073502258	9.032983438633666
0.32142857142857	0.08944211958307767	9.036226555285923
0.3246753246753235	0.08418081843113263	9.04006429008435
0.32792207792207706	0.07891951727918735	9.044860608907046
0.3311688311688307	0.07365821612724183	9.050343269415388
0.3344155844155842	0.0683969149752962	9.057025812300848
0.3376623376623376	0.06313561382335045	9.065802664536358
0.3409090909090909	0.0578743126714046	9.076174551719594
0.34415584415584416	0.05261301151945874	9.089331807231646
0.34740259740259755	0.047351710367512866	9.108042722112609
0.3506493506493508	0.04209040921556698	9.13181772031628
0.35389610389610404	0.03682910806362111	9.162043442047986
0.3701298701298703	0.01052260230389174	9.441414922733344
0.35714285714285726	0.03156780691167524	9.209824291337187
0.36038961038961054	0.02630650575972936	9.304331249477018
0.36688311688311703	0.01578390345583762	9.50001127370968
0.36363636363636376	0.02104520460778349	9.499977473110071
0.07791841401281292	0.48947894207350334	9.495481729543826
0.08116457739374804	0.4842178573232772	9.521015342113103
0.08441108307867157	0.4789572475445116	9.457788383482395
0.08765789127285696	0.473696790768311	9.292054254856332
0.09090557799085035	0.46843552629800417	9.211803376001173
0.09415371620671144	0.4631735080199986	9.168946758125157
0.09740158061445998	0.4579110749103595	9.13343243905898
0.10064922392788149	0.45264847156145294	9.109505155007717
0.10389609709095356	0.447387012497229	9.091559992634522
0.10714287623116005	0.44212575380120606	9.076805161193922
0.1103904215691763	0.4368651423405956	9.065320236555635
0.11363751637187519	0.43160556434926356	9.056500194845535
0.11688311688311659	0.4263417838727579	9.049101394256011
0.12012585248673889	0.4210860431847341	9.043035925006103
0.12336612893423148	0.41583596860024513	9.038123204545956
0.12660483650662874	0.4105890181232857	9.03395890326662
0.12984993471311995	0.40533991178118883	9.030434105643598
0.13312495643825623	0.40008623327278725	9.027357204385227
0.13642233730058234	0.3948287581333543	9.024798630938717
0.13970967522525182	0.38957610825157807	9.022552143334224
0.14296007747280842	0.3843215155452152	9.020643342662781
0.14620640388851	0.3790756395262034	9.018951137021814
0.1494366494411933	0.37380771879477476	9.017508244174737
0.15267493252366515	0.3685380323471576	9.016203837434666
0.15591247360418525	0.3632768325308585	9.01508559902092
0.15920669670131596	0.3580346777553942	9.01409747556235
0.16249764579204964	0.35280907521106797	9.01322766528857
0.1657184935332554	0.3475842351516093	9.012470521572416
0.16881898612655308	0.34235670755811576	9.011795430680836
0.17174653015515198	0.33695178848149615	9.01115289131262
0.17477063344468496	0.33162268866716915	9.010619780172364
0.17777950441434598	0.325609531445338	9.010074481029058
0.1823864848695757	0.3214072453368075	9.009830303128156
0.18590720783678163	0.31671686703608004	9.009530701765371
0.18859653248739033	0.3121275141083137	9.009262898898669
0.19000790643759882	0.30801778940056274	9.00900726220107
0.19313874963411437	0.3059929672408818	9.008971243588887
0.19472688731834945	0.29546991353053265	9.008417330491731
0.1942475246480183	0.301596845052074	9.008736675499803
0.2000720566252681	0.2923273767692972	9.008434741988568
0.2053556334803523	0.2882239681604255	9.008419817044865
0.20524205232328982	0.28217099034850146	9.008193659218312
0.2102676702035076	0.2726425315478754	9.008079890033661
0.2102697557596448	0.2789457062958257	9.008242126525502
0.21574675481477834	0.263438436203464	9.008084085684176
0.21557252191078502	0.269624404985682	9.008169375082943
0.22093289478222722	0.25352903738364063	9.008160497941441
0.22103827696739403	0.26024831200904597	9.008196392088777
0.22614984060742535	0.24344345163955386	9.008337832007014
0.22635503728946965	0.24989466609685754	9.008305648141958
0.231328552642131	0.2401462081103406	9.008504217785527
0.23709777394741527	0.23671467477347086	9.00868969246752
0.2407450819967751	0.2313569826261528	9.008878896597714
0.24371269197653095	0.22622495259147757	9.009065666836449
0.24685017896971395	0.22098525643389452	9.009287225257582
0.25004563077167424	0.21572269338226088	9.009544558299693
0.2532622889627189	0.21045664299301067	9.009823408483763
0.2564972133388532	0.20519198870048108	9.010132967167932
0.2597405013102074	0.19992955594948084	9.010480605959387
0.2629870369519245	0.19466817365997302	9.010853161976799
0.2662337445789929	0.18940684577113157	9.011261246769108
0.26948050745723073	0.18414553985535942	9.011714889915801
0.2727272717797599	0.1788842391382771	9.012203054704772
0.2759740259740134	0.17362293801411433	9.012732913371012
0.2792207792207615	0.16836163686220754	9.013309632068507
0.2824675324675109	0.16310033571028418	9.01395917130503
0.28571428571426405	0.15783903455835688	9.014645598464313
0.28896103896101993	0.15257773340642253	9.01540837555111
0.29220779220777976	0.14731643225448388	9.016264280983043
0.29545454545454036	0.14205513110254017	9.01718486115256
0.2987012987012995	0.1367938299505931	9.018207405195918
0.3019480519480557	0.13153252879864422	9.019373417979226
0.305194805194809	0.12627122764669516	9.020643769533862
0.308441558441561	0.12100992649474702	9.022077586410736
0.31168831168831335	0.11574862534280074	9.023718977435367
0.31493506493506335	0.11048732419085631	9.025522811039382
0.3181818181818159	0.10522602303891189	9.027738475907134
0.3214285714285686	0.09996472188696767	9.030063897916024
0.32467532467532256	0.0947034207350234	9.032973526417434
0.3279220779220764	0.08944211958307856	9.03621330685676
0.33116883116883017	0.08418081843113327	9.040048164543878
0.33441558441558383	0.07891951727918776	9.04484195839533
0.3376623376623374	0.07365821612724209	9.050322500574664
0.34090909090909083	0.06839691497529632	9.057003399653494
0.34415584415584416	0.06313561382335049	9.065778906338208
0.3474025974025974	0.057874312671404624	9.076149817452704
0.3506493506493507	0.05261301151945874	9.089306622030222
0.35389610389610404	0.047351710367512866	9.108017246453995
0.35714285714285726	0.04209040921556698	9.131793376106694
0.36038961038961054	0.03682910806362111	9.162015615526629
0.37662337662337686	0.010522602303891744	9.441318600501184
0.3733766233766236	0.01578390345583762	9.499939793974294
0.36363636363636376	0.03156780691167524	9.209820049596592
0.36688311688311703	0.02630650575972937	9.30436858113355
0.3701298701298703	0.0210452046077835	9.499896861022052
0.08441438473652758	0.48947773995316163	9.489712237669975
0.08766100336773268	0.4842165469519592	9.511979540256574
0.09090771750744753	0.4789555073906164	9.457378460328306
0.09415455658286832	0.47369442858010774	9.2905102706654
0.09740170073947564	0.46843295853695066	9.210458613685175
0.10064893791811626	0.4631712762714138	9.168008591174527
0.10389595478841518	0.4579097497474259	9.13284004897429
0.10714285714285698	0.4526482896324871	9.10918078913731
0.11038961333449719	0.447387021755433	9.091439040319555
0.11363636588732821	0.4421258373413109	9.076832514137147
0.11688311295051153	0.4368647552664722	9.065449247823347
0.12012987012986985	0.4316030850247037	9.056698132461909
0.12337458894003749	0.4263429337415545	9.049355558099357
0.12661706420023858	0.4210853711599685	9.043320577929533
0.12985918602039556	0.4158305030081951	9.038424445542562
0.13310361334882484	0.4105737650019803	9.034265546346125
0.13635571942758637	0.4053154705977229	9.030741483209864
0.13961654923080724	0.400053667895847	9.027661526994015
0.14286278003963698	0.3947786282224277	9.025091575576404
0.1461188489439867	0.38952236579067884	9.022840598453783
0.149368322635252	0.3842696551620019	9.020928641072489
0.15261585021853602	0.37901980746474373	9.019230720954452
0.1558663261160541	0.3737665938112962	9.017786939424385
0.15911683897687595	0.36850804889918637	9.016479410850884
0.16235912842495145	0.3632446295263296	9.01535392743911
0.16562005959153192	0.35799196110559434	9.014355077853276
0.16887520250579313	0.35275591423230596	9.013474888682394
0.1720761076616394	0.34752220598851685	9.012710192207647
0.17518996400266015	0.34224700314692447	9.012023150945339
0.17829274747350343	0.33693828149452854	9.011396038731966
0.181367197040872	0.3315988678929039	9.010857077049403
0.18449663059504248	0.32665797092240645	9.010422512003155
0.18835867392533345	0.3214991510631111	9.010045448799998
0.19160559174710937	0.3164220810375315	9.009696936720482
0.19423772286985758	0.3106992398953011	9.009341647963124
0.1980790114968018	0.30598011402369896	9.009126756383102
0.20078522190840328	0.29949369020690947	9.008822375990716
0.20583120749743772	0.2943314651621957	9.008706545987636
0.2096800340893984	0.29079005930976826	9.008656890496955
0.21112288525099024	0.28514506387315985	9.008469201013751
0.21519581842530852	0.27567535916495334	9.008294519462403
0.21491626354991752	0.28071062390195356	9.008429290308946
0.2194974156832419	0.273059729187757	9.008349802278978
0.22176603466797	0.26763803186359714	9.008303296525012
0.22636509477190447	0.2564493643880945	9.00831262210187
0.22659297216762803	0.26277384600944187	9.00836737947847
0.23147837643394753	0.2466018615360306	9.008448522701478
0.2316457458369502	0.25300344847671435	9.008436378760171
0.2363873546302761	0.24326385110460014	9.008591385665868
0.24110172001273572	0.24102167902984473	9.008724588093425
0.2437168856441404	0.23646983426156792	9.00884282170641
0.246892602998949	0.231428377768596	9.00901069558521
0.2500634671235536	0.22622605489293268	9.009198537005446
0.2532811970771546	0.22097677295688145	9.009416529324673
0.2565104870715041	0.2157162811708405	9.00966867621448
0.25974554809205797	0.2104534478498542	9.009941867022002
0.2629870951044879	0.20519077824281753	9.01024532914302
0.2662338154441699	0.19992947166902886	9.010586622081126
0.2694805275505951	0.19466815443589489	9.0109527440616
0.27272726641429573	0.1894068436219285	9.011354264611535
0.27597402247952096	0.18414554019681106	9.01180123946301
0.27922077897273545	0.1788842391587838	9.012282691984948
0.28246753246749035	0.1736229380141405	9.012805805987933
0.28571428571424357	0.16836163686223038	9.013375798486154
0.2889610389610017	0.16310033571030666	9.014018636597397
0.2922077922077671	0.15783903455837475	9.01469845505943
0.2954545454545346	0.1525777334064333	9.015454739225774
0.29870129870129936	0.1473164322544854	9.01630429428843
0.30194805194805824	0.14205513110253395	9.017218713358647
0.3051948051948119	0.13679382995058195	9.018235318832184
0.308441558441563	0.13153252879863184	9.019395633627154
0.3116883116883149	0.12627122764668522	9.020660574370519
0.31493506493506196	0.12100992649474202	9.022089236081131
0.31818181818181396	0.11574862534279891	9.023725948367582
0.3214285714285662	0.11048732419085608	9.025525463163303
0.3246753246753207	0.10522602303891322	9.027737014967995
0.3279220779220751	0.09996472188696927	9.030058699838447
0.3311688311688294	0.09470342073502448	9.032964959387696
0.3344155844155834	0.08944211958307925	9.036201717026076
0.3376623376623371	0.08418081843113372	9.040033976928825
0.34090909090909066	0.078919517279188	9.044825490144499
0.3441558441558441	0.0736582161272422	9.05030412023782
0.3474025974025974	0.06839691497529636	9.056983536495244
0.35064935064935066	0.0631356138233505	9.065757816520685
0.35389610389610393	0.05787431267140461	9.076127832264255
0.3571428571428572	0.05261301151945874	9.089284222508896
0.36038961038961054	0.047351710367512866	9.10799469297193
0.36363636363636376	0.04209040921556698	9.131772415416947
0.36688311688311703	0.03682910806362111	9.161990162580993
0.38311688311688336	0.010522602303891744	9.441234585123938
0.37987012987013014	0.01578390345583762	9.499862111403303
0.37662337662337686	0.0210452046077835	9.499815745665591
0.3701298701298703	0.03156780691167524	9.209818675511423
0.3733766233766236	0.026306505759729367	9.304413879156145
0.09090889152740056	0.4894774485325375	9.484933507974594
0.09415562714545178	0.4842161749601617	9.504214763935224
0.09740236905090051	0.4789549275736276	9.456972666983118
0.10064912736383415	0.47369366490484416	9.289084773428343
0.10389594593209388	0.4684323295974704	9.20917446111905
0.1071427942642149	0.4631709489359608	9.167073396025629
0.1103896103896102	0.457909590784433	9.132195063188123
0.11363636363636345	0.45264828963248716	9.10876508581604
0.11688311659932044	0.44738701511588924	9.091208532480287
0.12012986922442476	0.4421257723080392	9.076745502737412
0.12337662337662317	0.43686438617664947	9.065466723190776
0.1266233766233765	0.4316030850247036	9.056793847933394
0.1298682792234087	0.4263425423059424	9.049507651693188
0.13311195950419316	0.421082866669684	9.043511175133787
0.1363564889677318	0.41582387749055405	9.038640306914667
0.1396039002811551	0.41056081346092227	9.03449714914521
0.1428532841454471	0.40530025439256745	9.030984835328168
0.14610262912583646	0.40003471981369904	9.027911242017472
0.1493507815362512	0.39477428308435936	9.025353124136416
0.1525965354393708	0.38951427598122246	9.023101229293443
0.1558427215790023	0.38425958157447515	9.0211872887826
0.15909234488936583	0.37900707470580636	9.019486218362296
0.16234141163525106	0.37374884144413895	9.018037424332393
0.16559139655256674	0.3684889162524283	9.016725758485208
0.16883787070088607	0.36322707815572436	9.015596408010248
0.172084741362228	0.3579756612354883	9.01459250668597
0.1753175836960121	0.35272843077612803	9.01370511897744
0.1785134662297759	0.34748604811854816	9.012934366487139
0.1816894563520277	0.34222655205366836	9.012247920207818
0.18486184883568946	0.3369823445870915	9.01162711692867
0.18800181748196587	0.3317823902408896	9.011101639664844
0.19123228107330892	0.32665371603678955	9.01064316609387
0.19469269986475798	0.32135704175149216	9.010235108071084
0.19780239632585586	0.31616185503516275	9.009870595617434
0.20084399148315119	0.31106986856962254	9.009572069903967
0.20438525467253155	0.3055243526553693	9.009288611404271
0.2080081267720214	0.30022852357934027	9.009077156318341
0.21168186599427974	0.2951554697687453	9.008915855091054
0.21477228811021523	0.29019321292897543	9.00877466128327
0.21773936719375547	0.28497012569466595	9.008645948057291
0.2207620496731243	0.2790390236105699	9.00853696554393
0.22461836275089792	0.2735913322159915	9.008497405006459
0.22809478432394445	0.26849770060314293	9.008480895175444
0.2316256415877577	0.25924687635286675	9.008462571259331
0.23108948077125002	0.26456586463857906	9.008501188765093
0.2369935024828562	0.2498451131752095	9.00856718348267
0.23703628081446537	0.25596836152363844	9.00857288546356
0.24172347167001312	0.2463014106083026	9.00869163537837
0.2465831139851921	0.2423586263122571	9.008829759983824
0.24991803702127335	0.23671403600193222	9.008970388308802
0.2532220607049879	0.23148073598113483	9.009138758178851
0.25649471390613915	0.22623442789367665	9.009324622643474
0.2597418296287443	0.22097477205496013	9.009538137695722
0.2629892436215444	0.21571367885392562	9.00978503374458
0.26623475303119454	0.21045207744054775	9.01005271539771
0.26948054196095717	0.20519069006906965	9.010350330843623
0.27272727645933637	0.19992944740520574	9.010685584792746
0.2759740265874212	0.1946681459333842	9.011045603799547
0.2792207772222128	0.18940684218435702	9.011440917889766
0.28246753152331955	0.18414554028766716	9.011881607630999
0.28571428565307083	0.17888423916429078	9.012356750931106
0.28896103896096703	0.1736229380141832	9.012873544290088
0.292207792207743	0.16836163686226435	9.013437251122793
0.29545454545452315	0.1631003357103273	9.014073845388246
0.2987012987012984	0.15783903455837792	9.01474752212743
0.30194805194806285	0.15257773340642158	9.015497788214871
0.3051948051948173	0.14731643225446417	9.016341472192124
0.30844155844156684	0.1420551311025102	9.017250208727402
0.3116883116883176	0.1367938299505629	9.018261348782417
0.3149350649350593	0.13153252879862212	9.019416435009086
0.3181818181818102	0.12627122764668144	9.020676410655904
0.32142857142856157	0.1210099264947414	9.022100365011324
0.3246753246753174	0.11574862534280123	9.02373284375435
0.3279220779220727	0.110487324190859	9.025528382360333
0.33116883116882784	0.10522602303891516	9.027736195430903
0.3344155844155825	0.09996472188697049	9.030054481529918
0.33766233766233666	0.0947034207350252	9.032957688100142
0.3409090909090904	0.08944211958307963	9.036191700501027
0.34415584415584405	0.08418081843113395	9.040021608747324
0.3474025974025974	0.0789195172791881	9.044811057203452
0.35064935064935066	0.07365821612724223	9.050287956117346
0.35389610389610393	0.06839691497529637	9.056966028202352
0.3571428571428572	0.0631356138233505	9.065739191982338
0.3603896103896105	0.05787431267140462	9.076108389451681
0.36363636363636376	0.05261301151945874	9.089264435541915
0.36688311688311703	0.047351710367512866	9.107974936680774
0.3701298701298703	0.04209040921556698	9.13175345287037
0.3733766233766236	0.03682910806362111	9.161969567446535
0.38961038961038985	0.010522602303891744	9.441165783999965
0.38636363636363663	0.01578390345583762	9.499775757345738
0.38311688311688336	0.0210452046077835	9.499732676262319
0.37987012987013014	0.026306505759729367	9.304465773872638
0.37662337662337686	0.03156780691167524	9.209819365823376
0.09740259740259727	0.48947739769610826	9.481025433536958
0.1006493506493505	0.4842160965441623	9.497577230282104
0.10389610389610375	0.47895479539221647	9.45657530354895
0.10714285714285698	0.47369349424027063	9.287779042772279
0.11038961038961019	0.4684321930883248	9.20796778825814
0.11363636363636347	0.46317089193637884	9.166159697136017
0.1168831168831167	0.45790959078443305	9.131532984397472
0.12012987012986993	0.4526482896324871	9.108303411927452
0.12337662329553852	0.44738699609064053	9.090910658549502
0.12662337662337644	0.4421256873285953	9.076580916090961
0.12987012987012977	0.4368643861766495	9.065405184628707
0.13311660798303665	0.43160320524690055	9.056810728893758
0.13636249749669507	0.42634220912412224	9.049583752238568
0.13960803742416664	0.4210812353572962	9.043630561462662
0.14285410083332703	0.41582015049003146	9.038791384148338
0.14610141852315747	0.410558301516123	9.034673980058843
0.1493492785544209	0.40529632586895953	9.031178460280527
0.1525967642491192	0.40003505759376196	9.02811972083002
0.1558435282658506	0.39477440500296274	9.0255692788798
0.15908928620866827	0.38951522054173676	9.023322641105786
0.16233379985297014	0.3842569385975518	9.02140964514629
0.16557909140061744	0.3789981108836695	9.01970725339765
0.16882650221528636	0.3737353117176014	9.01825674001248
0.17207590499143047	0.3684761021155248	9.016944164605375
0.1753221654500714	0.36321916915709984	9.015813909197943
0.17856304691884817	0.35796810326441747	9.014807456163512
0.1817928288801152	0.35272048828688596	9.013917069661476
0.18501065661276503	0.34747524807013336	9.013143713551052
0.18825286490574936	0.3422446143844222	9.012460266828064
0.1914371667835514	0.3370113639936409	9.011837801434725
0.19461565175858328	0.3317901684343927	9.011306860346496
0.19787931784290333	0.32656122744060495	9.010835478547248
0.201126437183296	0.3213222049318674	9.010423997865017
0.20430793480696316	0.3161006940251619	9.01005680912589
0.2075334421711461	0.3107960836333572	9.009745320939222
0.21102966290604264	0.3054998843535934	9.009475329906445
0.21449749904714233	0.3002792913371816	9.009258992083145
0.21782444733194453	0.29511795618414965	9.009080385331858
0.22097804821990766	0.2898913452088401	9.008926709392268
0.22409226190997522	0.28447170717691184	9.00879415675657
0.22736490941488785	0.2790450433548282	9.008706447245507
0.23084403200052686	0.2737546804598677	9.008657163556306
0.2341074681138756	0.2686580089851121	9.008630483258372
0.23713396892954103	0.26284273107795	9.008624145475666
0.24166618449686933	0.2586180664099163	9.008694190840945
0.24303334618847258	0.25260387346420743	9.00870074197971
0.24637329556382004	0.24784902576540085	9.008785784609422
0.250298079049655	0.2462899687213304	9.00887797331059
0.2529503089347068	0.24186442979742068	9.008966660247397
0.25620674306067115	0.23675348282634828	9.009095365828246
0.2596519775626462	0.23151255837217938	9.009261369329844
0.2629287833493202	0.2262458043242855	9.00944291784751
0.26623376624252587	0.2209746483769658	9.009652587719087
0.26948089528951474	0.2157122806182669	9.00989415783504
0.2727273822255407	0.21045136579983267	9.010156424344062
0.2759740240371574	0.20519057797757279	9.010448451429623
0.27922078008028683	0.19992944533257237	9.010777978379132
0.2824675322024189	0.19466814358036955	9.011132224324905
0.28571428508380087	0.18940684166936902	9.011521684614445
0.28896103871955786	0.18414554031067334	9.011956463570018
0.2922077921932925	0.17888423916570637	9.01242568841961
0.2954545454545006	0.1736229380142225	9.012936568960946
0.2987012987012961	0.16836163686227057	9.01349441089687
0.3019480519480711	0.1631003357103051	9.014125194918762
0.3051948051948273	0.15783903455833723	9.014793170178548
0.30844155844157395	0.15257773340637598	9.015537863194302
0.31168831168832273	0.14731643225442762	9.01637612291614
0.31493506493505413	0.14205513110249138	9.017279620592868
0.3181818181818032	0.13679382995055553	9.018285732624172
0.321428571428553	0.13153252879862082	9.01943602195319
0.3246753246753111	0.12627122764668575	9.020691437125103
0.32792207792206834	0.12100992649474679	9.02211110882007
0.3311688311688252	0.11574862534280482	9.023739735961527
0.334415584415581	0.1104873241908612	9.025531619491845
0.33766233766233594	0.10522602303891639	9.027736027868611
0.34090909090909	0.09996472188697107	9.030051218213444
0.3441558441558438	0.09470342073502547	9.03295166055169
0.3474025974025973	0.08944211958307978	9.036183174084185
0.35064935064935066	0.08418081843113395	9.04001094609045
0.35389610389610393	0.07891951727918808	9.044798521438372
0.3571428571428572	0.07365821612724223	9.050273851091383
0.3603896103896105	0.06839691497529637	9.056950705653968
0.36363636363636376	0.0631356138233505	9.06572285679008
0.36688311688311703	0.05787431267140463	9.07609131603198
0.3701298701298703	0.05261301151945874	9.089247134718399
0.3733766233766236	0.047351710367512866	9.107957687392485
0.37662337662337686	0.04209040921556698	9.131736043241538
0.3798701298701301	0.03682910806362111	9.161953559027664
0.39610389610389635	0.010522602303891744	9.441110375911533
0.39285714285714307	0.01578390345583762	9.499680542482144
0.38961038961038985	0.021045204607783502	9.49964636425666
0.38636363636363663	0.02630650575972937	9.304524091635185
0.38311688311688336	0.03156780691167524	9.20982239501295
0.10389610389610375	0.4894773976961082	9.477828304838182
0.10714285714285698	0.48421609654416237	9.491915106968476
0.1103896103896102	0.47895479539221647	9.456189009451704
0.11363636363636342	0.47369349424027063	9.286590004984847
0.1168831168831167	0.46843219308832473	9.206849147157316
0.12012987012986993	0.46317089193637884	9.165284466422293
0.1233766233766232	0.457909590784433	9.13087770236565
0.12662337662337644	0.4526482896324871	9.107824371480568
0.12987012987012972	0.4473869884805411	9.090576559114966
0.133116883116883	0.4421256873285954	9.076366631697377
0.13636362662029253	0.43686439225177054	9.065287747138463
0.13961031342819077	0.4316031205471114	9.056769778159103
0.14285688630842866	0.4263418719586313	9.049602574696548
0.1461033901660669	0.4210805799925097	9.043695262261293
0.14934999453517137	0.415819188015026	9.038891570488232
0.15259681060347804	0.4105577745259819	9.034802064859228
0.15584378447209574	0.4052964602640148	9.031327754040737
0.1590907276479035	0.40003520417029875	9.02828442903895
0.16233724752317116	0.3947742760213903	9.025745006116574
0.1655830897714532	0.3895140731877699	9.023505977264508
0.1688287811102113	0.38425405610047864	9.021597796775614
0.17207534426321866	0.37899318429724005	9.019898441468827
0.17532283737081109	0.37373158509511484	9.018450290897754
0.1785693535227971	0.36847098093616437	9.017138218874026
0.18181252757379252	0.36321386663803984	9.01600782739797
0.18505171517148133	0.3579613431071935	9.015000362124475
0.1882862170102401	0.35271275232155536	9.014108881467612
0.19151833174352553	0.3474687742816556	9.013334574376039
0.19474139815585248	0.3422278826250085	9.0126471830779
0.19795496774214436	0.3369888297358738	9.012022870293046
0.20118223734215301	0.3317497075902181	9.01148918891341
0.20442123753692468	0.32650635629974556	9.011013769999805
0.207650350985101	0.32125969197617077	9.010599093843313
0.21088979383771322	0.3159973440674055	9.01022830449999
0.21419945420849498	0.31072008951449176	9.009919038515177
0.21756055278378153	0.3054585643033146	9.009644931824313
0.22088576818804315	0.3002211296244937	9.009421387921492
0.2241337124224557	0.29496995063063897	9.009234099925324
0.22730621235109968	0.2896251186376985	9.00907404330195
0.23052199562128534	0.2842893714498481	9.008946204085305
0.23383563162467882	0.2790195112734493	9.008861609227559
0.23713121012646587	0.2737829704256955	9.008805520418006
0.24034096230543567	0.2684547591836422	9.008770980466343
0.24385398966925156	0.26335088249419053	9.008780591128419
0.24710060860791477	0.25795836640903347	9.008808905331184
0.25022901939185965	0.25181135321725734	9.008854105583014
0.2553438022740545	0.2475998740195034	9.008972133276716
0.25894935543410375	0.24211552586678617	9.00908107361744
0.2624986565999386	0.23681508507739846	9.009212658640346
0.2660350285817614	0.23153320326502497	9.009375869777577
0.26941538417410404	0.22624521598290628	9.009555018366603
0.2727259792252721	0.22097099101841755	9.009759903832103
0.27597366009113466	0.21571102476684034	9.009996300962671
0.27922052323610436	0.21045090886285286	9.010253413885364
0.282467513194365	0.20519049507538445	9.01054014513178
0.2857142857926798	0.19992944430073464	9.010864260954337
0.2889610387678741	0.19466814289049464	9.011213059873088
0.2922077920175391	0.1894068415202549	9.011597011725422
0.29545454539535365	0.18414554031631128	9.012026243352063
0.2987012986980126	0.17888423916602458	9.012489926597004
0.30194805194809354	0.1736229380141674	9.012995284798246
0.30519480519485104	0.1683616368621836	9.013547662189525
0.3084415584415889	0.1631003357102149	9.014173045857673
0.3116883116883327	0.15783903455826698	9.014835733618604
0.3149350649350445	0.15257773340633965	9.015575269801444
0.31818181818178987	0.1473164322544131	9.016408521160933
0.32142857142853676	0.14205513110248869	9.017307190820203
0.3246753246752995	0.13679382995056352	9.01830867919652
0.3279220779220603	0.13153252879863087	9.019454566703912
0.3311688311688203	0.12627122764669232	9.020705791535029
0.33441558441557834	0.12100992649475077	9.022121577327162
0.3376623376623345	0.11574862534280696	9.023746681766838
0.34090909090908933	0.11048732419086214	9.025535211377745
0.34415584415584344	0.10522602303891677	9.027736514942868
0.3474025974025971	0.09996472188697121	9.030048877893876
0.3506493506493505	0.09470342073502552	9.032946824823016
0.35389610389610393	0.08944211958307978	9.03617606083103
0.3571428571428572	0.08418081843113395	9.040001881261174
0.3603896103896105	0.0789195172791881	9.04478775405571
0.36363636363636376	0.07365821612724224	9.050261663254956
0.36688311688311703	0.06839691497529637	9.056937418009916
0.3701298701298703	0.06313561382335052	9.065708651064455
0.3733766233766236	0.05787431267140463	9.0760764609685
0.37662337662337686	0.05261301151945874	9.0892321362422
0.37987012987013014	0.047351710367512866	9.107942639970034
0.38311688311688336	0.04209040921556698	9.131720579992939
0.3863636363636366	0.03682910806362111	9.161941558850565
0.40259740259740284	0.010522602303891748	9.441065993898588
0.39935064935064957	0.015783903455837623	9.499580040867832
0.39610389610389635	0.0210452046077835	9.499555812925891
0.39285714285714307	0.02630650575972937	9.304588428663335
0.38961038961038985	0.03156780691167524	9.209828023806482
0.1103896103896102	0.48947739769610826	9.475180952404484
0.11363636363636345	0.4842160965441623	9.487087359799633
0.11688311688311669	0.47895479539221647	9.45581535939125
0.12012987012986998	0.47369349424027063	9.28551139398781
0.1233766233766232	0.46843219308832473	9.205821459851476
0.12662337662337644	0.46317089193637884	9.164460105474554
0.1298701298701297	0.45790959078443294	9.130242480960055
0.133116883116883	0.45264828963248704	9.107345646277738
0.13636363636363627	0.44738698848054126	9.090227053660115
0.13961038961038957	0.44212568732859553	9.07612345167034
0.14285714285714288	0.4368643861766497	9.06513299485507
0.14610389610389615	0.4316030850247039	9.056687738662772
0.1493506493506494	0.42634178387275823	9.049579213857806
0.1525974025974025	0.42108048272081255	9.043718041964999
0.15584415584415545	0.4158191815688668	9.03895093332922
0.15909090909090826	0.41055788041692104	9.034890471779592
0.1623376269360015	0.4052965572098684	9.031438790719578
0.16558438513450444	0.4000352732982833	9.02841305484401
0.16883098761635187	0.3947741216582479	9.025886934178411
0.17207733843915007	0.3895132061304154	9.023657903241388
0.17532378149879532	0.38425223984747303	9.0217570122067
0.17857067594715717	0.37899082604647555	9.02006315664851
0.1818177632621197	0.3737291992587097	9.018618897881908
0.1850636832396786	0.3684685869455891	9.017309536887803
0.1883068874766662	0.3632106762009886	9.016180544060644
0.19154756511986562	0.35795609559067504	9.015173546533733
0.194786765019164	0.3527041570166312	9.014281792908164
0.19802283115427333	0.3474541167133242	9.013506369159186
0.20125421758563367	0.3422057032917483	9.012817440688979
0.20448518822317904	0.33695844306860917	9.01219178781504
0.20771934457912333	0.3317101369607884	9.011656224901587
0.21095506021857433	0.32645695217554427	9.011178642221127
0.21419514039263135	0.32119669121099786	9.010761608006709
0.21745558177392998	0.31592884841282637	9.010389660485613
0.22074265179716338	0.31066118241239354	9.010078546469863
0.22403166910154207	0.30539825135169496	9.009800818099242
0.2272871277529122	0.30012490513874923	9.009571754927677
0.23052953922406288	0.29484912324101986	9.009381353429141
0.23375921272501887	0.28954824089909287	9.009222759873962
0.23700813591179679	0.28427596154365986	9.00909569766339
0.24028028293320103	0.2790124817296949	9.009007269204147
0.2435540077575864	0.27376109878883687	9.008947417679819
0.2467852199552155	0.26852338669252185	9.008911846306136
0.2502103334129856	0.2632587751557629	9.008913763155753
0.2535344782466503	0.25792642606146005	9.008941072461399
0.2571790185160908	0.25278129793039633	9.008993590825169
0.2614550475895827	0.24751640004676345	9.00908939933917
0.2652328750254979	0.24214145917346816	9.00919648138427
0.2688881890040293	0.2368283619160466	9.009325438386902
0.27243479883964644	0.2315319963316316	9.009484142176932
0.2758610737817661	0.22624488639836793	9.009659460033985
0.27921815645899084	0.22096850859667938	9.009860395796549
0.28246619794034156	0.2157104700915405	9.010091877957697
0.285713883519769	0.21045093582016725	9.010344109202935
0.28896100725986346	0.20519051645151928	9.010625847083647
0.2922077921742787	0.19992944394205292	9.010944865917388
0.29545454537227184	0.19466814269142507	9.011288537383587
0.2987012986469522	0.18940684148170217	9.01166731677897
0.30194805193411983	0.1841455403175214	9.012091351950742
0.3051948051941725	0.17888423916591398	9.01254985527426
0.30844155844162696	0.17362293801396636	9.013050063504728
0.3116883116883504	0.16836163686203545	9.013597356007338
0.3149350649350565	0.16310033571009774	9.01421772575676
0.3181818181817651	0.1578390345582387	9.014875514443197
0.32142857142850617	0.15257773340633424	9.01561028246018
0.32467532467527777	0.14731643225442811	9.016438911978925
0.32792207792204525	0.1420551311025076	9.017333133801749
0.3311688311688112	0.13679382995057573	9.018330371943854
0.3344155844155734	0.1315325287986381	9.019472218293062
0.337662337662332	0.12627122764669615	9.020719594818196
0.34090909090908816	0.12100992649475235	9.022131855271555
0.3441558441558428	0.11574862534280761	9.023753729685295
0.3474025974025967	0.1104873241908624	9.025539185967302
0.3506493506493504	0.10522602303891693	9.027737652920182
0.3538961038961037	0.09996472188697127	9.030047420554666
0.35714285714285704	0.09470342073502558	9.032943133021794
0.36038961038961037	0.08944211958307981	9.03617029061558
0.36363636363636376	0.08418081843113397	9.039994322044564
0.36688311688311703	0.07891951727918811	9.04477863761372
0.3701298701298703	0.07365821612724226	9.050251261206052
0.3733766233766236	0.06839691497529639	9.056926024588604
0.37662337662337686	0.0631356138233505	9.065696426182376
0.37987012987013014	0.057874312671404624	9.076063666651265
0.38311688311688336	0.05261301151945874	9.089219192006725
0.38636363636363663	0.047351710367512866	9.107929654613427
0.38961038961038985	0.04209040921556699	9.131707246743987
0.39285714285714307	0.03682910806362111	9.161933136373124
0.4090909090909092	0.010522602303891751	9.441032478480274
0.405844155844156	0.015783903455837626	9.499473956504056
0.40259740259740284	0.021045204607783502	9.49946042765229
0.39935064935064957	0.02630650575972937	9.304657819736734
0.39610389610389635	0.03156780691167524	9.209837148135799
0.1168831168831167	0.4894773976961082	9.472959283376463
0.12012987012986995	0.4842160965441623	9.48296548448563
0.12337662337662318	0.47895479539221647	9.455455451733053
0.12662337662337642	0.47369349424027063	9.28453648712424
0.12987012987012972	0.4684321930883248	9.204883422723809
0.133116883116883	0.46317089193637884	9.163692448994235
0.13636363636363624	0.457909590784433	9.12963738196445
0.13961038961038955	0.4526482896324872	9.106877121915092
0.1428571428571428	0.4473869884805414	9.089874950884715
0.14610389610389604	0.44212568732859564	9.07586669039234
0.14935064935064926	0.43686438617664985	9.064955462172337
0.15259740259740243	0.43160308502470396	9.056577436527872
0.15584415584415554	0.4263417838727582	9.049524962177514
0.15909090909090862	0.42108048272081233	9.043708926678677
0.1623376623376617	0.4158191815688664	9.038978114017747
0.16558441558441475	0.4105578804169204	9.034947020054274
0.16883116883116797	0.40529657926497437	9.031518941762558
0.17207791236985992	0.40003528419817386	9.028512061256741
0.17532461884516173	0.39477401788422317	9.0260007629147
0.17857128958715618	0.389512788691093	9.023783412567388
0.1818179949994453	0.3842515400665711	9.021891576480627
0.18506478938230156	0.3789902102672111	9.020204876161829
0.18831161355960502	0.37372884281349966	9.01876603147037
0.1915577366230132	0.3684679968911942	9.017460659304469
0.1948022037917783	0.36320866275478925	9.016334236173726
0.19804537223750704	0.3579511812672049	9.015328717115866
0.20128826811477482	0.3526947300770879	9.014437579057775
0.2045296008906847	0.3474392045745411	9.01366219657656
0.20776785954726404	0.34218550047486956	9.012972958121312
0.2110049160339832	0.3369328295455478	9.012346819423543
0.2142425067836005	0.3316787567915537	9.01181036689695
0.21748299837058493	0.3264187310997059	9.011331658441138
0.22073013651172438	0.32115253855647824	9.010913381268297
0.223986607589125	0.3158851669349947	9.010540362596961
0.22724864395238598	0.310619406352934	9.01022739338596
0.23050214794336119	0.3053477892962145	9.009946918987316
0.23375393430014113	0.30008253427930637	9.009716612824635
0.23700502043396715	0.29481480608796595	9.009524985559933
0.24025452803200142	0.2895451244038084	9.009365944114911
0.2435068571392418	0.28427938149736476	9.009236727313874
0.24676840827887717	0.27902254985799807	9.009145532888063
0.2500222881760207	0.27377143010138555	9.00908228606634
0.2533240476400707	0.2685167961447011	9.009044935564292
0.25675735276586137	0.26323680328976884	9.009043805097269
0.2602895341770569	0.2579787972494186	9.009071628828336
0.26403596663324685	0.252729245167442	9.009121898229838
0.2679041822877046	0.2474345787415486	9.00920570765359
0.271661888949233	0.2421245123263158	9.009307743891556
0.2753404753204623	0.23681927176640494	9.009432642999117
0.27896501404739565	0.23151849166240687	9.00958795388278
0.2823592361680188	0.22623837229946767	9.009758293008387
0.28569724996132606	0.22097026427754535	9.0099542063935
0.28895875524188264	0.21571094596494766	9.010181301351885
0.2922077087876313	0.21045163673846576	9.010428927581133
0.2954545262565542	0.20519063866005535	9.01070597431181
0.2987012986751724	0.19992944382202818	9.011020201849256
0.3019480519202534	0.19466814263644747	9.01135905738078
0.3051948051802153	0.18940684147209733	9.011732989156629
0.30844155843847276	0.18414554031740993	9.012152165087345
0.31168831168820926	0.17888423916556892	9.012605834175865
0.31493506493505485	0.17362293801370382	9.013101246321215
0.3181818181816826	0.1683616368618577	9.013643812921847
0.32142857142845965	0.16310033571011148	9.0142595322268
0.3246753246752368	0.15783903455826695	9.014912785586175
0.3279220779220173	0.15257773340636988	9.015643147811366
0.33116883116879425	0.14731643225445085	9.016467514294549
0.3344155844155643	0.14205513110252085	9.017357639852433
0.3376623376623273	0.13679382995058262	9.018350972292724
0.3409090909090857	0.13153252879864083	9.019489106931985
0.3441558441558416	0.12627122764669732	9.020732952580035
0.34740259740259605	0.12100992649475284	9.0221420139628
0.3506493506493498	0.11574862534280785	9.023760916684212
0.3538961038961033	0.1104873241908626	9.025543563192501
0.3571428571428569	0.1052260230389171	9.027739433028541
0.36038961038961026	0.09996472188697143	9.030046840101766
0.3636363636363636	0.09470342073502569	9.032940453849527
0.3668831168831169	0.08944211958307988	9.036165799551812
0.3701298701298703	0.08418081843113401	9.039988189469474
0.3733766233766236	0.07891951727918813	9.044771062939459
0.37662337662337686	0.07365821612724226	9.0502425200317
0.37987012987013014	0.06839691497529639	9.05691638985418
0.38311688311688336	0.06313561382335049	9.065686042107496
0.38636363636363663	0.05787431267140461	9.07605275779248
0.38961038961038985	0.05261301151945874	9.089208102269529
0.39285714285714307	0.047351710367512866	9.107918604788805
0.39610389610389635	0.04209040921556698	9.131695677343872
0.4155844155844157	0.01052260230389175	9.44100922398282
0.39935064935064957	0.03682910806362111	9.161927493136089
0.4123376623376625	0.015783903455837633	9.499362905915932
0.40909090909090934	0.021045204607783502	9.499360139851754
0.405844155844156	0.02630650575972937	9.304731418745773
0.40259740259740284	0.03156780691167524	9.20985044364268
0.1233766233766232	0.48947739769610826	9.471066343330172
0.12662337662337642	0.48421609654416237	9.479437735117395
0.1298701298701297	0.47895479539221647	9.45510957062683
0.13311688311688297	0.47369349424027063	9.283656899718098
0.13636363636363624	0.46843219308832484	9.204030973183237
0.13961038961038952	0.4631708919363789	9.16298326891181
0.1428571428571427	0.45790959078443305	9.129068081561217
0.14610389610389604	0.45264828963248727	9.106426231828948
0.1493506493506492	0.44738698848054165	9.08952805534588
0.1525974025974024	0.44212568732859575	9.07560595313292
0.15584415584415556	0.4368643861766499	9.064766253535124
0.1590909090909087	0.4316030850247039	9.056449016539005
0.16233766233766184	0.42634178387275795	9.04944876655126
0.165584415584415	0.42108048272081205	9.04367605666306
0.16883116883116825	0.41581918156886594	9.038980688805564
0.1720779220779217	0.41055788041692004	9.03497867846549
0.17532467532467533	0.40529657926497414	9.031574373746194
0.1785714285714294	0.4000352781130283	9.028586921321077
0.1818181818181838	0.39477397696108313	9.026091316127749
0.18506493506493812	0.38951267580913823	9.023886701546417
0.1883116883116926	0.38425137465719467	9.022005037081813
0.19155844155844481	0.37899007350525077	9.020326528776854
0.19480519480519468	0.3737287723533089	9.018894110272639
0.19805162673680424	0.36846770345563146	9.01759376265566
0.20129732942478365	0.3632072667837889	9.016470960772518
0.20454252607446366	0.35794749898332573	9.015467963673347
0.2077880061487818	0.35268781166326413	9.014578491717586
0.2110323415480184	0.34742912529818804	9.013804228102698
0.21427386407649293	0.3421725903362669	9.013115635403217
0.21751420951085673	0.3369165552638451	9.012489767902744
0.2207560437903736	0.3316582008515439	9.011953092736176
0.22400124857897596	0.3263954871626356	9.011474102767563
0.2272504087934144	0.3211290437254481	9.011055310630647
0.23050074718008987	0.31586365989255716	9.01068162854485
0.23375036622965065	0.31060037970180776	9.010367446584533
0.23699941322458096	0.3053369432851545	9.010086172590102
0.24025066306550033	0.3000743040763437	9.009854419805583
0.24350102723392675	0.2948098404549339	9.009661119388893
0.24675063614459322	0.28954519993662026	9.009500207513993
0.24999828144267666	0.28428380193481495	9.009368889649009
0.25324873222453637	0.2790271050958911	9.009274956772552
0.25652622198839126	0.27376979192418216	9.009209321050768
0.2598735972748305	0.26850384597554516	9.009170095704112
0.2633262104347899	0.2632338163468541	9.009166261208208
0.2669041784657024	0.25796519470059004	9.009190991076595
0.270626031638389	0.25269109296765974	9.009237402938306
0.27440326909634677	0.24739990845799945	9.009315351745926
0.27814757042931076	0.2421042121699233	9.009413053919316
0.2818886380269419	0.23680479287078804	9.009534675513637
0.2855280906204354	0.23149999989363365	9.009685773310402
0.28887060441798357	0.22622949857189226	9.009851090339305
0.29217804339907744	0.22096788954402535	9.01004219091966
0.29545057602339553	0.21571091998180839	9.01026501321669
0.29869922264270293	0.21045135939281964	9.01050830299038
0.301948051945766	0.2051907449272016	9.010780923667973
0.3051948051839451	0.1999294437844105	9.011090654143151
0.3084415584327932	0.19466814262402324	9.011424994718112
0.31168831168449246	0.18940684146930178	9.011794391721265
0.31493506493420514	0.18414554031696806	9.012209031066861
0.31818181818162405	0.17888423916517227	9.012658195153149
0.32142857142825443	0.17362293801366696	9.013149146517785
0.32467532467512084	0.16836163686197755	9.013687325803309
0.32792207792195777	0.16310033571018398	9.014298735847783
0.3311688311687628	0.1578390345583096	9.01494779394624
0.3344155844155474	0.15257773340639438	9.015674087819697
0.3376623376623185	0.14731643225446334	9.016494523997954
0.3409090909090811	0.14205513110252568	9.017380878230753
0.34415584415583894	0.13679382995058462	9.018370622928321
0.3474025974025942	0.13153252879864186	9.019505346266675
0.3506493506493486	0.1262712276466979	9.020745957542927
0.3538961038961027	0.12100992649475328	9.022152112562773
0.3571428571428565	0.11574862534280828	9.023768271879005
0.36038961038961004	0.11048732419086289	9.025548352862733
0.36363636363636354	0.1052260230389173	9.027741848247572
0.36688311688311687	0.09996472188697154	9.030047104760852
0.37012987012987025	0.09470342073502575	9.032938788956594
0.3733766233766236	0.08944211958307989	9.03616253095148
0.37662337662337686	0.084180818431134	9.039983416065626
0.3798701298701301	0.07891951727918806	9.044764948676649
0.3831168831168833	0.07365821612724224	9.050235325203822
0.38636363636363663	0.06839691497529636	9.056908385917895
0.38961038961038985	0.06313561382335048	9.065677363205928
0.39285714285714307	0.05787431267140462	9.07604357698184
0.39610389610389635	0.05261301151945874	9.089198766739758
0.4220779220779223	0.010522602303891746	9.440995596401413
0.39935064935064957	0.047351710367512866	9.10790940518987
0.40259740259740284	0.04209040921556698	9.131685549318654
0.418831168831169	0.015783903455837623	9.49924749280929
0.40584415584415606	0.03682910806362111	9.161924382058451
0.4155844155844158	0.021045204607783502	9.499255013109426
0.4123376623376625	0.02630650575972937	9.304808976090577
0.40909090909090934	0.03156780691167524	9.209867845924663
0.1298701298701297	0.48947739769610826	9.469429264185528
0.13311688311688297	0.48421609654416237	9.476412313855619
0.13636363636363624	0.4789547953922166	9.454779016363048
0.13961038961038952	0.4736934942402708	9.282864384928258
0.14285714285714274	0.46843219308832484	9.203258701825504
0.14610389610389596	0.46317089193637895	9.162331962406247
0.14935064935064918	0.45790959078443305	9.128537101806073
0.15259740259740232	0.4526482896324873	9.105998198608786
0.15584415584415556	0.44738698848054154	9.089191366793925
0.15909090909090873	0.4421256873285957	9.07534750744099
0.16233766233766192	0.43686438617664974	9.064572688858723
0.16558441558441514	0.43160308502470385	9.056310582192607
0.16883116883116836	0.42634178387275784	9.049357904133062
0.17207792207792172	0.42108048272081183	9.04362595124874
0.17532467532467524	0.41581918156886594	9.038964696967907
0.17857142857142894	0.41055788041692015	9.034991033571124
0.1818181818181828	0.4052965792649746	9.031610189448926
0.18506493506493668	0.40003527811302925	9.028642216409247
0.18831168831169054	0.3947739769610846	9.026162666206018
0.19155844155844323	0.38951267580913984	9.023971341623515
0.19480519480519495	0.3842513746571956	9.022100514134094
0.19805194805194606	0.3789900735052501	9.02043089038161
0.20129869158955763	0.3737287784329821	9.019005632039674
0.20454534918521508	0.3684675491613308	9.017711063714758
0.20779179009753912	0.3632065022129736	9.016592723059885
0.2110380713447072	0.357945611928326	9.015593158137468
0.21428460912881883	0.3526845410522698	9.01470628391917
0.21752999556911376	0.34742456700420526	9.013933956554792
0.2207737283510951	0.34216612478260533	9.0132466472083
0.22401732778201136	0.33690762790830703	9.01262160090136
0.22726260506380294	0.331646923052719	9.012085311318813
0.23050996419942404	0.32638392778858977	9.011606559321736
0.23375868248433176	0.3211199791899197	9.01118779522917
0.23700624667364292	0.3158571947353179	9.010813816649154
0.24025232060929624	0.31059614182891276	9.01049885955885
0.24350002578086594	0.30533482157853314	9.010216667604801
0.24674932601299548	0.3000722986891967	9.009983510847277
0.24999790966027424	0.29480940137207906	9.009788657945352
0.25324505940586467	0.2895469996045753	9.009625966633779
0.2564905616201044	0.2842868250239882	9.009492705220806
0.2597350673693841	0.27902786548469005	9.009396328759875
0.2630166274237097	0.27376600572896326	9.009328237171403
0.2663558143726868	0.26849714581188994	9.00928635986221
0.2698057069962686	0.2632201028916119	9.009279429960657
0.2734720615508387	0.2579447936094706	9.009302141581308
0.2771658611353002	0.25266441213474994	9.009344920735897
0.28090636416051945	0.24737886832267764	9.009418197607644
0.2846441556955356	0.2420888154531635	9.009511935659276
0.28835402820378964	0.23679283208978405	9.009629064612442
0.2919994291902892	0.23149148979339185	9.009775964306895
0.29538129217247083	0.22622312761555458	9.009937928525702
0.2986706136065505	0.22096781639464333	9.010124648583682
0.30194000782407765	0.21571141623023776	9.010343341328294
0.30519270897023393	0.21045184346616896	9.010582591032446
0.30844092424750397	0.20519069284573924	9.010851067442276
0.3116883116870654	0.19992944377186048	9.011156583916092
0.31493506493193096	0.1946681426204394	9.011486700317766
0.3181818181802164	0.18940684146844675	9.011851862190442
0.3214285714277954	0.18414554031686903	9.012262272631025
0.32467532467491755	0.17888423916548213	9.012707244277962
0.3279220779218159	0.17362293801387166	9.013194051731448
0.33116883116868734	0.1683616368621009	9.013728162346071
0.3344155844155124	0.16310033571024088	9.01433558282102
0.3376623376623021	0.1578390345583323	9.01498076312973
0.3409090909090724	0.15257773340640285	9.015703302546633
0.34415584415583383	0.14731643225446694	9.016520116638027
0.34740259740259055	0.14205513110252774	9.017402999953786
0.35064935064934577	0.13679382995058612	9.0183894500513
0.3538961038961005	0.1315325287986432	9.019521035372113
0.35714285714285526	0.12627122764669893	9.020758693254193
0.3603896103896094	0.12100992649475402	9.022162197506228
0.36363636363636315	0.1157486253428087	9.023775824127627
0.36688311688311676	0.11048732419086314	9.025553562022713
0.37012987012987025	0.10522602303891745	9.027744883214973
0.3733766233766234	0.09996472188697157	9.030048134988585
0.3766233766233768	0.09470342073502575	9.032938076691819
0.37987012987013014	0.08944211958307985	9.036160257444203
0.38311688311688336	0.08418081843113397	9.03997995302156
0.3863636363636365	0.0789195172791881	9.044760234237335
0.38961038961038985	0.07365821612724224	9.050229592013649
0.39285714285714307	0.06839691497529637	9.05690189831335
0.39610389610389635	0.0631356138233505	9.06567026204745
0.39935064935064957	0.057874312671404624	9.07603600590111
0.40259740259740284	0.05261301151945874	9.089191117993133
0.42857142857142877	0.010522602303891746	9.440990764280611
0.4253246753246755	0.015783903455837623	9.499128503243412
0.405844155844156	0.047351710367512866	9.107901926853033
0.4090909090909093	0.04209040921556698	9.131676812375838
0.4220779220779223	0.0210452046077835	9.499145254507908
0.4123376623376625	0.036829108063621115	9.161923635550876
0.418831168831169	0.02630650575972937	9.304890683310568
0.4155844155844158	0.03156780691167524	9.20988884555595
0.1363636363636362	0.48947739769610826	9.467999085065635
0.13961038961038943	0.4842160965441624	9.473812728290897
0.1428571428571427	0.47895479539221664	9.454465588418957
0.14610389610389596	0.4736934942402708	9.282151233578771
0.1493506493506492	0.46843219308832484	9.202560734277947
0.1525974025974024	0.463170891936379	9.161736397526665
0.15584415584415554	0.4579095907844331	9.12804514826327
0.15909090909090873	0.45264828963248727	9.105595647385273
0.16233766233766195	0.4473869884805413	9.08886929144603
0.16558441558441517	0.4421256873285953	9.075095003471896
0.1688311688311684	0.4368643861766495	9.064379602437546
0.17207792207792175	0.4316030850247037	9.056167839026473
0.1753246753246752	0.42634178387275773	9.049258295154997
0.17857142857142863	0.4210804827208119	9.04356388302311
0.18181818181818224	0.4158191815688663	9.038934930992758
0.18506493506493582	0.4105578804169207	9.034988583694572
0.18831168831168943	0.4052965792649755	9.031630570357963
0.19155844155844237	0.40003527811303013	9.028681761379666
0.19480519480519481	0.3947739769610852	9.026218242771982
0.1980519480519469	0.38951267580913945	9.02404039682795
0.20129870129869845	0.38425137465719333	9.022180743673063
0.20454545454545012	0.3789900735052465	9.020520426842188
0.20779220779220253	0.3737287723532989	9.01910281150609
0.21103895268634124	0.36846747848623956	9.017814555815777
0.21428566556212328	0.3632062125445869	9.016701281896479
0.21753234734761714	0.3579449737189114	9.015705804362215
0.22077909949004904	0.3526836695538774	9.014822192787472
0.22402499204091952	0.347423158947213	9.014052353916822
0.22727043670308092	0.3421631153246833	9.013366785952991
0.23051644074184305	0.33690263736642906	9.012742984090353
0.23376331868401143	0.3316411799933336	9.012207570535935
0.237010803730807	0.32637889923253244	9.011729438302808
0.24025817240172964	0.32111682406953446	9.011310927670491
0.2435047272124452	0.31585552264116257	9.010936865910452
0.24675056550328667	0.3105947847894976	9.010621336972628
0.24999729914931704	0.30533350087494604	9.010338348668808
0.2532454255252155	0.30007136471872353	9.010104072477558
0.2564935064906969	0.2948092550727878	9.009907901098215
0.2597395047250376	0.28954800640822814	9.009743635520552
0.2629840188435008	0.2842872965859047	9.009608605729781
0.266228190007331	0.279026671459726	9.00951014554157
0.2694757539466898	0.27376424644183933	9.009439216920681
0.2728694482420142	0.2684847998908582	9.009395791258234
0.2763709812047607	0.26320432703177743	9.009386916351845
0.27995960986461166	0.2579236319304343	9.009405130871805
0.28367443605845594	0.25264786937963274	9.009445229528756
0.28740289254816753	0.2473679923405967	9.009514491495464
0.29112507054834225	0.2420806722878807	9.009604337843621
0.294817962913584	0.23679102455042647	9.009717394542319
0.29840638853119045	0.23150530503850683	9.009859274603317
0.3018897326775802	0.22622716217456706	9.010018993560792
0.30516549864296616	0.2209714548327909	9.010201809725395
0.30843164579666205	0.2157118487689721	9.010416719767308
0.3116854865853876	0.21045169801751848	9.010652177579802
0.31493459150497666	0.20519070373667128	9.010916759574917
0.3181817737684863	0.1999294431053614	9.011218330572987
0.32142857142648096	0.19466814261915916	9.011544501756076
0.3246753246741683	0.1894068414686161	9.011905714734567
0.32792207792151595	0.18414554031732192	9.012312188692489
0.3311688311685372	0.178884239165765	9.0127532638418
0.3344155844154349	0.17362293801401715	9.01323622614698
0.3376623376622652	0.16836163686216396	9.013766567392686
0.34090909090905375	0.1631003357102613	9.014370297383829
0.34415584415582323	0.15783903455833836	9.015011895926492
0.34740259740258406	0.15257773340640615	9.015730972584864
0.35064935064934116	0.14731643225446978	9.016544449859069
0.35389610389609655	0.14205513110253082	9.017424140156912
0.35714285714285254	0.1367938299505885	9.01840756488646
0.360389610389608	0.13153252879864472	9.01953626201349
0.36363636363636237	0.1262712276466999	9.02077123215838
0.36688311688311637	0.1210099264947546	9.022172306277712
0.37012987012987003	0.11574862534280898	9.023783599314926
0.3733766233766234	0.11048732419086325	9.025559198915046
0.3766233766233768	0.10522602303891744	9.027748523829706
0.37987012987012997	0.09996472188697159	9.030050020880322
0.3831168831168833	0.09470342073502569	9.032938254651127
0.38636363636363663	0.08944211958307985	9.036159031295211
0.38961038961038985	0.08418081843113398	9.039977572692203
0.39285714285714307	0.07891951727918811	9.044756871546126
0.39610389610389635	0.07365821612724223	9.050225269243684
0.39935064935064957	0.06839691497529637	9.056896851348007
0.40259740259740284	0.0631356138233505	9.065664637441854
0.405844155844156	0.057874312671404624	9.076029953039372
0.4350649350649352	0.010522602303891746	9.440993626824884
0.4090909090909093	0.05261301151945874	9.089185037697453
0.43181818181818205	0.015783903455837623	9.499006990950704
0.42857142857142877	0.021045204607783502	9.499031336590235
0.4123376623376625	0.047351710367512866	9.107896018470425
0.4155844155844158	0.042090409215567	9.131669583670865
0.4253246753246755	0.02630650575972937	9.304977253808206
0.418831168831169	0.036829108063621115	9.161924848613493
0.4220779220779223	0.03156780691167524	9.209912338474162
0.14285714285714268	0.4894773976961083	9.466740398988975
0.1461038961038959	0.4842160965441625	9.471574451416265
0.14935064935064918	0.47895479539221664	9.454170909866447
0.15259740259740243	0.4736934942402708	9.281510227523619
0.15584415584415565	0.46843219308832484	9.201931056151976
0.1590909090909088	0.463170891936379	9.16119357586899
0.162337662337662	0.45790959078443305	9.127591639570113
0.16558441558441528	0.4526482896324871	9.105219765247837
0.16883116883116853	0.4473869884805411	9.08856421140384
0.17207792207792177	0.44212568732859536	9.07485181465858
0.1753246753246751	0.4368643861766495	9.064189854997219
0.1785714285714285	0.4316030850247037	9.056024505970278
0.18181818181818196	0.4263417838727579	9.049154436101873
0.18506493506493535	0.4210804827208123	9.043494179067237
0.1883116883116888	0.4158191815688667	9.038895273188745
0.1915584415584419	0.41055788041692115	9.034974921394264
0.1948051948051947	0.4052965792649758	9.031638918997801
0.19805194805194734	0.40003527811303	9.028708726772125
0.20129870129869964	0.39477397696108385	9.026260946737322
0.204545454545452	0.3895126758091376	9.0240965046186
0.20779220779220473	0.3842513746571908	9.022248119433241
0.21103896103895825	0.37899007350524383	9.020597305436526
0.21428571428571272	0.37372877235329693	9.019187610868181
0.2175324675324678	0.3684674712013504	9.017905999634594
0.2207792207792231	0.3632061700494045	9.016798183511165
0.22402597402597713	0.35794486889745974	9.015807206480636
0.22727255097713797	0.35268370721954206	9.014927272949343
0.23051889698577668	0.3474227671607529	9.014160287516999
0.23376533869467642	0.3421617729097799	9.013476881848488
0.2370121800505333	0.3369004497396837	9.012854742753206
0.24025924542414664	0.33163892165659686	9.012320547125343
0.24350628188632273	0.32637732383886336	9.011843285033136
0.2467530232046321	0.32111591974383774	9.01142519786688
0.24999937357839566	0.31585484522766377	9.011051211898247
0.2532457931862633	0.3105937441421014	9.010735327984095
0.25649268642378925	0.3053323571470159	9.010451783300269
0.2597398999761695	0.3000707754434799	9.010216629023523
0.26298701298760585	0.2948092550729659	9.010019329482695
0.26623345013693334	0.2895480660413456	9.009853677194222
0.2694791770553168	0.28428698295993693	9.009717114965875
0.2727254156607924	0.279025615296934	9.009616820005304
0.27598158253475813	0.2737585772314812	9.009543895632852
0.27935861803456535	0.2684730370374655	9.009497987913592
0.28282477886918134	0.2631859170849634	9.009485956956437
0.2864591297716005	0.25791242576383955	9.009501918510978
0.29016232005789233	0.2526390243191808	9.0095390091342
0.2938836717539958	0.24736083613146298	9.009604544735572
0.29760332354486935	0.24207860768057443	9.009690876826673
0.3012910624152833	0.23679450995428478	9.009800237373687
0.30493521804263996	0.23150981939693427	9.00993900892347
0.3083287053935735	0.22623966298103612	9.010093981590762
0.311652817555839	0.2209747307500464	9.01027402146522
0.3149237019316987	0.21571305052517223	9.010485463216758
0.3181790899959311	0.21045188869931378	9.01071737804572
0.3214282985950427	0.20519071379000275	9.010978325354394
0.3246752987668618	0.19992944338320043	9.011276213017972
0.3279220779207687	0.19466814262029766	9.0115987048963
0.3311688311681542	0.18940684146917264	9.011956241358247
0.33441558441526936	0.1841455403176482	9.012359056048469
0.3376623376621855	0.17888423916591611	9.012796514235758
0.3409090909090118	0.17362293801407422	9.01327591252681
0.34415584415579886	0.16836163686218378	9.013802765065849
0.34740259740256735	0.1631003357102698	9.014403084006204
0.3506493506493295	0.15783903455834403	9.015041376523085
0.35389610389609	0.15257773340641148	9.015757261225476
0.3571428571428483	0.1473164322544748	9.016567665605889
0.360389610389605	0.14205513110253407	9.017444419910065
0.3636363636363606	0.1367938299505906	9.01842506563767
0.3668831168831155	0.13153252879864588	9.019551105373312
0.3701298701298695	0.12627122764670048	9.020783631743894
0.3733766233766233	0.12100992649475485	9.022182472815802
0.3766233766233767	0.1157486253428091	9.02379161966278
0.37987012987012997	0.11048732419086325	9.025565256699876
0.38311688311688324	0.10522602303891741	9.027752755300552
0.3863636363636365	0.09996472188697156	9.03005263345438
0.3896103896103898	0.09470342073502573	9.032939366476247
0.39285714285714307	0.08944211958307985	9.036158746480467
0.39610389610389635	0.08418081843113401	9.03997620834649
0.39935064935064957	0.07891951727918811	9.044754606641554
0.40259740259740284	0.07365821612724223	9.050222283710655
0.405844155844156	0.06839691497529637	9.05689321228922
0.4090909090909093	0.0631356138233505	9.065660450954
0.4123376623376625	0.05787431267140463	9.076025350971031
0.44155844155844176	0.010522602303891746	9.441002689126448
0.4383116883116885	0.015783903455837623	9.498884342907973
0.4155844155844158	0.05261301151945874	9.08918043458606
0.43506493506493527	0.021045204607783502	9.49891410431142
0.431818181818182	0.02630650575972937	9.305068016484533
0.418831168831169	0.047351710367512866	9.107891463913932
0.4220779220779223	0.042090409215567	9.13166444998366
0.42857142857142877	0.03156780691167524	9.209937707093259
0.4253246753246755	0.036829108063621115	9.1619277363277
0.14935064935064912	0.4894773976961083	9.465626506899968
0.1525974025974024	0.4842160965441624	9.469642772662711
0.15584415584415562	0.47895479539221664	9.453895985263701
0.15909090909090884	0.47369349424027074	9.280934660187945
0.16233766233766206	0.46843219308832484	9.201363745152605
0.1655844155844153	0.4631708919363789	9.160700015547592
0.16883116883116855	0.4579095907844329	9.127175144893714
0.1720779220779218	0.45264828963248704	9.10487071404245
0.1753246753246751	0.4473869884805411	9.08827740837809
0.1785714285714284	0.4421256873285954	9.074620016101015
0.18181818181818177	0.43686438617664963	9.064005934509021
0.18506493506493513	0.43160308502470374	9.05588293793923
0.1883116883116884	0.4263417838727581	9.049049284683433
0.19155844155844157	0.4210804827208125	9.043420327716222
0.19480519480519462	0.41581918156886677	9.038848924344498
0.19805194805194748	0.41055788041692104	9.03495295085908
0.20129870129870023	0.40529657926497514	9.031637979247778
0.20454545454545295	0.4000352781130289	9.028725722982943
0.2077922077922059	0.3947739769610825	9.026293209337986
0.21103896103895936	0.3895126758091361	9.024141898990296
0.21428571428571322	0.38425137465718967	9.022304685987672
0.2175324675324675	0.37899007350524344	9.02066339645934
0.22077922077922205	0.37372877235329754	9.019261732162397
0.22402597402597654	0.36846747120135176	9.01798693244429
0.2272727272727313	0.3632061700494061	9.016884794450469
0.2305194708111781	0.3579448749820274	9.01589856650603
0.23376617725966872	0.3526836075174285	9.015022525761864
0.23701284790561297	0.34742237411056087	9.014258676657112
0.24025955321205564	0.34216112079609934	9.013577777656023
0.24350634760923648	0.33689979159439315	9.01295763224613
0.24675318706811414	0.33163841654762005	9.012424905062856
0.24999998041394011	0.32637707676007444	9.011948696285332
0.2532466953641414	0.3211157965742934	9.011531215938431
0.2564933675297137	0.31585454442930294	9.011157490046743
0.25974007290348367	0.3105932723798592	9.010841470536471
0.2629868671077311	0.30533194626215127	9.010557564209703
0.2662337065202462	0.30007059260900887	9.010321711963416
0.2694805039851966	0.29480926670816404	9.010123459558654
0.27272720486067165	0.28954799016940674	9.009956593311996
0.2759737593147446	0.28428672002288896	9.009818659880482
0.27922078696332076	0.2790252219846132	9.009716691191954
0.28249437782652714	0.2737448261412731	9.009641854192152
0.2858293092403114	0.2684593026847946	9.009593454430608
0.28936709155961476	0.2631834953876026	9.00958017399946
0.29294814588761053	0.25790792445442073	9.009592558111356
0.29665609377172397	0.2526356611782821	9.009626991771093
0.30036693066461834	0.24735918966789816	9.009688994206707
0.30409432374571216	0.24207930167820702	9.00977213978031
0.3078255731323947	0.23679834433940486	9.009878595685306
0.31138373346844633	0.23151574089121843	9.010012808639111
0.31484563218728545	0.2262405505936369	9.010165377650324
0.31814784553063247	0.22097619926574577	9.010341869023698
0.32141878797163914	0.21571356610738993	9.010549966202985
0.3246724601217681	0.21045202305030083	9.010778520306673
0.32792188820629553	0.2051907345517716	9.011036071820563
0.33116882121761165	0.19992944362448636	9.011330528744509
0.3344155844148962	0.19466814262100116	9.011649594899971
0.3376623376620019	0.189406841469503	9.012003713437238
0.3409090909089183	0.1841455403177881	9.012403131004119
0.34415584415574557	0.1788842391659717	9.012837235730144
0.3474025974025325	0.17362293801410003	9.013313334092267
0.35064935064930397	0.16836163686219932	9.01383696072245
0.35389610389607107	0.1631003357102829	9.014434129381256
0.3571428571428373	0.1578390345583549	9.015069372482406
0.3603896103895993	0.15257773340641986	9.015782316421777
0.3636363636363577	0.14731643225447968	9.016589892035588
0.36688311688311387	0.14205513110253656	9.017463947906796
0.3701298701298687	0.13679382995059183	9.018442039981474
0.37337662337662286	0.13153252879864638	9.019565637107403
0.3766233766233766	0.12627122764670068	9.020795941652516
0.37987012987012997	0.1210099264947549	9.022192725981858
0.38311688311688324	0.11574862534280907	9.023799898996058
0.38636363636363646	0.11048732419086323	9.025571739439327
0.38961038961038974	0.10522602303891743	9.02775756255138
0.392857142857143	0.09996472188697159	9.030055966475627
0.39610389610389635	0.09470342073502573	9.032941344812263
0.39935064935064957	0.08944211958307985	9.036159488231206
0.40259740259740284	0.08418081843113401	9.039975822205784
0.40584415584415606	0.07891951727918811	9.044753330004447
0.4090909090909093	0.07365821612724224	9.050220327460293
0.4123376623376625	0.06839691497529637	9.056890792933833
0.4155844155844158	0.0631356138233505	9.065657573538864
0.44805194805194826	0.010522602303891746	9.441015967800839
0.418831168831169	0.05787431267140461	9.076022074457809
0.44480519480519504	0.015783903455837623	9.498762264200876
0.44155844155844176	0.0210452046077835	9.498794809919948
0.4220779220779223	0.05261301151945874	9.089177208494648
0.4383116883116885	0.02630650575972937	9.305162101417823
0.43506493506493527	0.03156780691167524	9.209965086266466
0.4253246753246755	0.047351710367512866	9.107888099080037
0.42857142857142877	0.042090409215567	9.13166128261657
0.431818181818182	0.03682910806362111	9.161932169821448
0.15584415584415567	0.4894773976961083	9.464636825125114
0.1590909090909089	0.4842160965441625	9.467971540413371
0.1623376623376621	0.47895479539221664	9.453641055950172
0.1655844155844153	0.4736934942402708	9.28041825886759
0.16883116883116855	0.46843219308832484	9.200853078144114
0.17207792207792183	0.46317089193637884	9.160252001669209
0.1753246753246751	0.4579095907844329	9.126793724447866
0.17857142857142838	0.45264828963248704	9.104547928445664
0.18181818181818168	0.44738698848054126	9.088009368958772
0.18506493506493496	0.44212568732859553	9.074400794140217
0.18831168831168824	0.43686438617664974	9.06382964394278
0.19155844155844148	0.431603085024704	9.055744791371955
0.19480519480519454	0.42634178387275823	9.04894484596067
0.1980519480519476	0.4210804827208124	9.043344743583
0.20129870129870053	0.4158191815688664	9.038798543377668
0.20454545454545356	0.4105578804169204	9.034925067796463
0.20779220779220656	0.40529657926497414	9.031629966005427
0.21103896103895992	0.400035278113028	9.028734880733365
0.21428571428571352	0.394773976961082	9.026317055988898
0.21753246753246747	0.389512675809136	9.024178466581668
0.22077922077922152	0.38425137465719006	9.02235218579285
0.2240259740259756	0.37899007350524433	9.020720307138966
0.22727272727272982	0.37372877235329865	9.019326653403496
0.23051948051948443	0.3684674712013531	9.01805870805047
0.23376623376623987	0.3632061700494084	9.016962346182746
0.23701298701299642	0.35794486889746596	9.015980997159133
0.24025974025975227	0.35268356774552695	9.015109017047271
0.24350649350651277	0.3474222665935966	9.0143485063573
0.2467532467532402	0.34216096544166236	9.013670319608122
0.24999999999997516	0.33689966428971263	9.013052348912927
0.25324675324669865	0.3316383631377548	9.012521267309795
0.2564935064934353	0.3263770619857785	9.012046272447504
0.25974025974020476	0.3211157608337965	9.011629568496298
0.2629870129870389	0.3158544596818242	9.01125627956958
0.26623376623395206	0.31059315852990016	9.010940305473369
0.2694805194809189	0.3053318573780658	9.010656195307789
0.2727272727279494	0.3000705562264373	9.01041980346144
0.2759740259744637	0.29480925507464334	9.010220754345584
0.27922077922021465	0.2895479539229744	9.01005283039314
0.282467532463722	0.2842866527711575	9.009913667807119
0.28571548158039456	0.2790165134879498	9.009809967508225
0.2889660071214771	0.2737401040836776	9.009733213983763
0.29235387650142497	0.26845820715201235	9.009683807665953
0.2958014270555227	0.2631782047067015	9.009667024656265
0.29944588568956226	0.25790969790608537	9.009677661483748
0.30312960857666477	0.2526372945906446	9.009709240178191
0.30685295232971577	0.24735958454066373	9.00976820626292
0.3105878846682644	0.24207948290680756	9.009848352521088
0.3142920639807489	0.23679661762111204	9.009951365185573
0.3179869859828536	0.23150847089111837	9.010083882420565
0.32134237404359334	0.22624375824892456	9.010232076904927
0.32464728670368503	0.22097679165868755	9.010405549609608
0.3279155081503601	0.21571342186803266	9.010610522299087
0.33116754301242796	0.21045201392129376	9.010835922265697
0.33441517058226067	0.2051907354592375	9.01109028912276
0.33766233354902986	0.19992944371457044	9.011381555681787
0.34090909090871374	0.1946681426213095	9.0116974375831
0.34415584415562334	0.18940684146963935	9.012048383065121
0.34740259740245233	0.1841455403178576	9.012444650929085
0.3506493506492496	0.17888423916601293	9.012875650132285
0.353896103896033	0.17362293801413142	9.013348696261515
0.35714285714281485	0.16836163686222363	9.01386934273905
0.3603896103895858	0.16310033571030003	9.014463604224177
0.3636363636363505	0.1578390345583656	9.015096036528805
0.36688311688311054	0.15257773340642566	9.015806272542811
0.3701298701298672	0.14731643225448246	9.016611245183633
0.3733766233766222	0.14205513110253767	9.01748282220627
0.37662337662337614	0.13679382995059222	9.018458566488164
0.37987012987012975	0.1315325287986465	9.01957992213684
0.3831168831168832	0.1262712276467007	9.02080820647579
0.38636363636363646	0.12100992649475491	9.02220308704855
0.38961038961038974	0.1157486253428091	9.023808451879
0.39285714285714296	0.11048732419086331	9.025578646690738
0.3961038961038963	0.10522602303891748	9.027762931784759
0.39935064935064957	0.0999647218869716	9.03005998370888
0.40259740259740284	0.09470342073502575	9.032944117958051
0.405844155844156	0.08944211958307985	9.036161178235217
0.4090909090909093	0.084180818431134	9.039976536910906
0.4123376623376625	0.07891951727918811	9.044753121470121
0.4155844155844158	0.07365821612724223	9.050219388545768
0.418831168831169	0.06839691497529637	9.056889397849408
0.4220779220779223	0.0631356138233505	9.065655811263007
0.45454545454545475	0.010522602303891746	9.441030944133276
0.45129870129870153	0.015783903455837623	9.498642782535503
0.4253246753246755	0.057874312671404624	9.076019998568258
0.44805194805194826	0.0210452046077835	9.498674989872127
0.44480519480519504	0.026306505759729367	9.305258405850877
0.42857142857142877	0.05261301151945874	9.089175222528576
0.44155844155844176	0.03156780691167524	9.20999435642768
0.4383116883116885	0.036829108063621115	9.161938069630539
0.431818181818182	0.04735171036751287	9.107885872844891
0.43506493506493527	0.042090409215567004	9.131659914960238
0.16233766233766211	0.4894773976961083	9.463756671408381
0.16558441558441533	0.48421609654416237	9.466521873302078
0.16883116883116858	0.4789547953922165	9.45340602515443
0.17207792207792183	0.47369349424027063	9.279955166124559
0.1753246753246751	0.46843219308832473	9.200393602649156
0.17857142857142838	0.46317089193637884	9.15984577989508
0.18181818181818166	0.457909590784433	9.126445142481215
0.185064935064935	0.45264828963248716	9.104250383770419
0.18831168831168818	0.4473869884805413	9.087759992968595
0.19155844155844137	0.44212568732859564	9.074194756295485
0.19480519480519454	0.43686438617664985	9.063662036204489
0.19805194805194767	0.43160308502470396	9.055611634449896
0.20129870129870076	0.42634178387275806	9.048842335304519
0.2045454545454538	0.42108048272081194	9.043269081726592
0.20779220779220697	0.41581918156886594	9.038746139646127
0.21103896103896028	0.4105578804169199	9.034893275422425
0.21428571428571372	0.4052965792649738	9.031616697866992
0.21753246753246736	0.400035278113028	9.028737925804334
0.22077922077922119	0.39477397696108224	9.026334160263021
0.22402597402597504	0.38951267580913657	9.024207795173515
0.22727272727272896	0.38425137465719095	9.022392100111125
0.23051948051948304	0.37899007350524533	9.020769415319302
0.23376623376623754	0.3737287723532999	9.019383653175494
0.23701298701299237	0.3684674712013558	9.018122509635916
0.2402597402597467	0.3632061700494136	9.017031930045285
0.24350649350650316	0.3579448688974761	9.016055508107689
0.24675324675324267	0.35268356774553605	9.015187671575655
0.24999999999998632	0.34742226659358816	9.014430608976157
0.253246753246724	0.34216096544163593	9.013755256072328
0.2564935064934686	0.3368996642896742	9.013139580164797
0.2597402597402303	0.3316383631377096	9.012610271771775
0.26298701298702515	0.32637706198574995	9.012136623002545
0.26623376623386047	0.3211157608338174	9.011720837429847
0.26948051948072527	0.3158544596819328	9.011348123721687
0.2727272727276244	0.31059315853015546	9.011032339363753
0.27597402597426474	0.3053318573783035	9.01074815804475
0.2792207792207774	0.30007055622649326	9.01051136511532
0.2824675324671017	0.29480925507450867	9.010311656564433
0.2857142857127221	0.2895479539221058	9.01014281246386
0.28896133398280544	0.2842826429968178	9.010002427808436
0.29221138969093313	0.2790125773561626	9.009897412395206
0.29546530114961805	0.2737391046399367	9.009819208362147
0.2988368600368179	0.26846125120334663	9.009767958761744
0.30227704253805804	0.26318446074896823	9.009749067881751
0.3058952457822971	0.2579135121377587	9.009756891583692
0.30962541719192993	0.2526388447312339	9.009786636205497
0.3133459262886834	0.24735978971950975	9.00984257004153
0.31709046179401573	0.24207797723970367	9.009919936989979
0.320832847144393	0.236796101931764	9.010020368336724
0.32438175254136503	0.23151815035498458	9.010148151003463
0.32785212879953773	0.22624600576509393	9.010294776506704
0.3311471382785236	0.22097414658457143	9.01046542695367
0.33440870798957895	0.21571330140659276	9.01066734554311
0.3376615253447344	0.21045203455400593	9.010889835888236
0.34090877037947553	0.20519074153384154	9.011141253408129
0.34415579916515454	0.199929443127409	9.011429553940687
0.34740259740227786	0.19466814262147294	9.01174248065326
0.3506493506491279	0.18940684146974204	9.01209048450316
0.3538961038959511	0.18414554031793443	9.012483835735315
0.35714285714276733	0.17888423916606774	9.012911962340967
0.36038961038955986	0.17362293801416853	9.01338218825252
0.3636363636363362	0.16836163686224612	9.013900084140076
0.36688311688310327	0.1631003357103121	9.014491664900802
0.37012987012986387	0.15783903455837156	9.015121508151166
0.3733766233766207	0.1525777334064281	9.015829251903
0.3766233766233755	0.14731643225448332	9.016631830515516
0.3798701298701295	0.14205513110253792	9.017501131500566
0.38311688311688297	0.13679382995059225	9.018474715423382
0.3863636363636363	0.13153252879864652	9.019594021154004
0.3896103896103897	0.12627122764670076	9.020820462150963
0.39285714285714296	0.12100992649475496	9.022213580879232
0.3961038961038963	0.11574862534280916	9.023817288556437
0.3993506493506495	0.11048732419086336	9.025585975513918
0.4025974025974028	0.1052260230389175	9.027768848137045
0.405844155844156	0.09996472188697161	9.030064660716489
0.4090909090909093	0.09470342073502575	9.032947652157732
0.4123376623376625	0.08944211958307985	9.03616371052904
0.4155844155844158	0.08418081843113401	9.039978225084885
0.418831168831169	0.07891951727918811	9.04475401552024
0.4220779220779223	0.07365821612724223	9.050219603786912
0.4253246753246755	0.06839691497529637	9.056889081701195
0.42857142857142877	0.0631356138233505	9.065655112501895
0.46103896103896125	0.010522602303891746	9.441044588296757
0.4577922077922081	0.015783903455837623	9.498528210155662
0.45454545454545475	0.0210452046077835	9.498556465165715
0.431818181818182	0.057874312671404624	9.076018998794256
0.45129870129870153	0.026306505759729367	9.305355623915675
0.44805194805194826	0.03156780691167524	9.21002532289284
0.43506493506493527	0.05261301151945874	9.089174355876194
0.44480519480519504	0.036829108063621115	9.16194550467151
0.44155844155844176	0.04209040921556698	9.131660024171664
0.4383116883116885	0.047351710367512866	9.107884727296634
0.1688311688311686	0.48947739769610826	9.462972049095123
0.17207792207792183	0.4842160965441623	9.4652606369833
0.1753246753246751	0.47895479539221647	9.45319062042295
0.17857142857142838	0.47369349424027063	9.279539978383175
0.18181818181818163	0.4684321930883248	9.19998021430993
0.1850649350649349	0.46317089193637895	9.159477682745846
0.18831168831168812	0.45790959078443305	9.12612703683652
0.19155844155844134	0.4526482896324871	9.103976763473066
0.19480519480519448	0.44738698848054137	9.08752879991655
0.1980519480519477	0.44212568732859553	9.07400205271225
0.2012987012987009	0.4368643861766497	9.063503715653509
0.204545454545454	0.4316030850247038	9.055484390636918
0.20779220779220722	0.42634178387275784	9.048742940666473
0.21103896103896044	0.4210804827208117	9.043194402415802
0.21428571428571377	0.4158191815688657	9.038693091434007
0.21753246753246727	0.4105578804169198	9.034859224326192
0.22077922077922094	0.40529657926497403	9.031599693381535
0.2240259740259746	0.40003527811302836	9.028736266653299
0.22727272727272843	0.3947739769610828	9.026345895199542
0.23051948051948226	0.3895126758091374	9.024231213488848
0.23376623376623618	0.3842513746571919	9.022425685721599
0.23701298701299003	0.37899007350524666	9.020811899868661
0.2402597402597445	0.3737287723533024	9.019433835140404
0.24350649350649833	0.3684674712013609	9.018179367901878
0.24675324675324442	0.36320617004941824	9.01709450527545
0.24999999999999245	0.3579448688974714	9.016122989756155
0.2532467532467375	0.3526835677455222	9.015259311634077
0.25649350649348623	0.347422266593568	9.01450573964388
0.2597402597402437	0.3421609654416124	9.013833283752787
0.2629870129870184	0.33689966428965934	9.01321997862688
0.2662337662338137	0.33163836313772027	9.012692534277939
0.26948051948062407	0.3263770619858057	9.012220327772932
0.27272727272745156	0.32111576083395077	9.01180556566711
0.27597402597415416	0.3158544596820643	9.011433532304652
0.2792207792207991	0.31059315853020447	9.011118053086237
0.28246753246735173	0.3053318573782592	9.010833911353329
0.2857142857139021	0.30007055622617895	9.010596836106593
0.2889610389605801	0.2948092550739774	9.010396587319244
0.29220762982458	0.28954718254505696	9.01022691705662
0.29545446996783015	0.28428268197632184	9.010085583646449
0.2987057443434734	0.27901441695227175	9.009979388026082
0.30196043392325195	0.2737457803892058	9.00989983045769
0.3052929238888884	0.26846763473827945	9.009846542183828
0.30881561519976625	0.26319506955257105	9.009826704224393
0.3124244971726509	0.25792071438670683	9.009832120690833
0.31610427300156746	0.25264217301211994	9.009859026215693
0.3198465535992509	0.24735956678203955	9.009912411593227
0.3235843034546225	0.24207712191038658	9.009986981263927
0.3272770298352115	0.23679672503448823	9.010084143865756
0.3309028390433898	0.2315184469789958	9.01020985699102
0.334301560692212	0.22624265074280056	9.010353262699544
0.33764185068796704	0.22097413365053575	9.010521548391276
0.34090472630081214	0.2157130112375915	9.010720785560396
0.34415528331715006	0.21045204870335882	9.010940537094184
0.3474024097112965	0.20519074301774842	9.011189218245294
0.35064932163938645	0.19992944333301355	9.011474767511244
0.35389610389578385	0.1946681426216475	9.011784954974495
0.3571428571426652	0.18940684146986408	9.01213023544382
0.3603896103895041	0.1841455403180149	9.01252088925518
0.3636363636363073	0.17888423916611593	9.01294636178367
0.36688311688308933	0.17362293801419357	9.013413984554939
0.37012987012985726	0.16836163686225833	9.01392934407962
0.37337662337661764	0.16310033571031723	9.014518454901454
0.37662337662337403	0.15783903455837348	9.015145915015184
0.3798701298701286	0.15257773340642863	9.015851366134838
0.3831168831168825	0.1473164322544834	9.016651744278834
0.3863636363636362	0.142055131102538	9.017518955763299
0.3896103896103895	0.1367938299505924	9.018490550662351
0.39285714285714285	0.13153252879864663	9.019607990044328
0.39610389610389624	0.12627122764670087	9.020832738978548
0.3993506493506494	0.12100992649475506	9.022224231107694
0.4025974025974028	0.11574862534280918	9.023826417402946
0.405844155844156	0.11048732419086334	9.025593722756282
0.4090909090909093	0.10522602303891748	9.02777529650342
0.4123376623376625	0.0999647218869716	9.03006997426298
0.4155844155844158	0.09470342073502573	9.032951910714367
0.418831168831169	0.08944211958307986	9.036167049993962
0.4220779220779223	0.08418081843113398	9.039980779403306
0.4253246753246755	0.07891951727918811	9.044755857684281
0.42857142857142877	0.07365821612724223	9.050220866214874
0.431818181818182	0.06839691497529637	9.056889864635172
0.43506493506493527	0.0631356138233505	9.065655477810553
0.46753246753246774	0.01052260230389175	9.441053509309796
0.4642857142857146	0.01578390345583762	9.498421031822913
0.4610389610389613	0.02104520460778349	9.49844134059333
0.4577922077922081	0.026306505759729364	9.305452266901083
0.4383116883116885	0.05787431267140462	9.076019078840133
0.45454545454545475	0.03156780691167524	9.21005775971471
0.45129870129870153	0.03682910806362111	9.161954572188582
0.44155844155844176	0.05261301151945874	9.089174569879967
0.44805194805194826	0.04209040921556698	9.13166134155796
0.44480519480519504	0.047351710367512866	9.107884654631826
0.1753246753246751	0.4894773976961082	9.46226822498185
0.17857142857142838	0.48421609654416237	9.464159457887796
0.18181818181818166	0.4789547953922165	9.452994251124444
0.18506493506493485	0.4736934942402708	9.279167732126853
0.18831168831168807	0.4684321930883249	9.199608196865475
0.1915584415584413	0.463170891936379	9.159144215553598
0.1948051948051945	0.4579095907844331	9.125837027461328
0.19805194805194765	0.45264828963248716	9.103725596186797
0.2012987012987009	0.4473869884805412	9.087315054341476
0.20454545454545414	0.4421256873285954	9.07382251256373
0.2077922077922074	0.43686438617664963	9.063354952936741
0.21103896103896058	0.4316030850247037	9.055363632340038
0.21428571428571386	0.42634178387275773	9.048647495750787
0.21753246753246716	0.4210804827208117	9.043121488044639
0.22077922077922066	0.4158191815688659	9.038640350573163
0.22402597402597424	0.4105578804169201	9.034824097251642
0.22727272727272793	0.4052965792649745	9.03158023518833
0.23051948051948176	0.4000352781130289	9.028731072230181
0.2337662337662356	0.39477397696108363	9.026353381475813
0.23701298701298915	0.38951267580913845	9.024249826363375
0.24025974025974242	0.3842513746571932	9.022454005878936
0.24350649350649492	0.3789900735052482	9.020848767820697
0.2467532467532465	0.3737287723533032	9.019478150267053
0.24999999999999611	0.36846747120135825	9.018230179231482
0.2532467532467449	0.36320617004941097	9.017150913196202
0.2564935064934956	0.3579448688974609	9.01618423039473
0.2597402597402509	0.35268356774550996	9.015324675085694
0.26298701298701505	0.34742226659356024	9.014574588851074
0.2662337662337898	0.3421609654416178	9.013905049012697
0.2694805194805723	0.336899664289688	9.013294150640393
0.27272727272736336	0.3316383631377886	9.012768624095786
0.2759740259740909	0.32637706198587285	9.0122979229629
0.27922077922079147	0.3211157608339822	9.011884259270742
0.28246753246745665	0.31585445968205966	9.011512985216305
0.28571428571413277	0.3105931585300743	9.011197902348423
0.28896103896087316	0.3053318573780262	9.010913890488291
0.2922077922077626	0.3000705562259241	9.0106766328964
0.2954545454548616	0.29480925507384853	9.010475947283295
0.29870115903077227	0.28954745789713016	9.010305604616896
0.3019477871123237	0.28428457621817527	9.010163448958705
0.30519786956023265	0.2790194852116762	9.010056175327337
0.308482900061624	0.2737493124606522	9.00997559705439
0.31182597378682336	0.26847632344386924	9.009921073916933
0.3152267626397033	0.2632080924260521	9.009898130492408
0.3189153850129434	0.25792466938959274	9.00990223023939
0.32260712324509616	0.2526424387980072	9.009927192680545
0.32634417605570076	0.24735875722924403	9.009977909754204
0.33007403933187923	0.24207721000931728	9.010049859295576
0.3338063511700633	0.2367969329483055	9.010144817705902
0.3373421721370217	0.2315180404678465	9.01026711909953
0.3407890469304011	0.22624055612271352	9.010408520464866
0.3441262603925521	0.22097153087340715	9.01057431928483
0.3473947380359852	0.21571280778729074	9.010771015029531
0.3506480653463616	0.21045199777238616	9.010988272123312
0.35389577227214897	0.20519073943071106	9.011234419690238
0.3571428353420606	0.19992944340278213	9.011517422949689
0.3603896103893885	0.1946681426218111	9.011825075564339
0.3636363636362468	0.1894068414699643	9.012167838230868
0.3668831168830611	0.18414554031806765	9.012556000531093
0.37012987012984455	0.17888423916614163	9.012979023751717
0.3733766233766121	0.17362293801420403	9.013444246280882
0.37662337662337136	0.16836163686226233	9.013957269192241
0.379870129870127	0.16310033571031848	9.014544106164974
0.38311688311688136	0.15783903455837384	9.015169374209714
0.38636363636363524	0.15257773340642877	9.01587271746263
0.389610389610389	0.14731643225448363	9.016671074499227
0.3928571428571426	0.14205513110253823	9.017536367018495
0.39610389610389607	0.13679382995059255	9.018506131763848
0.3993506493506494	0.13153252879864677	9.019621874881324
0.4025974025974028	0.12627122764670096	9.020845065137378
0.40584415584415595	0.1210099264947551	9.022235058382124
0.4090909090909093	0.1157486253428092	9.023835846567907
0.4123376623376625	0.11048732419086334	9.02560188471869
0.4155844155844158	0.1052260230389175	9.027782263697473
0.418831168831169	0.0999647218869716	9.030075899810575
0.4220779220779223	0.09470342073502573	9.032956864331853
0.4253246753246755	0.08944211958307985	9.036171155825073
0.42857142857142877	0.08418081843113401	9.039984161174516
0.431818181818182	0.07891951727918811	9.044758578203137
0.43506493506493527	0.07365821612724224	9.050223049466277
0.4383116883116885	0.06839691497529637	9.056891648538986
0.44155844155844176	0.0631356138233505	9.06565686442351
0.47402597402597424	0.010522602303891753	9.44105429369702
0.470779220779221	0.01578390345583762	9.498323702870492
0.4675324675324678	0.021045204607783488	9.498331935843014
0.4642857142857146	0.026306505759729357	9.305546709015962
0.46103896103896125	0.03156780691167524	9.210091361594548
0.44480519480519504	0.05787431267140463	9.076020167306849
0.45779220779220803	0.0368291080636211	9.161965232072037
0.45454545454545475	0.04209040921556697	9.131663575262635
0.4480519480519483	0.052613011519458734	9.089175769259137
0.4512987012987016	0.04735171036751286	9.10788563939643
0.18181818181818163	0.4894773976961082	9.461633141754533
0.1850649350649349	0.48421609654416237	9.463194057937725
0.1883116883116881	0.47895479539221664	9.452816007770378
0.19155844155844126	0.4736934942402708	9.278833877561054
0.19480519480519445	0.4684321930883249	9.19927323790379
0.1980519480519477	0.463170891936379	9.158842106062544
0.2012987012987009	0.45790959078443305	9.125572794545173
0.20454545454545414	0.4526482896324871	9.103495346354277
0.20779220779220742	0.4473869884805411	9.087117863565558
0.2110389610389606	0.4421256873285954	9.073655756515864
0.21428571428571394	0.4368643861766495	9.06321575622866
0.21753246753246727	0.4316030850247036	9.055249682493764
0.22077922077922055	0.4263417838727577	9.048556523137671
0.224025974025974	0.4210804827208118	9.043051104977406
0.22727272727272743	0.4158191815688661	9.038588518303454
0.23051948051948104	0.4105578804169205	9.034788730505689
0.23376623376623487	0.4052965792649749	9.031559358450993
0.23701298701298848	0.4000352781130297	9.02872332430046
0.24025974025974195	0.3947739769610847	9.026357541688585
0.24350649350649478	0.38951267580913956	9.02426454712831
0.24675324675324684	0.384251374657194	9.02247795635195
0.2499999999999981	0.3789900735052479	9.020880878252624
0.2532467532467491	0.3737287723533011	9.019517416918204
0.2564935064935007	0.3684674712013532	9.018275721908187
0.2597402597402549	0.3632061700494047	9.01720189080698
0.2629870129870136	0.35794486889745675	9.016239926249826
0.26623376623377776	0.3526835677455126	9.015384418858673
0.2694805194805459	0.34742226659357484	9.014637775974066
0.27272727272731845	0.34216096544165275	9.013971135948722
0.2759740259740586	0.3368996642897222	9.013362647873718
0.279220779220785	0.33163836313780437	9.012839062594315
0.2824675324674936	0.32637706198587024	9.012369902692955
0.2857142857142166	0.3211157608339188	9.011957387370067
0.28896103896098807	0.3158544596819612	9.01158692967863
0.29220779220784554	0.31059315852998565	9.011272313913205
0.295454545454803	0.3053318573780039	9.010988504941404
0.29870129870182816	0.30007055622607026	9.010751149105182
0.3019480519488181	0.2948092550742543	9.010550117821987
0.30519479115727666	0.2895479071064057	9.010379207834786
0.30844154670131096	0.2842866098091716	9.010236329669462
0.3116892771078787	0.27902410511366316	9.010128069066653
0.31496756250477514	0.27375746666957507	9.010046239075002
0.31833215490779837	0.2684849755085578	9.009990600110429
0.3217786585394607	0.2632099256276215	9.0099664514865
0.32539975008900573	0.2579249926532569	9.00996793850233
0.3291116157414086	0.2526397057716789	9.009991174315202
0.33283939383641414	0.24735718208106935	9.010039389879728
0.33656299867595907	0.2420772098691053	9.010108900261535
0.3402511568976238	0.23679758252315128	9.010201079373692
0.3439164391630145	0.2315098181707516	9.010322208687851
0.34728376589278914	0.22624539778794414	9.010460404233394
0.35060795494259733	0.22097768605504678	9.01062371355191
0.3538872353020616	0.21571445498332142	9.010818289298127
0.35714102576816337	0.21045272792097483	9.011033249755245
0.36038936653898196	0.2051907871610938	9.011277082364343
0.36363631344872954	0.1999294429074535	9.01155773211766
0.36688311688300296	0.19466814262191798	9.011863042845915
0.37012987012981924	0.18940684147001627	9.012203481072701
0.37337662337660227	0.18414554031808897	9.012589345045045
0.3766233766233675	0.17888423916614993	9.013010110640705
0.3798701298701246	0.1736229380142068	9.013473122405246
0.3831168831168794	0.16836163686226313	9.013983994824079
0.3863636363636338	0.16310033571031893	9.014568740261048
0.389610389610388	0.15783903455837436	9.015191993380897
0.39285714285714196	0.15257773340642938	9.0158933998558
0.3961038961038957	0.14731643225448401	9.016689901775031
0.3993506493506492	0.14205513110253842	9.017553430833038
0.4025974025974027	0.13679382995059267	9.018521514992942
0.40584415584415595	0.13153252879864685	9.019635717341808
0.40909090909090934	0.12627122764670098	9.020857463598125
0.4123376623376625	0.1210099264947551	9.02224608077009
0.4155844155844158	0.1157486253428092	9.023845583471326
0.418831168831169	0.11048732419086334	9.025610458354892
0.4220779220779223	0.10522602303891748	9.027789736488911
0.4253246753246755	0.0999647218869716	9.030082415911538
0.4285714285714287	0.09470342073502573	9.032962483146585
0.431818181818182	0.08944211958307985	9.03617599281816
0.48051948051948074	0.010522602303891756	9.441044089557122
0.4350649350649352	0.08418081843113401	9.039988327948402
0.4383116883116886	0.07891951727918813	9.044762129607983
0.44155844155844187	0.07365821612724226	9.050226104600952
0.44480519480519515	0.06839691497529639	9.056894326684604
0.4480519480519483	0.0631356138233505	9.065659205600682
0.4772727272727275	0.015783903455837626	9.498238314436703
0.4740259740259743	0.021045204607783488	9.4982306537076
0.470779220779221	0.026306505759729346	9.30563725580488
0.46753246753246774	0.03156780691167522	9.210125696964994
0.46428571428571447	0.03682910806362109	9.161977424663691
0.4512987012987016	0.05787431267140461	9.076022243216725
0.4610389610389612	0.04209040921556695	9.131666699885548
0.4577922077922081	0.04735171036751284	9.107887644815696
0.45454545454545486	0.05261301151945871	9.089177908281515
0.1883116883116881	0.48947739769610826	9.461056898285994
0.19155844155844132	0.4842160965441625	9.462343917934161
0.1948051948051945	0.47895479539221664	9.452654811624187
0.1980519480519477	0.4736934942402708	9.27853428801768
0.2012987012987009	0.46843219308832484	9.198971433152577
0.20454545454545417	0.4631708919363789	9.158568333904581
0.20779220779220742	0.45790959078443294	9.125332128683338
0.2110389610389607	0.45264828963248704	9.10328447666235
0.21428571428571397	0.44738698848054115	9.086936254563717
0.21753246753246722	0.4421256873285954	9.073501261299164
0.22077922077922055	0.4368643861766495	9.063085961933124
0.22402597402597388	0.4316030850247037	9.055142655649789
0.2272727272727272	0.42634178387275773	9.048470340651773
0.2305194805194807	0.42108048272081205	9.042983725440449
0.23376623376623415	0.4158191815688664	9.038538138779169
0.23701298701298765	0.41055788041692093	9.03475369167998
0.24025974025974106	0.4052965792649754	9.031537801548867
0.24350649350649425	0.4000352781130303	9.028713853552128
0.24675324675324714	0.394773976961085	9.026359144486138
0.2499999999999993	0.38951267580913923	9.024276126797341
0.25324675324675117	0.3842513746571927	9.022498288227103
0.2564935064935034	0.37899007350524566	9.020908962624206
0.25974025974025694	0.3737287723532982	9.01955233834822
0.26298701298701294	0.368467471201351	9.018316670849472
0.26623376623377176	0.36320617004940586	9.01724808302764
0.2694805194805326	0.3579448688974642	9.01629069172778
0.2727272727272956	0.35268356774553045	9.01543912725469
0.27597402597404225	0.34742226659359227	9.014695856119049
0.27922077922078187	0.34216096544166064	9.014032071821672
0.2824675324675125	0.33689966428972057	9.013425971726521
0.2857142857142509	0.3316383631377717	9.012904326736335
0.2889610389610146	0.3263770619858198	9.01243672175316
0.2922077922078333	0.3211157608338887	9.01202538419227
0.29545454545472116	0.31585445968198705	9.011655781743245
0.2987012987016507	0.3105931585301039	9.011341686734069
0.3019480519485475	0.305331857378241	9.011058139076125
0.3051948051953107	0.3000705562264119	9.010820755999335
0.3084415584418491	0.29480925507460115	9.01061945708001
0.3116883132515402	0.28954795989457843	9.010448048973553
0.3149350892830193	0.28428670842479525	9.010304492004332
0.31818193773303816	0.2790256027130918	9.010195346613486
0.3214553990764492	0.27376101515266477	9.010112393342355
0.32477521330168513	0.2684919505339198	9.010055164121527
0.32832105828558855	0.2632052752070381	9.010030332045304
0.33191092429680596	0.2579195326792911	9.010029839861199
0.3356194038892979	0.2526355476761017	9.010051265118493
0.33932985752550904	0.2473549284019161	9.010097102521586
0.34303989100788274	0.24207719800380992	9.010164295112245
0.3467258764149546	0.23680007860416855	9.010254222238068
0.3503153100033667	0.23152535579086156	9.0103722364922
0.3538145822092207	0.22625126238073165	9.010509482828285
0.3571098954910777	0.22098435539498798	9.010670395047038
0.3603820418839103	0.21571731066135533	9.010862851891838
0.36363526276124164	0.21045314159823578	9.011075741381434
0.36688302817097734	0.20519074339235455	9.011317420578406
0.3701298422022075	0.19992944329131693	9.011595893739523
0.3733766233765819	0.19466814262196316	9.011899043720364
0.37662337662335993	0.1894068414700335	9.012237339152847
0.3798701298701224	0.18414554031809438	9.012621085848266
0.3831168831168785	0.17888423916615193	9.013039773092382
0.38636363636363247	0.17362293801420847	9.013500750903008
0.38961038961038635	0.16836163686226435	9.0140096461517
0.39285714285714096	0.16310033571032012	9.014592469451687
0.3961038961038951	0.15783903455837517	9.015213871782054
0.3993506493506489	0.15257773340642986	9.015913500026889
0.40259740259740245	0.1473164322544843	9.01670830009344
0.4058441558441559	0.1420551311025385	9.01757020739357
0.4090909090909092	0.1367938299505927	9.018536754260124
0.4123376623376625	0.13153252879864688	9.0196495535829
0.4155844155844158	0.12627122764670098	9.02086995878411
0.418831168831169	0.12100992649475507	9.022257313607577
0.4220779220779223	0.11574862534280916	9.02385563428375
0.4253246753246755	0.11048732419086332	9.025619440426029
0.4285714285714287	0.10522602303891745	9.027797703004666
0.43181818181818193	0.09996472188697163	9.030089502427266
0.4350649350649352	0.09470342073502575	9.0329687394732
0.4870129870129873	0.010522602303891753	9.441021420393996
0.4383116883116885	0.0894421195830799	9.036181526450212
0.48376623376623396	0.015783903455837633	9.498166110382371
0.44155844155844176	0.08418081843113402	9.039993240948574
0.44480519480519515	0.07891951727918814	9.044766466297487
0.4480519480519483	0.07365821612724226	9.050229980904108
0.45129870129870164	0.06839691497529637	9.056897852912426
0.45454545454545486	0.06313561382335048	9.065662412382316
0.4805194805194808	0.0210452046077835	9.498139771937963
0.4772727272727275	0.026306505759729357	9.305722271202873
0.47402597402597424	0.031567806911675204	9.210160223762268
0.47077922077922096	0.03682910806362108	9.161991083838432
0.4675324675324677	0.04209040921556695	9.131670659157118
0.4577922077922081	0.05787431267140459	9.076025224921295
0.46428571428571447	0.047351710367512824	9.107890557993285
0.4610389610389613	0.05261301151945869	9.089180954584519
0.19480519480519448	0.4894773976961083	9.460531443536754
0.1980519480519477	0.48421609654416237	9.461591838116915
0.20129870129870092	0.4789547953922165	9.452509553217403
0.20454545454545423	0.4736934942402707	9.278265267321665
0.20779220779220742	0.4684321930883248	9.198699278515335
0.2110389610389607	0.46317089193637884	9.158320141887996
0.21428571428571397	0.457909590784433	9.125112960006113
0.21753246753246724	0.45264828963248704	9.103091492230632
0.2207792207792205	0.4473869884805412	9.086769221402532
0.2240259740259738	0.4421256873285953	9.073358419694786
0.22727272727272707	0.4368643861766495	9.062965283179407
0.23051948051948043	0.43160308502470374	9.055042515439053
0.23376623376623384	0.42634178387275806	9.048389120812407
0.23701298701298726	0.4210804827208124	9.04291965630843
0.2402597402597406	0.4158191815688667	9.038489669002084
0.2435064935064938	0.41055788041692143	9.034719360401963
0.24675324675324675	0.4052965792649758	9.031516102255729
0.24999999999999928	0.4000352781130302	9.028703331553766
0.25324675324675205	0.3947739769610841	9.026358836046471
0.25649350649350483	0.38951267580913757	9.024285187608472
0.2597402597402582	0.3842513746571909	9.022515629472126
0.2629870129870127	0.3789900735052441	9.020933642362737
0.2662337662337687	0.37372877235329843	9.019583518382623
0.2694805194805258	0.36846747120135454	9.018353610878053
0.27272727272728403	0.363206170049415	9.017290053817362
0.2759740259740339	0.35794486889747307	9.01633706868607
0.2792207792207802	0.3526835677455344	9.015489319715968
0.2824675324675221	0.3474222665935913	9.014749326515025
0.28571428571426816	0.3421609654416437	9.014088332324642
0.28896103896102737	0.3368996642896946	9.013484577609391
0.29220779220781523	0.3316383631377563	9.012964852513212
0.2954545454546392	0.32637706198583355	9.01249879831711
0.2987012987014867	0.32111576083396737	9.012088651199464
0.3019480519483383	0.31585445968213693	9.011719927989985
0.3051948051951303	0.3105931585302932	9.011406393208057
0.30844155844178706	0.30533185737840873	9.011123153279442
0.3116883116882837	0.3000705562264648	9.010885802222065
0.31493506493467227	0.2948092550744285	9.010684303064364
0.3181818239489564	0.28954797726151055	9.010512472778489
0.32142860238132415	0.2842867492506189	9.010368315320699
0.3246753577011359	0.27902553903525645	9.010258350872755
0.3279220779213315	0.27376405046766256	9.010174200236227
0.3313054183773012	0.26848546645506216	9.01011634534859
0.33476477089915907	0.26319970164869577	9.010089401868898
0.338407887076565	0.25791107122029155	9.010087809561647
0.34211674485908494	0.25263086590236294	9.010107641774885
0.3458176181387826	0.24735268863005103	9.010151339130735
0.34952872121167045	0.24207817189541506	9.010216479296709
0.3532508491174646	0.23680778232706537	9.010304543347303
0.3568450398677445	0.23153505457151766	9.010420444125813
0.3602588293107698	0.22626076545935137	9.010555064664713
0.3636149659648942	0.22098762706280908	9.010714547673205
0.3668802263849922	0.21571722559702158	9.01090507370852
0.37012934200332565	0.21045301298293814	9.011115949925168
0.3733765661125826	0.20519078165802454	9.011355621396918
0.37662336588728107	0.19992944358834727	9.011632092771213
0.379870129870116	0.1946681426219761	9.011933252574863
0.38311688311687564	0.18940684147003806	9.012269575650649
0.38636363636363114	0.18414554031809702	9.012651374613368
0.38961038961038513	0.17888423916615412	9.013068151049934
0.39285714285713963	0.17362293801421036	9.013527259794612
0.39610389610389385	0.16836163686226593	9.014034339197762
0.39935064935064807	0.16310033571032106	9.014615397650699
0.402597402597402	0.15783903455837572	9.01523510122975
0.4058441558441557	0.1525777334064302	9.015933098316482
0.40909090909090917	0.1473164322544844	9.016726337299604
0.4123376623376625	0.14205513110253856	9.017586752705862
0.4155844155844159	0.1367938299505927	9.018551901353845
0.41883116883116916	0.13153252879864683	9.019663413266825
0.4220779220779223	0.1262712276467009	9.020882577512475
0.4253246753246755	0.12100992649475499	9.022268771352847
0.4285714285714286	0.11574862534280915	9.023866004422802
0.4318181818181819	0.11048732419086332	9.025628827906202
0.4350649350649351	0.1052260230389175	9.02780615216821
0.4383116883116884	0.09996472188697168	9.030097140742965
0.4415584415584417	0.09470342073502581	9.032975607917448
0.4935064935064938	0.01052260230389175	9.440986900723145
0.49025974025974045	0.015783903455837626	9.498106948976682
0.44480519480519515	0.08944211958307992	9.036187724978587
0.48701298701298734	0.021045204607783502	9.498061187139314
0.4480519480519483	0.08418081843113401	9.03999886235229
0.45129870129870164	0.07891951727918811	9.044771548990637
0.45454545454545486	0.0736582161272422	9.05023463268232
0.4577922077922081	0.06839691497529632	9.056902176548833
0.4610389610389613	0.06313561382335044	9.065666438376724
0.4837662337662339	0.02630650575972937	9.305800361966755
0.48051948051948074	0.03156780691167523	9.210194322747126
0.4772727272727275	0.036829108063621094	9.162006113054643
0.47402597402597424	0.042090409215566976	9.131675441776336
0.4707792207792208	0.04735171036751284	9.107894282686535
0.46428571428571447	0.05787431267140456	9.076029030537121
0.4675324675324677	0.052613011519458706	9.089184849779278
0.201298701298701	0.48947739769610826	9.460050190038936
0.2045454545454542	0.4842160965441623	9.460923407327725
0.20779220779220745	0.47895479539221647	9.452379174471787
0.21103896103896075	0.47369349424027063	9.27802353534008
0.21428571428571397	0.46843219308832473	9.198453648991922
0.21753246753246724	0.4631708919363789	9.158095032490463
0.22077922077922052	0.4579095907844329	9.124913373404064
0.2240259740259738	0.45264828963248704	9.102914966158005
0.22727272727272707	0.4473869884805411	9.086615761387149
0.23051948051948035	0.4421256873285954	9.073226579360822
0.23376623376623362	0.43686438617664963	9.062853350531563
0.23701298701298698	0.43160308502470385	9.054949126832922
0.2402597402597404	0.42634178387275823	9.048312908022579
0.24350649350649362	0.42108048272081267	9.042859083390844
0.24675324675324664	0.41581918156886694	9.038443400360897
0.24999999999999956	0.41055788041692115	9.034686090530057
0.25324675324675244	0.4052965792649752	9.031494624025719
0.2564935064935054	0.400035278113029	9.02869223981517
0.25974025974025866	0.3947739769610826	9.02635716082838
0.2629870129870125	0.38951267580913634	9.024292247232196
0.26623376623376716	0.38425137465719067	9.022530501637162
0.2694805194805224	0.3789900735052456	9.02095544355136
0.2727272727272781	0.3737287723533028	9.019611474884611
0.27597402597402965	0.368467471201359	9.018387048376999
0.2792207792207793	0.36320617004941697	9.01732829603872
0.2824675324675269	0.3579448688974725	9.016379534812032
0.2857142857142767	0.3526835677455256	9.015535457878412
0.2889610389610334	0.34742226659357794	9.014798632421352
0.2922077922078051	0.3421609654416358	9.01414034647835
0.2954545454545954	0.33689966428970175	9.013538878980812
0.2987012987013982	0.3316383631377972	9.013021038229178
0.30194805194820334	0.3263770619859116	9.012556516606038
0.30519480519495473	0.32111576083407384	9.012147559231217
0.3084415584416746	0.315854459682214	9.011779727203319
0.3116883116883262	0.3105931585302833	9.011466780518573
0.3149350649349012	0.3053318573782671	9.011183884530558
0.31818181818146546	0.3000705562261727	9.0109466149185
0.32142857142812825	0.29480925507401784	9.01074497458282
0.3246753279031821	0.2895479695715127	9.010572789903662
0.32792208671504636	0.284286698697524	9.010428102380304
0.3311688311693145	0.27902535161821224	9.010317413565533
0.3344155844137123	0.2737640504663542	9.010232355504789
0.33774009301641816	0.2684838327902547	9.010172983424958
0.3413138502969379	0.2631912130450014	9.010145725486923
0.34491851281575747	0.2579041765850896	9.010142416759239
0.34861518569083444	0.2526273506009158	9.01016065787198
0.3523085372927705	0.24735137806511318	9.010202398676894
0.35603302818612903	0.24208049959661015	9.010265709708392
0.35975696374801824	0.23681408949418659	9.010351824499255
0.3632902577360408	0.23153788765719563	9.01046544068206
0.3667833743381934	0.22626308918822605	9.010598784300713
0.3700976437735319	0.22098616804923374	9.01075627416764
0.3733748719372468	0.215715372723384	9.01094506488525
0.376623330217696	0.21045209864468206	9.01115407953393
0.3798701095291051	0.20519075714824672	9.011391874977319
0.38311687970151237	0.19992944371488175	9.011666502301425
0.38636363636362714	0.19466814262198232	9.011965832193058
0.389610389610383	0.18940684147004194	9.01230034272956
0.3928571428571378	0.18414554031810015	9.012680352625098
0.3961038961038927	0.17888423916615637	9.013095374739175
0.3993506493506471	0.173622938014212	9.013552768107997
0.4025974025974013	0.16836163686226702	9.014058181751333
0.40584415584415523	0.1631003357103217	9.014637621284253
0.4090909090909088	0.15783903455837614	9.015255767000971
0.41233766233766245	0.15257773340643035	9.015952269314674
0.41558441558441594	0.14731643225448446	9.016744075337963
0.4188311688311692	0.1420551311025385	9.017603120715032
0.4220779220779225	0.13679382995059255	9.018567000648105
0.42532467532467555	0.13153252879864666	9.019677322340867
0.42857142857142855	0.12627122764670082	9.020895342941797
0.4318181818181817	0.12100992649475499	9.022280468500297
0.43506493506493493	0.11574862534280923	9.023876699422791
0.4383116883116884	0.11048732419086348	9.025638618159626
0.4415584415584417	0.10522602303891763	9.027815073812194
0.44480519480519504	0.09996472188697175	9.030105313728955
0.4480519480519483	0.0947034207350258	9.03298306494421
0.5000000000000003	0.01052260230389175	9.440948278815663
0.49675324675324695	0.015783903455837623	9.498059265395353
0.49350649350649384	0.0210452046077835	9.497996055785231
0.4512987012987017	0.08944211958307985	9.036194558893698
0.49025974025974045	0.02630650575972937	9.305870605429483
0.45454545454545486	0.08418081843113392	9.040005158203718
0.4577922077922081	0.07891951727918801	9.044777338568709
0.4610389610389613	0.07365821612724212	9.050240017719963
0.46428571428571447	0.06839691497529625	9.056907250134659
0.4675324675324677	0.06313561382335037	9.065671226877244
0.4870129870129872	0.03156780691167523	9.21022732772686
0.4837662337662339	0.03682910806362111	9.162022360338312
0.48051948051948074	0.04209040921556698	9.131681056649422
0.47727272727272735	0.04735171036751288	9.107898725257256
0.47402597402597424	0.05261301151945872	9.08918953343329
0.4707792207792208	0.057874312671404575	9.076033611732909
0.2077922077922075	0.4894773976961082	9.459607680654527
0.21103896103896075	0.48421609654416237	9.460326503006167
0.21428571428571397	0.4789547953922165	9.45226271727668
0.21753246753246724	0.47369349424027063	9.277806201578107
0.22077922077922052	0.4684321930883248	9.198231769711997
0.2240259740259738	0.46317089193637884	9.15789075458129
0.22727272727272707	0.4579095907844329	9.12473161213862
0.23051948051948035	0.45264828963248704	9.102753554899644
0.23376623376623362	0.44738698848054126	9.086474898369206
0.23701298701298687	0.44212568732859553	9.073105070300487
0.2402597402597401	0.43686438617664974	9.06274974730995
0.24350649350649334	0.431603085024704	9.054862280240485
0.24675324675324653	0.4263417838727582	9.048241658020133
0.2499999999999996	0.4210804827208124	9.042802101244215
0.25324675324675266	0.41581918156886655	9.0383995170658
0.2564935064935057	0.4105578804169206	9.03465417245238
0.2597402597402589	0.4052965792649745	9.031473627774849
0.26298701298701244	0.4000352781130283	9.028680947365324
0.26623376623376627	0.39477397696108235	9.026354569715295
0.2694805194805205	0.38951267580913695	9.024297738519238
0.27272727272727504	0.3842513746571926	9.02254333864137
0.2759740259740274	0.37899007350524766	9.020974810999435
0.2792207792207789	0.3737287723533036	9.019636651638208
0.2824675324675293	0.36846747120135853	9.018417421539752
0.285714285714281	0.3632061700494122	9.01736324023006
0.28896103896103625	0.3579448688974654	9.01641851111941
0.2922077922077993	0.35268356774552156	9.015577951957654
0.295454545454572	0.3474222665935818	9.014844172521537
0.29870129870135137	0.3421609654416571	9.014188501155887
0.30194805194813185	0.3368996642897422	9.013589251121324
0.30519480519488484	0.3316383631378525	9.013073247622797
0.3084415584416213	0.326377061985952	9.012610229460934
0.3116883116882681	0.3211157608340548	9.01220245059107
0.3149350649349603	0.3158544596820907	9.011835512085371
0.3181818181816391	0.3105931585300634	9.011523171878585
0.32142857142835074	0.3053318573779936	9.01124064769226
0.3246753246751565	0.30007055622591244	9.011003501005616
0.3279220779220959	0.29480925507386385	9.010801770961258
0.33116883164674366	0.28954795748855483	9.010629293157878
0.33441558441643093	0.2842866527702687	9.010484145510922
0.33766233766372955	0.2790253516192021	9.010372811545166
0.34090909091528304	0.2737640504689765	9.010286924441518
0.34430239499750376	0.26847268828446486	9.010227092776132
0.34777230966491485	0.263177938815054	9.010197882734895
0.3514307767719185	0.257900720302072	9.010193776487247
0.3551087992318313	0.2526250981223326	9.01021052755865
0.3588019103763412	0.24735101458373132	9.01025050009087
0.3625290724523798	0.24208138829710102	9.010312052833568
0.36619281934698883	0.23681052424092983	9.010396095118168
0.3698264052035767	0.23153865769357096	9.010508573176885
0.3732805567147932	0.22625760231901496	9.01064012426852
0.37660756982636023	0.2209801964774614	9.010796070441236
0.3798701093848018	0.21571339843099535	9.0109829837549
0.3831168718603105	0.2104520549890173	9.011190243557577
0.38636363017514114	0.20519074796238848	9.011426348653153
0.3896103886443652	0.19992944375722874	9.011699284023992
0.39285714285713463	0.1946681426219881	9.011996934632068
0.3961038961038908	0.18940684147004605	9.012329782456469
0.39935064935064574	0.18414554031810246	9.01270815170412
0.40259740259740023	0.178884239166158	9.013121565575695
0.4058441558441544	0.1736229380142131	9.013577386762362
0.40909090909090845	0.1683616368622678	9.014081274193137
0.4123376623376624	0.1631003357103222	9.014659230090269
0.41558441558441617	0.1578390345583763	9.015275948675663
0.4188311688311696	0.15257773340643024	9.015971082125747
0.4220779220779228	0.14731643225448415	9.016761571568315
0.42532467532467577	0.14205513110253817	9.017619364831484
0.42857142857142855	0.13679382995059233	9.018582091209884
0.4318181818181815	0.13153252879864666	9.01969130522773
0.43506493506493465	0.12627122764670098	9.020908275964779
0.43831168831168804	0.12100992649475528	9.02229241825757
0.44155844155844154	0.11574862534280954	9.023887724559364
0.5064935064935069	0.010522602303891748	9.440909825272941
0.4448051948051952	0.11048732419086364	9.025648808938572
0.44805194805194853	0.10522602303891765	9.027824458648888
0.4512987012987018	0.09996472188697163	9.03011400555855
0.454545454545455	0.09470342073502562	9.03299108871778
0.5032467532467535	0.015783903455837623	9.498011834409716
0.5000000000000003	0.0210452046077835	9.49794349442868
0.49675324675324695	0.026306505759729367	9.305932704000869
0.45779220779220814	0.08944211958307968	9.036202001026142
0.4935064935064937	0.03156780691167523	9.210258577672905
0.4610389610389613	0.08418081843113379	9.040012096306315
0.4642857142857144	0.07891951727918793	9.044783798220827
0.46753246753246763	0.07365821612724213	9.050246094606022
0.4707792207792208	0.06839691497529628	9.056913030637567
0.47402597402597424	0.06313561382335044	9.065676727305513
0.49025974025974045	0.0368291080636211	9.162039588266774
0.48701298701298723	0.04209040921556699	9.131687538613216
0.4837662337662339	0.047351710367512866	9.107903807989063
0.48051948051948074	0.05261301151945875	9.089194948997173
0.4772727272727274	0.05787431267140462	9.076038919183711
0.214285714285714	0.4894773976961082	9.459199327842185
0.21753246753246724	0.48421609654416237	9.459790883398854
0.22077922077922052	0.47895479539221647	9.45215935577068
0.22402597402597374	0.47369349424027063	9.277610728853348
0.22727272727272707	0.4684321930883248	9.19803118382445
0.23051948051948035	0.46317089193637884	9.157705282144962
0.23376623376623362	0.457909590784433	9.124566073836283
0.23701298701298687	0.45264828963248704	9.102606006110106
0.24025974025974006	0.4473869884805413	9.086345697702852
0.2435064935064933	0.4421256873285956	9.072993226647442
0.24675324675324647	0.43686438617664985	9.06265403068298
0.24999999999999964	0.4316030850247039	9.054781716714338
0.25324675324675283	0.42634178387275795	9.048175265346757
0.25649350649350594	0.42108048272081205	9.04274872239697
0.2597402597402591	0.41581918156886616	9.038358126882267
0.26298701298701244	0.41055788041692026	9.034623795324023
0.266233766233766	0.4052965792649743	9.031453306407444
0.26948051948051965	0.4000352781130285	9.028669715375628
0.2727272727272731	0.39477397696108296	9.026351401316377
0.2759740259740262	0.38951267580913806	9.024302024613844
0.2792207792207786	0.3842513746571928	9.02255450290096
0.28246753246753037	0.3789900735052472	9.020992120148746
0.28571428571428287	0.37372877235330115	9.019659428611584
0.28896103896103736	0.3684674712013549	9.01844510952985
0.2922077922077959	0.3632061700494101	9.017395262510538
0.29545454545455946	0.3579448688974674	9.016454368709212
0.2987012987013265	0.35268356774553267	9.01561716651792
0.301948051948094	0.3474222665936028	9.014886303829586
0.30519480519484743	0.342160965441686	9.014233145235425
0.3084415584415921	0.33689966428976365	9.013636034637754
0.31168831168829014	0.33163836313784323	9.013121812801183
0.31493506493501205	0.32637706198588873	9.012660260786062
0.3181818181817276	0.32111576083390336	9.012253641074329
0.32142857142846065	0.31585445968189757	9.01188759089225
0.3246753246752416	0.31059315852988506	9.011575867966934
0.327922077922091	0.3053318573778855	9.011293736758622
0.33116883116901213	0.30007055622592654	9.011056747750088
0.33441558441598057	0.29480925507403977	9.01085497315948
0.33766233766293935	0.28954795392232985	9.010682258862152
0.3409090909099725	0.2842866527709969	9.010536715253851
0.34415584415766376	0.279025351620404	9.010424812268111
0.347402597406113	0.2737640504718839	9.010338177695488
0.3507648772774979	0.2684631962672865	9.010277173049234
0.35431172929968757	0.2631782220446439	9.010247638794555
0.35792094723865553	0.2578984435703262	9.010241976668539
0.36159435322941563	0.2526237548944988	9.01025745483421
0.3652935677630395	0.24735060707493017	9.010295831178142
0.3690148399930463	0.24207985875696703	9.010355746173259
0.3727302155668177	0.23681069252309742	9.010438522684632
0.3763521033835293	0.2315350062941277	9.010549379669099
0.37974906049483437	0.22625473028025855	9.01067905848145
0.38310343613983966	0.2209774922933711	9.010833637486085
0.3863636346591597	0.2157133472002549	9.011018926779267
0.38961038590124525	0.21045204822572527	9.011224646033405
0.39285714111581643	0.20519074559432937	9.011459203693933
0.39610389585183764	0.19992944376957741	9.011730589616816
0.3993506493506433	0.19466814262199214	9.012026702272863
0.40259740259739846	0.1894068414700485	9.012358027733512
0.405844155844153	0.18414554031810423	9.01273489508022
0.4090909090909076	0.17888423916615945	9.013146837009899
0.41233766233766206	0.1736229380142141	9.013601219376783
0.4155844155844164	0.16836163686226824	9.01410371023826
0.41883116883117016	0.16310033571032204	9.014680307915016
0.4220779220779234	0.1578390345583757	9.015295720777805
0.42532467532467605	0.15257773340642952	9.015989600637111
0.42857142857142855	0.14731643225448368	9.01677888069279
0.43181818181818116	0.14205513110253812	9.017635537441008
0.4350649350649342	0.13679382995059267	9.018597205645648
0.4383116883116876	0.1315325287986472	9.019705392756366
0.44155844155844143	0.12627122764670154	9.020921396654115
0.4448051948051952	0.12100992649475562	9.02230463308588
0.44805194805194876	0.1157486253428096	9.023899084959156
0.5129870129870134	0.010522602303891746	9.440869965923978
0.5097402597402599	0.015783903455837623	9.497968923613458
0.45129870129870214	0.11048732419086345	9.02565939835904
0.4545454545454554	0.10522602303891737	9.027834298190383
0.45779220779220836	0.09996472188697136	9.030123201573906
0.4610389610389613	0.09470342073502547	9.032999658957815
0.5064935064935068	0.0210452046077835	9.497901793144997
0.5032467532467534	0.026306505759729367	9.30598780499904
0.5000000000000002	0.03156780691167524	9.210287667759387
0.46428571428571436	0.08944211958307963	9.036210025828579
0.49675324675324695	0.0368291080636211	9.162057469266777
0.4675324675324675	0.08418081843113383	9.040019646305707
0.4707792207792206	0.07891951727918801	9.044790893178309
0.474025974025974	0.07365821612724223	9.050252824678969
0.47727272727272735	0.06839691497529636	9.056919475754738
0.48051948051948074	0.06313561382335049	9.065682896016762
0.4935064935064937	0.04209040921556697	9.131694941003568
0.49025974025974045	0.047351710367512845	9.107909472479816
0.4870129870129873	0.05261301151945873	9.08920104366726
0.4837662337662339	0.05787431267140462	9.076044906892392
0.22077922077922052	0.48947739769610826	9.458821277909367
0.22402597402597374	0.48421609654416237	9.459307840026723
0.22727272727272707	0.47895479539221647	9.452068414652564
0.23051948051948026	0.4736934942402707	9.277434889097806
0.2337662337662336	0.46843219308832484	9.19784972061826
0.23701298701298687	0.463170891936379	9.157536786416232
0.2402597402597401	0.45790959078443305	9.124415300852577
0.24350649350649328	0.4526482896324872	9.102471162694245
0.24675324675324645	0.44738698848054137	9.086227277888378
0.24999999999999967	0.44212568732859553	9.07289040080289
0.25324675324675283	0.4368643861766497	9.062565747490119
0.25649350649350605	0.43160308502470374	9.054707147357918
0.2597402597402593	0.42634178387275784	9.048113576583411
0.2629870129870126	0.42108048272081194	9.042698901931962
0.26623376623376593	0.4158191815688661	9.038319283794815
0.2694805194805193	0.4105578804169203	9.034595075850802
0.2727272727272728	0.40529657926497464	9.031433854208442
0.27597402597402576	0.400035278113029	9.028658724329986
0.2792207792207785	0.3947739769610832	9.026347910200826
0.2824675324675309	0.3895126758091374	9.024305407796026
0.28571428571428364	0.38425137465719145	9.022564295599723
0.2889610389610376	0.37899007350524533	9.021007685737395
0.29220779220779375	0.3737287723533001	9.01968013018391
0.2954545454545525	0.368467471201356	9.018470440238294
0.2987012987013132	0.36320617004941586	9.017424691487834
0.301948051948074	0.35794486889747845	9.016487434776819
0.3051948051948276	0.35268356774554777	9.015653425652951
0.3084415584415763	0.347422266593614	9.014925346133474
0.3116883116883008	0.3421609654416816	9.014274593395198
0.3149350649350375	0.336899664289731	9.013679538696579
0.318181818181771	0.33163836313776457	9.013167036975561
0.3214285714285153	0.32637706198578914	9.01270690786117
0.3246753246752873	0.32111576083381377	9.012301421898444
0.327922077922096	0.3158544596818476	9.011936249091834
0.33116883116893714	0.31059315852989877	9.01162514832957
0.3344155844158016	0.3053318573779817	9.011343425881547
0.3376623376626875	0.3000705562261199	9.011106623794545
0.34090909090953553	0.2948092550743216	9.010904844744063
0.3441558441562467	0.2895479539226356	9.010731944201252
0.3474025974027481	0.28428665277124726	9.010586062137904
0.3506493506481103	0.2790253516201506	9.010473653559766
0.35389994245652145	0.2737616299235504	9.010386340581304
0.35728463359812707	0.26846341513948535	9.010324823599506
0.36078743971386257	0.26317700021325097	9.010294009839889
0.3643788527379579	0.25789639199355296	9.010287186279962
0.3680871460093042	0.252623994261962	9.010301763843977
0.3717900599201353	0.24734909746667014	9.010338673345343
0.37551805286776874	0.2420759103324483	9.010397167841644
0.37923251886674847	0.23680374803180917	9.01047853507774
0.38279480352952217	0.23152779537262372	9.010587629613399
0.38626299608908354	0.22625038326438307	9.01071629059019
0.38960306423990565	0.22097586067149855	9.01086932985671
0.3928571417155849	0.2157133476804751	9.01105313642716
0.3961038949216666	0.2104520466097125	9.011257448293122
0.39935064888637223	0.20519074506338872	9.011490591532231
0.40259740253540105	0.19992944377286645	9.011760561326666
0.4058441558441504	0.19466814262199494	9.012055268600067
0.4090909090909057	0.18940684147005107	9.012385203082163
0.41233766233766134	0.18414554031810637	9.012760698185096
0.4155844155844169	0.1788842391661606	9.013171295302577
0.4188311688311715	0.17362293801421402	9.01362436299951
0.4220779220779249	0.16836163686226713	9.014125577633429
0.42532467532467694	0.16310033571032054	9.01470093347074
0.42857142857142855	0.15783903455837453	9.015315153112146
0.4318181818181803	0.1525777334064292	9.016007883893915
0.435064935064933	0.14731643225448418	9.01679605700872
0.4383116883116866	0.14205513110253917	9.017651683924472
0.441558441558441	0.13679382995059378	9.018612370436863
0.4448051948051952	0.13153252879864794	9.019719611209615
0.4480519480519492	0.1262712276467017	9.020934724550306
0.4512987012987027	0.12100992649475532	9.022317125128785
0.45454545454545575	0.11574862534280901	9.023910785742848
0.5194805194805199	0.010522602303891744	9.440829279035384
0.5162337662337665	0.015783903455837623	9.497929820981872
0.5129870129870133	0.0210452046077835	9.497869911306976
0.4577922077922085	0.11048732419086293	9.02567038490521
0.4610389610389614	0.105226023038917	9.027844584658409
0.46428571428571425	0.09996472188697121	9.030132888146854
0.46753246753246736	0.09470342073502544	9.03300875660736
0.5097402597402599	0.026306505759729367	9.306036827178225
0.5064935064935068	0.03156780691167524	9.210314543493979
0.5032467532467534	0.03682910806362111	9.162075670767202
0.4707792207792205	0.08944211958307978	9.036218609148163
0.5000000000000002	0.04209040921556696	9.131703298683016
0.4740259740259739	0.084180818431134	9.040027779465758
0.4772727272727273	0.07891951727918813	9.044798590514416
0.4805194805194806	0.07365821612724227	9.050260171468745
0.4837662337662339	0.06839691497529639	9.05692654598049
0.4870129870129873	0.06313561382335049	9.065689693204929
0.49675324675324695	0.047351710367512824	9.107915695802815
0.49350649350649384	0.05261301151945869	9.089207771904066
0.49025974025974045	0.05787431267140458	9.076051534351139
0.22727272727272696	0.48947739769610826	9.458470272496172
0.2305194805194803	0.4842160965441623	9.458869907080915
0.2337662337662335	0.4789547953922165	9.451989392402105
0.23701298701298676	0.4736934942402708	9.277276703465327
0.24025974025973998	0.46843219308832484	9.197685465377324
0.24350649350649325	0.4631708919363789	9.157383603328833
0.24675324675324647	0.45790959078443305	9.124277967923469
0.24999999999999967	0.4526482896324871	9.10234796786048
0.2532467532467529	0.4473869884805412	9.086118819589773
0.2564935064935061	0.4421256873285954	9.072795972149287
0.2597402597402593	0.43686438617664963	9.06248444522008
0.2629870129870126	0.4316030850247037	9.0546382642215
0.26623376623376593	0.42634178387275773	9.04805640443441
0.26948051948051926	0.4210804827208121	9.042652556150907
0.27272727272727254	0.4158191815688663	9.038282988569584
0.27597402597402565	0.4105578804169205	9.034568075362499
0.27922077922077865	0.4052965792649747	9.031415398560712
0.28246753246753137	0.4000352781130287	9.02864810738423
0.2857142857142842	0.3947739769610825	9.026344295111775
0.2889610389610377	0.38951267580913634	9.024308138494417
0.2922077922077923	0.3842513746571908	9.022572968625227
0.29545454545454847	0.37899007350524583	9.021021771853166
0.29870129870130574	0.3737287723533031	9.019699033039037
0.3019480519480631	0.36846747120136175	9.018493697067946
0.30519480519481684	0.36320617004942385	9.017451814244076
0.30844155844156784	0.3579448688974844	9.01651799788266
0.31168831168830613	0.35268356774554555	9.015687017596038
0.3149350649350505	0.34742226659359715	9.014961585995655
0.3181818181817931	0.3421609654416405	9.01431312956417
0.3214285714285414	0.33689966428967866	9.013720043991507
0.32467532467530574	0.3316383631377174	9.013209197000464
0.32792207792209344	0.3263770619857648	9.012750443507827
0.33116883116890244	0.32111576083382826	9.01234606155865
0.3344155844157202	0.3158544596819092	9.011981750951454
0.3376623376625294	0.31059315853000513	9.011671272682266
0.34090909090933025	0.3053318573781348	9.01138997055935
0.3441558441561701	0.3000705562263387	9.01115338029105
0.3474025974027839	0.29480925507449435	9.010951632345403
0.35064935064923836	0.2895479539226786	9.010778591758298
0.35389610389510123	0.2842866527708179	9.010632425225282
0.3571428571395476	0.2790253516183588	9.010519574581956
0.3603957600875035	0.2737599703915943	9.010431666845315
0.3637452587761163	0.2684660724015823	9.010369308446029
0.36724474033181825	0.26318111596538474	9.01033764752283
0.3708984079134201	0.25790231629907134	9.01033027582026
0.37458794343179075	0.25262420112996	9.010343670083659
0.3782928329230499	0.24734531695121542	9.01037922275664
0.3820238024496244	0.24206966681202324	9.010436400799561
0.38568895738192555	0.23679726197136486	9.010516203222602
0.3892832211494266	0.2315244037893587	9.010624135691371
0.3927809735608619	0.2262490136237614	9.010751639063917
0.3961038961038678	0.2209746483818058	9.01090331402704
0.3993506488926979	0.21571334741709192	9.011085767914208
0.4025974022440706	0.2104520462057061	9.011288799586048
0.40584415572556226	0.20519074495294262	9.011520653455177
0.40909090907632684	0.19992944377369085	9.011789332662921
0.41233766233765984	0.1946681426219993	9.012082758890523
0.4155844155844178	0.18940684147005382	9.012411425404414
0.41883116883117416	0.18414554031810657	9.012785669393715
0.42207792207792777	0.17888423916615848	9.013195040243687
0.4253246753246789	0.1736229380142109	9.01364690877075
0.42857142857142877	0.16836163686226455	9.014146958844934
0.43181818181817894	0.16310033571031954	9.014721180983882
0.43506493506493077	0.15783903455837536	9.015334310781116
0.4383116883116845	0.15257773340643122	9.016025987885667
0.44155844155843965	0.14731643225448637	9.016813155653956
0.44480519480519515	0.14205513110254062	9.017667841945018
0.4480519480519501	0.13679382995059416	9.018627617266924
0.4512987012987038	0.13153252879864738	9.019733986268458
0.45454545454545686	0.12627122764670068	9.02094827832992
0.4577922077922092	0.12100992649475434	9.02232990614222
0.4610389610389615	0.11574862534280835	9.023922832025887
0.5259740259740264	0.010522602303891746	9.440786519972
0.522727272727273	0.015783903455837623	9.49789456780627
0.5194805194805199	0.0210452046077835	9.497843104840046
0.5162337662337665	0.026306505759729367	9.306079635802954
0.4642857142857142	0.11048732419086267	9.025681767381668
0.4675324675324671	0.10522602303891714	9.027855310878893
0.4707792207792203	0.09996472188697149	9.030143052475298
0.47402597402597363	0.09470342073502575	9.033018363602777
0.5129870129870133	0.03156780691167524	9.210339110442048
0.5097402597402599	0.036829108063621115	9.162093948390106
0.5064935064935068	0.042090409215566976	9.131712580478107
0.47727272727272707	0.08944211958307995	9.036227727997248
0.5032467532467535	0.04735171036751284	9.107922483156718
0.4805194805194806	0.08418081843113405	9.040036468349662
0.48376623376623396	0.07891951727918814	9.044806858861072
0.4870129870129873	0.07365821612724223	9.050268100160244
0.49025974025974045	0.06839691497529632	9.056934204595564
0.49350649350649384	0.06313561382335041	9.06569708089553
0.5000000000000003	0.052613011519458706	9.089215086439
0.496753246753247	0.05787431267140453	9.076058765718466
0.23376623376623346	0.4894773976961082	9.458143543959606
0.23701298701298673	0.4842160965441623	9.45847067219996
0.24025974025973995	0.4789547953922166	9.451922006750452
0.2435064935064932	0.4736934942402708	9.277134328891348
0.24675324675324642	0.46843219308832484	9.197536733940536
0.24999999999999967	0.4631708919363789	9.157244206087755
0.2532467532467529	0.457909590784433	9.124152877189244
0.25649350649350616	0.45264828963248704	9.102235471880858
0.25974025974025944	0.4473869884805411	9.086019567595287
0.2629870129870126	0.4421256873285954	9.07270935051318
0.26623376623376593	0.43686438617664963	9.062409677593196
0.26948051948051915	0.43160308502470374	9.054574748183251
0.27272727272727243	0.42634178387275795	9.048003539742048
0.2759740259740256	0.4210804827208122	9.042609569676829
0.27922077922077876	0.41581918156886627	9.038249200511073
0.2824675324675317	0.4105578804169203	9.034542819703042
0.28571428571428475	0.40529657926497425	9.031398021891556
0.2889610389610379	0.400035278113028	9.028637958006419
0.2922077922077917	0.394773976961082	9.026340694772854
0.2954545454545463	0.38951267580913645	9.024310410694007
0.2987012987013016	0.3842513746571921	9.022580733374797
0.3019480519480571	0.37899007350524877	9.021034601468878
0.30519480519481074	0.3737287723533073	9.019716373582577
0.30844155844156307	0.3684674712013649	9.018515125093167
0.3116883116883087	0.3632061700494228	9.017476881656377
0.31493506493505724	0.35794486889747573	9.016546312615167
0.31818181818180474	0.35268356774552406	9.015718198820396
0.32142857142855513	0.3474222665935698	9.014995280342907
0.3246753246753143	0.3421609654416153	9.014349010047264
0.327922077922086	0.33689966428966506	9.013757805457024
0.33116883116887186	0.3316383631377247	9.013248545717632
0.3344155844156697	0.3263770619858019	9.012791118118043
0.33766233766246617	0.32111576083389703	9.012387807575948
0.3409090909092427	0.3158544596820004	9.01202434103365
0.3441558441559851	0.310593158530102	9.011714482216854
0.3474025974026918	0.30533185737825347	9.01143360877465
0.3506493506493116	0.3000705562263909	9.01119725159505
0.35389610389593235	0.29480925507445055	9.010995566680807
0.35714285714236144	0.28954795392240656	9.01082242820864
0.3603896103885628	0.2842866527701318	9.010676026268653
0.3636363636351892	0.27902535161712894	9.010562794018556
0.366891306037282	0.2737613066766773	9.010474409480908
0.3702371572566215	0.2684763386794731	9.01041155407175
0.3737540724523374	0.26318889068475837	9.010379189099595
0.3773975369953178	0.25790384055674986	9.010370841216348
0.38108300493034014	0.2526223954204004	9.010383276603521
0.38479544061758175	0.24734192712318537	9.010417606980242
0.38850781350295954	0.2420653928594945	9.010473467907486
0.39218696404159153	0.23679472736975835	9.01055215391298
0.3958271364045143	0.2315250122642241	9.010659074340223
0.39924519251016116	0.2262511892420139	9.010784964310416
0.4025974025974682	0.22097464838174186	9.010935675143031
0.40584424677079767	0.2157133237092923	9.011116974275131
0.4090910341710474	0.21045200764675298	9.011318842161744
0.41233771914183803	0.20519072045618478	9.011549524367013
0.41558442530470324	0.19992943754952378	9.01181702962639
0.4188311688311795	0.19466814262200013	9.012109291073672
0.4220779220779342	0.18940684147004974	9.012436804716915
0.4253246753246835	0.18414554031810004	9.012809910732296
0.4285714285714297	0.17888423916615281	9.013218165812638
0.4318181818181766	0.17362293801420844	9.013668942544774
0.43506493506492666	0.1683616368622658	9.014167931760271
0.43831168831168044	0.16310033571032337	9.014741120520755
0.4415584415584371	0.1578390345583797	9.01535325445643
0.4448051948051946	0.1525777334064343	9.016043968637412
0.44805194805195114	0.14731643225448735	9.01683022751432
0.4512987012987059	0.14205513110253973	9.017684042245712
0.45454545454545875	0.13679382995059228	9.01864297758828
0.45779220779221036	0.1315325287986455	9.01974854271119
0.46103896103896186	0.12627122764669943	9.020962076000778
0.46428571428571375	0.12100992649475391	9.0223429875533
0.4675324675324666	0.11574862534280855	9.023935228908243
0.5324675324675329	0.010522602303891751	9.440741232642383
0.5292207792207796	0.015783903455837626	9.497861121658026
0.5259740259740264	0.0210452046077835	9.497822589522919
0.522727272727273	0.026306505759729367	9.306117377638573
0.5194805194805199	0.03156780691167524	9.210361706778825
0.4707792207792199	0.11048732419086316	9.025693544844911
0.47402597402597335	0.10522602303891755	9.027866470147176
0.477272727272727	0.09996472188697177	9.030153682386372
0.4805194805194805	0.09470342073502584	9.033028462639988
0.5162337662337665	0.036829108063621115	9.162112024447092
0.5129870129870133	0.04209040921556698	9.131722711150408
0.5097402597402599	0.047351710367512845	9.107929840400248
0.48376623376623384	0.08944211958307986	9.036237360239637
0.5064935064935068	0.05261301151945871	9.089222941485014
0.4870129870129873	0.08418081843113391	9.040045686446277
0.49025974025974045	0.07891951727918799	9.044815667811106
0.49350649350649384	0.07365821612724209	9.050276577078234
0.496753246753247	0.06839691497529625	9.056942415605896
0.5000000000000003	0.06313561382335038	9.065705021994193
0.5032467532467535	0.05787431267140456	9.076066565651098
0.24025974025973995	0.48947739769610826	9.45783887234431
0.24350649350649317	0.4842160965441624	9.458104701600222
0.2467532467532464	0.4789547953922166	9.451866257433693
0.24999999999999964	0.4736934942402708	9.277005792497592
0.2532467532467529	0.46843219308832484	9.197402056669935
0.2564935064935061	0.46317089193637884	9.157117228728104
0.2597402597402594	0.4579095907844329	9.124038987897302
0.26298701298701266	0.45264828963248704	9.102132817423252
0.2662337662337659	0.44738698848054126	9.08592881803929
0.26948051948051915	0.4421256873285955	9.072629972652704
0.2727272727272723	0.43686438617664974	9.06234100765891
0.2759740259740256	0.4316030850247039	9.054516276016686
0.2792207792207787	0.42634178387275806	9.047954759073763
0.2824675324675318	0.42108048272081194	9.042569803388032
0.285714285714285	0.4158191815688659	9.038217851784479
0.28896103896103825	0.4105578804169199	9.0345193061183
0.29220779220779175	0.4052965792649739	9.03138176626048
0.29545454545454547	0.400035278113028	9.028628368386178
0.2987012987012995	0.3947739769610826	9.026337205872075
0.3019480519480538	0.38951267580913784	9.024312367867111
0.3051948051948072	0.38425137465719433	9.022587764434519
0.30844155844156007	0.37899007350525055	9.021046362049262
0.3116883116883097	0.3737287723533069	9.019732353612177
0.3149350649350606	0.3684674712013605	9.018534936307383
0.31818181818181085	0.36320617004941164	9.017500113084575
0.3214285714285625	0.35794486889746135	9.016572603728143
0.3246753246753188	0.3526835677455109	9.015747197690205
0.3279220779220818	0.34742226659356207	9.015026659682333
0.33116883116885315	0.34216096544161845	9.014382466347913
0.33441558441563046	0.33689966428968393	9.013793054740487
0.3376623376624108	0.3316383631377611	9.013285314114405
0.3409090909091926	0.32637706198585786	9.012829161537875
0.34415584415595063	0.3211157608339614	9.012426888134106
0.3474025974026765	0.3158544596820549	9.012064245636893
0.35064935064936115	0.3105931585301267	9.011755000868469
0.35389610389600795	0.30533185737818136	9.011474562068443
0.35714285714264005	0.3000705562262087	9.011238456510272
0.3603896103893051	0.2948092550741857	9.011036863698573
0.3636363636360494	0.2895479539220987	9.010863666354782
0.366883116883084	0.2842866527699323	9.010717076798413
0.3701298701310809	0.2790253516177944	9.010603518859524
0.37338654345416356	0.2737619482977458	9.010514710748152
0.3767465378872247	0.26848102600365176	9.010451466190974
0.38028089454628167	0.2631896224626358	9.010418477230893
0.3838642075055416	0.25790139620888347	9.010409033340897
0.3875892218674258	0.2526194822650391	9.010420853169594
0.3913035040370741	0.24733559773184033	9.010454063924096
0.39500642685750026	0.2420641864512495	9.01050873678352
0.3986834857120431	0.2367949673137717	9.010586312250764
0.40227397799896814	0.23152520585030514	9.010691891504932
0.4057784848876688	0.22625111300335288	9.01081717248004
0.40909090909093293	0.2209746483817002	9.010966643600229
0.41233832020439	0.2157131895128521	9.011146896671493
0.4155849897695891	0.2104518670243981	9.011347712704021
0.41883135720736386	0.20519066600791078	9.011577330027109
0.4220779220779489	0.19992944377395303	9.011843769618084
0.4253246753246935	0.19466814262198698	9.012134976317874
0.428571428571433	0.1894068414700377	9.012461444809624
0.43181818181817283	0.1841455403180942	9.012833518520395
0.43506493506491867	0.1788842391661546	9.013240760778556
0.4383116883116723	0.17362293801421558	9.013690545518626
0.44155844155843194	0.16836163686227432	9.014188570285354
0.4448051948051934	0.1631003357103296	9.014760817944932
0.4480519480519533	0.1578390345583819	9.015372042120019
0.45129870129870947	0.1525777334064328	9.016061883768508
0.45454545454546197	0.1473164322544839	9.016847312728101
0.4577922077922126	0.14205513110253618	9.017700319285709
0.46103896103896264	0.1367938299505899	9.01865848178028
0.46428571428571347	0.13153252879864466	9.01976330454904
0.4675324675324655	0.1262712276466998	9.020976135026459
0.4707792207792188	0.1210099264947548	9.022356380511
0.47402597402597274	0.11574862534280943	9.023947981457376
0.5389610389610394	0.01052260230389175	9.440693422588906
0.535714285714286	0.01578390345583763	9.497830054281534
0.5324675324675329	0.0210452046077835	9.497807380787433
0.5292207792207796	0.026306505759729367	9.306150573010344
0.5259740259740264	0.03156780691167524	9.210382606688652
0.522727272727273	0.036829108063621115	9.162129673027165
0.4772727272727268	0.11048732419086367	9.025705716522745
0.4805194805194805	0.1052260230389177	9.02787805608179
0.483766233766234	0.09996472188697166	9.030164766132316
0.48701298701298734	0.09470342073502563	9.033039036894074
0.5194805194805199	0.04209040921556698	9.131733527369265
0.5162337662337665	0.047351710367512866	9.107937781991938
0.5129870129870133	0.052613011519458734	9.089231290048856
0.49025974025974056	0.08944211958307967	9.036247484217219
0.5097402597402599	0.05787431267140459	9.07607489264152
0.4935064935064937	0.08418081843113374	9.04005540762828
0.49675324675324695	0.07891951727918789	9.044824987255367
0.5000000000000003	0.07365821612724203	9.050285568350427
0.5032467532467534	0.06839691497529625	9.056951142213139
0.5064935064935068	0.06313561382335044	9.065713478294503
0.2467532467532464	0.48947739769610826	9.457554908628909
0.2499999999999996	0.48421609654416237	9.457767585704254
0.2532467532467529	0.4789547953922166	9.451822583524155
0.2564935064935061	0.4736934942402707	9.276888337164719
0.2597402597402594	0.4684321930883248	9.197280201383622
0.26298701298701266	0.46317089193637884	9.157001746116832
0.26623376623376593	0.457909590784433	9.123935422680354
0.2694805194805191	0.45264828963248727	9.102039209030108
0.2727272727272723	0.4473869884805415	9.085845898292439
0.27597402597402554	0.44212568732859553	9.07255729689372
0.2792207792207787	0.4368643861766497	9.062278009965839
0.2824675324675319	0.4316030850247039	9.054462525548507
0.2857142857142852	0.42634178387275784	9.047909830673975
0.2889610389610384	0.42108048272081183	9.042533102653193
0.2922077922077918	0.4158191815688658	9.038188855417031
0.2954545454545453	0.41055788041691993	9.034497504624822
0.29870129870129897	0.40529657926497414	9.031366644602036
0.3019480519480526	0.4000352781130285	9.028619395658735
0.3051948051948057	0.39477397696108363	9.026333904981321
0.30844155844155857	0.3895126758091389	9.024314121139897
0.31168831168830957	0.3842513746571943	9.022594204193176
0.314935064935062	0.3789900735052483	9.021057210060915
0.31818181818181396	0.3737287723533011	9.019747144814415
0.3214285714285664	0.3684674712013531	9.018553313997442
0.32467532467532123	0.3632061700494047	9.017521700441385
0.3279220779220796	0.3579448688974573	9.016597069795614
0.3311688311688425	0.35268356774551246	9.015774217707703
0.33441558441560887	0.34742226659357156	9.01505593097861
0.3376623376623784	0.342160965441638	9.014413707711723
0.34090909090914545	0.3368996642897133	9.013826002449179
0.3441558441559054	0.3316383631377948	9.013319713302424
0.3474025974026546	0.3263770619858942	9.012864784810217
0.35064935064938063	0.3211157608339758	9.012463513617092
0.35389610389607773	0.315854459682034	9.01210167415703
0.35714285714276084	0.3105931585300597	9.011793036500862
0.36038961038945966	0.3053318573780553	9.011513036656526
0.3636363636362205	0.3000705562260367	9.011277199184898
0.36688311688309877	0.29480925507404016	9.01107572515255
0.3701298701301643	0.2895479539221218	9.010902505801326
0.3733766233775408	0.28428665277038734	9.010755772613805
0.376623376625225	0.27902535161902303	9.010641943662803
0.3798897825996167	0.2737600626863184	9.010552769437068
0.3832810323935753	0.268475759627304	9.010489202571433
0.38674011825434945	0.2631874339881925	9.010455257689129
0.3904069890264678	0.2579008334810755	9.010445641829739
0.39409977242094346	0.25261709343895283	9.010456542264743
0.3978158576893401	0.24733099851494014	9.01048871908854
0.40153902800005264	0.24206452622544364	9.0105424555143
0.40518976237974474	0.23679613274351707	9.01061892023415
0.4088238545231028	0.23152768492985545	9.010723703319664
0.41224037906738437	0.22625066129518498	9.010847681390649
0.41558570983748977	0.22097443304425934	9.010996358093736
0.4188331955628264	0.21571281880410323	9.011175674695385
0.4220788903535671	0.210451665032391	9.011375532240509
0.4253246753247429	0.2051907449259196	9.011604180301946
0.4285714285714417	0.19992944377392974	9.011869665679336
0.431818181818167	0.19466814262197366	9.012159919776659
0.4350649350649039	0.1894068414700397	9.012485443898283
0.4383116883116564	0.18414554031810745	9.01285658398258
0.441558441558421	0.17888423916617122	9.013262909276506
0.4448051948051903	0.17362293801422815	9.013711794878995
0.44805194805195675	0.1683616368622792	9.014208944584498
0.45129870129871613	0.1631003357103273	9.014780335225185
0.545454545454546	0.01052260230389175	9.440643714812937
0.45454545454546863	0.15783903455837556	9.015390732802501
0.45779220779221674	0.15257773340642608	9.016079785924818
0.46103896103896397	0.1473164322544793	9.016864444767714
0.4642857142857127	0.1420551311025345	9.017716709056801
0.46753246753246386	0.13679382995059047	9.018674159388864
0.4707792207792172	0.13153252879864624	9.019778294994241
0.47402597402597163	0.12627122764670137	9.020990472369272
0.47727272727272624	0.12100992649475574	9.022370095905602
0.48051948051948057	0.11574862534280966	9.023961094677707
0.5422077922077926	0.015783903455837623	9.497800786207636
0.5389610389610393	0.0210452046077835	9.497795249768258
0.5357142857142861	0.026306505759729367	9.306179933145097
0.532467532467533	0.03156780691167524	9.210401971627105
0.5292207792207796	0.036829108063621115	9.162146728680945
0.5259740259740264	0.04209040921556698	9.131744850618956
0.48376623376623423	0.11048732419086339	9.025718281722042
0.48701298701298756	0.10522602303891719	9.027890062469934
0.4902597402597408	0.09996472188697116	9.03017629216295
0.49350649350649384	0.0947034207350253	9.033050069700415
0.522727272727273	0.047351710367512866	9.107946257318671
0.5194805194805199	0.05261301151945874	9.08924008026874
0.5162337662337665	0.05787431267140462	9.076083694026776
0.49675324675324695	0.08944211958307947	9.036258078290176
0.5129870129870133	0.06313561382335048	9.065722406445259
0.5000000000000001	0.08418081843113363	9.040065605577096
0.5032467532467533	0.07891951727918788	9.044834786383184
0.5064935064935067	0.0736582161272421	9.050295038703426
0.5097402597402599	0.0683969149752963	9.056960345175895
0.2532467532467529	0.48947739769610826	9.457291167775752
0.2564935064935061	0.48421609654416237	9.457456135974963
0.2597402597402594	0.47895479539221647	9.451792396260542
0.26298701298701266	0.47369349424027063	9.276776106647164
0.26623376623376593	0.4684321930883248	9.197170744896967
0.26948051948051915	0.463170891936379	9.156897061721411
0.2727272727272724	0.45790959078443316	9.123841350321179
0.2759740259740255	0.4526482896324873	9.10195388421043
0.2792207792207787	0.4473869884805413	9.085770168302147
0.28246753246753187	0.4421256873285953	9.07249080640338
0.2857142857142852	0.43686438617664963	9.062220274219186
0.2889610389610385	0.43160308502470374	9.054413180170982
0.2922077922077918	0.42634178387275773	9.047868519821476
0.29545454545454525	0.42108048272081183	9.042499303681423
0.29870129870129875	0.41581918156886605	9.038162109409853
0.30194805194805213	0.41055788041692026	9.03447736452158
0.30519480519480535	0.4052965792649747	9.031352650063655
0.3084415584415583	0.40003527811302914	9.028611074865767
0.3116883116883104	0.39477397696108385	9.0263308450446
0.314935064935063	0.389512675809138	9.02431575650567
0.31818181818181546	0.3842513746571916	9.02260016891947
0.3214285714285684	0.37899007350524466	9.021067275957606
0.3246753246753226	0.37372877235329754	9.019760892922925
0.32792207792207856	0.36846747120135087	9.018570416522836
0.33116883116883694	0.3632061700494056	9.017541811710005
0.33441558441559716	0.3579448688974623	9.016619886413592
0.33766233766235915	0.35268356774552306	9.015799440387513
0.3409090909091201	0.3474222665935871	9.015083280221575
0.3441558441558789	0.3421609654416584	9.014442923414423
0.34740259740262935	0.3368996642897313	9.013856840187758
0.3506493506493684	0.33163836313780165	9.01335193632792
0.3538961038960784	0.3263770619858739	9.01289818178685
0.3571428571428114	0.3211157608339236	9.012497878044838
0.3603896103895392	0.31585445968195	9.012136820370117
0.3636363636362907	0.31059315852996083	9.011828782080856
0.3668831168831046	0.3053318573779779	9.01154922449252
0.37012987013000326	0.3000705562260404	9.011313670072427
0.37337662337700744	0.2948092550742055	9.011112339921526
0.37662337662415224	0.28954795392254	9.010939133087549
0.37987012987147367	0.2842866527711378	9.010792299277751
0.38311688311901637	0.2790253516200331	9.010678249228718
0.38640087558802394	0.27375579990673277	9.010588761907655
0.3897446854207083	0.26847573031835775	9.010524610387845
0.39327807125576114	0.26318566304681695	9.010490544108352
0.39689839850302633	0.2578997826608594	9.010480127447474
0.4005965202358564	0.2526187141590081	9.010490395108604
0.4043107924242652	0.24734014864438772	9.010521572277613
0.4080262311625877	0.24206742977272308	9.01057437598365
0.41173949480055133	0.23679768723498665	9.01065027758028
0.41528348400631304	0.23152430157384807	9.010753854623738
0.4187757713171038	0.2262481491261188	9.01087733828593
0.4220834035502998	0.2209739493232391	9.01102496541539
0.4253271595563384	0.21571209680068612	9.011203426716888
0.42857250740734104	0.210451383816026	9.011402419433809
0.43181822270043685	0.20519071521716511	9.011630200249387
0.4350649447871809	0.1999294375461899	9.011894823818837
0.4383116883116253	0.19466814262199827	9.012184221127674
0.44155844155839924	0.1894068414700721	9.012508895218922
0.44480519480518294	0.18414554031813288	9.012879193804585
0.4480519480519621	0.1788842391661818	9.013284691406172
0.45129870129872823	0.17362293801422457	9.01373276432498
0.454545454545481	0.16836163686226746	9.014229121013
0.45779220779222496	0.1631003357103145	9.01479973317236
0.5519480519480523	0.010522602303891751	9.440592708783681
0.5487012987012991	0.015783903455837626	9.497772923991478
0.4610389610389669	0.15783903455836665	9.015409386828255
0.46428571428571147	0.1525777334064227	9.016097715050593
0.46753246753246064	0.1473164322544803	9.016881664337255
0.47077922077921386	0.14205513110253748	9.017733246157434
0.4740259740259693	0.1367938299505934	9.018690038985065
0.4772727272727253	0.13153252879864794	9.019793536571719
0.48051948051948057	0.1262712276467017	9.021005104551653
0.4837662337662347	0.12100992649475512	9.02238414438378
0.4870129870129882	0.11574862534280862	9.023974573471124
0.5454545454545459	0.0210452046077835	9.497784754628901
0.5422077922077927	0.026306505759729367	9.306207921697387
0.5389610389610395	0.03156780691167524	9.210419963172294
0.5357142857142861	0.03682910806362111	9.16216314194746
0.532467532467533	0.04209040921556698	9.131756480322233
0.5292207792207796	0.047351710367512866	9.107955149420704
0.4902597402597411	0.11048732419086249	9.025731239730616
0.4935064935064939	0.1052260230389166	9.027902483102721
0.49675324675324695	0.09996472188697066	9.030188248883363
0.5	0.0947034207350251	9.033061544200597
0.5259740259740264	0.05261301151945874	9.089249240065328
0.522727272727273	0.05787431267140463	9.076092907894909
0.5194805194805199	0.0631356138233505	9.065731753744485
0.5032467532467533	0.08944211958307952	9.036269120383595
0.5162337662337665	0.06839691497529636	9.056969980814728
0.5064935064935066	0.08418081843113377	9.040076253093728
0.5097402597402598	0.07891951727918803	9.044845032735713
0.5129870129870132	0.07365821612724219	9.050304950306169
0.2597402597402594	0.48947739769610826	9.457045496724733
0.26298701298701266	0.48421609654416237	9.457169456893283
0.26623376623376593	0.4789547953922166	9.451774122622638
0.26948051948051915	0.4736934942402708	9.276666129650549
0.2727272727272724	0.46843219308832496	9.197072991818779
0.2759740259740255	0.46317089193637906	9.15680210565043
0.2792207792207787	0.4579095907844331	9.123755801125483
0.2824675324675319	0.4526482896324871	9.101876098357707
0.2857142857142852	0.4473869884805411	9.085701025052034
0.2889610389610385	0.4421256873285954	9.072430012020893
0.29220779220779175	0.43686438617664963	9.062167408459109
0.2954545454545451	0.4316030850247037	9.054367932388255
0.2987012987012985	0.42634178387275773	9.047830593159235
0.3019480519480519	0.42108048272081194	9.04246823776372
0.3051948051948052	0.4158191815688663	9.038137501194159
0.30844155844155824	0.41055788041692054	9.034458821209244
0.31168831168831107	0.4052965792649748	9.031339760078422
0.3149350649350638	0.40003527811302897	9.028603421440517
0.31818181818181657	0.3947739769610828	9.026328058995079
0.3214285714285696	0.3895126758091365	9.024317338579147
0.3246753246753233	0.38425137465719	9.022605752861155
0.327922077922078	0.37899007350524366	9.021076668936589
0.33116883116883405	0.37372877235329804	9.01977372177887
0.334415584415591	0.3684674712013536	9.01858638073822
0.33766233766234893	0.3632061700494112	9.017560594020681
0.3409090909091063	0.35794486889747085	9.016641209001206
0.3441558441558625	0.3526835677455342	9.015823027792775
0.3474025974026142	0.34742226659359726	9.015108874711812
0.3506493506493575	0.34216096544166635	9.014470284815744
0.3538961038960992	0.3368996642897233	9.01388574240269
0.35714285714283417	0.33163836313777395	9.013382159825907
0.36038961038957157	0.3263770619858151	9.012929530614885
0.36363636363632407	0.3211157608338489	9.012530160409389
0.3668831168831083	0.3158544596818849	9.012169863647477
0.3701298701299364	0.31059315852994135	9.011862416774193
0.37337662337682187	0.3053318573780486	9.011583304242764
0.3766233766237408	0.300070556226245	9.011348046914138
0.3798701298707118	0.29480925507457645	9.011146884280258
0.38311688311774633	0.28954795392310917	9.01097372312165
0.386363636364969	0.284286652771915	9.010826828281239
0.38961038961277206	0.2790253516213895	9.010712608512891
0.39285883081149564	0.27376111527317704	9.010622749183646
0.3962599020834208	0.26847323297736875	9.0105584423877
0.39968722022407516	0.26318416313127396	9.010523409922834
0.4033836953636052	0.2579027122149201	9.010512918133687
0.4070866038286695	0.2526245520232336	9.010522617872686
0.41079727165259095	0.24734776104124856	9.010552895361142
0.4145149930893451	0.24207327780367086	9.010604882940557
0.4181939055895627	0.23679964206981782	9.010679885169468
0.4218303975514159	0.23152265699239472	9.010783168908866
0.4252346800260205	0.22624549830662943	9.010905554690579
0.4285713923555801	0.22097215171257542	9.011052554105563
0.43181853637593975	0.2157119583410866	9.011230234567774
0.4350651123022966	0.2104519114196036	9.011428450311156
0.4383117466453574	0.20519070755941962	9.011655490051806
0.4415584415582865	0.19992944377395938	9.011919343699446
0.444805194805167	0.19466814262204912	9.012207975214226
0.4480519480519713	0.18940684147009468	9.01253188759914
0.4512987012987508	0.18414554031812758	9.012901430689256
0.4545454545455041	0.17888423916616	9.013306183837223
0.4577922077922405	0.17362293801420023	9.013753524157927
0.4610389610389724	0.16836163686225034	9.01424916318465
0.4642857142857093	0.16310033571030777	9.014819075062881
0.5584415584415587	0.010522602303891751	9.440540522509798
0.5551948051948057	0.015783903455837626	9.497746399998356
0.5519480519480524	0.0210452046077835	9.497775387848357
0.4675324675324548	0.15783903455836834	9.015428052529558
0.47077922077920786	0.15257773340642827	9.016115712041605
0.4740259740259652	0.14731643225448574	9.016899011488176
0.47727272727272346	0.14205513110254062	9.017749964525379
0.4805194805194802	0.13679382995059394	9.018706148447093
0.48376623376623534	0.13153252879864663	9.01980905126071
0.4870129870129891	0.12627122764669954	9.021020047730902
0.4902597402597418	0.12100992649475312	9.022398536365875
0.4935064935064943	0.11574862534280735	9.023988422597954
0.5487012987012992	0.026306505759729367	9.306235116714488
0.5454545454545461	0.03156780691167524	9.210436606999409
0.5422077922077927	0.03682910806362111	9.162178903533443
0.5389610389610395	0.04209040921556698	9.131768190186591
0.5357142857142861	0.047351710367512866	9.10796433164124
0.532467532467533	0.05261301151945874	9.0892586770635
0.496753246753247	0.11048732419086175	9.025744589718999
0.4999999999999998	0.10522602303891637	9.02791531161135
0.503246753246753	0.09996472188697088	9.03020062440748
0.5064935064935064	0.09470342073502534	9.033073443011078
0.5292207792207796	0.05787431267140463	9.076102463366482
0.5259740259740264	0.0631356138233505	9.065741459088395
0.522727272727273	0.06839691497529637	9.056979999215775
0.5097402597402597	0.08944211958307964	9.036280587536956
0.5194805194805198	0.07365821612724223	9.050315261863842
0.5129870129870131	0.0841808184311339	9.040087321466844
0.5162337662337664	0.07891951727918808	9.044855691487543
0.2662337662337659	0.48947739769610826	9.456815858527518
0.26948051948051915	0.4842160965441624	9.456909929059023
0.2727272727272724	0.4789547953922167	9.451773600729155
0.27597402597402554	0.4736934942402708	9.276559795990936
0.2792207792207787	0.4684321930883249	9.196985602454896
0.2824675324675319	0.4631708919363789	9.15671570142333
0.2857142857142852	0.4579095907844329	9.123677931104595
0.2889610389610385	0.45264828963248704	9.101805191191927
0.29220779220779175	0.4473869884805411	9.085637916712258
0.295454545454545	0.4421256873285954	9.072374457658526
0.2987012987012984	0.43686438617664963	9.062119041706483
0.30194805194805174	0.43160308502470374	9.054326486456214
0.305194805194805	0.4263417838727579	9.047795821753569
0.30844155844155824	0.4210804827208121	9.04243973457183
0.31168831168831124	0.41581918156886627	9.038114911863689
0.3149350649350642	0.4105578804169204	9.034441800294283
0.3181818181818172	0.40529657926497437	9.031327940169321
0.32142857142857023	0.40003527811302825	9.028596434472789
0.3246753246753238	0.3947739769610821	9.026325567934917
0.32792207792207784	0.389512675809136	9.024318912023078
0.3311688311688325	0.3842513746571903	9.022611030022794
0.33441558441558766	0.3789900735052451	9.021085480374067
0.3376623376623435	0.3737287723533011	9.019785736835559
0.3409090909090989	0.3684674712013582	9.018601325026296
0.3441558441558537	0.36320617004941735	9.017578176353991
0.3474025974026061	0.3579448688974764	9.016661175260014
0.3506493506493537	0.35268356774553866	9.015845124774016
0.35389610389610054	0.3474222665935936	9.015132865093484
0.35714285714284205	0.3421609654416457	9.014495947200963
0.3603896103895856	0.3368996642896933	9.0139128680502
0.3636363636363397	0.3316383631377359	9.01341054552942
0.3668831168831088	0.3263770619857789	9.012958995105507
0.37012987012990023	0.3211157608338329	9.01256052592025
0.37337662337672256	0.31585445968191356	9.012200970093096
0.37662337662356316	0.31059315853003994	9.011894106979225
0.3798701298704332	0.30533185737823615	9.011615442284947
0.38311688311728337	0.30007055622653306	9.01138049548859
0.38636363636412163	0.29480925507496974	9.01117952317786
0.38961038961099775	0.2895479539235748	9.011006438902031
0.39285714285775564	0.28428665277226545	9.010859520578627
0.39610389610357183	0.27902535162155734	9.010745179553686
0.39935466176447576	0.27375976502989385	9.010655089317458
0.4027433119750144	0.2684761030904886	9.01059049642461
0.40621311262482845	0.26319064771507106	9.010555321543753
0.4098631418955084	0.25790924158006767	9.01054416693673
0.4135762695567471	0.2526325248061666	9.010553383254942
0.4172840450065728	0.24735460518647584	9.010582867155408
0.42098674870143543	0.2420814983227301	9.010634038695372
0.4246677898467763	0.23680499138714206	9.010708378626333
0.42825928167177213	0.2315248937790575	9.010810826162016
0.4317746512952564	0.22623652814736528	9.010933276229283
0.43506101448868706	0.2209719500078962	9.011079212606147
0.4383107481383594	0.2157131015875472	9.011256197909033
0.441558671510266	0.2104520098583069	9.011453785388326
0.4448052288149096	0.20519074525036676	9.011680149744736
0.448051948051896	0.19992944377401614	9.011943322418027
0.45129870129879257	0.1946681426220417	9.012231272650927
0.45454545454554834	0.18940684147005424	9.012554506013359
0.45779220779227064	0.18414554031808109	9.01292337394908
0.46103896103898356	0.17888423916612692	9.013327460173015
0.46428571428570536	0.17362293801418702	9.013774141589066
0.46753246753244354	0.16836163686225314	9.014269136318559
0.47077922077919654	0.16310033571031815	9.01483841779205
0.5649350649350653	0.010522602303891746	9.440486948755476
0.5616883116883121	0.015783903455837626	9.497721472872177
0.5584415584415588	0.0210452046077835	9.4977668876067
0.5551948051948057	0.02630650575972937	9.306261483659538
0.47402597402595764	0.15783903455837847	9.015446771687449
0.47727272727272024	0.15257773340643407	9.016133822915593
0.4805194805194803	0.14731643225448657	9.016916525094834
0.48376623376623673	0.14205513110253795	9.01776689718398
0.4870129870129906	0.13679382995058972	9.018722515017908
0.49025974025974267	0.13153252879864305	9.019824860600115
0.4935064935064945	0.12627122764669724	9.021035317766698
0.49675324675324706	0.12100992649475112	9.022413282064447
0.49999999999999933	0.11574862534280687	9.024002646642357
0.5519480519480525	0.03156780691167524	9.210452116818686
0.5487012987012992	0.03682910806362111	9.162193998161895
0.545454545454546	0.04209040921556698	9.131779789073493
0.5422077922077927	0.047351710367512866	9.107973677969092
0.5389610389610395	0.05261301151945874	9.089268287484943
0.5357142857142861	0.05787431267140463	9.076112282455519
0.5032467532467529	0.11048732419086209	9.025758330651648
0.5064935064935062	0.10522602303891676	9.02792854131566
0.5097402597402596	0.09996472188697118	9.030213406342787
0.512987012987013	0.09470342073502554	9.033085747940925
0.532467532467533	0.0631356138233505	9.06575145515099
0.5292207792207796	0.06839691497529637	9.056990344779962
0.5259740259740263	0.07365821612724224	9.050325928053555
0.5162337662337664	0.0894421195830798	9.036292455532744
0.522727272727273	0.0789195172791881	9.04486672510322
0.5194805194805197	0.08418081843113397	9.040098780049052
0.2727272727272724	0.4894773976961083	9.45659993265602
0.2759740259740256	0.4842160965441625	9.456657256279192
0.27922077922077876	0.47895479539221664	9.451787621832297
0.282467532467532	0.4736934942402708	9.276460706692584
0.2857142857142852	0.4684321930883248	9.19690602046373
0.2889610389610385	0.46317089193637884	9.156637107032077
0.2922077922077918	0.457909590784433	9.12360711543984
0.295454545454545	0.45264828963248704	9.101740590649245
0.2987012987012983	0.44738698848054126	9.08558034528201
0.30194805194805163	0.44212568732859553	9.072323721118543
0.3051948051948049	0.4368643861766497	9.062074824768645
0.30844155844155824	0.43160308502470385	9.054288559924464
0.31168831168831135	0.4263417838727579	9.04776398320332
0.31493506493506446	0.42108048272081194	9.042413624866866
0.3181818181818175	0.41581918156886594	9.03809421918483
0.3214285714285706	0.41055788041691993	9.0344262209524
0.32467532467532406	0.40529657926497403	9.031317146621825
0.3279220779220777	0.4000352781130281	9.028590100155656
0.3311688311688317	0.3947739769610823	9.02632338578434
0.33441558441558605	0.3895126758091369	9.02432050676485
0.3376623376623406	0.384251374657192	9.022616056895268
0.340909090909095	0.37899007350524755	9.021093786108667
0.34415584415584893	0.3737287723533045	9.019797027835578
0.34740259740260165	0.3684674712013613	9.018615351847586
0.35064935064935177	0.36320617004941985	9.017594671884426
0.3538961038961015	0.3579448688974745	9.016679907329005
0.35714285714284827	0.3526835677455275	9.015865860945121
0.36038961038959605	0.34742226659357783	9.015155387161412
0.3636363636363494	0.3421609654416251	9.014520051431056
0.36688311688311087	0.3368996642896723	9.01393836210343
0.37012987012988413	0.3316383631377255	9.013437241645432
0.3733766233766715	0.32637706198579236	9.012986725993853
0.37662337662346984	0.32111576083388377	9.012589127159062
0.37987012987028257	0.31585445968201165	9.01223029360488
0.3831168831170875	0.3105931585301886	9.011924007319875
0.38636363636388565	0.30533185737843743	9.011645793572361
0.38961038961069283	0.30007055622675693	9.011411170629898
0.3928571428573876	0.2948092550750805	9.011210410833073
0.39610389610407326	0.2895479539234029	9.011037434067648
0.3993506493502419	0.28428665277175885	9.010890531025902
0.4025974025946015	0.2790253516188268	9.01077611399738
0.40584415583756767	0.27376405046266294	9.01068591562872
0.4091748635870456	0.2684823062845169	9.010620832702946
0.41270339502406	0.2632004663573528	9.010585618046385
0.4163716536283268	0.25792008024829166	9.010574172014985
0.4200585828623941	0.2526424388123004	9.010582802270774
0.4237609774245399	0.24736615355547173	9.010611553560864
0.4274958011395828	0.2420911033467984	9.010662213179343
0.43119631458298113	0.23681255769576	9.010736036111437
0.4347492120014838	0.23153110074232783	9.01083773302622
0.43824187374860535	0.22624501738624625	9.010959434203341
0.4415451216868935	0.22097959359495387	9.011104848455505
0.4448016383189941	0.21571607718870214	9.011281398501866
0.4480520486456154	0.2104524568385646	9.011478492933392
0.4512987269392972	0.20519075789321126	9.011704279662496
0.4545454545455328	0.19992944377395017	9.011966851727353
0.4577922077923287	0.19466814262195317	9.01225420038738
0.4610389610390056	0.18940684146999018	9.0125768321367
0.4642857142856988	0.18414554031805494	9.012945100027638
0.4675324675324231	0.17888423916613164	9.013348591148025
0.4707792207791753	0.1736229380142064	9.013794684320565
0.4740259740259433	0.16836163686227215	9.014289104427123
0.47727272727271447	0.16310033571032884	9.01485780572117
0.5714285714285718	0.010522602303891735	9.44043235706251
0.5681818181818187	0.01578390345583761	9.497698479934138
0.5649350649350653	0.021045204607783488	9.497758572770396
0.5616883116883121	0.026306505759729367	9.306286922028198
0.5584415584415588	0.03156780691167524	9.210466619695469
0.4805194805194804	0.1578390345583798	9.015465596140901
0.48376623376623956	0.1525777334064286	9.016152090934332
0.487012987012994	0.1473164322544783	9.016934243033047
0.49025974025974484	0.142055131102531	9.017784076490239
0.49350649350649484	0.13679382995058562	9.018739165484499
0.49675324675324645	0.13153252879864058	9.019840985812621
0.4999999999999984	0.12627122764669663	9.021050930295154
0.503246753246752	0.12100992649475238	9.022428391510337
0.5064935064935057	0.11574862534280782	9.024017249990441
0.5551948051948057	0.036829108063621115	9.162208431448619
0.5519480519480525	0.04209040921556698	9.131791137687268
0.5487012987012991	0.047351710367512866	9.10798307856466
0.545454545454546	0.05261301151945874	9.089277969489794
0.5422077922077927	0.05787431267140461	9.076122282916101
0.5389610389610395	0.0631356138233505	9.065761671518077
0.5097402597402594	0.11048732419086264	9.025772461217715
0.5129870129870128	0.10522602303891714	9.027942165106696
0.5162337662337663	0.0999647218869714	9.030226581631844
0.5194805194805197	0.09470342073502568	9.033098439796058
0.5357142857142861	0.06839691497529637	9.057000957715568
0.5324675324675329	0.07365821612724224	9.050336900030429
0.5292207792207796	0.07891951727918811	9.044878093316695
0.522727272727273	0.08944211958307985	9.036304698687859
0.5259740259740263	0.08418081843113398	9.040110596134381
0.2792207792207788	0.48947739769610826	9.456396001522137
0.28246753246753203	0.48421609654416237	9.45642906318159
0.28571428571428525	0.4789547953922165	9.451802805139154
0.28896103896103853	0.47369349424027063	9.276372304761628
0.29220779220779175	0.4684321930883248	9.196833048357929
0.295454545454545	0.4631708919363789	9.156565731159047
0.2987012987012984	0.457909590784433	9.123542742965048
0.3019480519480516	0.45264828963248704	9.101681756899303
0.3051948051948049	0.4473869884805413	9.0855278474202
0.30844155844155813	0.44212568732859553	9.07227740788863
0.31168831168831135	0.43686438617664963	9.062034428755013
0.31493506493506457	0.43160308502470374	9.05425388398821
0.31818181818181773	0.42634178387275784	9.047734863006921
0.32142857142857095	0.42108048272081183	9.042389742409272
0.3246753246753242	0.4158191815688657	9.038075299921944
0.3279220779220776	0.4105578804169198	9.034411998354962
0.33116883116883133	0.4052965792649741	9.031307328201715
0.33441558441558517	0.40003527811302847	9.02858439553083
0.3376623376623391	0.3947739769610832	9.026321516357747
0.340909090909093	0.38951267580913823	9.024322143202047
0.3441558441558465	0.3842513746571938	9.022620876300579
0.3474025974025993	0.3789900735052492	9.021101648478542
0.35064935064935066	0.37372877235330587	9.019807670988458
0.3538961038961021	0.3684674712013603	9.018628549893508
0.3571428571428517	0.36320617004941386	9.017610180005283
0.3603896103896019	0.35794486889746596	9.016697513669216
0.36363636363635493	0.3526835677455162	9.015885352424997
0.3668831168831123	0.3474222665935663	9.015176563465772
0.3701298701298759	0.34216096544161934	9.014542725420336
0.3733766233766472	0.33689966428967955	9.01396235691395
0.3766233766234244	0.3316383631377526	9.013462384109168
0.3798701298702082	0.3263770619858441	9.013012862097126
0.38311688311698583	0.32111576083395915	9.012616105149847
0.386363636363759	0.31585445968211157	9.012257976874567
0.3896103896105385	0.3105931585303067	9.011952261557846
0.3928571428572627	0.3053318573784863	9.011674502554406
0.39610389610399527	0.3000705562266733	9.011440216920912
0.3993506493507493	0.29480925507483	9.011239691627265
0.40259740259743676	0.289547953922938	9.011066852482754
0.40584415584384853	0.28428665277069365	9.010920001653291
0.4090909090909321	0.2790253516175701	9.010805548411605
0.4123546202543843	0.2737610793717709	9.010715267893373
0.4156862688533858	0.2684893719896835	9.01065015709338
0.41923248554557985	0.263208264065586	9.01061473917085
0.42284693409772184	0.2579299108655646	9.010602767226787
0.4265262211917515	0.2526530167333845	9.010610973817874
0.43023493024798687	0.24737867437318836	9.010639128880966
0.4339579940956944	0.24210109702292604	9.010689180242325
0.4376424838825055	0.23682272828088427	9.01076239579349
0.4412941022531207	0.2315407170774844	9.010863956883883
0.4446941433355918	0.22626025078689818	9.010984635978275
0.44803964585362777	0.22098478109730754	9.011129925061466
0.4512968866963486	0.21571598419921678	9.011306127925652
0.4545454545453662	0.2104520460782665	9.011502718293919
0.4577922077923884	0.20519074492583822	9.011727973686869
0.4610389610389667	0.19992944377383123	9.011990020415821
0.4642857142856874	0.19466814262190202	9.012276842259132
0.4675324675323844	0.18940684146999917	9.012598944929794
0.4707792207791348	0.1841455403180936	9.012966682772166
0.47402597402591523	0.17888423916617113	9.01336964706543
0.4772727272727017	0.17362293801422993	9.013815219477088
0.4805194805194794	0.1683616368622762	9.014309114754687
0.4837662337662447	0.16310033571031843	9.014877295654314
0.5779220779220783	0.010522602303891723	9.440377078316855
0.5746753246753251	0.0157839034558376	9.4976767400735
0.5714285714285718	0.02104520460778347	9.497748287716192
0.5681818181818187	0.026306505759729346	9.306312041300709
0.5649350649350653	0.03156780691167523	9.210480145968981
0.5616883116883121	0.03682910806362111	9.162222189452665
0.4870129870130002	0.15783903455836354	9.015484573641983
0.4902597402597486	0.15257773340641517	9.016170558699649
0.49350649350649567	0.14731643225447041	9.016952202597553
0.4967532467532458	0.14205513110252613	9.017801534370696
0.49999999999999634	0.1367938299505844	9.018756126344256
0.5032467532467503	0.13153252879864186	9.019857447925965
0.5064935064935044	0.1262712276466982	9.02106690080759
0.5097402597402585	0.12100992649475352	9.02244387459069
0.5129870129870124	0.11574862534280846	9.024032236828686
0.5584415584415588	0.04209040921556698	9.131802160389485
0.5551948051948057	0.047351710367512866	9.10799244728352
0.5519480519480523	0.05261301151945874	9.089287630756232
0.5487012987012991	0.057874312671404624	9.076132383136967
0.545454545454546	0.06313561382335049	9.065772038252655
0.5422077922077927	0.06839691497529637	9.05701177630055
0.516233766233766	0.11048732419086295	9.025786979794079
0.5194805194805195	0.10522602303891732	9.027956175380531
0.5227272727272729	0.09996472188697152	9.030240136470452
0.5259740259740263	0.09470342073502569	9.033111498305315
0.5389610389610393	0.07365821612724224	9.05034812642124
0.5357142857142861	0.07891951727918811	9.044889753633882
0.5324675324675329	0.084180818431134	9.040122735076045
0.5292207792207796	0.08944211958307985	9.036317289852441
0.28571428571428537	0.48947739769610826	9.456202061148787
0.2889610389610386	0.48421609654416237	9.456220353344479
0.29220779220779186	0.47895479539221647	9.451818852964216
0.2954545454545451	0.4736934942402707	9.276293554452094
0.2987012987012983	0.46843219308832484	9.19676654167097
0.3019480519480516	0.463170891936379	9.156500917750678
0.3051948051948049	0.45790959078443305	9.12348421274484
0.3084415584415581	0.4526482896324872	9.101628179033556
0.3116883116883114	0.44738698848054126	9.085479990473475
0.3149350649350646	0.4421256873285954	9.072235149780008
0.3181818181818178	0.43686438617664963	9.06199754461776
0.32142857142857106	0.4316030850247037	9.054222203732351
0.32467532467532434	0.42634178387275773	9.047708255469246
0.32792207792207767	0.4210804827208117	9.042367925343576
0.33116883116883117	0.4158191815688659	9.038058031609099
0.33441558441558467	0.4105578804169201	9.0343990453007
0.3376623376623383	0.4052965792649746	9.031298428361668
0.34090909090909177	0.4000352781130292	9.028579291307722
0.3441558441558453	0.3947739769610842	9.026319955201416
0.3474025974025982	0.3895126758091391	9.024323833587843
0.35064935064935043	0.3842513746571945	9.022625520368102
0.3538961038961026	0.37899007350524877	9.021109118335103
0.3571428571428538	0.37372877235330265	9.01981773089419
0.3603896103896052	0.36846747120135565	9.018640995952389
0.36363636363635826	0.36320617004940764	9.01762478808894
0.36688311688311354	0.3579448688974594	9.01671409071092
0.37012987012987214	0.3526835677455125	9.015903703370398
0.37337662337663463	0.3474222665935693	9.015196504736458
0.37662337662340056	0.3421609654416327	9.01456408546006
0.3798701298701702	0.3368996642897061	9.013984973442357
0.383116883116936	0.3316383631377911	9.013486097727558
0.3863636363636975	0.3263770619858944	9.013037531379167
0.38961038961045974	0.3211157608340185	9.01264159035402
0.3928571428571971	0.3158544596821324	9.012284152316093
0.396103896103941	0.31059315853024955	9.011979003491128
0.39935064935070086	0.30533185737835405	9.011701703995994
0.4025974025974779	0.3000705562264397	9.011467769651338
0.40584415584434114	0.29480925507449546	9.011267501079582
0.40909090909131707	0.28954795392255855	9.011094829575164
0.41233766233843366	0.2842866527705526	9.010948067491578
0.4155844155866981	0.27902535161886044	9.010833623563721
0.418848856030323	0.27376221770501347	9.010743302128667
0.4222157762119068	0.2684913198766333	9.010678227615449
0.42570601245300105	0.2632158524118295	9.010642409244868
0.4292894376655149	0.2579397063249037	9.010630100149184
0.4329960763888599	0.2526614797361315	9.01063809170359
0.43671559913367086	0.2473842233659361	9.010665790006387
0.4404294974106236	0.24210774888439432	9.010715332213936
0.44411827844463686	0.236828902715732	9.010788131041302
0.4477131975530333	0.2315465123681142	9.010889027472173
0.45121431644598803	0.22626152359954077	9.011009767633324
0.45452201440386114	0.22098360189936014	9.011154565866612
0.4577918679828662	0.2157137506299271	9.011330431579545
0.46103896103944586	0.2104520460775122	9.011526507726453
0.46428571428561255	0.20519074492565859	9.011751319761851
0.4675324675322592	0.19992944377376984	9.012012913743824
0.47077922077905937	0.1946681426219763	9.012299279396887
0.4740259740258638	0.18940684147007678	9.012620921112195
0.4772727272726804	0.18414554031814231	9.012988195402768
0.48051948051948123	0.17888423916618387	9.013390697823835
0.48376623376625644	0.1736229380142176	9.013835798759638
0.4870129870130098	0.16836163686225422	9.014329228877779
0.4902597402597535	0.1631003357102971	9.014896939659542
0.5844155844155848	0.010522602303891727	9.440320833101508
0.5811688311688316	0.015783903455837592	9.497655990644562
0.5779220779220783	0.021045204607783457	9.497735394475916
0.5746753246753252	0.026306505759729325	9.306338095056189
0.5714285714285718	0.031567806911675204	9.210493130874077
0.5681818181818187	0.036829108063621094	9.162235173372865
0.5649350649350653	0.04209040921556697	9.131812818041467
0.4935064935064968	0.15783903455834847	9.01550375141136
0.4967532467532438	0.15257773340640593	9.01618926830008
0.49999999999999245	0.14731643225446822	9.016970440727425
0.5032467532467474	0.1420551311025289	9.017819302528823
0.5064935064935022	0.13679382995058734	9.018773423971702
0.5097402597402569	0.1315325287986438	9.019874267900915
0.5129870129870114	0.12627122764669937	9.021083244741304
0.5162337662337654	0.12100992649475421	9.022459741105637
0.5194805194805191	0.11574862534280878	9.02404761117056
0.5616883116883121	0.04735171036751285	9.108001730757074
0.5584415584415588	0.05261301151945875	9.089297190436598
0.5551948051948057	0.05787431267140464	9.076142504794078
0.5519480519480524	0.06313561382335052	9.065782488669242
0.5487012987012991	0.06839691497529637	9.05702273970177
0.5454545454545459	0.07365821612724224	9.050359554645878
0.5227272727272728	0.11048732419086314	9.02580188445035
0.5259740259740263	0.10522602303891737	9.027970564033199
0.5292207792207795	0.09996472188697153	9.030254056314194
0.5324675324675329	0.0947034207350257	9.03312490218215
0.5422077922077926	0.07891951727918811	9.044901662105877
0.5389610389610394	0.08418081843113397	9.040135160669736
0.535714285714286	0.08944211958307985	9.036330200568477
0.29220779220779186	0.48947739769610826	9.45601803065852
0.2954545454545451	0.4842160965441623	9.456029615897789
0.29870129870129836	0.47895479539221647	9.451835382320766
0.3019480519480516	0.4736934942402708	9.276223222927833
0.30519480519480485	0.4684321930883249	9.196706278212956
0.30844155844155813	0.463170891936379	9.156442076750563
0.3116883116883114	0.45790959078443305	9.123430991302987
0.3149350649350646	0.4526482896324871	9.101579386606453
0.3181818181818179	0.4473869884805411	9.085436373891076
0.3214285714285711	0.4421256873285954	9.072196604475169
0.32467532467532434	0.4368643861766496	9.061963882881615
0.32792207792207767	0.4316030850247037	9.054193278235253
0.331168831168831	0.4263417838727577	9.047683964261436
0.3344155844155845	0.4210804827208119	9.042348017198181
0.33766233766233794	0.4158191815688661	9.038042293796897
0.3409090909090913	0.4105578804169205	9.034387273686333
0.34415584415584455	0.40529657926497514	9.031290387229577
0.3474025974025976	0.4000352781130297	9.028574753606897
0.3506493506493504	0.39477397696108457	9.026318691159029
0.3538961038961029	0.38951267580913873	9.024325583159436
0.35714285714285504	0.3842513746571927	9.022630012682228
0.3603896103896073	0.3789900735052462	9.021116236872613
0.36363636363636037	0.3737287723532992	9.0198272622422
0.36688311688311454	0.36846747120135204	9.018652756537984
0.37012987012987036	0.3632061700494054	9.017638573010643
0.3733766233766284	0.35794486889746047	9.016729724285304
0.37662337662338835	0.35268356774551884	9.015921007324268
0.3798701298701488	0.34742226659358194	9.015215311149811
0.38311688311691006	0.34216096544165225	9.014584237406106
0.38636363636366744	0.33689966428973117	9.014006322371527
0.3896103896104242	0.3316383631378206	9.013508497222203
0.3928571428571681	0.3263770619859031	9.013060851930419
0.39610389610391755	0.32111576083398624	9.012665703590756
0.39935064935067416	0.31585445968206377	9.012308942943095
0.40259740259744264	0.310593158530131	9.012004357768957
0.40584415584425854	0.3053318573781856	9.011727523781268
0.4090909090911811	0.3000705562262563	9.011493955470206
0.4123376623381824	0.29480925507436423	9.01129396614233
0.415584415585253	0.2895479539226777	9.01112149195476
0.41883116883208316	0.28428665277112414	9.010974854591893
0.42207792207820016	0.27902535162025616	9.0108604640537
0.4253387854536659	0.27376298016810574	9.010770122549951
0.42871009423965784	0.2684934563212809	9.01070500801071
0.4321496876189658	0.26322161787204174	9.01066887690172
0.43581661237683994	0.25794118610136796	9.01065673819852
0.439501952325903	0.2526624183763479	9.010664414754809
0.44319714556701123	0.24738579109775063	9.010691609538652
0.44691301012980017	0.2421081006403847	9.010740807560714
0.4506012943703186	0.23682858756641637	9.01081328278232
0.4542518086916136	0.23154735319242647	9.010914032011293
0.45766949940663415	0.22626169548450234	9.011034134750545
0.46102589935011695	0.22097855493575835	9.011178920127223
0.4642856617074032	0.21571337279948205	9.011354268010438
0.46753246753223016	0.21045204607732101	9.011549966637007
0.47077922077884365	0.20519074492575284	9.011774405232122
0.4740259740257193	0.19992944377396102	9.012035614652591
0.4772727272726372	0.19466814262206875	9.012321591251732
0.4805194805194768	0.18940684147010042	9.012642837115893
0.5909090909090913	0.010522602303891734	9.440263155476844
0.4837662337662705	0.1841455403181164	9.01300970867927
0.4870129870130288	0.17888423916613805	9.013411799709267
0.4902597402597704	0.1736229380141735	9.013856488221604
0.4935064935065128	0.1683616368622206	9.01434950287623
0.4967532467532416	0.16310033571028687	9.014916789346783
0.587662337662338	0.015783903455837595	9.497635915183759
0.5844155844155847	0.02104520460778345	9.49772092334836
0.5811688311688316	0.02630650575972931	9.306364674976278
0.5779220779220783	0.03156780691167518	9.21050626290291
0.5746753246753252	0.03682910806362104	9.162247180958042
0.5714285714285718	0.04209040921556694	9.131823036922155
0.5681818181818187	0.04735171036751282	9.108010883731614
0.49999999999998435	0.15783903455834464	9.015523176219363
0.5032467532467413	0.1525777334064114	9.016208261584483
0.5064935064934981	0.14731643225447394	9.016988994250283
0.5097402597402542	0.14205513110253257	9.017837412652101
0.5129870129870098	0.13679382995058947	9.01879108478875
0.5162337662337644	0.13153252879864497	9.019891466768113
0.5194805194805185	0.12627122764669996	9.021099977585648
0.5227272727272724	0.12100992649475452	9.022476000847943
0.525974025974026	0.1157486253428089	9.024063376916303
0.5649350649350654	0.05261301151945871	9.089306592409656
0.5616883116883123	0.057874312671404624	9.07615256249022
0.558441558441559	0.06313561382335052	9.065792961233624
0.5551948051948057	0.06839691497529642	9.057033790145972
0.5519480519480523	0.07365821612724228	9.050371132398764
0.548701298701299	0.07891951727918814	9.044913774166046
0.5292207792207795	0.11048732419086318	9.02581717299968
0.5324675324675328	0.10522602303891733	9.02798532251789
0.5357142857142859	0.09996472188697153	9.030268325971944
0.5389610389610392	0.09470342073502569	9.033138629286325
0.5454545454545457	0.08418081843113398	9.040147835662083
0.5422077922077925	0.08944211958307982	9.036343401359018
0.2987012987012983	0.4894773976961082	9.455843828114874
0.30194805194805163	0.48421609654416237	9.455854151764482
0.30519480519480485	0.4789547953922166	9.451852538923163
0.3084415584415581	0.4736934942402708	9.27616045788154
0.31168831168831135	0.46843219308832484	9.19665170657744
0.3149350649350646	0.4631708919363789	9.156388682504469
0.3181818181818179	0.45790959078443294	9.123382606419229
0.3214285714285712	0.45264828963248704	9.101534949982026
0.3246753246753244	0.4473869884805411	9.085396626885704
0.32792207792207767	0.44212568732859536	9.072161453835006
0.331168831168831	0.4368643861766495	9.061933173117056
0.3344155844155843	0.4316030850247037	9.054166880557004
0.33766233766233755	0.4263417838727579	9.047661802785539
0.340909090909091	0.4210804827208121	9.042329867570091
0.34415584415584427	0.4158191815688665	9.038027969011559
0.34740259740259744	0.4105578804169209	9.034376595752493
0.3506493506493503	0.4052965792649753	9.031283142942279
0.3538961038961031	0.40003527811302947	9.028570745495761
0.3571428571428557	0.3947739769610836	9.026317707671696
0.36038961038960843	0.3895126758091374	9.02432739114115
0.36363636363636154	0.3842513746571909	9.022634369907356
0.36688311688311526	0.3789900735052443	9.02112303725508
0.3701298701298698	0.373728772353298	9.019836311331067
0.3733766233766254	0.3684674712013525	9.01866388928966
0.376623376623382	0.3632061700494084	9.017651602441303
0.379870129870139	0.35794486889746663	9.016744490860097
0.3831168831168964	0.35268356774552834	9.0159373484025
0.38636363636365173	0.3474222665935949	9.015233073457493
0.3896103896104064	0.34216096544166674	9.014603277746602
0.3928571428571557	0.33689966428973467	9.014026505115039
0.39610389610390695	0.33163836313780276	9.013529688181835
0.39935064935066217	0.32637706198586763	9.013082932869056
0.4025974025974257	0.3211157608339266	9.012688556894375
0.4058441558442141	0.3158544596819804	9.012332463181808
0.409090909091057	0.31059315853004515	9.012028440680838
0.4123376623379416	0.30533185737813057	9.011752079656487
0.4155844155848701	0.3000705562263259	9.0115188931103
0.41883116883174526	0.2948092550745756	9.011319206127368
0.42207792207858846	0.28954795392313337	9.011146959319888
0.4253246753244686	0.2842866527712806	9.011000482694199
0.42857142856873637	0.27902535161914904	9.010886186111419
0.43184169595207683	0.2737622756766505	9.010795900261067
0.43515649539064866	0.2684956238636545	9.010730581816466
0.4386886909556304	0.2632183083505027	9.01069470074681
0.4423001266187625	0.25794047899790035	9.010682293476153
0.44598615387027335	0.25266135095900083	9.010689808249913
0.4496922173108615	0.24738241707281317	9.010716747977055
0.45342232594229576	0.24210362660838233	9.010765748423763
0.4571431237104356	0.23682675959355912	9.010838077707556
0.46070443130428745	0.23154088541195805	9.01093832223899
0.46420228690209847	0.22625527646815513	9.011058491258735
0.46753165777676486	0.2209748795431573	9.011202863890402
0.47077922077753875	0.21571334722839144	9.011377780170768
0.47402597402521046	0.2104520460774796	9.011573183262499
0.47727272727247216	0.2051907449259263	9.01179731459091
0.4805194805194557	0.19992944377403052	9.012058204632309
0.5974025974025978	0.010522602303891742	9.440203590769597
0.4837662337662954	0.1946681426220248	9.012343857837442
0.4870129870130501	0.1894068414700165	9.012664763134454
0.5941558441558444	0.01578390345583761	9.497616260509746
0.4902597402597773	0.18414554031802596	9.013031284942548
0.49350649350651216	0.178884239166069	9.013433022634826
0.49675324675324073	0.1736229380141338	9.013877347795857
0.499999999999981	0.16836163686222194	9.014369992625994
0.5032467532467344	0.16310033571029256	9.014936896028589
0.5909090909090912	0.02104520460778347	9.49770588163011
0.5876623376623379	0.02630650575972932	9.306390476013293
0.5844155844155847	0.031567806911675156	9.21051925376885
0.5811688311688316	0.03682910806362102	9.16225822067666
0.5779220779220783	0.04209040921556685	9.13183261154286
0.5746753246753251	0.04735171036751274	9.1080198374585
0.5714285714285718	0.05261301151945863	9.089315780142906
0.5064935064934902	0.1578390345583555	9.015542894738546
0.5097402597402492	0.15257773340641836	9.0162275804328
0.5129870129870068	0.14731643225447785	9.017007900119966
0.5162337662337627	0.14205513110253473	9.017855896619345
0.5194805194805177	0.13679382995059053	9.018809135441591
0.5227272727272717	0.13153252879864555	9.019909065777187
0.5259740259740256	0.1262712276467003	9.021117115006389
0.5292207792207794	0.12100992649475473	9.022492663707792
0.5324675324675326	0.11574862534280894	9.024079537946404
0.5681818181818189	0.05787431267140455	9.076162485392858
0.5649350649350656	0.0631356138233505	9.065803387771659
0.5616883116883123	0.06839691497529642	9.057044873425383
0.5584415584415591	0.07365821612724231	9.050382808798632
0.5551948051948057	0.07891951727918821	9.044926045409236
0.5519480519480523	0.08418081843113408	9.04016072223312
0.5357142857142859	0.11048732419086316	9.025832843092102
0.5389610389610393	0.10522602303891737	9.028000441956769
0.5422077922077925	0.09996472188697154	9.030282929760004
0.5454545454545456	0.09470342073502576	9.033152656846182
0.5487012987012989	0.08944211958307992	9.036356862057403
0.30519480519480485	0.48947739769610826	9.455679127845691
0.3084415584415581	0.4842160965441623	9.455691662084662
0.3116883116883113	0.4789547953922165	9.451870436113206
0.31493506493506457	0.47369349424027063	9.276104559509529
0.31818181818181784	0.46843219308832473	9.196602291174882
0.3214285714285711	0.46317089193637884	9.1563402328453
0.32467532467532445	0.4579095907844329	9.12333862958418
0.32792207792207767	0.45264828963248704	9.101494478503001
0.33116883116883095	0.4473869884805411	9.085360406883657
0.3344155844155843	0.4421256873285954	9.072129402168416
0.33766233766233755	0.43686438617664963	9.061905163019787
0.34090909090909083	0.43160308502470385	9.05414279746333
0.3441558441558441	0.4263417838727581	9.047641594304439
0.3474025974025972	0.42108048272081233	9.042313332558079
0.3506493506493504	0.41581918156886666	9.038014943504784
0.35389610389610326	0.41055788041692076	9.034366924943543
0.35714285714285615	0.4052965792649748	9.031276632655006
0.360389610389609	0.40003527811302875	9.028567228555
0.3636363636363622	0.3947739769610825	9.02631698356896
0.3668831168831157	0.38951267580913623	9.024329251228435
0.37012987012986964	0.3842513746571901	9.02263860298437
0.3733766233766241	0.37899007350524433	9.021129546165374
0.376623376623379	0.37372877235329954	9.0198449173936
0.37987012987013413	0.3684674712013556	9.018674444161894
0.3831168831168894	0.36320617004941336	9.017663935976232
0.3863636363636438	0.357944868897473	9.016758458631763
0.3896103896103973	0.3526835677455351	9.015952802347103
0.392857142857151	0.3474222665935955	9.015249873994238
0.3961038961039028	0.34216096544165703	9.014621294561742
0.3993506493506573	0.33689966428971646	9.014045614730918
0.4025974025974166	0.3316383631377728	9.013549767932098
0.40584415584418915	0.3263770619858268	9.013103875171536
0.40909090909099016	0.32111576083388715	9.012710254306429
0.41233766233781305	0.31585445968195935	9.012354819633343
0.41558441558465775	0.31059315853008956	9.012051360877267
0.4188311688314729	0.3053318573782484	9.011775481910478
0.4220779220782678	0.3000705562265688	9.011542694042594
0.4253246753247702	0.294809255074688	9.011343333357432
0.428571428571111	0.28954795392280414	9.011171344495429
0.43181818181714404	0.28428665277055254	9.011025064450878
0.43506493506306504	0.27902535161721936	9.01091090504397
0.4383116883121454	0.27376405046149577	9.010820633259302
0.4416814337223655	0.2684910270022303	9.01075547864288
0.44512649509717167	0.26321518533562677	9.01071928266859
0.4487838375455506	0.2579364341305261	9.010707043956472
0.45246794116614764	0.2526574591282872	9.010714467198646
0.45619513820111507	0.24737764406792748	9.010741271754627
0.459927030449308	0.2420980006860496	9.010790105986302
0.46361955455037074	0.23681687324151457	9.01086223559813
0.4672562756498364	0.2315336976869884	9.010962568458753
0.4706758328277254	0.22625090292176786	9.011082229511844
0.47402546457504885	0.22097475285252988	9.01122637645692
0.4772727405840817	0.21571334630211206	9.011401070526256
0.4805194964951484	0.21045204496514033	9.01159624381023
0.48376623833088356	0.20519074460798137	9.011820131258437
0.4870129870131043	0.1999294437738752	9.012080766281857
0.6038961038961043	0.010522602303891746	9.440141703456076
0.600649350649351	0.015783903455837616	9.497596996424164
0.4902597402597951	0.1946681426218596	9.012366146040643
0.49350649350651765	0.18940684146988104	9.012686768818552
0.5974025974025977	0.021045204607783485	9.49769066935052
0.49675324675320526	0.18414554031798427	9.013052997070245
0.4999999999999334	0.178884239166056	9.013454430153994
0.5032467532467128	0.17362293801415685	9.01389843752016
0.5064935064934811	0.16836163686223626	9.014390753875203
0.5097402597402432	0.16310033571030189	9.014957311093069
0.5941558441558443	0.026306505759729346	9.30641505362283
0.5909090909090912	0.03156780691167519	9.210531501404297
0.5876623376623379	0.03682910806362104	9.162268419820583
0.5844155844155847	0.04209040921556687	9.131841379817907
0.5811688311688316	0.04735171036751271	9.108028456157584
0.5779220779220783	0.05261301151945856	9.089324691361343
0.5746753246753253	0.057874312671404436	9.076172200396629
0.5129870129870017	0.1578390345583626	9.015562953836222
0.5162337662337598	0.15257773340642208	9.0162472670214
0.519480519480516	0.1473164322544796	9.017027195656226
0.5227272727272708	0.14205513110253565	9.017874786713891
0.5259740259740251	0.13679382995059108	9.018827602987663
0.5292207792207789	0.13153252879864577	9.019927086560223
0.5324675324675324	0.1262712276467003	9.021134672989222
0.5357142857142858	0.12100992649475466	9.022509739801855
0.538961038961039	0.1157486253428089	9.024096098244419
0.5714285714285722	0.06313561382335035	9.065813702964562
0.5681818181818189	0.06839691497529628	9.057055927874886
0.5649350649350657	0.07365821612724222	9.050394536200157
0.5616883116883123	0.07891951727918815	9.044938432273495
0.5584415584415591	0.0841808184311341	9.040173782420064
0.5551948051948056	0.08944211958308003	9.036370552079324
0.5422077922077922	0.11048732419086316	9.025848892341289
0.5454545454545454	0.10522602303891752	9.02801591328749
0.5487012987012989	0.09996472188697174	9.030297851684589
0.5519480519480522	0.09470342073502591	9.03316696168226
0.31168831168831135	0.48947739769610826	9.455523469194004
0.3149350649350646	0.48421609654416237	9.455540204423341
0.31818181818181784	0.4789547953922165	9.45188916999156
0.32142857142857106	0.47369349424027063	9.276054861267218
0.32467532467532434	0.46843219308832473	9.196557567600168
0.32792207792207767	0.46317089193637884	9.156296249164756
0.33116883116883095	0.4579095907844329	9.123298660114779
0.3344155844155842	0.45264828963248704	9.10145761602165
0.3376623376623375	0.44738698848054126	9.085327398770177
0.3409090909090908	0.44212568732859564	9.0721001749323
0.34415584415584405	0.43686438617664974	9.061879617338882
0.34740259740259716	0.4316030850247039	9.054120828894748
0.35064935064935027	0.4263417838727582	9.04762317182506
0.3538961038961033	0.4210804827208123	9.042298274978917
0.3571428571428565	0.41581918156886627	9.038003107763394
0.3603896103896094	0.41055788041692026	9.03435817640338
0.3636363636363626	0.40529657926497414	9.031270793494484
0.3668831168831159	0.4000352781130281	9.028564164692726
0.3701298701298695	0.3947739769610821	9.026316493604297
0.3733766233766234	0.38951267580913634	9.02433115102211
0.3766233766233776	0.3842513746571909	9.022642717800805
0.379870129870132	0.378990073505246	9.02113578423012
0.38311688311688596	0.37372877235330215	9.019853113196016
0.3863636363636398	0.3684674712013586	9.01868446435205
0.38961038961039285	0.36320617004941663	9.0176756261532
0.39285714285714657	0.3579448688974732	9.016771688513515
0.39610389610389934	0.3526835677455307	9.015967437470254
0.39935064935065356	0.3474222665935875	9.015265787580281
0.40259740259741145	0.3421609654416425	9.014638368387681
0.4058441558441759	0.3368996642896966	9.014063736750176
0.4090909090909543	0.33163836313775474	9.013568826331026
0.4123376623377443	0.32637706198581945	9.013123772437117
0.4155844155845448	0.32111576083391447	9.012730892612892
0.41883116883132915	0.3158544596820247	9.0123761117832
0.4220779220781017	0.3105931585302202	9.012073220056559
0.4253246753247211	0.3053318573783086	9.011797834055626
0.4285714285712548	0.3000705562263954	9.011565463176497
0.4318181818177483	0.29480925507437766	9.011366453759022
0.4350649350643205	0.2895479539221875	9.011194753790484
0.43831168831123796	0.28428665276977166	9.011048706895318
0.441558441559543	0.2790253516171083	9.010934727182315
0.4448051948115088	0.273764050465809	9.010844578168552
0.44810693625201886	0.26848524978601496	9.010779188056341
0.45165674704293846	0.2632094129781968	9.010743452072665
0.45525579533276117	0.25793020270538686	9.010731059795374
0.4589795693859477	0.25265336238434893	9.01073860402474
0.46270241477962015	0.24737303820183187	9.010765259957354
0.46643268472082283	0.2420933469702705	9.010813986115883
0.47017091803483996	0.23681005399442642	9.010886224027052
0.47371738327056034	0.23152756931582094	9.01098613386385
0.4772112694957593	0.2262441081930157	9.011105980374618
0.4805194805177124	0.2209746483831346	9.011249691767832
0.4837662876281088	0.21571334317543417	9.011424228390828
0.48701302634137966	0.21045203145130864	9.01161923469965
0.4902597519388842	0.20519073704153865	9.011842938010178
0.6103896103896108	0.010522602303891746	9.44007710014369
0.49350649350651715	0.1999294437736295	9.012103368139059
0.6071428571428574	0.01578390345583762	9.49757821401535
0.6038961038961043	0.02104520460778349	9.497675043669936
0.49675324675315563	0.19466814262178475	9.012388534305972
0.49999999999989636	0.18940684146988737	9.012708928678656
0.6006493506493509	0.02630650575972936	9.306438496745448
0.5032467532466661	0.18414554031800642	9.013074912117624
0.5064935064934458	0.1788842391660936	9.013476086300846
0.5097402597402285	0.17362293801417708	9.013919817465386
0.512987012986996	0.1683616368622449	9.014411842637761
0.516233766233756	0.16310033571030602	9.014978086315011
0.5974025974025977	0.031567806911675225	9.21054245916323
0.5941558441558443	0.03682910806362108	9.16227788633586
0.5909090909090912	0.04209040921556692	9.13184934871738
0.5876623376623379	0.04735171036751275	9.108036590217283
0.5844155844155847	0.052613011519458554	9.089333250248984
0.5811688311688316	0.057874312671404395	9.07618163173885
0.5779220779220784	0.06313561382335023	9.06582384129556
0.5194805194805132	0.15783903455836565	9.015583400869305
0.5227272727272689	0.1525777334064238	9.016267364093004
0.5259740259740242	0.14731643225448054	9.017046918790518
0.5292207792207785	0.14205513110253615	9.017894115845417
0.5324675324675323	0.13679382995059114	9.018846515094438
0.5357142857142856	0.13153252879864574	9.019945551310164
0.5389610389610385	0.1262712276467003	9.021152668001134
0.5422077922077917	0.12100992649475473	9.022527239622562
0.545454545454545	0.11574862534280911	9.024113062040948
0.5746753246753253	0.06839691497529612	9.057066894779455
0.5714285714285722	0.07365821612724203	9.050406261933075
0.5681818181818189	0.07891951727918796	9.044950893236413
0.5649350649350658	0.08418081843113395	9.040186978624996
0.5616883116883125	0.08944211958307996	9.036384440595818
0.5584415584415592	0.09470342073502598	9.033181520369213
0.5487012987012984	0.1104873241908636	9.025865318469625
0.5519480519480521	0.10522602303891783	9.02803172742084
0.5551948051948057	0.09996472188697193	9.030313075615142
0.6168831168831174	0.010522602303891746	9.440009482820644
0.31818181818181784	0.48947739769610826	9.455376260503394
0.32142857142857106	0.48421609654416237	9.455398206601147
0.32467532467532434	0.4789547953922165	9.451908823943816
0.32792207792207756	0.47369349424027063	9.276010693790111
0.33116883116883084	0.4684321930883248	9.196517124442115
0.3344155844155842	0.46317089193637884	9.156256304111833
0.3376623376623375	0.457909590784433	9.123262323243118
0.34090909090909066	0.4526482896324872	9.101424035431949
0.34415584415584394	0.4473869884805415	9.085297313638234
0.34740259740259716	0.44212568732859564	9.072073517885213
0.3506493506493504	0.43686438617664974	9.061856317023683
0.35389610389610343	0.4316030850247039	9.054100787397836
0.3571428571428565	0.4263417838727579	9.047606377841108
0.36038961038960965	0.42108048272081194	9.04228456442256
0.36363636363636287	0.4158191815688659	9.037992356772039
0.36688311688311614	0.4105578804169199	9.034350267151787
0.3701298701298695	0.40529657926497387	9.031265563963728
0.3733766233766231	0.4000352781130281	9.028561517740783
0.37662337662337686	0.39477397696108246	9.026316214006462
0.3798701298701307	0.3895126758091371	9.024333082830223
0.3831168831168843	0.38425137465719206	9.022646717849254
0.3863636363636378	0.37899007350524755	9.021141766242353
0.38961038961039096	0.3737287723533034	9.019860925546354
0.3928571428571445	0.36846747120135864	9.018693987114462
0.39610389610389746	0.3632061700494143	9.017686719334188
0.3993506493506515	0.3579448688974695	9.016784235000893
0.40259740259740767	0.35268356774552384	9.015981315488988
0.4058441558441672	0.34742226659357817	9.015280882326381
0.4090909090909342	0.3421609654416349	9.01465457299396
0.412337662337707	0.3368996642896951	9.014080949929022
0.41558441558448483	0.33163836313777145	9.013586946497112
0.4188311688312538	0.3263770619858558	9.013142711593915
0.42207792207801376	0.3211157608339834	9.012750562028407
0.4253246753246967	0.315854459682057	9.01239643266752
0.42857142857133296	0.31059315853012853	9.012094113617644
0.4318181818179471	0.30533185737814494	9.01181923347548
0.4350649350646014	0.30007055622607043	9.011587299481205
0.43831168831136363	0.29480925507394196	9.011388667496227
0.4415584415583255	0.28954795392182425	9.011217288485119
0.44480519480570174	0.2842866527698805	9.011071512328739
0.4480519480537763	0.279025351618496	9.010957751182978
0.4513062603950233	0.27376215923918046	9.010867772277038
0.454629141465823	0.26848474107339004	9.010802620414422
0.45812113979233976	0.2632053461541022	9.010766749866987
0.46178643831927363	0.25792973153267007	9.010754711497448
0.4654789535521562	0.2526519150911515	9.01076216448857
0.4692066663912627	0.24737211678691717	9.010788767872638
0.47296417717234895	0.2420908756805619	9.010837561557901
0.4766256238176316	0.23680692996341643	9.010909508184694
0.48026478173356857	0.23152100172770596	9.011009780471056
0.48366596980816573	0.22624532848689005	9.011129089566603
0.48701223602539145	0.22097470525601529	9.011272888659464
0.49025983120106276	0.21571331688749293	9.01144734224207
0.49350652895070185	0.21045198338792379	9.011642235862865
0.49675325714061996	0.20519072770375726	9.011865807664064
0.613636363636364	0.01578390345583762	9.497560045650092
0.49999999999977845	0.19992944377363941	9.012126092916432
0.6103896103896108	0.0210452046077835	9.497658410356827
0.6071428571428574	0.026306505759729367	9.306461306108984
0.5032467532465813	0.1946681426218344	9.012411098248641
0.5064935064933862	0.18940684146994716	9.012731313358415
0.6038961038961043	0.03156780691167523	9.210551638632984
0.5097402597401902	0.18414554031804184	9.01309709797144
0.5129870129869758	0.17888423916611407	9.013498055336044
0.5162337662337487	0.1736229380141825	9.013941548173785
0.5194805194805107	0.16836163686224756	9.01443331552809
0.5227272727272662	0.1631003357103082	9.014999274177514
0.6006493506493509	0.036829108063621094	9.162286555921225
0.5974025974025977	0.04209040921556695	9.13185656393287
0.5941558441558443	0.0473517103675128	9.108044114490086
0.5909090909090912	0.05261301151945863	9.089341371547143
0.5876623376623379	0.05787431267140445	9.076190701922068
0.5844155844155847	0.06313561382335027	9.065833735222673
0.5811688311688316	0.06839691497529608	9.057077713846468
0.5259740259740225	0.15783903455836748	9.01560428398402
0.5292207792207777	0.15257773340642508	9.016287915233216
0.5324675324675318	0.14731643225448096	9.017067108320164
0.5357142857142851	0.1420551311025362	9.017913917782073
0.5389610389610382	0.13679382995059114	9.018865900250448
0.5422077922077909	0.13153252879864605	9.019964482972988
0.5454545454545442	0.12627122764670076	9.021171117166181
0.5487012987012978	0.12100992649475543	9.022545174201161
0.5519480519480516	0.11574862534280983	9.02413043396767
0.5779220779220785	0.07365821612724185	9.05041792461475
0.5746753246753253	0.07891951727918774	9.044963386974887
0.5714285714285723	0.08418081843113363	9.040200275365
0.5681818181818191	0.08944211958307959	9.036398496700047
0.5649350649350661	0.09470342073502565	9.033196309290988
0.5616883116883128	0.0999647218869718	9.030328585411938
0.5551948051948056	0.110487324190864	9.025882119454606
0.5584415584415593	0.10522602303891794	9.028047875386504
0.6233766233766238	0.010522602303891746	9.439938669192513
0.6201298701298705	0.01578390345583762	9.49754252918202
0.6298701298701302	0.010522602303891746	9.43986456459286
0.32467532467532434	0.48947739769610826	9.455236868488582
0.32792207792207756	0.48421609654416237	9.455264407372352
0.33116883116883084	0.47895479539221647	9.451929454649802
0.33441558441558406	0.47369349424027063	9.275971426099602
0.3376623376623374	0.4684321930883248	9.196480562107768
0.34090909090909066	0.4631708919363789	9.156220027691027
0.3441558441558439	0.45790959078443305	9.123229274597497
0.3474025974025971	0.45264828963248727	9.101393433382519
0.3506493506493504	0.4473869884805413	9.08526988559092
0.3538961038961035	0.4421256873285955	9.072049195605217
0.3571428571428566	0.4368643861766497	9.061835058262078
0.36038961038960976	0.43160308502470374	9.054082497499323
0.3636363636363629	0.42634178387275773	9.047591063998603
0.3668831168831162	0.4210804827208117	9.042272077198804
0.3701298701298696	0.4158191815688657	9.037982589908927
0.373376623376623	0.4105578804169198	9.034343115900308
0.3766233766233764	0.4052965792649741	9.031260885004203
0.37987012987012997	0.4000352781130285	9.028559233295619
0.3831168831168836	0.394773976961083	9.0263161197482
0.3863636363636369	0.3895126758091378	9.024335037564255
0.3896103896103901	0.3842513746571929	9.022650604606701
0.39285714285714346	0.37899007350524744	9.021147503139419
0.3961038961038967	0.3737287723533022	9.019868376636042
0.39935064935065046	0.3684674712013567	9.018703044664818
0.4025974025974053	0.3632061700494111	9.017697256495952
0.4058441558441623	0.3579448688974653	9.016796146924401
0.409090909090923	0.3526835677455209	9.01599449225886
0.4123376623376867	0.34742226659357867	9.015295220351412
0.4155844155844528	0.34216096544164487	9.014669976084248
0.41883116883121385	0.33689966428971535	9.014097326933166
0.42207792207796957	0.3316383631378087	9.013604205477717
0.4253246753246853	0.3263770619858731	9.013160773552
0.4285714285713757	0.3211157608339365	9.01276934683551
0.43181818181805415	0.31585445968197073	9.012415869501352
0.43506493506475313	0.310593158529957	9.012114131278741
0.43831168831150796	0.305331857377914	9.011839772027203
0.44155844155836727	0.30007055622587503	9.01160829656334
0.4448051948053448	0.29480925507388994	9.01141006965797
0.44805194805239196	0.2895479539220152	9.011239044895964
0.45129870129935573	0.28428665277045184	9.011093577359425
0.45454545454582146	0.2790253516194062	9.01098007753425
0.4578113622909135	0.27376064449692417	9.01089033584561
0.46114974110857837	0.26848608593728157	9.010825464891267
0.4646700192796298	0.2632088189453824	9.010789851866347
0.4682507882788171	0.25793164007325053	9.010777642212814
0.47196459589730416	0.25265294805119864	9.010785237464033
0.47570836073350137	0.2473719208310007	9.010811907846689
0.47946067451955443	0.2420889351749296	9.010860725794076
0.4831724205928172	0.23680309622807638	9.010932920999188
0.4867163504441238	0.2315214173439326	9.011032812111916
0.4901705147308939	0.22624367181357455	9.011152360939988
0.4934994059798402	0.22097503316320172	9.011296038317704
0.49675328377601496	0.2157130901053782	9.011470492771073
0.49999999678580015	0.21045180967260246	9.01166533221857
0.5032468020894773	0.20519068721390496	9.0118888273618
0.6168831168831174	0.0210452046077835	9.497640070676932
0.5064935162197651	0.19992943755710932	9.012149018443745
0.613636363636364	0.02630650575972937	9.306483719011181
0.6103896103896108	0.03156780691167523	9.210558587197335
0.5097402597401279	0.19466814262190157	9.012433912234473
0.5129870129869428	0.18940684146998618	9.012753994513018
0.6071428571428574	0.0368291080636211	9.16229407104038
0.5162337662337292	0.18414554031805666	9.013119622981678
0.5194805194804987	0.17888423916612037	9.013520402229803
0.522727272727261	0.17362293801418485	9.013963691019148
0.5259740259740202	0.16836163686224934	9.014455230108174
0.5292207792207765	0.16310033571031077	9.015020928198503
0.6038961038961043	0.04209040921556697	9.131862962335605
0.6006493506493509	0.047351710367512824	9.108050905571515
0.5974025974025977	0.05261301151945868	9.08934897205346
0.5941558441558443	0.057874312671404526	9.076199335606796
0.5909090909090912	0.06313561382335034	9.065843316270296
0.5876623376623379	0.06839691497529617	9.05708832246078
0.5844155844155846	0.07365821612724192	9.05042947370467
0.5324675324675313	0.15783903455836867	9.015625652422274
0.5357142857142848	0.1525777334064253	9.01630896515558
0.5389610389610372	0.14731643225448102	9.017087804172226
0.54220779220779	0.14205513110253662	9.017934227393368
0.545454545454543	0.13679382995059208	9.018885787987848
0.5487012987012966	0.1315325287986473	9.019983905451234
0.551948051948051	0.126271227646702	9.021190038451193
0.5551948051948051	0.12100992649475628	9.022563555277118
0.5584415584415594	0.1157486253428101	9.024148219210003
0.5811688311688314	0.0789195172791877	9.044975864748823
0.5779220779220783	0.0841808184311334	9.040213639312036
0.5746753246753254	0.0894421195830792	9.036412690159322
0.5714285714285726	0.09470342073502508	9.033211304543956
0.5681818181818197	0.0999647218869711	9.030344364969546
0.5649350649350666	0.10522602303891736	9.028064348448408
0.5616883116883132	0.11048732419086375	9.025899293661611
0.626623376623377	0.01578390345583762	9.497525402036027
0.6233766233766239	0.0210452046077835	9.497619405910411
0.6363636363636368	0.010522602303891746	9.439787079628887
0.6331168831168835	0.015783903455837623	9.497508088616014
0.6428571428571432	0.01052260230389174	9.439706112720872
0.33116883116883084	0.4894773976961082	9.45510465358106
0.33441558441558406	0.48421609654416237	9.455137786654424
0.33766233766233733	0.4789547953922165	9.451951110298099
0.34090909090909066	0.4736934942402707	9.27593646046189
0.3441558441558439	0.46843219308832484	9.196447500039438
0.3474025974025971	0.463170891936379	9.156187089386238
0.35064935064935027	0.4579095907844331	9.123199203731893
0.3538961038961035	0.4526482896324871	9.101365529073936
0.35714285714285676	0.44738698848054115	9.085244869009573
0.36038961038960987	0.4421256873285954	9.072026989830649
0.3636363636363631	0.43686438617664963	9.061815651392914
0.3668831168831163	0.4316030850247037	9.054065794972436
0.3701298701298696	0.4263417838727577	9.04757709070026
0.3733766233766229	0.42108048272081167	9.04226069619119
0.37662337662337636	0.4158191815688658	9.03797371068155
0.3798701298701297	0.4105578804169201	9.034336645038849
0.383116883116883	0.4052965792649745	9.031256700356158
0.38636363636363646	0.4000352781130288	9.028557262456898
0.3896103896103898	0.39477397696108324	9.026316180780482
0.3928571428571429	0.38951267580913784	9.024337002494574
0.39610389610389635	0.3842513746571923	9.022654375806768
0.39935064935064996	0.3789900735052465	9.021153003275659
0.40259740259740423	0.37372877235330065	9.019875484963707
0.40584415584415945	0.3684674712013549	9.01871166490335
0.4090909090909167	0.36320617004940997	9.017707273893294
0.4123376623376756	0.3579448688974662	9.016807468098534
0.41558441558443554	0.35268356774552695	9.016007018419225
0.41883116883119276	0.34742226659359005	9.015308858423522
0.4220779220779467	0.3421609654416651	9.014684639929966
0.4253246753246797	0.3368996642897247	9.014112934962498
0.4285714285713991	0.3316383631377838	9.013620674864406
0.431818181818112	0.3263770619858274	9.013178033809991
0.43506493506483523	0.3211157608338457	9.012787325983199
0.43831168831158757	0.31585445968184805	9.012434504270516
0.4415584415583946	0.31059315852985153	9.012133357661567
0.4448051948052642	0.30533185737788193	9.011859536621373
0.448051948052172	0.30007055622596857	9.011628543287486
0.4512987012990602	0.2948092550741304	9.011430750745587
0.45454545454585965	0.28954795392236504	9.011260114680622
0.45779220779233015	0.2842866527707704	9.01111499479545
0.4610389610381403	0.2790253516187957	9.01100180142567
0.46430492516121596	0.2737614793562873	9.010912340765755
0.46768433367025386	0.26848832052559274	9.01084785937907
0.47112777159729774	0.26321640022691245	9.010812212958271
0.47474650371119803	0.25793771613458333	9.01080029385036
0.47848061889809906	0.2526531754899748	9.01080808046403
0.4822058490702213	0.2473702528566271	9.01083477965546
0.4859633996823842	0.2420857871122706	9.010883737486937
0.4896366690371408	0.2368012069869269	9.010955896845884
0.4932964527464957	0.23151556895203734	9.011056364795751
0.4966699979799185	0.22624423769015226	9.011175568387161
0.4999979952145718	0.2209733698738358	9.011319339699192
0.5032464002037155	0.215712558711736	9.011493769044444
0.5064936234550437	0.21045169412327766	9.011688601596155
0.5097403739137508	0.2051906166991123	9.01191207602952
0.6201298701298705	0.026306505759729367	9.306505525630584
0.5129870129869094	0.19992944377388744	9.01217222121205
0.6168831168831174	0.03156780691167524	9.210563720383592
0.6136363636363639	0.03682910806362111	9.162300145668953
0.5162337662337008	0.194668142621927	9.012457051450342
0.5194805194804829	0.18940684146999479	9.012777044474177
0.6103896103896108	0.042090409215566976	9.131868524919481
0.522727272727254	0.18414554031805797	9.013142556459442
0.5259740259740133	0.17888423916612456	9.013543193042068
0.5292207792207743	0.17362293801418985	9.013986308582417
0.5324675324675306	0.16836163686225203	9.014477645242318
0.5357142857142844	0.1631003357103115	9.015043103266065
0.6071428571428574	0.04735171036751285	9.108056902063533
0.6038961038961043	0.05261301151945871	9.089355961619615
0.6006493506493509	0.057874312671404554	9.076207462077145
0.5974025974025977	0.06313561382335042	9.065852515292692
0.5941558441558442	0.06839691497529625	9.057098657194311
0.5909090909090909	0.07365821612724203	9.050440853611285
0.5876623376623376	0.07891951727918778	9.044988270834024
0.538961038961036	0.15783903455836892	9.015647556837372
0.5422077922077876	0.152577733406426	9.016330559996666
0.5454545454545404	0.14731643225448277	9.01710904767789
0.5487012987012945	0.142055131102539	9.017955080903752
0.5519480519480495	0.13679382995059444	9.018906209115118
0.5551948051948048	0.1315325287986489	9.020003843815973
0.5584415584415597	0.12627122764670265	9.021209450856377
0.5616883116883139	0.12100992649475593	9.022582395466697
0.5649350649350674	0.1157486253428091	9.024166423648909
0.5844155844155844	0.0841808184311335	9.040227036414707
0.5811688311688313	0.08944211958307914	9.036426992034876
0.5779220779220784	0.0947034207350246	9.03322648205844
0.5746753246753257	0.09996472188697036	9.030360398120182
0.571428571428573	0.10522602303891627	9.028081138178926
0.5681818181818203	0.11048732419086249	9.025916839953494
0.6298701298701304	0.0210452046077835	9.497596009744823
0.626623376623377	0.026306505759729367	9.306526551965746
0.6396103896103901	0.015783903455837616	9.497489970501631
0.6363636363636368	0.0210452046077835	9.49756971580729
0.6493506493506497	0.01052260230389173	9.439621584229888
0.6461038961038965	0.015783903455837602	9.497470153879227
0.6558441558441561	0.010522602303891732	9.439533384459056
0.3376623376623373	0.48947739769610826	9.454978993188922
0.3409090909090906	0.48421609654416237	9.455017511160678
0.3441558441558438	0.47895479539221647	9.451973874842361
0.34740259740259705	0.47369349424027074	9.275905276756994
0.3506493506493502	0.46843219308832484	9.196417592846435
0.3538961038961035	0.463170891936379	9.156157177560575
0.35714285714285676	0.45790959078443305	9.123171829649879
0.36038961038961	0.4526482896324871	9.10134006359174
0.3636363636363632	0.44738698848054115	9.08522203684781
0.3668831168831164	0.4421256873285954	9.07200669809285
0.37012987012986964	0.4368643861766496	9.061797919908024
0.373376623376623	0.4316030850247037	9.054050526084355
0.37662337662337625	0.4263417838727577	9.047564326690326
0.37987012987012964	0.42108048272081183	9.042250310511415
0.3831168831168829	0.41581918156886605	9.037965627093401
0.3863636363636362	0.4105578804169203	9.034330781182547
0.38961038961038946	0.4052965792649746	9.031252953535118
0.39285714285714285	0.4000352781130288	9.028555559437677
0.39610389610389624	0.39477397696108313	9.026316366170606
0.3993506493506496	0.38951267580913734	9.024338961206757
0.4025974025974035	0.38425137465719156	9.022658027042185
0.40584415584415795	0.37899007350524566	9.021158272488476
0.4090909090909134	0.3737287723533003	9.01988226574401
0.41233766233766955	0.36846747120135576	9.018719871926256
0.4155844155844264	0.3632061700494136	9.017716803611366
0.41883116883118143	0.3579448688974726	9.016818237887692
0.4220779220779347	0.352683567745538	9.016018939965251
0.42532467532467694	0.34742226659359504	9.015321848535926
0.42857142857141195	0.34216096544165175	9.014698621945593
0.43181818181814324	0.33689966428970036	9.014127836323503
0.4350649350648799	0.3316383631377355	9.013636421361769
0.43831168831163175	0.326377061985762	9.013194563020166
0.441558441558412	0.3211157608337886	9.01280457364812
0.4448051948052257	0.31585445968182846	9.012452414288916
0.4480519480520604	0.31059315852989694	9.012151872844612
0.45129870129888644	0.3053318573780042	9.011878609782398
0.4545454545456673	0.30007055622614925	9.01164812429367
0.4577922077923757	0.2948092550743128	9.011450797183995
0.4610389610390288	0.2895479539224782	9.011280585901005
0.46428571428564913	0.28428665277060705	9.011135854201521
0.4675324675326258	0.279025351618649	9.011023011909204
0.47080929015613177	0.2737613193430051	9.010933901558188
0.4741317130388827	0.26849540615607426	9.010869594854343
0.4776634386840961	0.2632168143560411	9.01083443510035
0.48127889153679976	0.257935366299614	9.010822745886069
0.4849795124395695	0.2526508487668248	9.010830620451182
0.48870132826715645	0.24736663662491934	9.010857486045149
0.4924432490978252	0.2420824579118005	9.010906576045384
0.49618864878852714	0.23679913591857812	9.010979165934023
0.4997230378436721	0.2315222344411304	9.01107916509462
0.5031882187131603	0.226246232369232	9.011198897083373
0.5064912734225245	0.22097302208560646	9.011342735572116
0.5097399947553831	0.2157122532103583	9.011517243618279
0.5129871417114168	0.2104514567427417	9.011712132511688
0.5162339277952863	0.20519056048914233	9.011935632225969
0.6233766233766238	0.03156780691167524	9.210567303869425
0.5194805194804989	0.19992944377386132	9.012195780708891
0.6201298701298704	0.036829108063621115	9.162304604201216
0.6168831168831173	0.04209040921556699	9.131873067926263
0.5227272727272426	0.19466814262193077	9.012480591950025
0.5259740259740082	0.1894068414700031	9.012800536733883
0.613636363636364	0.047351710367512866	9.108062049338374
0.5292207792207719	0.18414554031806699	9.01316596905126
0.5324675324675318	0.17888423916613108	9.013566495312801
0.5357142857142843	0.1736229380141919	9.014009465030343
0.5389610389610343	0.16836163686225272	9.014500621459847
0.5422077922077838	0.1631003357103127	9.015065855983146
0.6103896103896108	0.05261301151945873	9.089362232074366
0.6071428571428574	0.05787431267140458	9.07621500567251
0.6038961038961043	0.06313561382335044	9.0658612622911
0.6006493506493508	0.06839691497529629	9.057108652395279
0.5974025974025976	0.07365821612724213	9.050452007249403
0.5941558441558442	0.07891951727918793	9.045000559143611
0.5909090909090907	0.08418081843113367	9.040240426799029
0.5454545454545354	0.15783903455837203	9.015670049619812
0.5487012987012898	0.1525777334064304	9.016352747621754
0.5519480519480463	0.1473164322544872	9.01713088185744
0.5551948051948036	0.14205513110254223	9.017976516156095
0.5584415584415602	0.13679382995059572	9.018927195958156
0.5616883116883152	0.13153252879864838	9.02002432452423
0.5649350649350688	0.12627122764670082	9.02122937460655
0.5681818181818216	0.12100992649475358	9.022601708425348
0.5714285714285737	0.1157486253428071	9.024185053986384
0.5876623376623374	0.08944211958307935	9.036441373766527
0.5844155844155842	0.09470342073502484	9.033241818058485
0.5811688311688311	0.09996472188697027	9.030376668528243
0.5779220779220782	0.10522602303891533	9.028098236474001
0.5746753246753257	0.11048732419086114	9.025934757776481
0.6331168831168835	0.026306505759729367	9.306546604445463
0.6298701298701304	0.03156780691167524	9.210569534876031
0.6428571428571432	0.021045204607783474	9.497540422578522
0.63961038961039	0.026306505759729357	9.306565639609497
0.652597402597403	0.0157839034558376	9.497447531971305
0.6493506493506497	0.021045204607783457	9.49750805232002
0.6623376623376627	0.010522602303891735	9.439441312083828
0.6590909090909095	0.015783903455837602	9.497421122586205
0.6688311688311691	0.010522602303891742	9.439345034987882
0.3441558441558438	0.4894773976961082	9.45485929011872
0.34740259740259705	0.48421609654416237	9.454902906970384
0.3506493506493502	0.47895479539221647	9.45199762602469
0.35389610389610343	0.47369349424027074	9.275877519208178
0.3571428571428567	0.46843219308832484	9.196390529023374
0.36038961038961004	0.4631708919363789	9.156129997187984
0.36363636363636326	0.457909590784433	9.123146895651606
0.36688311688311653	0.45264828963248704	9.101316798654794
0.3701298701298697	0.4473869884805411	9.085201179170058
0.373376623376623	0.4421256873285954	9.071988132470272
0.37662337662337625	0.4368643861766495	9.061781699543545
0.3798701298701295	0.4316030850247037	9.054036546897507
0.38311688311688274	0.4263417838727578	9.04755264854733
0.3863636363636361	0.4210804827208119	9.042240815218513
0.38961038961038935	0.41581918156886605	9.037958251803827
0.3928571428571426	0.41055788041692043	9.034325453887655
0.396103896103896	0.40529657926497453	9.031249588125915
0.3993506493506495	0.40003527811302875	9.028554083696669
0.40259740259740306	0.3947739769610828	9.026316644204668
0.40584415584415695	0.38951267580913695	9.024340895957728
0.40909090909091145	0.38425137465719145	9.022661551747449
0.4123376623376662	0.37899007350524627	9.02116331414995
0.41558441558442133	0.3737287723533025	9.019888731208143
0.4188311688311756	0.36846747120135936	9.018727686454064
0.4220779220779286	0.3632061700494197	9.01772587405486
0.4253246753246757	0.35794486889747534	9.016828491713964
0.428571428571419	0.3526835677455309	9.01603029876199
0.4318181818181603	0.34742226659358205	9.015334238427497
0.4350649350649043	0.34216096544162616	9.014711975213613
0.438311688311656	0.3368996642896654	9.014142088956186
0.441558441558423	0.33163836313770445	9.013651507315181
0.44480519480520764	0.32637706198575006	9.013210427516421
0.448051948052004	0.32111576083381027	9.01282115976201
0.45129870129879657	0.31585445968189046	9.012469672725336
0.45454545454556644	0.3105931585299902	9.01216975289091
0.4577922077922984	0.3053318573780998	9.011897070162064
0.46103896103899905	0.30007055622620965	9.011667120506425
0.46428571428568904	0.29480925507430406	9.011470291949609
0.46753246753242705	0.2895479539224039	9.01130054340244
0.47077922077934237	0.2842866527705451	9.011156241575224
0.47402597402642094	0.27902535161881253	9.011043798402667
0.4772727272726756	0.27376405046718977	9.01095499540616
0.48065371044061284	0.2684934119947209	9.010891153730581
0.48409585225734436	0.2632184673602463	9.010856047664028
0.48776321351867985	0.25793167138078327	9.01084481194104
0.4914684600496153	0.2526465089150543	9.01085298498011
0.4952046690486362	0.24736229757404093	9.010880151262013
0.4989685497280422	0.24208004350811022	9.010929570191179
0.5026333432465218	0.23680146747069086	9.011002041764677
0.5062556051388988	0.2315236481828156	9.011102554363463
0.5096490782339113	0.22624735794630066	9.011222218006345
0.5129837248502472	0.22097334400240604	9.011366343390575
0.5162337550954215	0.2157121153001573	9.011541002817621
0.5194807247658358	0.2104514414955303	9.0117359967607
0.5227273983457529	0.20519057557181652	9.011959575598432
0.626623376623377	0.036829108063621115	9.162307296654875
0.5259740259740023	0.19992944377384517	9.012219776598258
0.6233766233766238	0.04209040921556699	9.13187632926315
0.6201298701298705	0.047351710367512866	9.108066273829735
0.5292207792207688	0.19466814262193988	9.01250461136465
0.5324675324675355	0.1894068414700079	9.012824546435882
0.6168831168831174	0.05261301151945873	9.08936767431988
0.5357142857142866	0.18414554031806832	9.013189933183675
0.5389610389610332	0.17888423916613064	9.013590378476877
0.5422077922077775	0.17362293801419412	9.014033226512096
0.5454545454545267	0.16836163686225838	9.014524221333131
0.5487012987012813	0.16310033571032093	9.01508924502592
0.613636363636364	0.057874312671404596	9.076221873630848
0.6103896103896108	0.06313561382335044	9.06586948330431
0.6071428571428573	0.06839691497529629	9.05711823910859
0.6038961038961042	0.07365821612724216	9.050462874305007
0.6006493506493508	0.078919517279188	9.045012679060667
0.5974025974025975	0.08418081843113383	9.040253757334883
0.594155844155844	0.08944211958307961	9.036455808565366
0.5519480519480401	0.15783903455838053	9.015693185235675
0.5551948051948007	0.15257773340643668	9.016375577942307
0.5584415584415602	0.14731643225448998	9.017153351716148
0.561688311688317	0.14205513110254148	9.017998572884686
0.5649350649350714	0.1367938299505925	9.018948782608438
0.5681818181818239	0.1315325287986442	9.020045375639663
0.5714285714285751	0.12627122764669715	9.0212498313401
0.5746753246753261	0.1210099264947511	9.022621509001214
0.5779220779220781	0.11574862534280539	9.02420411785337
0.5909090909090904	0.0947034207350252	9.03325728959132
0.5876623376623371	0.0999647218869707	9.030393159649813
0.5844155844155835	0.1052260230389158	9.028115635562393
0.5811688311688304	0.1104873241908609	9.025953047215497
0.6363636363636368	0.03156780691167524	9.210570037197728
0.6331168831168835	0.036829108063621115	9.162308174383696
0.6461038961038964	0.02630650575972933	9.306583824610795
0.6428571428571432	0.03156780691167521	9.210568430956007
0.6558441558441561	0.021045204607783464	9.497472520349056
0.652597402597403	0.02630650575972932	9.30660131519768
0.6655844155844161	0.01578390345583761	9.4973900964224
0.6623376623376627	0.021045204607783474	9.497433836622351
0.6753246753246757	0.010522602303891744	9.439244091168527
0.6720779220779224	0.015783903455837616	9.497353883333853
0.6818181818181821	0.01052260230389174	9.439137961362567
0.3506493506493502	0.4894773976961082	9.454744993049376
0.3538961038961035	0.4842160965441623	9.454793410449787
0.35714285714285676	0.4789547953922165	9.452022275336658
0.36038961038961	0.47369349424027074	9.27585282997137
0.36363636363636326	0.46843219308832484	9.196366041602806
0.36688311688311653	0.4631708919363789	9.156105272288796
0.3701298701298698	0.457909590784433	9.123124166817554
0.37337662337662303	0.45264828963248716	9.101295515650731
0.3766233766233763	0.44738698848054126	9.085182101850878
0.3798701298701295	0.4421256873285954	9.071971118250206
0.38311688311688274	0.4368643861766495	9.061766837277643
0.386363636363636	0.4316030850247037	9.054023722493511
0.38961038961038924	0.42634178387275784	9.04754194009048
0.3928571428571425	0.4210804827208119	9.042232110988278
0.39610389610389574	0.41581918156886605	9.037951501614414
0.3993506493506492	0.41055788041692015	9.034320594931861
0.4025974025974028	0.4052965792649745	9.03124654892977
0.4058441558441565	0.4000352781130286	9.028552795032182
0.40909090909091045	0.39477397696108296	9.02631698373021
0.41233766233766445	0.38951267580913745	9.024342788542468
0.41558441558441855	0.3842513746571927	9.022664941496144
0.4188311688311723	0.37899007350524844	9.021168129352711
0.42207792207792544	0.37372877235330587	9.019894890894777
0.42532467532467527	0.36846747120136086	9.018735126205184
0.428571428571423	0.36320617004941574	9.017734510380295
0.4318181818181696	0.3579448688974683	9.016838261513561
0.43506493506491767	0.3526835677455171	9.016041133008441
0.4383116883116698	0.3474222665935633	9.015346072055754
0.44155844155842977	0.34216096544160907	9.014724748966094
0.44480519480519937	0.33689966428965823	9.01415574692154
0.4480519480519754	0.3316383631377147	9.0136659912025
0.45129870129875016	0.3263770619857815	9.013225689809225
0.45454545454551337	0.32111576083385845	9.012837150509084
0.4577922077922571	0.3158544596819407	9.01248634910319
0.4610389610389831	0.31059315853002284	9.012187070344824
0.4642857142857017	0.3053318573780965	9.011914993037728
0.4675324675324409	0.30007055622617035	9.011685609661429
0.4707792207792198	0.29480925507424377	9.011489314997705
0.47402597402606417	0.2895479539223503	9.011320068847153
0.47727272727302805	0.28428665277048265	9.011176240898076
0.4805194805202184	0.27902535161849223	9.011064244573054
0.4837662337671649	0.2737640504656236	9.010975852587443
0.48710279700581005	0.2684911526890019	9.01091222775423
0.49064106953037445	0.2632086287779405	9.010877786118344
0.49422571542706023	0.2579233545033711	9.010866673107115
0.4979708251816231	0.25264222136513204	9.010875353259044
0.5017072315561232	0.24735987025952552	9.010902832544547
0.5054418944135347	0.24208063888930834	9.010952426622168
0.5091701621131617	0.23680382349462112	9.011025387840434
0.5126970870747845	0.2315266014610291	9.011125793994454
0.51616271142537	0.2262457934257206	9.011246056616814
0.5194784569777885	0.22097281000303953	9.011390305242502
0.5227279383081641	0.21571221835229462	9.011565128460973
0.5259741756873043	0.21045163804347952	9.011760278418913
0.5292208242497273	0.2051906478014884	9.011983990121053
0.6298701298701302	0.042090409215567	9.131878152390184
0.532467532467528	0.19992944377385147	9.01224429046732
0.626623376623377	0.047351710367512866	9.10806947124666
0.6233766233766238	0.05261301151945872	9.089372187603432
0.5357142857142928	0.19466814262193585	9.012529189212474
0.5389610389610334	0.18940684147000106	9.012849150768664
0.6201298701298705	0.0578743126714046	9.076227948131544
0.5422077922077684	0.18414554031806854	9.013214523459636
0.5454545454545116	0.17888423916613969	9.013614914263394
0.5487012987012653	0.17362293801420958	9.014057661555357
0.5519480519480284	0.16836163686227465	9.014548509863424
0.555194805194795	0.16310033571033322	9.015113331513389
0.6168831168831174	0.06313561382335046	9.065877094286272
0.6136363636363639	0.06839691497529629	9.057127343686703
0.6103896103896107	0.07365821612724216	9.05047338969793
0.6071428571428573	0.07891951727918801	9.045024575828267
0.6038961038961042	0.08418081843113388	9.040266985134908
0.6006493506493507	0.08944211958307974	9.036470266213426
0.5974025974025972	0.09470342073502551	9.033272874690455
0.55844155844156	0.15783903455838622	9.01571702057727
0.56168831168832	0.15257773340643574	9.01639910324561
0.5649350649350756	0.14731643225448418	9.01717650455131
0.5681818181818278	0.14205513110253373	9.01802129299746
0.5714285714285774	0.1367938299505858	9.018971005177555
0.5746753246753266	0.13153252879863958	9.020067027055433
0.5779220779220776	0.12627122764669405	9.021270844294461
0.5811688311688293	0.1210099264947508	9.022641813379906
0.5844155844155825	0.11574862534280628	9.024223623892977
0.5941558441558437	0.09996472188697116	9.030409854408292
0.5909090909090898	0.10522602303891655	9.028133327981214
0.5876623376623361	0.11048732419086173	9.025971709031777
0.63961038961039	0.03682910806362111	9.162307603629595
0.6363636363636368	0.04209040921556698	9.131878490305006
0.6493506493506496	0.03156780691167519	9.210564447876783
0.6461038961038964	0.03682910806362107	9.162305314078887
0.6590909090909095	0.026306505759729332	9.30661827974208
0.6558441558441561	0.031567806911675184	9.210557827099604
0.6688311688311691	0.021045204607783488	9.497392330145432
0.6655844155844161	0.026306505759729353	9.306634718852495
0.6785714285714288	0.015783903455837613	9.497312155178276
0.6753246753246757	0.02104520460778349	9.497347970436325
0.6883116883116887	0.010522602303891734	9.439026041222688
0.6850649350649354	0.015783903455837606	9.497264765810137
0.6948051948051952	0.010522602303891727	9.438907647246927
0.35714285714285676	0.4894773976961082	9.45463559578573
0.36038961038961004	0.48421609654416237	9.45468852516503
0.36363636363636326	0.4789547953922165	9.452047730495247
0.36688311688311653	0.47369349424027074	9.275830882375141
0.3701298701298698	0.46843219308832484	9.196343894781732
0.37337662337662303	0.4631708919363789	9.156082746209215
0.37662337662337625	0.45790959078443305	9.123103425825185
0.3798701298701295	0.45264828963248716	9.1012760143957
0.38311688311688274	0.44738698848054126	9.085164625618917
0.386363636363636	0.4421256873285954	9.071955492793693
0.38961038961038924	0.4368643861766495	9.061753190337456
0.3928571428571425	0.4316030850247037	9.054011926167766
0.3961038961038958	0.42634178387275773	9.04753209175638
0.3993506493506491	0.4210804827208119	9.042224103678414
0.40259740259740245	0.41581918156886605	9.037945297037028
0.40584415584415606	0.41055788041692026	9.034316138361062
0.40909090909090967	0.40529657926497453	9.031243782888467
0.4123376623376635	0.40003527811302897	9.028551652753976
0.4155844155844171	0.3947739769610837	9.026317354775488
0.41883116883117055	0.3895126758091387	9.024344620707524
0.4220779220779236	0.3842513746571946	9.022668186497613
0.4253246753246749	0.37899007350524916	9.021172717332954
0.4285714285714253	0.37372877235330365	9.019900752016296
0.43181818181817483	0.3684674712013571	9.018742206237489
0.4350649350649251	0.3632061700494083	9.017742734871804
0.4383116883116774	0.3579448688974582	9.016847576141528
0.4415584415584341	0.3526835677455078	9.016051477655678
0.4448051948051958	0.3474222665935589	9.015357390028258
0.4480519480519611	0.3421609654416138	9.014736989028938
0.45129870129872596	0.33689966428967405	9.014168860854936
0.4545454545454854	0.33163836313773964	9.013679928094133
0.45779220779223456	0.32637706198580807	9.01324040905147
0.46103896103897424	0.32111576083387633	9.012852608796868
0.46428571428570903	0.31585445968194	9.01250250977442
0.46753246753245237	0.3105931585300025	9.012203894709238
0.4707792207792152	0.30533185737806373	9.011932450798882
0.4740259740260071	0.3000705562261398	9.011703666772547
0.47727272727284226	0.2948092550742355	9.011507943661643
0.48051948051976673	0.28954795392235794	9.011339241868479
0.4837662337670188	0.2842866527704713	9.011195933739707
0.487012987015002	0.27902535161837333	9.011084431220594
0.49025974026539343	0.27376405046555846	9.010996506417067
0.49360306128855713	0.2684842261147968	9.010933269701399
0.4971359734515867	0.26320231786921583	9.01089928384044
0.5007641247245701	0.25792031160276724	9.010888784794126
0.5044766563498259	0.25264027291373486	9.010897780403697
0.5081987068551229	0.24736072911592244	9.01092556365275
0.5119296029718146	0.24208427785882217	9.010975473384084
0.5156127218078815	0.236808601680401	9.011048596327896
0.5192412756132684	0.23153007295905	9.01114969437809
0.522648325961022	0.22625010727672312	9.011270014886284
0.5259732279216018	0.22097329485974945	9.011414648635315
0.5292206484226841	0.21571296944367024	9.0115896911837
0.5324675149101941	0.21045193394970257	9.011785068869122
0.5357142854233868	0.2051907149946769	9.012008964645311
0.6331168831168834	0.04735171036751287	9.108071537465053
0.538961038961026	0.19992944377384267	9.012269406478723
0.6298701298701302	0.052613011519458734	9.089375681935394
0.626623376623377	0.0578743126714046	9.076233072570007
0.5422077922077534	0.19466814262192922	9.012554407642183
0.5454545454544846	0.18940684147001277	9.012874429556874
0.6233766233766238	0.06313561382335046	9.065883994322688
0.5487012987012362	0.18414554031809524	9.013239817163209
0.551948051948006	0.1788842391661701	9.013640177147115
0.5551948051947836	0.17362293801423348	9.014082841488785
0.5584415584415588	0.16836163686228622	9.01457355488265
0.5616883116883256	0.16310033571033208	9.0151381793903
0.6201298701298704	0.0683969149752963	9.057135886482934
0.6168831168831173	0.07365821612724216	9.050483482390609
0.6136363636363639	0.07891951727918801	9.045036190617486
0.6103896103896107	0.08418081843113387	9.04028006417355
0.6071428571428573	0.08944211958307974	9.036484707764584
0.603896103896104	0.09470342073502563	9.0332885505146
0.6006493506493505	0.09996472188697138	9.03042673540236
0.564935064935083	0.15783903455837578	9.015741615327082
0.5681818181818344	0.15257773340642147	9.01642337853736
0.5714285714285813	0.1473164322544718	9.01720039027112
0.5746753246753272	0.1420551311025253	9.018044720868035
0.5779220779220765	0.13679382995058006	9.018993902058567
0.5811688311688274	0.13153252879863905	9.020089310719547
0.5844155844155805	0.1262712276466958	9.021292438489779
0.5876623376623346	0.12100992649475235	9.022662639220004
0.5909090909090887	0.11574862534280768	9.024243581823733
0.5974025974025968	0.10522602303891708	9.028151306362156
0.594155844155843	0.1104873241908626	9.025990744716992
0.6428571428571431	0.04209040921556695	9.131877200702535
0.63961038961039	0.047351710367512845	9.108072235287331
0.652597402597403	0.036829108063621045	9.16230129327399
0.6493506493506496	0.04209040921556692	9.131874114763635
0.6623376623376627	0.03156780691167522	9.210548379598059
0.6590909090909095	0.03682910806362107	9.16229524155541
0.6720779220779224	0.026306505759729357	9.306650055948964
0.6688311688311691	0.031567806911675246	9.210535795511829
0.6818181818181821	0.021045204607783488	9.497299777911179
0.6785714285714288	0.02630650575972937	9.30666480125865
0.6915584415584419	0.015783903455837592	9.49721160644165
0.6883116883116885	0.021045204607783464	9.497247176572829
0.7012987012987016	0.01052260230389173	9.438782043260899
0.6980519480519484	0.015783903455837592	9.497152431608628
0.7077922077922082	0.01052260230389174	9.438648409372524
0.3636363636363633	0.4894773976961082	9.454530629675622
0.36688311688311653	0.48421609654416237	9.454587813999824
0.37012987012986975	0.4789547953922165	9.452073901564829
0.37337662337662303	0.47369349424027063	9.275811382856958
0.37662337662337625	0.4684321930883248	9.196323858368304
0.3798701298701295	0.4631708919363789	9.156062187769672
0.38311688311688274	0.45790959078443305	9.123084470609468
0.386363636363636	0.45264828963248716	9.101258110350168
0.38961038961038924	0.44738698848054126	9.085148584484829
0.3928571428571425	0.4421256873285954	9.071941104390964
0.3961038961038957	0.4368643861766495	9.06174062525973
0.3993506493506491	0.4316030850247037	9.054001038691665
0.4025974025974024	0.42634178387275773	9.047522999995985
0.40584415584415584	0.42108048272081183	9.042216703918816
0.40909090909090917	0.4158191815688661	9.037939561973902
0.41233766233766284	0.4105578804169205	9.034312020805679
0.41558441558441644	0.405296579264975	9.031241238849232
0.4188311688311697	0.4000352781130296	9.028550615032499
0.42207792207792266	0.3947739769610847	9.026317730159723
0.42532467532467483	0.3895126758091391	9.024346372755117
0.42857142857142644	0.38425137465719345	9.022671275756155
0.43181818181817766	0.37899007350524716	9.021177075967026
0.4350649350649292	0.37372877235329977	9.019906319886216
0.4383116883116818	0.3684674712013516	9.018748939286398
0.44155844155843677	0.36320617004940314	9.017750567273524
0.4448051948051943	0.3579448688974556	9.016856461732063
0.448051948051954	0.35268356774550985	9.016061364786667
0.45129870129871347	0.3474222665935669	9.015368229999275
0.45454545454547035	0.3421609654416267	9.014748738234118
0.4577922077922221	0.33689966428968815	9.01418147838964
0.46103896103896874	0.33163836313774947	9.013693370085475
0.46428571428571247	0.32637706198580846	9.01325464147908
0.46753246753245975	0.3211157608338661	9.012867594703819
0.47077922077921647	0.31585445968192266	9.012518218373607
0.4740259740259875	0.31059315852998526	9.012220292904717
0.47727272727278147	0.30533185737805807	9.011949513400827
0.48051948051959886	0.30007055622615025	9.011721364553074
0.48376623376644873	0.29480925507427386	9.011526253204593
0.48701298701345325	0.2895479539224514	9.011358139904575
0.4902597402609255	0.2842866527707396	9.011215399362596
0.4935064935093579	0.2790253516193746	9.011104440214813
0.496757646795295	0.27376325621361175	9.011017042291849
0.5001319227185866	0.26848182273356563	9.010954396496855
0.5035444250875482	0.2631991027580558	9.010920513742617
0.5072583555337167	0.25791915490645595	9.01091082118048
0.5109723071850328	0.2526411795582321	9.010920303780859
0.514687779722861	0.24736425165525952	9.010948471104951
0.5184132617158044	0.2420896055077658	9.010998749892998
0.5221255845105748	0.2368152558968878	9.011072355113475
0.5256890686714064	0.2315332694916102	9.011173633425791
0.529207181652805	0.22624447175132667	9.01129492587873
0.532466895886658	0.22097530461931358	9.011439445599835
0.5357142149752852	0.21571343004179536	9.011614817603613
0.5389611192391989	0.2104520180660613	9.011810468712282
0.5422078401474927	0.20519072102012972	9.012034588901672
0.6363636363636367	0.05261301151945874	9.089378066575279
0.5454545551762765	0.19992943754498263	9.012295211291772
0.6331168831168835	0.05787431267140462	9.076237106213648
0.6298701298701304	0.06313561382335049	9.065890054340025
0.5487012987011817	0.19466814262197482	9.012580351510138
0.5519480519479633	0.18940684147006828	9.012900465644629
0.626623376623377	0.06839691497529636	9.057143782604667
0.5551948051947612	0.1841455403181406	9.013265894725064
0.5584415584415557	0.17888423916619312	9.013666244817065
0.5616883116883346	0.17362293801423243	9.01410884088529
0.5649350649350969	0.16836163686226716	9.0145994274734
0.5681818181818473	0.16310033571030555	9.0151638558267
0.6233766233766237	0.07365821612724222	9.050493075157306
0.6201298701298704	0.07891951727918803	9.045047459712228
0.6168831168831171	0.08418081843113388	9.040292945322264
0.6136363636363639	0.08944211958307968	9.036499087096546
0.6103896103896107	0.09470342073502554	9.033304294095883
0.6071428571428573	0.09996472188697138	9.030443785535601
0.6038961038961038	0.10522602303891719	9.028169563255807
0.5714285714285884	0.15783903455835263	9.015767032337342
0.574675324675328	0.15257773340640568	9.016448461898962
0.5779220779220742	0.14731643225446103	9.01722506172687
0.5811688311688235	0.1420551311025244	9.018068903638904
0.5844155844155766	0.13679382995058328	9.019017514195673
0.5876623376623317	0.13153252879864197	9.020112260864733
0.5909090909090868	0.12627122764669838	9.021314640913117
0.5941558441558419	0.1210099264947539	9.022684005780127
0.5974025974025963	0.11574862534280857	9.024264002502191
0.6006493506493502	0.11048732419086298	9.026010156514253
0.6461038961038964	0.047351710367512796	9.10807129651952
0.6428571428571431	0.052613011519458706	9.08937922564806
0.655844155844156	0.04209040921556693	9.131869137967529
0.652597402597403	0.047351710367512775	9.108068541963346
0.6655844155844161	0.036829108063621115	9.162286787085542
0.6623376623376626	0.04209040921556697	9.131861996605593
0.6753246753246757	0.031567806911675246	9.210519353774528
0.6720779220779224	0.03682910806362113	9.16227564726273
0.6850649350649354	0.026306505759729353	9.306678500453165
0.6818181818181821	0.03156780691167523	9.21049847961652
0.6948051948051951	0.021045204607783446	9.497189297164665
0.6915584415584418	0.026306505759729325	9.306689465704906
0.7045454545454547	0.015783903455837606	9.497086737103901
0.7012987012987015	0.02104520460778345	9.497125157622882
0.7142857142857147	0.010522602303891737	9.438505826304079
0.7110389610389612	0.015783903455837616	9.497013815350867
0.3701298701298698	0.4894773976961082	9.45442966291831
0.37337662337662303	0.48421609654416237	9.454490889446369
0.37662337662337625	0.47895479539221647	9.452100695591971
0.3798701298701295	0.47369349424027063	9.275794101042846
0.38311688311688274	0.4684321930883248	9.196305664014242
0.38636363636363596	0.4631708919363789	9.156043397672327
0.38961038961038924	0.45790959078443305	9.123067113959914
0.3928571428571425	0.4526482896324871	9.10124163204356
0.39610389610389574	0.44738698848054126	9.085133823548887
0.39935064935064907	0.4421256873285954	9.071927810990637
0.40259740259740234	0.4368643861766495	9.06172901693702
0.4058441558441557	0.4316030850247037	9.053990947655693
0.409090909090909	0.42634178387275773	9.04751456672036
0.41233766233766245	0.4210804827208121	9.042209826708428
0.4155844155844159	0.4158191815688665	9.037934223546083
0.41883116883116933	0.41055788041692093	9.034308181699958
0.4220779220779223	0.4052965792649756	9.031238866359702
0.42532467532467494	0.40003527811302986	9.028549639206316
0.4285714285714271	0.39477397696108407	9.02631808481795
0.43181818181817927	0.389512675809138	9.024348022659252
0.43506493506493155	0.3842513746571912	9.022674196831103
0.43831168831168443	0.3789900735052441	9.021181201969734
0.4415584415584384	0.3737287723532969	9.019911598265411
0.4448051948051938	0.36846747120135	9.01875533606348
0.4480519480519505	0.363206170049404	9.017758025081461
0.45129870129870714	0.3579448688974595	9.016864942026745
0.4545454545454625	0.3526835677455165	9.016070823969336
0.45779220779221536	0.3474222665935744	9.015378627038645
0.46103896103896536	0.3421609654416322	9.0147600368027
0.46428571428571375	0.3368996642896888	9.014193644553115
0.46753246753246364	0.3316383631377445	9.013706366705238
0.47077922077921813	0.32637706198579947	9.013268440830307
0.47402597402597996	0.32111576083385673	9.01288216590828
0.4772727272727535	0.31585445968191933	9.012533536255704
0.4805194805195399	0.31059315852999164	9.012236329710936
0.4837662337663438	0.30533185737808094	9.011966248806893
0.4870129870131823	0.3000705562262094	9.011738773910173
0.4902597402600321	0.29480925507438366	9.011544317152408
0.49350649350699244	0.28954795392268384	9.011376838859968
0.49675324675416077	0.2842866527712369	9.01123471581496
0.500000000000824	0.2790253516208085	9.011124350154239
0.5032547276437751	0.27376248410394843	9.011037544164402
0.5066426521400913	0.2684823560138952	9.01097552123971
0.5101014783531702	0.26320093447414833	9.01094235073895
0.513767348833282	0.2579211792756086	9.010933077294602
0.5174605855620946	0.25264421485614785	9.010943026726418
0.5211746264966929	0.24736877274533833	9.010971654424852
0.5249000658403918	0.242094167414715	9.011022392833807
0.5285872974642981	0.23681737772649478	9.01109640849491
0.5322382874776274	0.2315366487564776	9.011198430866108
0.5356296496587628	0.22625540249706336	9.011319476801885
0.5389481930980388	0.22097985213236368	9.011464719382289
0.5422062743092202	0.21571456741025222	9.011640563401793
0.545454695308448	0.2104521941423295	9.011836558291419
0.5487014082825434	0.20519068965186524	9.012060952418109
0.6396103896103901	0.05787431267140458	9.07623996346446
0.5519480519477927	0.1999294437739412	9.012321793113202
0.6363636363636369	0.06313561382335049	9.065895094765034
0.6331168831168835	0.06839691497529639	9.057150935457626
0.5551948051947166	0.19466814262206056	9.01260710883423
0.5584415584415475	0.18940684147011308	9.012927345282078
0.6298701298701304	0.07365821612724226	9.050502086210715
0.5616883116883501	0.18414554031814012	9.013292840169767
0.5649350649351214	0.17888423916615817	9.013693198631357
0.5681818181818702	0.1736229380141828	9.014135738011227
0.5714285714286013	0.16836163686222375	9.014626202405225
0.5746753246753296	0.16310033571027596	9.015190431636285
0.626623376623377	0.07891951727918813	9.045058312819878
0.6233766233766237	0.08418081843113395	9.040305573486604
0.6201298701298703	0.08944211958307978	9.036513355472147
0.616883116883117	0.09470342073502552	9.033320082099264
0.6136363636363639	0.09996472188697131	9.030460988251834
0.6103896103896107	0.10522602303891711	9.028188090796554
0.6071428571428572	0.11048732419086292	9.02602994740333
0.5779220779220694	0.15783903455833245	9.015793338028296
0.5811688311688157	0.15257773340640404	9.016474414862328
0.5844155844155693	0.1473164322544671	9.017250575060968
0.5876623376623261	0.14205513110252974	9.018093891538518
0.5909090909090834	0.13679382995058803	9.019041885365327
0.5941558441558398	0.13153252879864477	9.020135914246417
0.5974025974025953	0.12627122764669987	9.021337480707258
0.6006493506493499	0.12100992649475445	9.022705934044483
0.6038961038961037	0.1157486253428087	9.024284897974852
0.6493506493506496	0.05261301151945866	9.089378918177163
0.6461038961038965	0.057874312671404526	9.07624163816081
0.6590909090909095	0.04735171036751281	9.108063736700117
0.655844155844156	0.05261301151945866	9.089376802459107
0.6688311688311691	0.04209040921556698	9.131852235273426
0.6655844155844161	0.047351710367512845	9.108056801505809
0.6785714285714288	0.036829108063621115	9.162261451141575
0.6753246753246757	0.04209040921556698	9.131839739913561
0.6883116883116887	0.03156780691167521	9.2104737407266
0.6850649350649354	0.03682910806362109	9.162243810679056
0.6980519480519483	0.026306505759729298	9.306696647049224
0.6948051948051952	0.03156780691167516	9.210446546005342
0.7077922077922081	0.021045204607783502	9.497053745796434
0.7045454545454547	0.026306505759729346	9.306699832111223
0.7207792207792211	0.010522602303891723	9.438353283055934
0.7175324675324678	0.0157839034558376	9.496932813178423
0.7142857142857147	0.021045204607783502	9.496974022434925
0.7272727272727275	0.010522602303891722	9.438189683330863
0.37662337662337625	0.4894773976961082	9.454332300001086
0.3798701298701295	0.4842160965441623	9.454397402501025
0.38311688311688274	0.47895479539221647	9.45212801281299
0.386363636363636	0.47369349424027063	9.275778847241064
0.38961038961038924	0.4684321930883248	9.1962890770212
0.39285714285714246	0.4631708919363789	9.156026190471358
0.39610389610389574	0.457909590784433	9.123051180599878
0.39935064935064907	0.45264828963248704	9.101226419512827
0.40259740259740234	0.4473869884805411	9.08512019739756
0.4058441558441557	0.4421256873285954	9.07191547918674
0.4090909090909089	0.43686438617664963	9.061718247735199
0.4123376623376623	0.43160308502470374	9.053981546932077
0.4155844155844155	0.42634178387275806	9.047506698761504
0.41883116883116883	0.4210804827208124	9.042203391015073
0.422077922077922	0.4158191815688667	9.037929212064027
0.42532467532467505	0.410557880416921	9.034304563166161
0.4285714285714277	0.4052965792649752	9.031236614300754
0.43181818181818016	0.4000352781130292	9.028548689863777
0.4350649350649329	0.3947739769610828	9.02631839314846
0.43831168831168593	0.3895126758091363	9.024349547700956
0.4415584415584395	0.3842513746571896	9.02267693561737
0.44480519480519387	0.37899007350524316	9.021185090885554
0.44805194805194876	0.37372877235329716	9.019916589536281
0.451298701298704	0.36846747120135187	9.018761405469162
0.4545454545454585	0.3632061700494074	9.017765123800777
0.4577922077922117	0.3579448688974635	9.016873038688415
0.46103896103896336	0.35268356774551973	9.01607988259827
0.4642857142857142	0.34742226659357517	9.015388613977558
0.46753246753246563	0.34216096544163016	9.01477092270042
0.47077922077921935	0.3368996642896845	9.01420540213923
0.4740259740259766	0.3316383631377396	9.013718965303683
0.47727272727274017	0.3263770619857976	9.013281858747945
0.4805194805195107	0.3211157608338605	9.012896378102367
0.48376623376629074	0.3158544596819328	9.012548522919644
0.4870129870130891	0.3105931585300262	9.012252068193904
0.49025974025989094	0.30533185737814283	9.011982723434722
0.4935064935067119	0.3000705562263296	9.01175596433051
0.49675324675347704	0.29480925507454575	9.011562207722834
0.5000000000002024	0.2895479539229338	9.011395413476661
0.5032467532463925	0.2842866527715266	9.011253958501475
0.5064935064914362	0.2790253516196573	9.011144244096442
0.5097557922201854	0.27376110383573593	9.01105808528854
0.513092829988329	0.26848579630475067	9.010996587306776
0.5166355135807146	0.2632038385497812	9.010964292748847
0.5202294524549533	0.2579241901911996	9.010955426724534
0.5239482934374697	0.25264821541096694	9.01096606290969
0.5276612376956986	0.2473729223060722	9.010995219337188
0.5313913561942569	0.24209783472390556	9.011046506300106
0.5351234635410972	0.2368226096645979	9.011121208601354
0.5387505114227524	0.23154015785533677	9.011223669234221
0.5421308830099973	0.22625857098670277	9.011345143186352
0.5454272176293788	0.2209868728827363	9.011490599881599
0.5486960746067736	0.21571790291436888	9.011666971038212
0.5519478912162876	0.21045313239435406	9.011863408609408
0.5551948051941993	0.20519074492597958	9.012088144471711
0.6428571428571433	0.06313561382335041	9.065898927585097
0.5584415584414162	0.19992944377404875	9.0123492468299
0.6396103896103901	0.0683969149752963	9.057157215666779
0.6363636363636369	0.07365821612724224	9.050510431027805
0.5616883116883767	0.19466814262206103	9.012634771657732
0.5649350649351662	0.18940684147004738	9.01295515877692
0.6331168831168836	0.07891951727918817	9.045068673507304
0.568181818181914	0.18414554031804584	9.013320741599737
0.5714285714286258	0.17888423916607576	9.013721124075426
0.5746753246753312	0.17362293801412698	9.014163615281932
0.5779220779220604	0.16836163686218583	9.014653958583748
0.5811688311688012	0.16310033571027296	9.015217981711713
0.6298701298701304	0.08418081843113402	9.040317887223772
0.6266233766233769	0.08944211958307989	9.036527468882825
0.6233766233766235	0.09470342073502569	9.033335885608404
0.6201298701298702	0.09996472188697143	9.030478326956397
0.6168831168831169	0.10522602303891714	9.028206880408574
0.6136363636363636	0.11048732419086278	9.026050120996794
0.6103896103896105	0.1157486253428085	9.024306281549435
0.5844155844155551	0.1578390345583439	9.015820602805247
0.5876623376623158	0.1525777334064139	9.016501302803682
0.590909090909077	0.14731643225447572	9.017276990073457
0.5941558441558367	0.14205513110253462	9.018119738215729
0.5974025974025938	0.1367938299505906	9.01906706247297
0.6006493506493492	0.13153252879864566	9.020160310394319
0.6038961038961034	0.12627122764669999	9.021360989372186
0.6071428571428571	0.12100992649475423	9.022728446851437
0.652597402597403	0.057874312671404506	9.076242019760569
0.6493506493506497	0.06313561382335035	9.065901500006326
0.6623376623376626	0.052613011519458686	9.0893726858896
0.6590909090909093	0.057874312671404526	9.07624078486811
0.6720779220779226	0.04735171036751285	9.108047496954802
0.6688311688311691	0.05261301151945871	9.08936650312858
0.6818181818181822	0.04209040921556697	9.131824357804282
0.6785714285714292	0.047351710367512845	9.10803557604275
0.6915584415584418	0.03682910806362105	9.16222226420529
0.6883116883116887	0.04209040921556693	9.131805811049011
0.7012987012987016	0.0315678069116752	9.210416447202086
0.6980519480519483	0.03682910806362103	9.162196397126293
0.7110389610389612	0.026306505759729412	9.306698652981003
0.7077922077922082	0.03156780691167524	9.210383389478112
0.7240259740259744	0.015783903455837592	9.496842741943107
0.7207792207792211	0.021045204607783457	9.496884849800752
0.7175324675324678	0.026306505759729353	9.306692891707243
0.733766233766234	0.010522602303891728	9.438013835572024
0.7305194805194807	0.015783903455837585	9.496742478053227
0.7402597402597406	0.01052260230389173	9.437824438857122
0.38311688311688274	0.48947739769610826	9.454238178937151
0.386363636363636	0.48421609654416237	9.4543070371698
0.38961038961038924	0.47895479539221647	9.45215575074117
0.39285714285714246	0.47369349424027063	9.2757654337212
0.39610389610389574	0.46843219308832473	9.196273903324576
0.39935064935064896	0.46317089193637884	9.156010390635887
0.40259740259740234	0.4579095907844329	9.123036505157442
0.4058441558441557	0.45264828963248704	9.101212323779697
0.4090909090909089	0.44738698848054126	9.08510756916499
0.4123376623376622	0.44212568732859553	9.071903983556401
0.41558441558441545	0.43686438617664974	9.061708206656919
0.4188311688311687	0.43160308502470396	9.05397273624862
0.4220779220779218	0.4263417838727581	9.047499307316995
0.42532467532467483	0.4210804827208124	9.04219731939481
0.4285714285714279	0.4158191815688665	9.037924461046686
0.43181818181818077	0.41055788041692054	9.034301108493402
0.4350649350649336	0.4052965792649745	9.031234429412805
0.43831168831168665	0.40003527811302825	9.028547738002265
0.4415584415584401	0.3947739769610819	9.026318627557002
0.44480519480519387	0.3895126758091357	9.024350925489676
0.4480519480519481	0.3842513746571898	9.022679476764987
0.4512987012987024	0.37899007350524405	9.021188736986273
0.45454545454545636	0.37372877235329893	9.019921294701795
0.4577922077922098	0.368467471201354	9.01876715474087
0.4610389610389623	0.3632061700494092	9.017771877170938
0.46428571428571436	0.35794486889746424	9.016880771610447
0.46753246753246663	0.3526835677455189	9.016088566220548
0.47077922077922	0.3474222665935733	9.015398221731159
0.4740259740259755	0.34216096544162805	9.014781431972194
0.4772727272727341	0.336899664289684	9.014216792062532
0.48051948051949617	0.33163836313774214	9.01373121142501
0.4837662337662632	0.32637706198580535	9.013294945167985
0.48701298701303947	0.32111576083387994	9.012910285393675
0.49025974025982033	0.31585445968196907	9.012563236420009
0.4935064935066093	0.310593158530092	9.01226757011874
0.49675324675336024	0.30533185737822655	9.011999002546554
0.5000000000000893	0.3000705562264503	9.011773004232362
0.5032467532467237	0.2948092550745675	9.01157999585577
0.5064935064931686	0.2895479539227021	9.011413935880954
0.509740259739618	0.28428665277062254	9.011273206251554
0.5129870129861536	0.2790253516177685	9.011164204071951
0.516245145456889	0.27376225537892007	9.011078755041034
0.5196271902197985	0.2684856801632282	9.011018076309249
0.5230779907448103	0.26320908332742293	9.010986209232604
0.5267431291500627	0.2579285432128596	9.010978299734077
0.5304372700540109	0.2526519568133337	9.010989511999822
0.5341565246246094	0.24737695861941908	9.011019293423844
0.5379087862702635	0.24210209557641205	9.011071253467577
0.5416464077301312	0.23682647276358837	9.011146597956113
0.5451712607938245	0.23154595329733643	9.011249171894548
0.5486412181537428	0.22626351885875381	9.01137154119378
0.5519272282408805	0.22099030623055876	9.01151745738806
0.5551875712458244	0.2157217893029141	9.011694208336586
0.5584409401602194	0.2104544586084188	9.011891132386573
0.5616884784239772	0.20519104959126203	9.012116259034263
0.6461038961038964	0.0683969149752962	9.057162432409955
0.5649350649351305	0.19992944377394495	9.012377670430181
0.6428571428571433	0.07365821612724209	9.0505180185764
0.6396103896103902	0.07891951727918799	9.045078462851208
0.5681818181819928	0.1946681426218806	9.012663437024672
0.57142857142867	0.18940684146988887	9.012984001169002
0.636363636363637	0.08418081843113391	9.040329819355867
0.5746753246753342	0.18414554031793962	9.01334969179464
0.5779220779220415	0.17888423916600474	9.013750111308484
0.5811688311687732	0.17362293801412157	9.014192559773427
0.5844155844155289	0.1683616368622074	9.014682779537798
0.5876623376622968	0.16310033571029128	9.015246585489324
0.6331168831168836	0.08944211958307989	9.03654137896241
0.6298701298701302	0.09470342073502584	9.033351669264574
0.6266233766233767	0.0999647218869717	9.030495783764932
0.6233766233766233	0.10522602303891744	9.028225923163605
0.6201298701298698	0.11048732419086292	9.026070681441348
0.6168831168831165	0.11574862534280855	9.024328167904129
0.6136363636363632	0.12100992649475406	9.022751569045374
0.590909090909065	0.15783903455835968	9.01584890150144
0.5941558441558304	0.15257773340642264	9.016529195361521
0.5974025974025914	0.1473164322544801	9.017304370611614
0.6006493506493488	0.14205513110253595	9.018146501096572
0.6038961038961035	0.13679382995059067	9.01909309587125
0.607142857142857	0.13153252879864513	9.020185491885746
0.61038961038961	0.12627122764669957	9.02138520098682
0.655844155844156	0.06313561382335035	9.065902880239216
0.6525974025974027	0.06839691497529612	9.057166365861844
0.6655844155844158	0.05787431267140457	9.076237561010247
0.6623376623376624	0.0631356138233504	9.065902919424275
0.6753246753246757	0.05261301151945871	9.08935802603722
0.6720779220779224	0.05787431267140458	9.076232316225727
0.6850649350649355	0.04735171036751281	9.108020768108856
0.6818181818181822	0.052613011519458686	9.08934701997684
0.6948051948051952	0.0420904092155669	9.131783666378084
0.6915584415584418	0.04735171036751276	9.108002769338611
0.7045454545454547	0.03682910806362109	9.162165889560233
0.7012987012987016	0.04209040921556694	9.131757509855271
0.7142857142857147	0.031567806911675246	9.210347159446322
0.7110389610389612	0.0368291080636211	9.162130268350248
0.7272727272727275	0.02104520460778345	9.496784987134449
0.7240259740259744	0.02630650575972931	9.306682528946835
0.7207792207792211	0.031567806911675204	9.21030738962146
0.7370129870129873	0.015783903455837595	9.496630746242301
0.733766233766234	0.021045204607783464	9.496673103424653
0.7467532467532472	0.010522602303891723	9.437620040217999
0.7435064935064939	0.0157839034558376	9.49650618145486
0.7532467532467535	0.010522602303891713	9.43739894100721
0.38961038961038924	0.4894773976961082	9.454146967662354
0.39285714285714246	0.48421609654416237	9.454219507955033
0.3961038961038957	0.47895479539221647	9.452183806072286
0.399350649350649	0.47369349424027063	9.275753649610822
0.4025974025974023	0.46843219308832473	9.196259978980533
0.4058441558441555	0.46317089193637884	9.155995835504486
0.40909090909090884	0.457909590784433	9.1230229319999
0.41233766233766217	0.45264828963248704	9.10119920623344
0.41558441558441545	0.4473869884805413	9.08509580961769
0.4188311688311687	0.4421256873285957	9.07189320615692
0.42207792207792183	0.4368643861766499	9.061698788416527
0.4253246753246749	0.43160308502470396	9.05396442081551
0.42857142857142794	0.42634178387275806	9.04749230737403
0.43181818181818105	0.42108048272081205	9.042191537792533
0.4350649350649341	0.4158191815688661	9.037919906966279
0.43831168831168726	0.41055788041692004	9.034297759757825
0.44155844155844054	0.4052965792649739	9.031232262328942
0.44480519480519404	0.400035278113028	9.028546755504548
0.4480519480519478	0.394773976961082	9.026318759094211
0.4512987012987016	0.38951267580913623	9.02435213703252
0.4545454545454554	0.3842513746571905	9.022681804169705
0.45779220779220875	0.37899007350524516	9.02119213275506
0.46103896103896164	0.3737287723532998	9.01992571344519
0.4642857142857144	0.3684674712013544	9.018772589605746
0.46753246753246724	0.3632061700494091	9.01777829738905
0.4707792207792205	0.35794486889746363	9.016888159152492
0.47402597402597485	0.35268356774551823	9.016096898799804
0.4772727272727309	0.3474222665935735	9.015407479598439
0.4805194805194894	0.34216096544163	9.014791599066449
0.4837662337662499	0.3368996642896888	9.014227853701518
0.4870129870130145	0.33163836313775313	9.013743149167952
0.49025974025978153	0.3263770619858253	9.01330774869807
0.4935064935065514	0.32111576083391485	9.012923940695543
0.4967532467533232	0.31585445968202386	9.012577733758823
0.5000000000000363	0.3105931585301501	9.01228289629388
0.5032467532467307	0.3053318573782337	9.012015150496437
0.5064935064933218	0.30007055622632384	9.01178996047065
0.5097402597400256	0.29480925507432193	9.011597751938796
0.5129870129867857	0.28954795392220234	9.011432485859622
0.5162337662338371	0.28428665276996634	9.011292541140376
0.5194805194819984	0.27902535161756	9.011184308824491
0.5227387136617508	0.27376248246301405	9.011099635928202
0.5260756216203082	0.2684895636707921	9.01103960690544
0.5296093941787753	0.26320860543543495	9.01100874941166
0.5332248266526595	0.2579304766567047	9.011001490633918
0.5369072946982169	0.2526549347294491	9.011013394968018
0.5406487188469371	0.24738091558054218	9.011043930814052
0.5443828014800993	0.2421071826902981	9.011096470432621
0.5480682618129066	0.23683198032748984	9.011172270312832
0.55169581506073	0.23155388773458616	9.011275827656277
0.5550912968054963	0.22627464221373084	9.011398382253269
0.5584255058214284	0.2209951735678529	9.011545162704564
0.5616844649410065	0.21572178327697572	9.011722543632443
0.5649343908860531	0.21045467597972065	9.011919893025023
0.5681818181820093	0.20519074492586642	9.012145434713608
0.6493506493506495	0.07365821612724194	9.05052472615405
0.5714285714286584	0.19992944377365238	9.012407166603053
0.6461038961038966	0.0789195172791878	9.04508760274851
0.6428571428571435	0.08418081843113366	9.040341298027476
0.5746753246753362	0.19466814262167745	9.012693206443759
0.5779220779220059	0.1894068414697522	9.013013972383066
0.6396103896103903	0.0894421195830797	9.036555034307968
0.5811688311687194	0.18414554031792882	9.013379788609319
0.5844155844154784	0.17888423916604482	9.01378025564523
0.5876623376622611	0.17362293801415582	9.014222663725421
0.590909090909043	0.16836163686223649	9.01471275392039
0.5941558441558195	0.163100335710307	9.015276327436238
0.6363636363636371	0.09470342073502568	9.033367395401532
0.6331168831168837	0.09996472188697171	9.030513339365472
0.6298701298701301	0.10522602303891772	9.028245210369503
0.6266233766233765	0.11048732419086353	9.026091633481249
0.6233766233766228	0.11574862534280912	9.024350573254106
0.620129870129869	0.12100992649475434	9.02277532766945
0.6168831168831157	0.12627122764669946	9.021410152462638
0.597402597402587	0.15783903455836726	9.015878313846708
0.6006493506493479	0.15257773340642464	9.016558166881566
0.6038961038961039	0.14731643225447988	9.017332784987246
0.6071428571428578	0.14205513110253487	9.018174241769318
0.6103896103896103	0.13679382995058978	9.019120039707202
0.6136363636363628	0.13153252879864466	9.020211504649362
0.6590909090909092	0.06839691497529621	9.05716899089191
0.6558441558441559	0.07365821612724198	9.050530372258534
0.668831168831169	0.06313561382335045	9.065901263598336
0.6655844155844156	0.06839691497529628	9.057170395309102
0.678571428571429	0.057874312671404575	9.076224877292903
0.6753246753246757	0.06313561382335044	9.065897546264596
0.6883116883116887	0.05261301151945862	9.089333207813787
0.6850649350649355	0.057874312671404506	9.076214991790927
0.6980519480519483	0.04735171036751276	9.107981213652886
0.6948051948051952	0.052613011519458575	9.089316288406737
0.7077922077922082	0.042090409215566976	9.13172696003364
0.7045454545454547	0.04735171036751281	9.107955713411494
0.7175324675324678	0.03682910806362109	9.162088975937577
0.7142857142857147	0.04209040921556695	9.131691597609896
0.7305194805194807	0.026306505759729332	9.306667704269143
0.7272727272727275	0.031567806911675204	9.210263485587687
0.7240259740259744	0.03682910806362106	9.162041445612468
0.7402597402597406	0.021045204607783474	9.49654797920722
0.7370129870129873	0.026306505759729357	9.306649007193782
0.7500000000000004	0.01578390345583758	9.496367471592768
0.7467532467532472	0.02104520460778346	9.49640875367813
0.7597402597402599	0.0105226023038917	9.437159206872984
0.7564935064935069	0.015783903455837568	9.49621334708131
0.7662337662337664	0.010522602303891695	9.43689867207034
0.39610389610389574	0.48947739769610826	9.454058360937209
0.399350649350649	0.48421609654416237	9.454134559278911
0.40259740259740223	0.4789547953922165	9.45221207718811
0.4058441558441555	0.47369349424027063	9.27574329457721
0.4090909090909088	0.4684321930883248	9.196247155316607
0.412337662337662	0.4631708919363789	9.155982374272597
0.4155844155844153	0.45790959078443305	9.123010314534225
0.4188311688311686	0.4526482896324872	9.101186937646363
0.42207792207792183	0.4473869884805415	9.085084796125328
0.4253246753246749	0.4421256873285957	9.071883036175047
0.4285714285714281	0.43686438617664974	9.061689892402084
0.43181818181818116	0.4316030850247039	9.05395651094396
0.43506493506493427	0.4263417838727579	9.047485617220355
0.43831168831168754	0.4210804827208119	9.042185975559052
0.44155844155844076	0.4158191815688658	9.037915487477639
0.44480519480519426	0.4105578804169199	9.034294458711978
0.44805194805194765	0.40529657926497403	9.031230074511614
0.45129870129870114	0.40003527811302814	9.02854570135303
0.45454545454545475	0.39477397696108246	9.026318758014886
0.45779220779220814	0.38951267580913673	9.024353173028077
0.4610389610389613	0.3842513746571911	9.022683901008568
0.46428571428571436	0.37899007350524544	9.021195269815445
0.4675324675324673	0.37372877235329977	9.019929844774866
0.4707792207792206	0.36846747120135426	9.018777714977466
0.4740259740259745	0.3632061700494089	9.017784395380216
0.47727272727272935	0.35794486889746396	9.016895218237893
0.4805194805194857	0.35268356774551984	9.01610490290816
0.4837662337662432	0.34742226659357694	9.015416415539711
0.48701298701300266	0.3421609654416368	9.014801457145673
0.4902597402597619	0.3368996642896996	9.01423862522938
0.4935064935065227	0.33163836313777145	9.013754821536173
0.496753246753285	0.3263770619858539	9.013320316986471
0.5000000000000153	0.3211157608339437	9.012937396097245
0.5032467532467391	0.3158544596820108	9.012592071212609
0.506493506493405	0.31059315853008107	9.012298106700143
0.5097402597401339	0.30533185737810425	9.012031229519273
0.5129870129868975	0.30007055622607093	9.01180690044152
0.5162337662337452	0.2948092550740139	9.011615553608044
0.5194805194807366	0.28954795392195204	9.011451140227296
0.5227272727280308	0.28428665277004356	9.011312041773039
0.5259740259759628	0.2790253516186478	9.011204647445487
0.5292371820084504	0.27376144008925707	9.011120806990817
0.5326153700021019	0.2684859828038673	9.011061728253871
0.5360584662631965	0.2632086942629618	9.011031462983249
0.5396819776501435	0.25793130506223805	9.011025118222577
0.5434000620448475	0.2526580387153347	9.011037961394083
0.5471317193854499	0.24738618413543687	9.011069201599737
0.550856694487425	0.2421143922599013	9.011122406986836
0.5545827764586211	0.2368425521824455	9.011199051534838
0.5582206087060594	0.2315664992790912	9.011303289286884
0.5616156596404458	0.2262785857740378	9.011426652944495
0.5649292159036228	0.2209923001916576	9.011574117078682
0.5681804517864043	0.21571967084071647	9.011752001652633
0.5714283361154887	0.2104538273647055	9.011949800449786
0.5746753346889032	0.20519072779281125	9.012175743956716
0.6525974025974027	0.07891951727918776	9.045096011789093
0.5779220779219324	0.19992944377336916	9.012437844294125
0.6493506493506497	0.08418081843113344	9.040352250991646
0.6461038961038965	0.08944211958307928	9.036568379098313
0.5811688311686157	0.19466814262165713	9.012724187369946
0.5844155844153825	0.18940684146982942	9.01304517815822
0.6428571428571435	0.09470342073502515	9.03338302159095
0.5876623376621931	0.18414554031799327	9.013411135674232
0.5909090909090012	0.17888423916609872	9.01381165816426
0.5941558441557987	0.17362293801418427	9.014254025107498
0.5974025974025792	0.1683616368622498	9.014743976050957
0.6006493506493465	0.16310033571031007	9.015307297571715
0.6396103896103905	0.09996472188697116	9.030530973874695
0.6363636363636372	0.10522602303891736	9.028264733587543
0.6331168831168837	0.11048732419086356	9.0261129826052
0.62987012987013	0.11574862534280966	9.024373515583333
0.6266233766233759	0.12100992649475543	9.02279975221669
0.6233766233766217	0.12627122764670076	9.02143588384161
0.6201298701298676	0.13153252879864558	9.020238398309624
0.603896103896105	0.15783903455836637	9.015908924968928
0.6071428571428591	0.15257773340642233	9.01658829689467
0.6103896103896108	0.14731643225447819	9.017362306427872
0.6136363636363625	0.14205513110253407	9.018203026404784
0.6168831168831147	0.13679382995059	9.019147952306787
0.6623376623376623	0.07365821612724209	9.050534758105535
0.6590909090909091	0.07891951727918786	9.045103577323522
0.6720779220779223	0.06839691497529632	9.057170345203874
0.6688311688311689	0.07365821612724219	9.050537813395069
0.6818181818181822	0.06313561382335038	9.06589175388205
0.6785714285714289	0.06839691497529633	9.057168704057664
0.6915584415584418	0.057874312671404464	9.076202410397157
0.6883116883116887	0.06313561382335033	9.0658836925481
0.7012987012987016	0.05261301151945865	9.089295925559687
0.6980519480519483	0.05787431267140448	9.076186848731654
0.7110389610389612	0.047351710367512824	9.1079258693385
0.7077922077922082	0.052613011519458686	9.089271762860824
0.7207792207792211	0.04209040921556693	9.131650942369127
0.7175324675324678	0.04735171036751279	9.107891246758028
0.733766233766234	0.03156780691167522	9.210214608364806
0.7305194805194807	0.03682910806362109	9.16198707413161
0.7272727272727275	0.04209040921556692	9.131604421461619
0.7435064935064939	0.026306505759729353	9.306626673494106
0.7402597402597406	0.031567806911675225	9.210158670608221
0.7532467532467537	0.021045204607783433	9.496255128639666
0.7500000000000004	0.026306505759729315	9.306599530030114
0.7629870129870133	0.015783903455837557	9.496042490515121
0.7597402597402602	0.021045204607783415	9.496086575369745
0.7727272727272729	0.01052260230389169	9.436614839447529
0.7694805194805197	0.015783903455837554	9.495853492457686
0.7792207792207795	0.010522602303891713	9.436305213729993
0.40259740259740223	0.48947739769610826	9.453972076726968
0.4058441558441555	0.48421609654416237	9.454051960628641
0.4090909090909088	0.47895479539221647	9.452240460812549
0.412337662337662	0.4736934942402708	9.275734178932337
0.4155844155844153	0.46843219308832484	9.196235293425572
0.4188311688311685	0.463170891936379	9.155969866173395
0.4220779220779218	0.4579095907844331	9.122998514294364
0.4253246753246749	0.4526482896324872	9.10117539712749
0.4285714285714281	0.44738698848054126	9.085074411558049
0.4318181818181812	0.4421256873285955	9.071873369736801
0.4350649350649345	0.43686438617664963	9.061681421590537
0.4383116883116877	0.43160308502470374	9.053948921625883
0.4415584415584409	0.42634178387275773	9.047479158291198
0.44480519480519426	0.4210804827208117	9.04218056488544
0.44805194805194765	0.4158191815688658	9.037911137441306
0.4512987012987011	0.41055788041691993	9.034291161085461
0.4545454545454544	0.40529657926497425	9.031227828369175
0.45779220779220764	0.4000352781130285	9.028544526720056
0.46103896103896097	0.3947739769610827	9.026318595446007
0.4642857142857142	0.3895126758091368	9.024354012653296
0.4675324675324674	0.384251374657191	9.0226857499327
0.4707792207792206	0.37899007350524533	9.021198138490568
0.4740259740259742	0.37372877235329965	9.019933688228855
0.4772727272727281	0.3684674712013544	9.018782535891871
0.480519480519483	0.36320617004940975	9.017790181086925
0.4837662337662392	0.3579448688974661	9.01690196456032
0.48701298701299695	0.3526835677455244	9.016112599982813
0.4902597402597541	0.34742226659358394	9.015425056457993
0.49350649350651055	0.3421609654416476	9.01481103838136
0.49675324675326205	0.33689966428971174	9.014249143935098
0.5000000000000069	0.331638363137787	9.013766270779486
0.5032467532467445	0.3263770619858459	9.013332697073002
0.5064935064934663	0.321115760833903	9.012950703167109
0.5097402597401949	0.31585445968194237	9.01260630440671
0.5129870129869535	0.31059315852995073	9.012313258130098
0.5162337662337587	0.30533185737794694	9.012047306137859
0.5194805194806378	0.30007055622595846	9.011823900158229
0.5227272727275852	0.29480925507402317	9.011633473564684
0.5259740259745419	0.2895479539221168	9.011469976200024
0.5292207792213351	0.28428665277041976	9.011331791420822
0.5324675324674749	0.27902535161915376	9.011225302075305
0.5357442054483182	0.2737588656329219	9.011142373221817
0.5390655993877189	0.26848607470106334	9.011084049922006
0.5425952742224941	0.2632085127264207	9.01105503050009
0.54618710478835	0.2579335428888318	9.011049546873679
0.5498888658000772	0.25266268114682117	9.011063211526546
0.553611469722364	0.24739234503762544	9.011095229799523
0.5573362931148979	0.24212101965440955	9.011149215188551
0.5610324383217529	0.23684548513802686	9.011226594049504
0.5646325162172253	0.23156166490258198	9.011331571651345
0.5681599713717338	0.22626992216378253	9.011456368047037
0.5714294112073623	0.22098305268931348	9.0116043583372
0.574675681442272	0.21571576453294727	9.011782682780755
0.5779221557183176	0.21045202799443669	9.01198096118111
0.5811688690623189	0.2051906694113181	9.012207314573091
0.6558441558441558	0.08418081843113352	9.040362608580262
0.5844155844151847	0.19992944377351216	9.012469817255552
0.6525974025974025	0.08944211958307903	9.0365813532559
0.6493506493506495	0.09470342073502476	9.033398499832403
0.5876623376620665	0.194668142621778	9.012756493072645
0.5909090909089244	0.18940684146993014	9.013077730403538
0.6461038961038966	0.09996472188697053	9.03054866840956
0.5941558441557603	0.18414554031804545	9.013443842921651
0.5974025974025637	0.17888423916612242	9.01384442628167
0.6006493506493437	0.17362293801418885	9.014286748197078
0.6038961038961066	0.16836163686224745	9.014776546485159
0.6071428571428615	0.16310033571030544	9.015339592021645
0.6428571428571438	0.10522602303891643	9.028284484802738
0.639610389610391	0.11048732419086256	9.026134735151595
0.6363636363636377	0.11574862534280901	9.024397014935685
0.6331168831168839	0.12100992649475555	9.022824874949817
0.6298701298701296	0.12627122764670182	9.02146243865056
0.6266233766233746	0.13153252879864744	9.020266226581834
0.6233766233766197	0.1367938299505922	9.01917689660579
0.6103896103896119	0.15783903455836315	9.015940825931652
0.613636363636362	0.15257773340642086	9.01661967063302
0.616883116883113	0.14731643225447869	9.017393013568404
0.6201298701298656	0.14205513110253584	9.018232926219843
0.6655844155844155	0.07891951727918801	9.045110136058765
0.6623376623376622	0.08418081843113373	9.040372295833395
0.6753246753246757	0.07365821612724222	9.050539661362821
0.6720779220779223	0.07891951727918811	9.045115542085183
0.6850649350649355	0.06839691497529621	9.05716495100283
0.6818181818181822	0.07365821612724212	9.05053997252544
0.6948051948051951	0.06313561382335028	9.065873091243548
0.6915584415584418	0.06839691497529612	9.057159084382434
0.7045454545454547	0.05787431267140457	9.076167998583108
0.7012987012987016	0.06313561382335038	9.065859693498519
0.7142857142857147	0.052613011519458665	9.089243418735114
0.7110389610389614	0.05787431267140454	9.076145534358703
0.7240259740259744	0.04735171036751277	9.107851377279237
0.7207792207792211	0.05261301151945861	9.08921047428221
0.7370129870129873	0.036829108063621115	9.16192541612669
0.733766233766234	0.042090409215566976	9.131551370316231
0.7305194805194807	0.04735171036751281	9.107805766670579
0.7467532467532472	0.031567806911675204	9.210094765449353
0.743506493506494	0.03682910806362109	9.16185601874952
0.7564935064935069	0.026306505759729277	9.306565951771615
0.7532467532467537	0.03156780691167515	9.21002188462336
0.7662337662337665	0.021045204607783398	9.495901161068502
0.7629870129870132	0.02630650575972926	9.30652489490293
0.7759740259740262	0.015783903455837568	9.495644809982089
0.7727272727272728	0.021045204607783422	9.495696882293728
0.7857142857142859	0.010522602303891715	9.435969022024702
0.7824675324675328	0.015783903455837578	9.495414887225552
0.7922077922077925	0.01052260230389171	9.435604491496882
0.4090909090909088	0.4894773976961082	9.453887849128376
0.41233766233766206	0.48421609654416237	9.453971502343911
0.4155844155844153	0.4789547953922166	9.452268850449455
0.4188311688311685	0.4736934942402708	9.275726123966804
0.4220779220779217	0.46843219308832484	9.196224263494122
0.4253246753246749	0.463170891936379	9.15595817906045
0.4285714285714281	0.45790959078443305	9.122987400115946
0.4318181818181814	0.4526482896324871	9.101164471178615
0.43506493506493454	0.4473869884805411	9.085064543091065
0.43831168831168776	0.44212568732859536	9.071864109774166
0.44155844155844104	0.4368643861766495	9.061673281551064
0.4448051948051943	0.4316030850247037	9.053941572140063
0.4480519480519476	0.4263417838727577	9.047472855346713
0.4512987012987009	0.4210804827208117	9.042175237449682
0.4545454545454543	0.4158191815688659	9.037906794574612
0.4577922077922075	0.41055788041692026	9.034287819748032
0.46103896103896075	0.40529657926497437	9.031225483901059
0.464285714285714	0.40003527811302847	9.028543191550128
0.46753246753246724	0.3947739769610826	9.026318246734535
0.4707792207792205	0.38951267580913673	9.02435463337592
0.474025974025974	0.384251374657191	9.022687329466676
0.4772727272727277	0.37899007350524544	9.021200726770793
0.4805194805194817	0.3737287723533002	9.019937243110233
0.4837662337662363	0.36846747120135553	9.018787056647655
0.48701298701299184	0.363206170049412	9.01779566359779
0.49025974025974833	0.35794486889747024	9.016908412975225
0.49350649350650616	0.3526835677455315	9.016120010651628
0.4967532467532585	0.34742226659359127	9.01543342847969
0.5000000000000081	0.3421609654416565	9.01482037425693
0.503246753246749	0.3368996642897108	9.014259446555085
0.5064935064934856	0.3316383631377644	9.013777538727657
0.5097402597402262	0.32637706198580924	9.013344935687359
0.5129870129869828	0.3211157608338387	9.012963913001288
0.5162337662337645	0.3158544596818625	9.012620485050947
0.519480519480585	0.3105931585298948	9.012328416495796
0.5227272727274416	0.3053318573779553	9.012063450962186
0.5259740259742973	0.3000705562260673	9.011841027875205
0.5292207792210847	0.2948092550742394	9.011651586934079
0.5324675324677535	0.2895479539223397	9.011489073854746
0.5357142857139878	0.2842866527704241	9.011351872144148
0.5389610389596905	0.2790253516172095	9.011246364260707
0.542217432134658	0.27376257014396294	9.011164405526502
0.545591630318268	0.26848480633532656	9.011107175731015
0.5490060026360347	0.2632073461544254	9.01107878768225
0.5526652606289842	0.2579375318056866	9.011074608728427
0.5563868269517825	0.25266753553117244	9.011089302347928
0.5600927435015866	0.24739730284449155	9.011122154433549
0.5638146815051391	0.2421233585130238	9.01117702209293
0.567510493808445	0.2368426426796297	9.01125537478808
0.5711667363214603	0.2315554549920071	9.011361526540513
0.5745816071354666	0.22626186054881628	9.011486682900214
0.577924122866363	0.22097570701894031	9.011635756938567
0.5811697153396722	0.21571302389344416	9.011814610800188
0.5844157322018136	0.21045165739210603	9.012013406027796
0.5876623943539997	0.2051906105487253	9.012240266683934
0.6590909090909088	0.08944211958307934	9.03659389503371
0.5909090909087761	0.19992944377370167	9.012503206716119
0.6558441558441556	0.09470342073502484	9.03341378407053
0.6525974025974024	0.09996472188697036	9.030566402279085
0.5941558441556923	0.19466814262187304	9.012790243854957
0.5974025974025382	0.18940684146997225	9.01311174801012
0.6493506493506493	0.1052260230389156	9.02830445698328
0.6006493506493386	0.18414554031805266	9.013478027269047
0.6038961038961085	0.17888423916611718	9.013878674393872
0.6071428571428652	0.1736229380141797	9.014320944202614
0.6103896103896131	0.16836163686224134	9.014810572624787
0.6136363636363605	0.16310033571030272	9.01537331361317
0.6461038961038966	0.11048732419086137	9.026156898383384
0.6428571428571442	0.11574862534280726	9.024421093717491
0.6396103896103917	0.12100992649475406	9.022850731288203
0.6363636363636381	0.12627122764670065	9.021489864317013
0.633116883116884	0.13153252879864766	9.020295047727295
0.6298701298701288	0.13679382995059425	9.019206940635797
0.6266233766233725	0.14205513110253956	9.018264017992264
0.6168831168831098	0.15783903455836432	9.015974114314098
0.6201298701298615	0.15257773340642447	9.016652379591212
0.6233766233766165	0.14731643225448307	9.017424990990763
0.6688311688311689	0.08418081843113395	9.040381221373123
0.6655844155844154	0.08944211958307967	9.036605944492587
0.6785714285714292	0.0789195172791881	9.045119634245202
0.6753246753246757	0.08418081843113401	9.04038925061033
0.6883116883116887	0.07365821612724194	9.050538672577515
0.6850649350649356	0.07891951727918786	9.045122558432503
0.6980519480519481	0.06839691497529617	9.057150896322186
0.6948051948051949	0.07365821612724184	9.050535565192051
0.7077922077922082	0.06313561382335041	9.06584322916167
0.7045454545454547	0.06839691497529629	9.05714017693314
0.7175324675324678	0.05787431267140445	9.076119101690841
0.7142857142857147	0.06313561382335034	9.065823393010293
0.7272727272727275	0.05261301151945865	9.089172479472031
0.7240259740259742	0.05787431267140442	9.076088322010008
0.7402597402597407	0.042090409215567025	9.131491128879508
0.7370129870129873	0.04735171036751287	9.107753886215482
0.733766233766234	0.05261301151945872	9.089128959205395
0.7500000000000004	0.036829108063621045	9.161778253038007
0.7467532467532475	0.042090409215566935	9.131422989936228
0.75974025974026	0.031567806911675114	9.209939050167536
0.7564935064935069	0.036829108063620976	9.161691407161305
0.7694805194805197	0.026306505759729266	9.306475911356229
0.7662337662337664	0.03156780691167512	9.209845330961024
0.7792207792207795	0.021045204607783446	9.495471548996944
0.7759740259740262	0.0263065057597293	9.306418453301463
0.7889610389610392	0.015783903455837568	9.495161648183386
0.7857142857142859	0.021045204607783446	9.495222733889848
0.798701298701299	0.010522602303891702	9.435208152714525
0.7954545454545455	0.01578390345583756	9.49488251383863
0.8051948051948056	0.0105226023038917	9.434776018716242
0.4155844155844153	0.4894773976961083	9.453805431186511
0.4188311688311685	0.4842160965441624	9.453892994907884
0.42207792207792166	0.4789547953922166	9.45229713633857
0.4253246753246749	0.4736934942402708	9.275718961725794
0.4285714285714281	0.46843219308832484	9.196213943136796
0.4318181818181814	0.4631708919363789	9.15594718820372
0.4350649350649346	0.457909590784433	9.122976847372039
0.4383116883116878	0.45264828963248704	9.101154052984754
0.4415584415584411	0.4473869884805411	9.085055080940483
0.44480519480519437	0.4421256873285954	9.071855165847724
0.44805194805194765	0.4368643861766495	9.061665379761513
0.45129870129870087	0.4316030850247036	9.05393438560114
0.4545454545454542	0.42634178387275773	9.047466634624113
0.4577922077922074	0.42108048272081183	9.042169926419428
0.4610389610389606	0.415819181568866	9.03790241073685
0.4642857142857139	0.4105578804169201	9.034284383353873
0.46753246753246713	0.40529657926497425	9.031222998681853
0.4707792207792205	0.40003527811302836	9.028541657658957
0.4740259740259738	0.3947739769610825	9.026317692637406
0.47727272727272724	0.3895126758091369	9.024355007005527
0.48051948051948096	0.38425137465719134	9.022688618975165
0.4837662337662349	0.3789900735052461	9.021203021772044
0.48701298701298934	0.37372877235330143	9.01994050395382
0.4902597402597444	0.36846747120135775	9.018791279310724
0.4935064935064996	0.36320617004941574	9.017800851151234
0.49675324675325333	0.35794486889747495	9.016914577631667
0.5000000000000069	0.35268356774553705	9.01612715480932
0.5032467532467558	0.3474222665935905	9.015441557155585
0.5064935064934977	0.3421609654416428	9.014829495859216
0.5097402597402426	0.3368996642896905	9.014269569605878
0.5129870129869978	0.3316383631377305	9.013788667091434
0.5162337662337667	0.32637706198576816	9.01335707934912
0.5194805194805562	0.3211157608338108	9.012977072121688
0.5227272727273644	0.31585445968186876	9.012634676067686
0.5259740259741722	0.3105931585299539	9.012343646856815
0.5292207792209441	0.3053318573780707	9.012079729449697
0.5324675324676373	0.3000705562262049	9.011858356400237
0.5357142857142244	0.29480925507431943	9.011669971352939
0.5389610389607937	0.289547953922268	9.011508514696047
0.5422077922072226	0.2842866527699162	9.01137237409313
0.5454545454549723	0.27902535161692527	9.011267918404641
0.5487103288561873	0.2737624948123319	9.011187022372768
0.5520985224611256	0.26848635825058803	9.011130929372584
0.55553907385276	0.26321300891430227	9.011103782305256
0.5591898640808337	0.25794338027369185	9.011100688380077
0.5628727579768494	0.25267197207871805	9.011116260612555
0.5665803066318352	0.2473995018295194	9.011150119635841
0.5703158389163085	0.24212124231161036	9.011206047931148
0.5740525777951577	0.23683836215591683	9.011285629102263
0.577611211190475	0.23154423709966698	9.011392403018393
0.5810918369097848	0.2262488730355628	9.011518825436916
0.5844110014140605	0.22097257093571854	9.011668359292011
0.5876612013957379	0.21571193848308826	9.011847888344315
0.5909087078924955	0.21045154703491506	9.01204730529012
0.5941558870647651	0.20519062374728467	9.012274725470073
0.662337662337662	0.09470342073502523	9.03342882835095
0.5974025974024932	0.1999294437737764	9.012538141174206
0.6590909090909084	0.09996472188697068	9.030584150401483
0.655844155844155	0.10522602303891587	9.028324644195571
0.6006493506493326	0.19466814262188403	9.012825567554414
0.6038961038961136	0.1894068414699618	9.013147357488826
0.6525974025974018	0.110487324190861	9.026179481037895
0.6071428571428711	0.1841455403180354	9.013513813285186
0.6103896103896141	0.17888423916610588	9.013914524546207
0.6136363636363565	0.17362293801417483	9.014356731924565
0.6168831168831025	0.16836163686224384	9.014846169370095
0.6201298701298535	0.16310033571030993	9.0154085725146
0.649350649350649	0.11574862534280567	9.024445777009712
0.6461038961038965	0.1210099264947514	9.022877360269915
0.6428571428571447	0.12627122764669738	9.021518212653417
0.6396103896103933	0.1315325287986449	9.020324925076062
0.636363636363639	0.1367938299505921	9.01923815807447
0.6331168831168842	0.14205513110254012	9.018296384635166
0.6298701298701272	0.14731643225448718	9.017458329819242
0.6233766233766099	0.15783903455837292	9.016008894839844
0.6266233766233685	0.15257773340643174	9.01668652213934
0.6720779220779223	0.0894421195830799	9.036617435011612
0.6688311688311687	0.09470342073502565	9.033443586440187
0.6818181818181824	0.0841808184311338	9.040396270856396
0.6785714285714293	0.08944211958307981	9.036628297856835
0.6915584415584418	0.07891951727918761	9.045124003125393
0.6883116883116888	0.08418081843113336	9.040402164021225
0.7012987012987013	0.07365821612724201	9.050530196387683
0.698051948051948	0.07891951727918768	9.045123874575454
0.7110389610389614	0.06839691497529626	9.057126648045049
0.707792207792208	0.07365821612724209	9.050522586118122
0.720779220779221	0.0631356138233502	9.065799864822877
0.7175324675324677	0.06839691497529608	9.057110047223995
0.7305194805194807	0.05787431267140455	9.07605279042894
0.7272727272727273	0.0631356138233503	9.065772307263297
0.743506493506494	0.047351710367512845	9.107695158086493
0.7402597402597407	0.05261301151945874	9.089079406074532
0.7370129870129873	0.05787431267140465	9.076012075174598
0.7532467532467537	0.04209040921556686	9.131346165906807
0.7500000000000004	0.047351710367512755	9.107628955135956
0.7629870129870132	0.03682910806362096	9.16159452025366
0.75974025974026	0.042090409215566796	9.131259883461583
0.7727272727272728	0.03156780691167514	9.209739729748312
0.7694805194805197	0.03682910806362099	9.161486465609604
0.7824675324675328	0.026306505759729322	9.306351927619486
0.7792207792207795	0.03156780691167522	9.20962114396133
0.7922077922077926	0.02104520460778342	9.494947768344836
0.7889610389610394	0.026306505759729298	9.306275638006712
0.8019480519480521	0.015783903455837557	9.494574671421857
0.798701298701299	0.02104520460778341	9.494643748218444
0.8116883116883118	0.010522602303891711	9.434303162626527
0.8084415584415586	0.015783903455837557	9.494234825714154
0.8181818181818182	0.010522602303891728	9.43378375600542
0.42207792207792166	0.48947739769610826	9.453724602306663
0.4253246753246749	0.4842160965441623	9.453816268165584
0.42857142857142805	0.4789547953922165	9.452325205286543
0.4318181818181813	0.4736934942402707	9.275712534667717
0.43506493506493465	0.4684321930883248	9.196204216226723
0.4383116883116879	0.4631708919363789	9.155936775175684
0.4415584415584411	0.45790959078443294	9.12296673713339
0.4448051948051944	0.45264828963248704	9.101144041883936
0.4480519480519477	0.44738698848054126	9.085045917085326
0.4512987012987009	0.4421256873285954	9.071846454028863
0.45454545454545414	0.4368643861766495	9.061657625588131
0.45779220779220736	0.4316030850247036	9.053927286235492
0.46103896103896064	0.42634178387275773	9.047460423986509
0.4642857142857139	0.4210804827208119	9.042164573573045
0.46753246753246713	0.415819181568866	9.037897929895967
0.47077922077922046	0.4105578804169201	9.034280803527482
0.47402597402597363	0.40529657926497425	9.03122032812574
0.47727272727272707	0.40003527811302847	9.028539898735803
0.4805194805194805	0.39477397696108274	9.026316900856513
0.483766233766234	0.3895126758091372	9.024355117138983
0.4870129870129878	0.3842513746571919	9.022689632521626
0.4902597402597419	0.3789900735052472	9.021205009902403
0.4935064935064968	0.3737287723533033	9.019943462774087
0.4967532467532509	0.3684674712013605	9.018795205954317
0.5000000000000027	0.363206170049419	9.017805752148817
0.5032467532467526	0.3579448688974741	9.016920472101035
0.5064935064935041	0.35268356774552734	9.016134051796284
0.509740259740254	0.3474222665935774	9.015449467720977
0.5129870129870068	0.3421609654416237	9.01483843416841
0.5162337662337676	0.3368996642896683	9.014279549716123
0.51948051948054	0.33163836313771616	9.013799697660035
0.5227272727273226	0.3263770619857723	9.013369170172536
0.5259740259741049	0.321115760833843	9.012990237718698
0.5292207792208686	0.3158544596819305	9.012648938392708
0.532467532467591	0.3105931585300275	9.012359011603289
0.5357142857142573	0.30533185737811464	9.012096211397678
0.538961038960877	0.30007055622616413	9.011875960531974
0.5422077922074958	0.2948092550741524	9.011688706393679
0.5454545454542762	0.28954795392205485	9.01152838504868
0.5487012987015432	0.284286652769924	9.011393383389953
0.5519480519496551	0.279025351618301	9.011290065737198
0.5552121698048078	0.27376123749778913	9.011210325194206
0.5585512464490977	0.2684886101816453	9.011155256013224
0.562075577895398	0.26321767911542027	9.011129656638786
0.5656464878140509	0.2579487676252907	9.01112744091551
0.5693627067792715	0.2526741413515069	9.011144270574873
0.5730806679845171	0.24739777304939548	9.011179283651403
0.5768209426373959	0.2421156962152015	9.011236334326853
0.580516431520894	0.23682750074953698	9.011316911895792
0.5841548062583152	0.23153283757520296	9.011425118982105
0.5875561079974103	0.226249521722485	9.011551863254283
0.5909010451644552	0.220972056214164	9.01170240269086
0.5941534373278123	0.2157125685406111	9.011882666215165
0.5974018732968159	0.21045178170532006	9.012082796476804
0.60064936709622	0.20519069221216216	9.012310828650568
0.665584415584415	0.09996472188697121	9.030601885777122
0.6038961038961327	0.19992944377374566	9.012574757350789
0.6623376623376612	0.10522602303891654	9.028345041400264
0.6590909090909074	0.11048732419086166	9.026202494221776
0.6071428571428871	0.1946681426218514	9.012862600285471
0.6103896103896164	0.18940684146994202	9.013184693681547
0.6558441558441539	0.11574862534280621	9.024471093031075
0.6136363636363477	0.1841455403180273	9.01355133389451
0.6168831168830877	0.1788842391661113	9.013952107138486
0.620129870129837	0.17362293801418902	9.014394238458058
0.6233766233765966	0.1683616368622606	9.014883459819432
0.6266233766233605	0.16310033571032417	9.015445486926852
0.6525974025974006	0.1210099264947502	9.022904805088722
0.6493506493506481	0.12627122764669416	9.021547540425024
0.6461038961038964	0.1315325287986398	9.020355927624921
0.6428571428571456	0.13679382995058584	9.019270628869096
0.6396103896103957	0.14205513110253495	9.01833011584007
0.6363636363636409	0.1473164322544833	9.017493128379728
0.6331168831168844	0.1525777334064331	9.016722204195743
0.6298701298701243	0.15783903455838103	9.01604528006134
0.6753246753246757	0.0947034207350258	9.033458014015858
0.6720779220779222	0.09996472188697166	9.030619581390924
0.6850649350649358	0.08944211958307938	9.036638438246968
0.6818181818181827	0.0947034207350254	9.03347206491317
0.6948051948051948	0.0841808184311332	9.040406788984951
0.6915584415584418	0.0894421195830789	9.036647766892857
0.7045454545454547	0.07891951727918786	9.04512200927286
0.7012987012987012	0.0841808184311335	9.040410228410702
0.7142857142857145	0.073658216127242	9.050512476335067
0.7110389610389615	0.07891951727918788	9.045118229471909
0.7240259740259741	0.06839691497529611	9.057090100968447
0.7207792207792209	0.07365821612724192	9.050499662198142
0.733766233766234	0.06313561382335048	9.065740358942582
0.7305194805194805	0.06839691497529628	9.057066512897167
0.7467532467532475	0.0526130115194587	9.089023277639754
0.743506493506494	0.05787431267140458	9.075965718486493
0.7402597402597407	0.06313561382335049	9.065703638394298
0.7564935064935069	0.04735171036751265	9.107554608997374
0.7532467532467537	0.052613011519458526	9.088959994715777
0.7662337662337664	0.04209040921556681	9.131163368162534
0.7629870129870132	0.04735171036751262	9.10747140379877
0.7759740259740262	0.036829108063621045	9.161366111215663
0.7727272727272728	0.04209040921556687	9.131055738210051
0.785714285714286	0.03156780691167519	9.20948834862419
0.7824675324675328	0.03682910806362107	9.161232297874953
0.7954545454545459	0.026306505759729266	9.306188850920321
0.7922077922077926	0.03156780691167514	9.209339995352202
0.8051948051948056	0.021045204607783415	9.494307327854658
0.8019480519480521	0.02630650575972926	9.306090843182703
0.814935064935065	0.01578390345583758	9.493859193194668
0.8116883116883118	0.021045204607783433	9.493934579478152
0.8246753246753248	0.01052260230389174	9.433210909798824
0.8214285714285716	0.015783903455837606	9.493443476452184
0.42857142857142816	0.48947739769610826	9.453645156838105
0.4318181818181814	0.48421609654416237	9.453741170350533
0.43506493506493454	0.47895479539221647	9.45235294020492
0.4383116883116879	0.47369349424027063	9.275706695606322
0.4415584415584411	0.4684321930883248	9.196194971960855
0.4448051948051944	0.46317089193637884	9.155926826678476
0.44805194805194765	0.457909590784433	9.122956955043385
0.4512987012987009	0.4526482896324871	9.101134342698707
0.45454545454545414	0.44738698848054126	9.085036944316181
0.4577922077922074	0.44212568732859536	9.071837896584597
0.46103896103896064	0.4368643861766495	9.061649927902709
0.4642857142857139	0.4316030850247036	9.053920199817442
0.46753246753246713	0.4263417838727578	9.047454161061973
0.47077922077922046	0.4210804827208119	9.042159116118796
0.4740259740259737	0.415819181568866	9.037893297412252
0.477272727272727	0.4105578804169201	9.034277031492664
0.4805194805194802	0.4052965792649745	9.031217426676657
0.4837662337662337	0.4000352781130287	9.02853788491722
0.4870129870129873	0.394773976961083	9.026315809353902
0.4902597402597408	0.3895126758091378	9.024354937771962
0.4935064935064947	0.384251374657193	9.02269036529168
0.49675324675324833	0.3789900735052486	9.021206675806797
0.5000000000000009	0.3737287723533045	9.019946113487537
0.5032467532467527	0.3684674712013593	9.01879884070042
0.5064935064935047	0.36320617004941297	9.017810374857689
0.5097402597402565	0.3579448688974651	9.016926109874246
0.5129870129870101	0.3526835677455154	9.016140720982376
0.5162337662337678	0.34742226659356484	9.01545718549574
0.5194805194805312	0.3421609654416154	9.014847220423414
0.5227272727273	0.33689966428967044	9.01428942407724
0.5259740259740687	0.3316383631377334	9.013810668534648
0.5292207792208278	0.32637706198580546	9.013381257416574
0.5324675324675651	0.32111576083388244	9.013003468890213
0.5357142857142728	0.31585445968195464	9.012663330561999
0.5389610389609555	0.3105931585300075	9.012374577030089
0.5422077922076364	0.3053318573780283	9.012112968564537
0.5454545454543556	0.3000705562260156	9.011893917429175
0.5487012987011549	0.2948092550739872	9.01170787547081
0.551948051948094	0.28954795392202753	9.011548771867437
0.5551948051952319	0.284286652770324	9.011414994738802
0.5584415584421366	0.27902535161911257	9.011312905583269
0.5617054076950995	0.27376165928652363	9.011234398521607
0.5650830123751808	0.26849035524639214	9.011180751983401
0.5685257738091388	0.26322121567170903	9.0111561564738
0.5721716989195945	0.25794921630388035	9.01115552899567
0.5758487340853417	0.252675033667312	9.011173414740979
0.5795863045001738	0.2473938132317051	9.011209740383622
0.5833251671628029	0.24210999134079073	9.011267965714707
0.5870687310942236	0.23682055279490133	9.011349992991645
0.5906616528129827	0.23152802787848792	9.01145904585484
0.5940699216131112	0.22624823240753963	9.011586778746553
0.5973944208144969	0.220974765601208	9.011738010300478
0.6006476161082505	0.21571320563186225	9.01191915402046
0.6038957488767692	0.21045194873000814	9.012120044351219
0.6071429137980567	0.2051907132526337	9.012348727392483
0.6688311688311682	0.10522602303891732	9.028365644535718
0.6103896201118445	0.19992943754573403	9.012613201375487
0.6655844155844141	0.11048732419086267	9.026225952076048
0.6623376623376599	0.11574862534280748	9.024497073757495
0.6136363636363389	0.19466814262183796	9.01290148726369
0.6168831168830592	0.1894068414699542	9.013223900545912
0.6590909090909057	0.12100992649475177	9.022933113734895
0.6201298701298045	0.18414554031805538	9.013590731135642
0.6233766233765702	0.17888423916614396	9.013991561676434
0.6266233766233439	0.17362293801421677	9.014433599943343
0.6298701298701176	0.1683616368622766	9.014922576022085
0.6331168831168843	0.16310033571032712	9.01548418383261
0.6558441558441518	0.12627122764669507	9.021577910011459
0.6525974025973983	0.13153252879863842	9.02038813072363
0.6493506493506461	0.1367938299505799	9.019304439942596
0.6461038961038958	0.1420551311025253	9.01836530879788
0.6428571428571473	0.1473164322544715	9.017529492931587
0.6396103896104003	0.1525777334064235	9.016759539967284
0.636363636363644	0.15783903455837392	9.016083391107195
0.6785714285714294	0.09996472188697152	9.030637210618274
0.6753246753246759	0.1052260230389176	9.028386450910522
0.6883116883116887	0.09470342073502475	9.033485684381994
0.6850649350649358	0.0999647218869708	9.030654747245544
0.6980519480519477	0.08944211958307902	9.03665620663139
0.6948051948051943	0.09470342073502462	9.033498831034507
0.7077922077922082	0.08418081843113367	9.040412188594622
0.7045454545454545	0.08944211958307939	9.036663663455123
0.7175324675324678	0.07891951727918775	9.045112255339097
0.7142857142857147	0.08418081843113358	9.04041261672525
0.7272727272727272	0.07365821612724208	9.050483895460603
0.7240259740259739	0.07891951727918782	9.04510399864863
0.7370129870129873	0.06839691497529639	9.057038974341992
0.7337662337662337	0.07365821612724228	9.050464931378315
0.7500000000000004	0.057874312671404415	9.075913236843574
0.7467532467532475	0.06313561382335037	9.065661744359572
0.7435064935064942	0.06839691497529628	9.057007163692612
0.75974025974026	0.05261301151945842	9.088888942500446
0.7564935064935069	0.05787431267140426	9.075854119078578
0.7694805194805197	0.047351710367512706	9.107378560603173
0.7662337662337664	0.052613011519458484	9.088809467566106
0.7792207792207795	0.042090409215566914	9.13093597916275
0.7759740259740262	0.04735171036751276	9.107275235523554
0.7889610389610394	0.03682910806362102	9.161083776108624
0.785714285714286	0.04209040921556692	9.13080297340119
0.798701298701299	0.031567806911675114	9.209174610363952
0.7954545454545457	0.036829108063620976	9.16091918423301
0.8084415584415586	0.026306505759729277	9.305980862466873
0.8051948051948054	0.031567806911675114	9.208990568114137
0.8181818181818182	0.021045204607783467	9.493520934033223
0.814935064935065	0.02630650575972931	9.305858138130832
0.8311688311688313	0.01052260230389173	9.432576491225577
0.8279220779220782	0.01578390345583761	9.492982777525109
0.8246753246753249	0.02104520460778349	9.493061093828851
0.8376623376623378	0.010522602303891713	9.431870893260095
0.43506493506493465	0.4894773976961082	9.453566902007784
0.4383116883116879	0.48421609654416237	9.453667566839018
0.44155844155844115	0.4789547953922165	9.452380219046047
0.4448051948051944	0.4736934942402707	9.275701307712046
0.44805194805194765	0.46843219308832473	9.196186104345076
0.4512987012987009	0.46317089193637884	9.155917233136998
0.45454545454545414	0.457909590784433	9.12294739005418
0.4577922077922074	0.4526482896324871	9.101124864616068
0.46103896103896064	0.4473869884805412	9.08502805847111
0.4642857142857139	0.44212568732859536	9.071829417675177
0.46753246753246713	0.4368643861766495	9.061642190754553
0.47077922077922046	0.4316030850247037	9.053913061070796
0.4740259740259737	0.4263417838727578	9.04744777763806
0.477272727272727	0.4210804827208119	9.042153493973148
0.4805194805194802	0.415819181568866	9.037888458979795
0.48376623376623357	0.4105578804169203	9.034273018142807
0.48701298701298684	0.40529657926497453	9.031214252792592
0.49025974025974023	0.4000352781130288	9.028535585009775
0.4935064935064936	0.3947739769610836	9.026314381746259
0.49675324675324706	0.3895126758091385	9.024354450997409
0.5	0.3842513746571935	9.022690773246934
0.5032467532467526	0.37899007350524794	9.021207998166167
0.5064935064935053	0.37372877235330165	9.019948450196258
0.5097402597402579	0.3684674712013547	9.01880218142833
0.5129870129870114	0.36320617004940686	9.017814725358832
0.5162337662337672	0.35794486889745847	9.016931504074913
0.519480519480526	0.35268356774551074	9.01614718170863
0.5227272727272876	0.34742226659356557	9.015464735991491
0.5259740259740492	0.3421609654416245	9.014855886617388
0.5292207792208057	0.33689966428968815	9.01429922826267
0.5324675324675509	0.3316383631377547	9.013821616970104
0.5357142857142801	0.3263770619858188	9.013393398595339
0.5389610389609959	0.3211157608338728	9.013016819427243
0.5422077922077101	0.3158544596819101	9.012677915153182
0.5454545454544434	0.31059315852992964	9.012390411521553
0.5487012987012178	0.30533185737794005	9.012130075374081
0.5519480519480436	0.3000705562259606	9.011912307737804
0.5551948051949069	0.2948092550740144	9.011727564732196
0.5584415584417446	0.2895479539221838	9.011569767375333
0.5616883116884838	0.28428665277053783	9.011437307575841
0.5649350649348831	0.27902535161863146	9.011336538351573
0.5682115417600578	0.2737604527533379	9.011259384499427
0.5715322429703048	0.26849285773721415	9.011206920946124
0.5750109991967579	0.26322248722357844	9.011183877043514
0.5786738472552871	0.25794815377600516	9.011184707610498
0.5823521096349954	0.25267206620411864	9.011203929540939
0.586086977836201	0.24739153245728893	9.011241551771617
0.5898232819377921	0.2421090028393873	9.011300998741687
0.5935153213605596	0.2368230545121126	9.011383975312418
0.5971053173118694	0.23153572591564017	9.011494035196298
0.6005974955452893	0.2262463783684955	9.011623518601295
0.6038921049444129	0.22097551145353123	9.011775492837288
0.60714232686356	0.2157133475448694	9.01195751235275
0.6103899866401201	0.21045189550126028	9.012159207428533
0.6136365422596545	0.20519067010244293	9.012388577720428
0.6720779220779218	0.11048732419086348	9.026249872288604
0.6168831168830495	0.19992944377370359	9.012653627558494
0.6688311688311673	0.1157486253428089	9.024523755597151
0.6655844155844126	0.12100992649475374	9.022962339749318
0.6201298701297409	0.19466814262188054	9.012942383582363
0.6233766233765192	0.18940684147001818	9.013265131974068
0.6623376623376575	0.12627122764669754	9.021609390175152
0.6266233766233112	0.18414554031810929	9.013632156973374
0.6298701298701037	0.17888423916617513	9.014033037582175
0.6331168831168831	0.17362293801422288	9.014474962377362
0.6363636363636487	0.16836163686226338	9.014963659793715
0.6396103896104081	0.16310033571030907	9.015524799810747
0.6590909090909024	0.13153252879864058	9.020421616861535
0.6558441558441478	0.1367938299505817	9.019339685993954
0.6525974025973938	0.14205513110252274	9.018402069007982
0.6493506493506427	0.14731643225446084	9.017567538481538
0.6461038961038944	0.15257773340640537	9.01679865276573
0.6428571428571497	0.15783903455835172	9.016123358500186
0.681818181818183	0.10522602303891704	9.028407459734565
0.6785714285714298	0.11048732419086338	9.026274276813124
0.6915584415584415	0.09996472188697035	9.030672167597231
0.688311688311689	0.10522602303891625	9.028428673581162
0.7012987012987008	0.09470342073502508	9.033511443342617
0.6980519480519471	0.09996472188697074	9.030689450800567
0.7110389610389615	0.08944211958307942	9.036670060371632
0.707792207792208	0.09470342073502534	9.033523472621978
0.7207792207792209	0.08418081843113351	9.040411384330177
0.7175324675324678	0.08944211958307924	9.0366753171928
0.7305194805194803	0.07891951727918811	9.045093257268421
0.727272727272727	0.0841808184311338	9.040408316298256
0.7402597402597407	0.07365821612724227	9.050442518930057
0.7370129870129873	0.07891951727918826	9.045079849753739
0.7532467532467538	0.06313561382335009	9.065614257767065
0.7500000000000006	0.06839691497529597	9.056970746846071
0.7467532467532475	0.073658216127242	9.050416399452336
0.7629870129870131	0.05787431267140424	9.075787822419606
0.7597402597402599	0.06313561382334994	9.065560741149698
0.7727272727272728	0.0526130115194586	9.088720870783897
0.7694805194805195	0.05787431267140438	9.075713774980656
0.7824675324675328	0.04735171036751281	9.107160523953583
0.7792207792207795	0.05261301151945865	9.08862240031096
0.7922077922077926	0.04209040921556686	9.130655515324484
0.7889610389610394	0.04735171036751274	9.107033460191046
0.8019480519480521	0.036829108063620955	9.160737044394454
0.798701298701299	0.04209040921556681	9.130492303157302
0.8116883116883118	0.03156780691167515	9.208786067638114
0.8084415584415585	0.036829108063620976	9.160535754602009
0.8214285714285716	0.026306505759729374	9.305721933777802
0.8181818181818182	0.031567806911675225	9.208559122676357
0.8344155844155847	0.01578390345583759	9.492471485816994
0.8311688311688314	0.021045204607783474	9.492548913736185
0.8279220779220782	0.02630650575972937	9.305571611648611
0.8441558441558442	0.010522602303891704	9.431082772361494
0.840909090909091	0.015783903455837564	9.491903139016157
0.8506493506493508	0.010522602303891697	9.430198800642875
0.44155844155844115	0.48947739769610826	9.453489655395776
0.44480519480519437	0.4842160965441623	9.453595338763522
0.44805194805194765	0.4789547953922165	9.452406913467707
0.45129870129870087	0.47369349424027063	9.275696244853187
0.45454545454545414	0.46843219308832473	9.196177510590076
0.4577922077922074	0.46317089193637884	9.155907890210552
0.46103896103896064	0.457909590784433	9.122937933677504
0.4642857142857139	0.4526482896324871	9.10111552029646
0.46753246753246713	0.44738698848054126	9.085019161919687
0.47077922077922046	0.4421256873285954	9.07182094059523
0.47402597402597363	0.4368643861766495	9.061634339375404
0.47727272727272696	0.4316030850247037	9.05390579213809
0.4805194805194802	0.42634178387275773	9.047441209405543
0.48376623376623357	0.4210804827208119	9.042147647213584
0.48701298701298673	0.41581918156886616	9.037883360468077
0.4902597402597401	0.4105578804169204	9.034268715320549
0.49350649350649334	0.40529657926497464	9.031210768021104
0.49675324675324645	0.40003527811302914	9.028532959969793
0.49999999999999933	0.39477397696108374	9.026312611693877
0.5032467532467524	0.38951267580913806	9.024353644343657
0.5064935064935054	0.384251374657192	9.022690849206633
0.5097402597402585	0.37899007350524555	9.021209013851944
0.5129870129870121	0.3737287723532985	9.019950463823497
0.5162337662337668	0.36846747120135137	9.01880522634197
0.5194805194805231	0.36320617004940464	9.01781881086711
0.5227272727272809	0.35794486889745913	9.016936668392008
0.5259740259740386	0.35268356774551585	9.01615345354256
0.5292207792207937	0.34742226659357517	9.015472145472563
0.5324675324675427	0.342160965441636	9.014864464989998
0.5357142857142835	0.3368996642896956	9.014308992333874
0.5389610389610168	0.33163836313775014	9.013832601013403
0.542207792207749	0.32637706198579575	9.013405642576087
0.5454545454544905	0.32111576083383203	9.013030347886906
0.5487012987012532	0.31585445968186304	9.012692756923869
0.5519480519480425	0.3105931585298986	9.012406586322143
0.5551948051948525	0.30533185737795066	9.012147609633546
0.5584415584416619	0.30007055622602763	9.011931215566294
0.5616883116884409	0.2948092550741274	9.011747864603812
0.5649350649351148	0.2895479539222913	9.011591468548831
0.5681818181817602	0.28428665277036314	9.011460422777931
0.5714285714283227	0.27902535161826897	9.011361077177108
0.5746842541074186	0.2737633130854801	9.011285298393709
0.5780282164290864	0.2684953735559669	9.011234386105508
0.581552668533022	0.26322160876298856	9.011213057329472
0.585137030057164	0.2579469770182641	9.011215021725969
0.588847222663316	0.2526703668684712	9.011235825754584
0.5925800311086801	0.24739326914936	9.011274830102662
0.5963039408784235	0.2421141140085142	9.011335513188028
0.5999912019585608	0.2368302520064881	9.011419742502694
0.6036389042811354	0.231540099290086	9.011531384945307
0.607074913587541	0.22625052047836144	9.011661718688371
0.6103887142733213	0.22097502331714108	9.011814962953212
0.6136378012127227	0.2157129428501738	9.011997908033168
0.6168842774787541	0.2104515234268949	9.012200451719446
0.6201302462206575	0.20519054680530294	9.012430545816926
0.6753246753246759	0.11574862534280955	9.024551180160508
0.6233766233764542	0.19992944377381652	9.012696202764623
0.6720779220779213	0.12100992649475535	9.022992543075615
0.6688311688311658	0.1262712276467003	9.021642056949963
0.6266233766232508	0.1946681426219978	9.012985454912352
0.6298701298700765	0.18940684147007894	9.01330855257107
0.6655844155844096	0.13153252879864422	9.020456476565998
0.6331168831168794	0.1841455403181218	9.01367577412958
0.6363636363636563	0.17888423916615045	9.014076695059865
0.6396103896104217	0.17362293801418888	9.01451848248834
0.6428571428571532	0.1683616368622213	9.015006863599437
0.6461038961038907	0.16310033571027474	9.01556748192303
0.6623376623376529	0.13679382995058617	9.019376470405861
0.6590909090908961	0.14205513110252668	9.01844051118684
0.65584415584414	0.14731643225446364	9.01760738968994
0.6525974025973852	0.15257773340640043	9.01683967590948
0.649350649350635	0.15783903455833162	9.016165323054173
0.6850649350649364	0.11048732419086238	9.026299192823542
0.6818181818181839	0.11574862534280879	9.024579395208507
0.694805194805194	0.10522602303891633	9.028450098488774
0.6915584415584412	0.1104873241908619	9.026324653840376
0.7045454545454541	0.09996472188697131	9.030706573170159
0.7012987012987003	0.10522602303891722	9.028471744741603
0.714285714285715	0.09470342073502509	9.033534879562461
0.7110389610389619	0.09996472188697118	9.030723520495817
0.7240259740259738	0.08944211958307921	9.036679349030527
0.7207792207792209	0.0947034207350249	9.033545622728967
0.7337662337662337	0.08418081843113417	9.040403289078986
0.73051948051948	0.08944211958307992	9.036682077560497
0.7435064935064942	0.07891951727918807	9.045063587720273
0.740259740259741	0.08418081843113419	9.04039617198014
0.7564935064935069	0.06839691497529565	9.056929380347606
0.7532467532467538	0.07365821612724165	9.050386310849076
0.7500000000000008	0.07891951727918765	9.045044286117822
0.7662337662337662	0.06313561382335006	9.065500736207904
0.7629870129870131	0.06839691497529571	9.056882713778455
0.7759740259740261	0.0578743126714045	9.07563137921573
0.7727272727272726	0.0631356138233503	9.065433765857236
0.785714285714286	0.052613011519458644	9.088513251998052
0.7824675324675328	0.057874312671404506	9.075540012371562
0.7954545454545457	0.04735171036751265	9.10689301900612
0.7922077922077926	0.052613011519458526	9.088392573565834
0.8051948051948054	0.04209040921556682	9.130311926961882
0.8019480519480521	0.047351710367512644	9.10673811831448
0.814935064935065	0.03682910806362106	9.160313581003082
0.8116883116883117	0.042090409215566886	9.13011286122699
0.8246753246753249	0.03156780691167524	9.20830756754917
0.8214285714285716	0.03682910806362112	9.160068656855431
0.837662337662338	0.02104520460778344	9.491977259682606
0.8344155844155847	0.026306505759729332	9.305406714749365
0.8311688311688314	0.03156780691167522	9.208029073653337
0.8474025974025976	0.015783903455837557	9.491270263097787
0.8441558441558444	0.02104520460778342	9.491337851012169
0.8571428571428572	0.010522602303891702	9.429203518837127
0.853896103896104	0.015783903455837515	9.490564178487825
0.8636363636363638	0.010522602303891723	9.4280796092281
0.44805194805194765	0.48947739769610826	9.453413242816573
0.45129870129870087	0.48421609654416237	9.453524381945615
0.45454545454545414	0.47895479539221647	9.452432887472357
0.4577922077922074	0.47369349424027063	9.275691392289723
0.46103896103896064	0.4684321930883248	9.196169082742964
0.4642857142857139	0.46317089193637884	9.155898710209394
0.46753246753246713	0.457909590784433	9.12292847842201
0.4707792207792204	0.45264828963248716	9.101106226222024
0.47402597402597363	0.44738698848054126	9.085010157492091
0.47727272727272696	0.44212568732859536	9.071812384467039
0.4805194805194802	0.4368643861766495	9.06162630425311
0.48376623376623346	0.4316030850247037	9.053898318022751
0.48701298701298673	0.42634178387275784	9.047434391550935
0.49025974025974	0.421080482720812	9.042141516010865
0.4935064935064932	0.41581918156886627	9.03787794791351
0.49675324675324645	0.4105578804169204	9.034264075540122
0.49999999999999956	0.40529657926497475	9.031206930170825
0.5032467532467525	0.4000352781130289	9.028529965417858
0.5064935064935056	0.39477397696108296	9.026310473145111
0.5097402597402587	0.3895126758091368	9.024352432053169
0.5129870129870123	0.38425137465719034	9.022690575336414
0.5162337662337665	0.3789900735052438	9.021209695667297
0.5194805194805215	0.37372877235329743	9.019952146285677
0.5227272727272773	0.368467471201352	9.018807976377998
0.5259740259740329	0.3632061700494074	9.017822639854232
0.5292207792207873	0.3579448688974644	9.016941616536021
0.5324675324675383	0.35268356774552206	9.016159556756525
0.5357142857142849	0.3474222665935793	9.015479441732046
0.5389610389610274	0.3421609654416338	9.01487298315511
0.5422077922077692	0.33689966428968376	9.014318756439545
0.5454545454545155	0.33163836313772865	9.013843665354761
0.5487012987012728	0.3263770619857705	9.013418043641112
0.5519480519480441	0.3211157608338144	9.013044115064774
0.5551948051948264	0.31585445968186643	9.012707923617112
0.5584415584416097	0.3105931585299312	9.012423176076991
0.5616883116883784	0.305331857378008	9.012165652914833
0.56493506493512	0.3000705562260894	9.011950729289433
0.5681818181818319	0.29480925507416317	9.011768870513322
0.5714285714285255	0.2895479539222169	9.011613976466755
0.5746753246752304	0.2842866527702323	9.011484453070336
0.5779220779220063	0.27902535161819636	9.011386629467388
0.5811718980127911	0.2737638079126805	9.011312352812233
0.5845483633564571	0.26849334793913543	9.011263164325529
0.5879967142129702	0.26322015690869227	9.011243150891886
0.5916643277298212	0.25794626429861495	9.011247093116479
0.5953379335923107	0.2526726430582903	9.011269251405027
0.5990687245356855	0.24739990492721545	9.011309733211617
0.6027968555035699	0.2421233297617983	9.011371822291808
0.6065211973492036	0.2368409356346707	9.011457645890617
0.6100717778567677	0.2315469098723191	9.011570076391626
0.6135247025453952	0.2262571487533992	9.011701729159121
0.6168802795524837	0.2209755426103748	9.011856499060412
0.6201315847548718	0.2157121049523153	9.012040496177846
0.6233780620780637	0.21045100518796112	9.012243944352301
0.6266238865634038	0.20519039996312793	9.012474805747987
0.6785714285714306	0.12100992649475534	9.023023791033962
0.6298701298700405	0.19992944377392372	9.012741103926684
0.675324675324676	0.12627122764670168	9.021675994661635
0.67207792207792	0.1315325287986473	9.020492809427852
0.6331168831168715	0.1946681426220256	9.013030878418904
0.6363636363636686	0.18940684147003262	9.013354338526874
0.6688311688311624	0.13679382995059133	9.019414906273125
0.6396103896104454	0.18414554031805752	9.013721756997233
0.6428571428571577	0.17888423916607074	9.01412270602634
0.6461038961038824	0.17362293801412412	9.014564328677872
0.6493506493506211	0.1683616368621855	9.015052351511542
0.6525974025973681	0.16310033571026536	9.01561238868179
0.6655844155844038	0.14205513110253343	9.01848076028954
0.6623376623376441	0.1473164322544718	9.017649181881026
0.6590909090908825	0.15257773340640635	9.016882753721447
0.6558441558441247	0.15783903455833645	9.016209436859837
0.6883116883116892	0.1157486253428076	9.024608455806716
0.6850649350649375	0.12100992649475369	9.02305615946752
0.6980519480519466	0.11048732419086278	9.026350700764196
0.6948051948051933	0.11574862534280794	9.024638425730734
0.7077922077922084	0.10522602303891748	9.028493630082592
0.7045454545454543	0.11048732419086378	9.026377383929654
0.7175324675324681	0.09996472188697063	9.030740285741105
0.7142857142857157	0.1052260230389167	9.028515780557678
0.7272727272727265	0.09470342073502541	9.033555670030816
0.7240259740259734	0.09996472188697077	9.030756868267275
0.7370129870129873	0.08944211958308028	9.036683433067148
0.7337662337662333	0.09470342073502619	9.033564997523255
0.746753246753248	0.08418081843113379	9.04038684296623
0.7435064935064948	0.08944211958308002	9.036683359299126
0.75974025974026	0.07365821612724141	9.050351990074402
0.7564935064935071	0.07891951727918724	9.04502176547008
0.7532467532467542	0.08418081843113322	9.040375191441681
0.7694805194805193	0.06839691497529603	9.056830392269385
0.7662337662337662	0.07365821612724166	9.050313177179257
0.7792207792207795	0.06313561382335038	9.065359339052378
0.7759740259740259	0.06839691497529622	9.056772060806926
0.7889610389610394	0.05787431267140443	9.075439029794028
0.7857142857142861	0.06313561382335033	9.065276956325162
0.798701298701299	0.052613011519458436	9.088259469717878
0.7954545454545459	0.05787431267140431	9.075327772312209
0.8084415584415584	0.04735171036751268	9.106567622415712
0.8051948051948054	0.05261301151945847	9.088113008385792
0.8181818181818182	0.042090409215566976	9.12989346251603
0.8149350649350647	0.047351710367512796	9.106380349247132
0.8279220779220781	0.03682910806362112	9.159798987472326
0.8246753246753248	0.04209040921556702	9.129651976716035
0.8409090909090912	0.02630650575972929	9.305227071533222
0.837662337662338	0.03156780691167518	9.207721177876692
0.8344155844155847	0.036829108063621066	9.159502459584475
0.8506493506493508	0.021045204607783398	9.490621096097813
0.8474025974025977	0.026306505759729263	9.305032933453683
0.8603896103896106	0.015783903455837574	9.489774739401328
0.8571428571428572	0.021045204607783412	9.489815926647209
0.8701298701298703	0.010522602303891728	9.426809548204917
0.866883116883117	0.015783903455837595	9.488889935819016
0.8766233766233769	0.010522602303891708	9.425379054616117
0.45454545454545414	0.48947739769610826	9.45333749642788
0.4577922077922074	0.48421609654416237	9.453454605983815
0.46103896103896064	0.47895479539221647	9.452457996481671
0.4642857142857139	0.47369349424027063	9.275686646441786
0.46753246753246713	0.46843219308832473	9.196160706221361
0.47077922077922046	0.4631708919363789	9.155889608467211
0.47402597402597363	0.45790959078443305	9.122918919461027
0.47727272727272696	0.45264828963248716	9.101096900236207
0.4805194805194802	0.44738698848054126	9.085000956323354
0.48376623376623346	0.4421256873285954	9.071803661718503
0.4870129870129867	0.4368643861766495	9.061618017529637
0.49025974025974	0.4316030850247037	9.05389056540765
0.4935064935064932	0.4263417838727579	9.047427259109703
0.49675324675324645	0.4210804827208121	9.042135040480543
0.4999999999999995	0.41581918156886627	9.037872167169608
0.5032467532467527	0.4105578804169203	9.034259050145181
0.5064935064935058	0.4052965792649743	9.031202694200688
0.5097402597402589	0.4000352781130283	9.02852656567809
0.5129870129870124	0.39477397696108213	9.026307941002147
0.5162337662337662	0.3895126758091359	9.024350811365741
0.5194805194805205	0.38425137465718984	9.022689934449163
0.5227272727272751	0.37899007350524405	9.021210020529795
0.5259740259740299	0.373728772353299	9.019953485788404
0.5292207792207837	0.36846747120135476	9.01881043197608
0.5324675324675358	0.36320617004941086	9.017826216395138
0.5357142857142856	0.3579448688974667	9.016946361379738
0.5389610389610332	0.3526835677455211	9.016165512574212
0.5422077922077801	0.34742226659357317	9.015486651595575
0.5454545454545293	0.3421609654416225	9.01488146714311
0.5487012987012839	0.3368996642896702	9.014328574244084
0.5519480519480461	0.33163836313771866	9.013854858921965
0.5551948051948142	0.32637706198577116	9.013430658206076
0.5584415584415833	0.3211157608338301	9.01305818469023
0.5616883116883458	0.31585445968189535	9.012723486401747
0.5649350649350949	0.3105931585299635	9.012440259318643
0.5681818181818288	0.3053318573780283	9.012184291157816
0.5714285714285533	0.30007055622608375	9.011970942300154
0.574675324675281	0.29480925507412736	9.011790682647417
0.577922077922023	0.2895479539221622	9.011637400346094
0.5811688311687885	0.28428665277019916	9.011509510010214
0.5844155844155755	0.2790253516182631	9.011413318377441
0.587676653717703	0.27376180170283887	9.011340697898747
0.5909459594862922	0.2684952432397927	9.011292811649737
0.5945299192095134	0.2632195158573296	9.011275158770376
0.5981371466436529	0.25794792608064226	9.011280500493436
0.6018470983888634	0.2526793775443345	9.011304481132564
0.6055606314317084	0.2474082978561435	9.011346470885888
0.6092890164119836	0.2421310666067115	9.011410084906741
0.6129766509891224	0.2368427774456692	9.011497299348603
0.6166190581921174	0.23154484046908375	9.011611771166132
0.6200207839278901	0.22625521290434294	9.011744450679814
0.6233701661927367	0.2209733983197088	9.011900403469745
0.626625529331802	0.21571077618161105	9.012085476007863
0.6298715204722186	0.21045071745491836	9.01228985986087
0.6331173869509344	0.2051903427996781	9.012521541583114
0.6818181818181855	0.12627122764670037	9.021711297106586
0.6363636460878539	0.1999294375510011	9.012788521104232
0.678571428571432	0.13153252879864744	9.020530725273566
0.6753246753246763	0.1367938299505941	9.019455117568418
0.6396103896104378	0.19466814262191687	9.01307884368329
0.6428571428571469	0.1894068414699046	9.013402678630555
0.6720779220779177	0.14205513110253942	9.018522952658897
0.646103896103863	0.1841455403179347	9.013770292609054
0.6493506493505905	0.178884239166003	9.014171255093311
0.6525974025973348	0.17362293801410641	9.01461268202582
0.6558441558440958	0.16836163686219255	9.015100300243288
0.6590909090908581	0.1631003357102762	9.015659691103851
0.6688311688311562	0.14731643225448163	9.01769306217009
0.6655844155843926	0.15257773340641992	9.016928042633829
0.6623376623376268	0.15783903455835147	9.016255864367798
0.6915584415584409	0.12100992649475294	9.023089734093418
0.6883116883116899	0.12627122764669824	9.02174806892314
0.7012987012986996	0.11574862534280966	9.024669379115922
0.698051948051945	0.12100992649475477	9.02312461208848
0.7110389610389628	0.11048732419086325	9.026404764335062
0.7077922077922092	0.1157486253428101	9.024701402622462
0.7207792207792206	0.10522602303891619	9.02853823465655
0.7175324675324687	0.1104873241908619	9.026432915906064
0.7305194805194793	0.0999647218869718	9.030773278836081
0.7272727272727257	0.10522602303891702	9.028561046450617
0.7402597402597411	0.0947034207350263	9.033573589300785
0.7370129870129872	0.09996472188697247	9.03078954098495
0.7500000000000012	0.08944211958307935	9.03668181712847
0.7467532467532484	0.09470342073502562	9.033581440982209
0.7629870129870131	0.07891951727918711	9.044995856118222
0.7597402597402602	0.08418081843113297	9.040361123733758
0.7564935064935073	0.08944211958307878	9.03667878750622
0.7727272727272726	0.073658216127242	9.050269620190393
0.7694805194805192	0.07891951727918765	9.044966403947571
0.7824675324675328	0.06839691497529629	9.05670737101734
0.7792207792207795	0.07365821612724217	9.050221081472115
0.7922077922077926	0.06313561382335019	9.06518611755813
0.7889610389610394	0.0683969149752961	9.056635990296813
0.8019480519480521	0.05787431267140427	9.07520557672956
0.798701298701299	0.06313561382335008	9.065086332636092
0.8116883116883115	0.0526130115194586	9.087952230420768
0.8084415584415583	0.05787431267140431	9.075071789959047
0.8214285714285715	0.04735171036751293	9.10617508318815
0.818181818181818	0.05261301151945878	9.08777616546294
0.8311688311688313	0.042090409215566976	9.129386558394982
0.8279220779220781	0.047351710367512914	9.105950595287675
0.8441558441558444	0.03156780691167513	9.207381327189154
0.8409090909090912	0.036829108063621	9.159176856749509
0.8376623376623379	0.042090409215566914	9.129095305011106
0.8538961038961039	0.02630650575972926	9.30482516103119
0.8506493506493508	0.031567806911675114	9.207006943652575
0.8636363636363638	0.021045204607783457	9.488909631937355
0.8603896103896105	0.0263065057597293	9.304605479525565
0.8733766233766235	0.015783903455837585	9.48789500646726
0.8701298701298702	0.02104520460778347	9.487887628563586
0.8831168831168833	0.010522602303891668	9.423779369690322
0.87987012987013	0.015783903455837557	9.486771525856867
0.8896103896103899	0.010522602303891694	9.42200530821462
0.46103896103896064	0.4894773976961082	9.45326225295876
0.4642857142857139	0.48421609654416237	9.453385933760527
0.46753246753246713	0.4789547953922165	9.452482086060657
0.4707792207792204	0.47369349424027063	9.275681914690436
0.47402597402597363	0.4684321930883248	9.19615226453025
0.477272727272727	0.4631708919363789	9.15588050292822
0.4805194805194802	0.45790959078443305	9.122909159977135
0.48376623376623346	0.4526482896324871	9.101087453050939
0.4870129870129867	0.44738698848054126	9.084991484126865
0.49025974025974	0.4421256873285954	9.071794681450774
0.4935064935064932	0.43686438617664963	9.061609409780493
0.4967532467532465	0.43160308502470374	9.053882462316762
0.49999999999999956	0.4263417838727579	9.047419746883586
0.5032467532467526	0.42108048272081194	9.042128160425314
0.5064935064935059	0.41581918156886594	9.037865963442698
0.509740259740259	0.41055788041691993	9.034253589421228
0.5129870129870125	0.4052965792649739	9.031198016515583
0.516233766233766	0.400035278113028	9.028522727469094
0.51948051948052	0.394773976961082	9.026304977329202
0.5227272727272739	0.38951267580913623	9.024348771799637
0.5259740259740281	0.3842513746571907	9.022688906130307
0.5292207792207816	0.37899007350524566	9.021209983935227
0.5324675324675343	0.37372877235330093	9.01995452116352
0.5357142857142858	0.3684674712013561	9.01881259191932
0.5389610389610359	0.3632061700494104	9.0178295476671
0.5422077922077858	0.3579448688974636	9.016950917264545
0.5454545454545368	0.3526835677455152	9.016171343966251
0.5487012987012904	0.34742226659356595	9.01549379783112
0.5519480519480479	0.34216096544161695	9.014889953973379
0.5551948051948087	0.33689966428966994	9.014338485935353
0.5584415584415704	0.33163836313772616	9.013866233448793
0.561688311688329	0.32637706198578564	9.013443545700087
0.5649350649350809	0.3211157608338469	9.013072623991834
0.5681818181818253	0.3158544596819068	9.012739520425734
0.5714285714285646	0.3105931585299623	9.012457919033835
0.5746753246753046	0.30533185737801194	9.012203615362054
0.5779220779220523	0.30007055622605716	9.011991953174869
0.5811688311688117	0.29480925507410216	9.011813408120952
0.5844155844155786	0.289547953922152	9.011661853542142
0.5876623376623504	0.28428665277021803	9.01153571495825
0.5909090909090697	0.27902535161829894	9.011441282921853
0.5941781179653535	0.27376008201101326	9.011370414038621
0.597489691544997	0.2684901866656476	9.011324586332485
0.6010041695979161	0.2632209498799409	9.0113085411032
0.6046529453266284	0.2579568271872526	9.011315891642376
0.6083252088031944	0.25269066615646324	9.011341404351521
0.6120531024147652	0.24741405220049076	9.011385229375529
0.6157835604479686	0.24213347646437275	9.011450542290588
0.6195230200220445	0.23684354457034487	9.011539760222085
0.6230655926434258	0.2315443563252855	9.011655125580733
0.6265503142989389	0.2262471028081273	9.011789980700636
0.6298688276206781	0.2209696837890161	9.0119469217487
0.6331182022780296	0.21571066368032413	9.01213297656998
0.6363647257967822	0.21045109690979633	9.012338381995967
0.639610447955607	0.20519070758843963	9.012570938186748
0.6850649350649395	0.1315325287986444	9.020570345509983
0.6428571428573084	0.1999294437737794	9.0128386560893
0.6818181818181884	0.13679382995059178	9.019497240465599
0.6785714285714347	0.1420551311025398	9.018567237319525
0.6461038961038402	0.19466814262178458	9.01312955407464
0.6493506493505308	0.18940684146982176	9.013453775426692
0.6753246753246764	0.1473164322544871	9.01773919072238
0.6525974025972684	0.18414554031790095	9.013821581735842
0.6558441558440389	0.17888423916601537	9.014222540658134
0.6590909090908088	0.1736229380141237	9.014663737392462
0.6623376623375942	0.16836163686221997	9.015150900278313
0.665584415584371	0.16310033571030155	9.015709573864193
0.672077922077913	0.1525777334064317	9.016975712412973
0.6688311688311437	0.15783903455837026	9.016304783581438
0.6948051948051917	0.12627122764669907	9.021786427183939
0.6915584415584402	0.13153252879864305	9.020611804671374
0.7045454545454541	0.12100992649475677	9.023160903951222
0.7012987012986982	0.12627122764670248	9.02182650324646
0.714285714285717	0.11574862534280833	9.024734597839073
0.7110389610389646	0.12100992649475557	9.023198735774896
0.7240259740259726	0.110487324190862	9.026461928069999
0.7207792207792206	0.11574862534280705	9.024769084028868
0.7337662337662327	0.10522602303891838	9.028584291099975
0.730519480519478	0.11048732419086375	9.026491908337276
0.7435064935064953	0.09996472188697207	9.030805695423767
0.7402597402597414	0.10522602303891863	9.02860807079472
0.7532467532467546	0.09470342073502473	9.033588565297094
0.7500000000000022	0.09996472188697092	9.030821808397805
0.7662337662337659	0.0841808184311332	9.040344570162775
0.7629870129870129	0.08944211958307866	9.03667427537159
0.75974025974026	0.09470342073502419	9.033595000647749
0.7759740259740261	0.07891951727918803	9.044933279087566
0.7727272727272725	0.08418081843113377	9.040325495302469
0.7857142857142861	0.07365821612724208	9.05016734647458
0.7824675324675329	0.07891951727918807	9.044896388237156
0.7954545454545459	0.06839691497529592	9.056557613529149
0.7922077922077927	0.0736582161272418	9.050108235833461
0.8051948051948052	0.06313561382335	9.064977135643623
0.8019480519480521	0.06839691497529583	9.05647197807795
0.8149350649350646	0.05787431267140453	9.074925788275317
0.8116883116883115	0.06313561382335027	9.064858103772536
0.8246753246753248	0.052613011519458824	9.087583855941377
0.8214285714285714	0.05787431267140471	9.074767003069708
0.8344155844155847	0.047351710367512824	9.105705672184746
0.8311688311688314	0.05261301151945877	9.087374391488693
0.8474025974025977	0.03682910806362097	9.158819883583533
0.8441558441558443	0.04209040921556683	9.128776310505138
0.8409090909090912	0.047351710367512734	9.105439155360864
0.8571428571428571	0.03156780691167513	9.206595513648212
0.8538961038961039	0.03682910806362098	9.158429201144964
0.866883116883117	0.026306505759729336	9.304376822435806
0.8636363636363638	0.031567806911675204	9.206144703018468
0.8766233766233769	0.02104520460778344	9.486733017600578
0.8733766233766237	0.026306505759729336	9.304143775756993
0.8863636363636365	0.015783903455837536	9.485497689276166
0.8831168831168833	0.021045204607783394	9.485425870107122
0.8961038961038963	0.010522602303891711	9.42005175936336
0.8928571428571429	0.015783903455837554	9.48404944541481
0.9025974025974027	0.010522602303891723	9.417907964599785
0.46753246753246713	0.4894773976961082	9.453187352087369
0.4707792207792204	0.48421609654416237	9.453318301240605
0.47402597402597363	0.47895479539221647	9.452504989849645
0.47727272727272696	0.47369349424027063	9.275677115134483
0.4805194805194802	0.4684321930883248	9.196143636475368
0.48376623376623346	0.4631708919363789	9.155871306084586
0.4870129870129867	0.457909590784433	9.122899120129974
0.49025974025973995	0.45264828963248716	9.101077783661543
0.4935064935064932	0.4473869884805413	9.084981671457712
0.4967532467532465	0.44212568732859553	9.071785354869744
0.4999999999999996	0.43686438617664963	9.061600409496757
0.5032467532467528	0.4316030850247037	9.053873937274956
0.506493506493506	0.42634178387275773	9.047411789148468
0.5097402597402592	0.42108048272081183	9.042120815055034
0.5129870129870125	0.4158191815688658	9.037859281192388
0.516233766233766	0.4105578804169198	9.034247643389707
0.5194805194805197	0.4052965792649739	9.031192853882274
0.5227272727272733	0.40003527811302814	9.028518411297709
0.525974025974027	0.3947739769610825	9.026301543667094
0.5292207792207805	0.3895126758091371	9.024346289379181
0.5324675324675335	0.3842513746571918	9.022687420524008
0.5357142857142858	0.37899007350524644	9.021209568188146
0.5389610389610374	0.37372877235330076	9.019955209516942
0.5422077922077889	0.3684674712013545	9.018814460503902
0.5454545454545406	0.36320617004940736	9.017832642945782
0.5487012987012939	0.35794486889745963	9.016955300492858
0.5519480519480492	0.352683567745512	9.016177073655355
0.5551948051948062	0.34742226659356534	9.015500902576251
0.558441558441564	0.34216096544162045	9.014898495511785
0.5616883116883202	0.33689966428967716	9.014348537813772
0.5649350649350734	0.33163836313773487	9.013877843395356
0.5681818181818227	0.326377061985792	9.013456768959513
0.5714285714285691	0.3211157608338472	9.013087504175692
0.5746753246753158	0.31585445968189957	9.012756105354748
0.5779220779220656	0.3105931585299496	9.01247624330834
0.581168831168821	0.3053318573779992	9.01222372201054
0.5844155844155818	0.30007055622605094	9.012013867003342
0.5876623376623452	0.2948092550741066	9.011837160246996
0.5909090909091047	0.28954795392216665	9.011687456667415
0.5941558441558517	0.28428665277023313	9.01156320228027
0.5974025974025746	0.2790253516182795	9.01147064868055
0.6006774522880891	0.27376046706434054	9.011401696677034
0.6039960410873383	0.2684939701578633	9.011357957328562
0.607528675488544	0.2632294545312737	9.011344013361812
0.6110982546293049	0.2579701921658987	9.011352817011796
0.614822197054835	0.25269118865755374	9.011380511038281
0.6185426825299444	0.24741441833236077	9.011426182465604
0.6222750785641685	0.24213024550710513	9.011493341580083
0.6259673757740144	0.23683682559748911	9.011584105609527
0.6296038571256243	0.23153678612063378	9.011701768422926
0.633006420497309	0.22625042779037408	9.011837358181976
0.6363600000949614	0.22097152041385956	9.01199594611971
0.639611500571478	0.21571206584754918	9.012183217706491
0.6428577725774167	0.21045169075947961	9.012389742093449
0.6461038961042326	0.2051907449254595	9.012623250443866
0.6883116883116912	0.13679382995058767	9.01954142484471
0.6493506493505712	0.19992944377362118	9.012891726935132
0.6850649350649434	0.14205513110253407	9.018613777436927
0.6818181818181941	0.14731643225448268	9.017787742160444
0.652597402597177	0.19466814262174303	9.013183227271554
0.6558441558439309	0.189406841469832	9.013507846090478
0.6785714285714395	0.15257773340643271	9.017025947518377
0.6590909090907126	0.18414554031792865	9.013875839927833
0.6623376623375304	0.17888423916606602	9.01427677603497
0.665584415584329	0.17362293801417283	9.014717704598134
0.6688311688311197	0.1683616368622556	9.015204357095817
0.6720779220779031	0.1631003357103242	9.015762236556787
0.6753246753246761	0.15783903455838114	9.016356387370882
0.6980519480519423	0.1315325287986467	9.020655252201863
0.6948051948051885	0.13679382995058934	9.019587836006165
0.7077922077922102	0.12627122764670326	9.02186844489792
0.7045454545454537	0.13153252879865052	9.020700854508478
0.7175324675324699	0.12100992649475274	9.023238251852922
0.7142857142857194	0.1262712276466997	9.021912418841554
0.7272727272727239	0.11574862534280844	9.024805001442282
0.7240259740259712	0.12100992649475263	9.023279617746935
0.7370129870129868	0.11048732419086503	9.0265229863966
0.7337662337662311	0.11574862534281094	9.024842514776951
0.7467532467532495	0.10522602303891739	9.02863251747808
0.7435064935064961	0.11048732419086432	9.026555319755046
0.7564935064935076	0.09996472188696998	9.030837979682948
0.7532467532467552	0.10522602303891589	9.028657793797679
0.7694805194805189	0.08944211958307936	9.036668313020089
0.7662337662337655	0.0947034207350248	9.033600816359607
0.7629870129870123	0.09996472188696984	9.030854351305997
0.7792207792207795	0.08418081843113402	9.040303908743835
0.7759740259740259	0.0894421195830799	9.036660957962104
0.7889610389610398	0.07891951727918775	9.044855689520206
0.7857142857142865	0.08418081843113379	9.040279869783172
0.798701298701299	0.07365821612724156	9.050043623097752
0.7954545454545459	0.07891951727918738	9.044811210583175
0.8084415584415582	0.06839691497529596	9.056378883859006
0.805194805194805	0.07365821612724155	9.049973460286639
0.818181818181818	0.0631356138233505	9.064728882770318
0.8149350649350646	0.06839691497529628	9.056278221207755
0.8279220779220781	0.05787431267140469	9.074594954341286
0.8246753246753248	0.0631356138233506	9.064589223057311
0.837662337662338	0.05261301151945865	9.087146956741352
0.8344155844155847	0.05787431267140458	9.074409293289435
0.8506493506493508	0.04209040921556681	9.12842774306762
0.8474025974025977	0.04735171036751263	9.105149992353773
0.8441558441558444	0.05261301151945854	9.086900897958351
0.8603896103896105	0.036829108063621045	9.158002474351976
0.8571428571428571	0.04209040921556687	9.128047951230007
0.8701298701298704	0.03156780691167522	9.2056525042915
0.866883116883117	0.036829108063621094	9.157537432636248
0.8798701298701301	0.02630650575972928	9.303913124903476
0.876623376623377	0.03156780691167516	9.20511745057911
0.8896103896103897	0.021045204607783398	9.483942411130949
0.8863636363636365	0.026306505759729246	9.303694449224837
0.8993506493506495	0.015783903455837574	9.48240106706538
0.8961038961038962	0.021045204607783426	9.48225405681339
0.9090909090909092	0.010522602303891732	9.415552113463685
0.905844155844156	0.015783903455837592	9.480523960866423
0.915584434966194	0.010522601944737767	9.412940667703479
0.47402597402597363	0.4894773976961082	9.453112634910466
0.47727272727272696	0.4842160965441623	9.453251657697074
0.4805194805194802	0.47895479539221647	9.452526527280945
0.48376623376623346	0.47369349424027063	9.275672176207918
0.4870129870129867	0.4684321930883248	9.196134702877231
0.49025974025973995	0.4631708919363789	9.155861912922068
0.49350649350649306	0.45790959078443305	9.122888731806965
0.4967532467532465	0.45264828963248716	9.101067785271546
0.4999999999999997	0.44738698848054137	9.084971448309973
0.5032467532467529	0.44212568732859536	9.071775595948779
0.506493506493506	0.4368643861766494	9.06159094329246
0.5097402597402594	0.4316030850247036	9.053864918592218
0.5129870129870125	0.42634178387275773	9.047403319341184
0.516233766233766	0.4210804827208117	9.042112942702031
0.5194805194805193	0.4158191815688659	9.037852063953657
0.5227272727272729	0.4105578804169201	9.034241161165106
0.5259740259740265	0.4052965792649743	9.031187160615763
0.5292207792207799	0.4000352781130287	9.028513575677769
0.5324675324675329	0.394773976961083	9.02629761082983
0.5357142857142857	0.38951267580913745	9.024343340010956
0.5389610389610381	0.3842513746571918	9.022685503712013
0.5422077922077904	0.37899007350524566	9.021208755885182
0.5454545454545427	0.37372877235329915	9.019955551476906
0.548701298701296	0.3684674712013523	9.01881603863198
0.5519480519480502	0.36320617004940553	9.01783551059006
0.5551948051948054	0.35794486889745913	9.016959528729545
0.5584415584415608	0.35268356774551357	9.016182721327601
0.5616883116883159	0.34742226659356895	9.015507994133559
0.5649350649350692	0.3421609654416249	9.014907130451908
0.5681818181818207	0.3368996642896807	9.01435877987568
0.5714285714285708	0.3316383631377355	9.01388974682814
0.5746753246753207	0.32637706198578886	9.013470394862653
0.5779220779220721	0.32111576083384125	9.013102900997914
0.5811688311688261	0.31585445968189324	9.012773326003488
0.5844155844155826	0.31059315852994607	9.012495325871335
0.5876623376623406	0.3053318573780008	9.012244713974722
0.5909090909090985	0.30007055622605733	9.012036795691841
0.5941558441558555	0.2948092550741156	9.011862059301892
0.5974025974026104	0.2895479539221748	9.011714340548094
0.6006493506493608	0.2842866527702292	9.01159210663765
0.6038961038961164	0.27902535161826464	9.011501569674133
0.6071428571429291	0.27376405046627356	9.011434553063568
0.6105214233560804	0.26849810467396157	9.011393276330194
0.6139669445207777	0.26323592140583857	9.011380970284227
0.6176025264989677	0.25796883082307953	9.011392160476658
0.6213114074528336	0.25268897226702924	9.01142181501524
0.6250266934150045	0.24740959135532778	9.011469505417558
0.6287665661591612	0.24212301407448125	9.011538704953187
0.6325061759346239	0.23683194505797064	9.011631701867339
0.6360499724007234	0.2315378267165181	9.011750341787943
0.6395260924793081	0.22624730375624733	9.011888201048563
0.6428444674252196	0.2209767594043927	9.012047754231942
0.6461041230713778	0.21571390575367133	9.012236450680803
0.6493510962988309	0.2104522171631993	9.01244418594885
0.6525974025971012	0.20519074492524703	9.01267869632428
0.6915584415584385	0.14205513110253146	9.018662751964628
0.6558441558438531	0.19992944377361013	9.012947966230563
0.6883116883116932	0.14731643225447486	9.017838907139067
0.6850649350649505	0.15257773340642178	9.017078948611884
0.6590909090906218	0.19466814262179363	9.013240096675041
0.6623376623374161	0.18940684146988393	9.013565123650503
0.6818181818182044	0.15783903455837298	9.01641088492184
0.6655844155842423	0.18414554031802044	9.013933298711075
0.6688311688310723	0.17888423916613405	9.014334190686244
0.6720779220778835	0.17362293801421694	9.014774809700542
0.6753246753246754	0.16836163686227712	9.015260892503163
0.6785714285714484	0.1631003357103267	9.015817895074058
0.7012987012986951	0.136793829950596	9.019636656624668
0.6980519480519364	0.14205513110253853	9.018714357504583
0.7110389610389678	0.1315325287986482	9.020748797318634
0.7077922077922126	0.13679382995059763	9.01968808897537
0.7207792207792206	0.126271227646697	9.021958613556974
0.7175324675324725	0.1315325287986426	9.020799288383714
0.7305194805194755	0.1210099264947558	9.02332302390507
0.7272727272727209	0.12627122764669943	9.022007242588264
0.7402597402597416	0.11574862534281144	9.024881817108275
0.7370129870129857	0.12100992649475824	9.023368689784421
0.7500000000000034	0.11048732419086227	9.02658910078146
0.746753246753251	0.11574862534280926	9.024923134540247
0.7597402597402598	0.10522602303891479	9.028684097418376
0.756493506493508	0.11048732419086044	9.026624564161224
0.772727272727272	0.09470342073502562	9.033606109996489
0.7694805194805182	0.09996472188697104	9.03087112600929
0.7662337662337646	0.10522602303891605	9.02871166767271
0.7824675324675331	0.08944211958307989	9.036652294561447
0.7792207792207795	0.09470342073502595	9.03361102459751
0.7922077922077929	0.0841808184311333	9.04025348797787
0.7889610389610401	0.08944211958307935	9.036642460906362
0.8019480519480521	0.07891951727918706	9.044763068276866
0.798701298701299	0.08418081843113291	9.040224920813683
0.8116883116883112	0.07365821612724195	9.049897808284326
0.808441558441558	0.07891951727918746	9.044711474252601
0.8214285714285713	0.06839691497529649	9.056170012474437
0.8181818181818178	0.07365821612724234	9.04981686924821
0.8311688311688316	0.06313561382335052	9.064439032171888
0.8279220779220782	0.0683969149752965	9.056054467567867
0.8409090909090912	0.05787431267140442	9.074209858147979
0.8376623376623381	0.06313561382335037	9.064278444214379
0.8538961038961039	0.047351710367512706	9.104837297978916
0.8506493506493508	0.05261301151945849	9.08663582088171
0.8474025974025976	0.057874312671404284	9.073996760009836
0.8636363636363638	0.04209040921556695	9.127635607153453
0.8603896103896105	0.04735171036751279	9.104500419587952
0.8733766233766237	0.03682910806362111	9.157031938724957
0.8701298701298704	0.042090409215566955	9.127189903740904
0.8831168831168833	0.031567806911675114	9.204538885626443
0.8798701298701301	0.036829108063621	9.156484050652955
0.8928571428571429	0.02630650575972927	9.303500753808436
0.8896103979222391	0.03156780308767639	9.203917226911313
0.9025974025974027	0.021045204607783446	9.480326213978953
0.8993506493506495	0.0263065057597293	9.303349183281505
0.9123377075618121	0.015783902617811676	9.478382827444479
0.9090909392403423	0.021045204049099514	9.478116698626941
0.9220779220779222	0.010522602303891735	9.410004098764473
0.9188313255005441	0.015783900552676356	9.475936143542093
0.9285717258603462	0.010522501948834995	9.406632324526903
0.4805194805194802	0.4894773976961082	9.453037942482064
0.48376623376623346	0.4842160965441623	9.453185966938706
0.4870129870129867	0.47895479539221647	9.452546499785258
0.49025974025973995	0.47369349424027063	9.275667036514598
0.49350649350649317	0.46843219308832473	9.19612536940142
0.49675324675324645	0.4631708919363789	9.15585220891287
0.49999999999999956	0.45790959078443305	9.122877926367648
0.5032467532467528	0.45264828963248716	9.101057352337095
0.5064935064935062	0.44738698848054115	9.084960740888116
0.5097402597402595	0.4421256873285952	9.071765320161772
0.5129870129870127	0.4368643861766494	9.061580935940198
0.516233766233766	0.4316030850247036	9.053855333782783
0.5194805194805193	0.4263417838727577	9.047394269725402
0.5227272727272728	0.42108048272081183	9.04210448048948
0.5259740259740261	0.4158191815688661	9.037844254008732
0.5292207792207795	0.4105578804169203	9.03423409037137
0.5324675324675326	0.4052965792649746	9.031180889701682
0.5357142857142855	0.4000352781130288	9.028508180913624
0.5389610389610383	0.39477397696108313	9.026293145994364
0.5422077922077911	0.389512675809137	9.024339889688832
0.545454545454544	0.3842513746571909	9.022683124967854
0.5487012987012969	0.37899007350524455	9.021207535333334
0.5519480519480506	0.3737287723532982	9.019955541067231
0.5551948051948051	0.368467471201352	9.018817326947127
0.5584415584415594	0.3632061700494062	9.017838159726322
0.5616883116883136	0.35794486889746074	9.016963620582375
0.5649350649350672	0.35268356774551585	9.01618830662418
0.5681818181818196	0.3474222665935709	9.015515114148466
0.5714285714285713	0.3421609654416255	9.01491590094681
0.5746753246753228	0.3368996642896794	9.014369264849238
0.5779220779220752	0.33163836313773265	9.013902005728765
0.5811688311688284	0.32637706198578575	9.01348449480419
0.5844155844155833	0.32111576083383925	9.01311889535067
0.5876623376623388	0.3158544596818936	9.012791272932033
0.5909090909090943	0.31059315852994884	9.01251526683867
0.5941558441558495	0.30533185737800506	9.012266701174696
0.597402597402605	0.30007055622606205	9.012060858527327
0.6006493506493628	0.29480925507412015	9.011888234819894
0.6038961038961237	0.28954795392218097	9.011742642546452
0.6071428571428867	0.2842866527702429	9.011622580430263
0.6103896103896629	0.2790253516183124	9.011534196325345
0.6136386377108853	0.27376388729888274	9.011469367875904
0.6169482520462339	0.26850029118664764	9.01143005293721
0.6205079081218077	0.2632310402296827	9.011420616581548
0.6240805720092155	0.25796201220104503	9.011433633843252
0.6278015444836432	0.2526818839823273	9.011465576684758
0.6315182801443384	0.2474003747891013	9.011515492604216
0.6352616317367644	0.2421139749318497	9.011586830158818
0.6389539148027584	0.23682444578461073	9.011681545540698
0.6425838756952497	0.23153321625694753	9.01180265916305
0.6459919549933744	0.22625179509405882	9.01194152800489
0.6493436397155277	0.22097825221561207	9.012102964244919
0.6525974495640444	0.2157146367449878	9.012292977599051
0.655844403019538	0.2104524044137026	9.012501967305065
0.6590909090902851	0.20519074492538	9.01273752215203
0.6948051948051818	0.14731643225447813	9.017892894108739
0.6623376623372694	0.199929443773715	9.01300762336877
0.6915584415584349	0.15257773340641664	9.01713493423435
0.6883116883116974	0.15783903455835782	9.016468503333064
0.6655844155841456	0.19466814262190646	9.01330041256446
0.6688311688309901	0.18940684147001408	9.013625858255425
0.6850649350649639	0.16310033571030577	9.015876783114974
0.6720779220778432	0.184145540318109	9.013994206860083
0.6753246753246724	0.1788842391661768	9.014395031542458
0.6785714285714648	0.17362293801422282	9.014835296371224
0.6818181818182244	0.168361636862262	9.015320746082695
0.7045454545454525	0.14205513110254614	9.018768810408725
0.7012987012986883	0.14731643225449112	9.017949931290689
0.7142857142857247	0.1367938299505907	9.019742357467537
0.7110389610389743	0.14205513110254173	9.01882634915154
0.7240259740259688	0.1315325287986422	9.02085256056669
0.7207792207792209	0.13679382995058517	9.01979971152363
0.7337662337662286	0.12627122764670407	9.022058548343688
0.7305194805194709	0.1315325287986481	9.020908875363974
0.7435064935064976	0.12100992649475695	9.023416868590177
0.7402597402597423	0.12627122764670495	9.022112806465458
0.7532467532467568	0.11574862534280628	9.024966732183925
0.7500000000000054	0.12100992649475312	9.023467852683218
0.7629870129870113	0.11048732419086026	9.026661994445298
0.7597402597402594	0.11574862534280528	9.025012921591452
0.7759740259740253	0.0999647218869719	9.030888602189519
0.772727272727271	0.10522602303891754	9.028740794517299
0.7694805194805164	0.1104873241908625	9.026701733734647
0.7857142857142869	0.09470342073502552	9.033615801792637
0.7824675324675333	0.0999647218869718	9.030907145745045
0.7954545454545462	0.08944211958307874	9.036631662578161
0.7922077922077934	0.09470342073502465	9.033620810544948
0.8051948051948048	0.08418081843113284	9.040194379944408
0.8019480519480516	0.08944211958307846	9.036620183044695
0.8149350649350643	0.07891951727918799	9.044656722625321
0.8116883116883109	0.08418081843113347	9.040162191145468
0.8246753246753248	0.07365821612724244	9.049731003668912
0.8214285714285712	0.0789195172791883	9.044599169624412
0.834415584415585	0.06839691497529636	9.055932037311123
0.8311688311688316	0.07365821612724233	9.049640715193286
0.8441558441558445	0.06313561382335019	9.06410790290083
0.8409090909090913	0.0683969149752961	9.05580341252229
0.8571428571428571	0.052613011519458595	9.086351734159281
0.8538961038961038	0.05787431267140437	9.073770520690914
0.8506493506493505	0.06313561382335017	9.063928245406748
0.866883116883117	0.047351710367512845	9.10413901049826
0.8636363636363638	0.052613011519458686	9.08604922696101
0.876623376623377	0.0420904092155669	9.126710822421286
0.8733766233766237	0.04735171036751283	9.103753188733053
0.8863636848494242	0.03682908575696175	9.155892216102387
0.8831170027151595	0.04209035419247411	9.126199737673831
0.8961039755757119	0.03156779811194927	9.203253840256648
0.8928575103673757	0.036828985298190044	9.155255369964431
0.905844155844156	0.02630650575972933	9.303262430240254
0.9025977064925743	0.03156790257353198	9.202549103717281
0.9155845775478878	0.02104520160651999	9.475576111271202
0.9123376623376623	0.026306505759729353	9.303271027922653
0.925325753108475	0.015783541543305326	9.473132941051254
0.9220805898634666	0.021044337807365306	9.472658493282141
0.9350673411913495	0.01052116846815483	9.402485117769801
0.9318230023398505	0.015781192149366057	9.469888407750423
0.94156643530676	0.010515278309165564	9.396812999946263
0.4870129870129867	0.48947739769610826	9.452963114475564
0.49025974025973995	0.48421609654416237	9.453121209784856
0.49350649350649317	0.4789547953922165	9.452564682293287
0.49675324675324645	0.47369349424027063	9.275661646592496
0.4999999999999997	0.4684321930883248	9.196115543813432
0.5032467532467529	0.4631708919363789	9.155842082720396
0.506493506493506	0.45790959078443294	9.122866631973805
0.5097402597402594	0.452648289632487	9.101046382336035
0.5129870129870128	0.4473869884805411	9.08494947089054
0.5162337662337662	0.44212568732859525	9.07175444308241
0.5194805194805193	0.4368643861766495	9.061570310189863
0.5227272727272728	0.4316030850247037	9.05384510907887
0.5259740259740259	0.42634178387275773	9.047384571046562
0.5292207792207794	0.42108048272081205	9.042095364010658
0.5324675324675324	0.4158191815688664	9.03783579209121
0.5357142857142855	0.4105578804169204	9.034226377136422
0.5389610389610384	0.40529657926497453	9.03117399339032
0.5422077922077915	0.4000352781130287	9.028502185498427
0.5454545454545445	0.3947739769610827	9.026288112248993
0.5487012987012977	0.3895126758091365	9.024335909394594
0.5519480519480511	0.38425137465719034	9.02268026636547
0.5551948051948047	0.3789900735052443	9.02120588513403
0.5584415584415586	0.3737287723532985	9.019955173178472
0.5616883116883126	0.36846747120135287	9.018818327077978
0.5649350649350658	0.36320617004940736	9.017840601425917
0.5681818181818188	0.35794486889746185	9.016967593993629
0.5714285714285713	0.3526835677455163	9.016193850676522
0.5746753246753238	0.34742226659357045	9.015522309276419
0.5779220779220766	0.3421609654416243	9.014924853122194
0.5811688311688298	0.3368996642896778	9.014380048908357
0.5844155844155837	0.33163836313773165	9.01391468642163
0.587662337662338	0.3263770619857858	9.013499145274933
0.5909090909090925	0.32111576083384047	9.013135573879735
0.594155844155847	0.3158544596818957	9.012810043141458
0.5974025974026014	0.31059315852995134	9.012536173445456
0.6006493506493568	0.3053318573780078	9.012289801201831
0.6038961038961143	0.300070556226066	9.012086183625597
0.607142857142876	0.29480925507412786	9.011915824569236
0.6103896103896441	0.2895479539221971	9.011772512455279
0.6136363636364124	0.2842866527702762	9.011654778098588
0.6168831168831246	0.2790253516183732	9.011568704964192
0.6201344241987904	0.2737635193542785	9.011506208730383
0.6234676279287632	0.2684926209859945	9.011469468130862
0.6270056770358371	0.26322316812800195	9.011462361029077
0.6306109289518139	0.25795077340319056	9.011477941865948
0.6342751361305471	0.25267322449656116	9.011511869987649
0.6380205674107646	0.24738928063524082	9.01156438009743
0.6417611509278179	0.2421041864305116	9.01163797198357
0.6454981880856211	0.23681846311388033	9.011735203143921
0.6491291784259388	0.23152637050591773	9.011858388391639
0.6525152781528207	0.22624974970680314	9.011998823765362
0.6558442033194594	0.22097731394945053	9.012161694875703
0.6590909784168834	0.21571470021522	9.01235304121866
0.6623377650328356	0.21045243483852186	9.012563341376849
0.6655844155838321	0.20519074492563083	9.012799993241275
0.6980519480519245	0.1525777334064304	9.017194142669434
0.6688311688308394	0.19992944377389865	9.013070965383129
0.694805194805169	0.15783903455836398	9.01652948937926
0.6915584415584286	0.1631003357102956	9.015939153836571
0.6720779220777984	0.19466814262203788	9.013364443386847
0.6753246753246708	0.18940684147009088	9.013690318515833
0.6883116883117052	0.1683616368622326	9.015384176768606
0.6785714285714949	0.18414554031812305	9.014058831779225
0.6818181818182624	0.17888423916614873	9.014459564430723
0.6850649350649901	0.17362293801418274	9.014899427390207
0.7077922077922171	0.1473164322544944	9.018010268888235
0.70454545454545	0.15257773340644534	9.017256834014916
0.7175324675324771	0.14205513110253068	9.018887237006126
0.7142857142857347	0.147316432254481	9.01807418156063
0.7272727272727147	0.13679382995058967	9.019860428846307
0.7240259740259641	0.1420551311025295	9.018951765059265
0.7370129870129846	0.1315325287986523	9.020968526922912
0.7337662337662237	0.13679382995059783	9.019924819121826
0.7467532467532548	0.12627122764670065	9.0221703308862
0.743506493506502	0.13153252879864888	9.02103184661844
0.7564935064935083	0.12100992649475022	9.023521979878467
0.7532467532467596	0.1262712276466952	9.022231479652753
0.7662337662337625	0.1157486253428069	9.025062069341871
0.7629870129870093	0.12100992649475009	9.023579640780106
0.7792207792207794	0.10522602303891808	9.028771836583019
0.7759740259740245	0.1104873241908641	9.026744188431715
0.7727272727272693	0.11574862534280951	9.025114606671236
0.7889610389610405	0.09996472188697077	9.030927163304467
0.7857142857142877	0.10522602303891719	9.028805244537166
0.7987012987012988	0.09470342073502395	9.033626589494117
0.7954545454545464	0.0999647218869696	9.030949148472144
0.8084415584415573	0.0894421195830788	9.0366084891397
0.805194805194804	0.09470342073502398	9.033633837517856
0.8181818181818173	0.08418081843113406	9.040128823841954
0.8149350649350636	0.08944211958307956	9.036597335647828
0.8279220779220783	0.07891951727918832	9.0445392824569
0.8246753246753246	0.0841808184311343	9.040095002188778
0.8376623376623381	0.07365821612724203	9.049546672579906
0.8344155844155852	0.07891951727918804	9.044477733182676
0.8474025974025974	0.0683969149752959	9.055669405080282
0.8441558441558444	0.07365821612724179	9.049449858214706
0.8603896103896101	0.057874312671404526	9.073532192518146
0.8571428571428567	0.06313561382335033	9.063740741623095
0.8538961038961035	0.06839691497529606	9.055530826698982
0.8701298701298704	0.05261301151945869	9.085729694862756
0.866883116883117	0.0578743126714046	9.073283279522238
0.8798703124866103	0.047351634904962296	9.103344103899438
0.876623552667537	0.05261295048470372	9.085395795032191
0.8896112394023287	0.04209006317543626	9.125660125829143
0.8863649844837976	0.04735124033478436	9.102914316055156
0.8993519830748236	0.03682888444245928	9.15457253020107
0.8961067828917786	0.042089411464469845	9.125097034343428
0.9090933473892231	0.03156838166975671	9.20179913680464
0.9058483827406345	0.036829116609451915	9.153842045792464
0.918837070262438	0.026305346565355284	9.303441090543465
0.9155931506002494	0.031566617012468316	9.20103921375658
0.9285807376642818	0.0210400018340496	9.469326580047658
0.9253398376391577	0.02629833980726549	9.30393166618043
0.9383233307039457	0.01577251076165696	9.466082480032158
0.9350818439105396	0.021026918780539857	9.465554327915514
0.9480687420696304	0.01050029542446291	9.388057685243098
0.944822860157786	0.015751781077586256	9.461634535357346
0.954575123093908	0.010475749460909116	9.375280067299181
0.49350649350649317	0.4894773976961082	9.452887988009541
0.49675324675324645	0.48421609654416237	9.45305738732182
0.4999999999999997	0.47895479539221647	9.452580812703301
0.5032467532467529	0.47369349424027063	9.275655976754015
0.5064935064935062	0.4684321930883248	9.196105136088905
0.5097402597402594	0.46317089193637884	9.155831420150681
0.5129870129870127	0.4579095907844329	9.1228547731559
0.516233766233766	0.452648289632487	9.101034774920835
0.5194805194805194	0.4473869884805411	9.084937556001597
0.5227272727272728	0.4421256873285954	9.071742879344505
0.5259740259740259	0.4368643861766495	9.061558986519463
0.5292207792207793	0.43160308502470374	9.053834169016996
0.5324675324675323	0.42634178387275795	9.047374152219268
0.5357142857142855	0.421080482720812	9.04208552704501
0.5389610389610386	0.4158191815688661	9.037826617134337
0.5422077922077916	0.41055788041692026	9.03421796597422
0.5454545454545446	0.40529657926497437	9.031166422110571
0.548701298701298	0.40003527811302836	9.02849554562453
0.5519480519480514	0.39477397696108246	9.026282472664457
0.5551948051948048	0.38951267580913645	9.02433137081003
0.5584415584415584	0.38425137465719045	9.022676905607183
0.5616883116883119	0.3789900735052447	9.021203797157812
0.5649350649350652	0.3737287723532991	9.019954439124797
0.5681818181818183	0.36846747120135337	9.018819041409062
0.5714285714285714	0.36320617004940764	9.017842848728021
0.5746753246753242	0.35794486889746174	9.01697146548545
0.5779220779220772	0.35268356774551574	9.016199380238781
0.5811688311688304	0.34742226659356973	9.015529619532382
0.5844155844155838	0.3421609654416237	9.014934038249153
0.5876623376623377	0.33689966428967777	9.014391192939867
0.5909090909090916	0.33163836313773215	9.013927860357592
0.5941558441558455	0.32637706198578686	9.013514428533027
0.5974025974025997	0.32111576083384197	9.013153029673235
0.6006493506493542	0.31585445968189746	9.01282974081776
0.6038961038961091	0.31059315852995384	9.012558160735637
0.6071428571428653	0.30533185737801183	9.012314140369318
0.6103896103896256	0.3000705562260738	9.01211290801862
0.6136363636363913	0.2948092550741429	9.011944977232817
0.6168831168831551	0.2895479539222179	9.011804107571152
0.6201298701299075	0.28428665277030407	9.011688873865483
0.6233766233765708	0.27902535161837555	9.011605264877607
0.6266386676556831	0.27376165811519126	9.011545317310974
0.6300126761422588	0.26848928871878636	9.011511511491918
0.6334494796905658	0.26321528120999305	9.011506296333698
0.6371014903074153	0.2579411040887546	9.01152470685071
0.6407965960453942	0.2526614786815042	9.011561400377632
0.6445299976748647	0.24737916421230668	9.011616368396147
0.6482786027317295	0.2420946733283552	9.011692456038878
0.6519988888432323	0.23680920356338378	9.011791949234912
0.6556967724366323	0.23152221841486154	9.011917789019071
0.6590305195999386	0.22625042725774314	9.012059629217221
0.662335812484271	0.2209782224875501	9.012224010638972
0.6655842734802723	0.21571466023105615	9.012416895099706
0.6688311688306957	0.21045204607757198	9.012628598228865
0.6720779220777177	0.20519074492586875	9.012866393185663
0.7012987012986752	0.15783903455838938	9.01659411145524
0.6753246753246555	0.19992944377403055	9.013138278035006
0.6980519480519017	0.1631003357103223	9.016005281658805
0.6948051948051438	0.16836163686224423	9.015451464556792
0.6785714285715674	0.1946681426220479	9.01343247679592
0.6818181818183375	0.1894068414700344	9.013758792791059
0.6915584415584158	0.1736229380141626	9.01496748624767
0.6850649350650407	0.18414554031804634	9.014127460890338
0.6883116883117207	0.17888423916609156	9.014528075575422
0.7110389610389868	0.1525777334064369	9.017323292483892
0.7077922077922252	0.1578390345583961	9.0166626617196
0.7207792207792217	0.14731643225447003	9.018141971187902
0.7175324675324871	0.15257773340641545	9.017393828959493
0.730519480519462	0.14205513110253998	9.019020255604813
0.727272727272704	0.1473164322544778	9.01821396995676
0.7402597402597446	0.136793829950598	9.019993228215348
0.7370129870129821	0.14205513110254683	9.01909306595848
0.7500000000000108	0.13153252879864089	9.021099208281287
0.746753246753261	0.13679382995058925	9.020066042918744
0.7597402597402586	0.1262712276466923	9.022296661616823
0.7564935064935114	0.1315325287986341	9.021171034162878
0.7694805194805138	0.12100992649475385	9.023641287199156
0.7662337662337592	0.12627122764669652	9.022366344075381
0.7824675324675338	0.11048732419086388	9.026789840120564
0.779220779220779	0.11574862534281051	9.025171039968564
0.775974025974023	0.12100992649475666	9.023707441890451
0.7922077922077942	0.10522602303891558	9.028841575117431
0.7889610389610419	0.11048732419086198	9.026839263736251
0.8019480519480512	0.09996472188696914	9.030973714054296
0.798701298701299	0.10522602303891432	9.02888149843954
0.8116883116883096	0.09470342073502479	9.03364328847053
0.8084415584415559	0.09996472188696971	9.031001642674383
0.8214285714285707	0.08944211958308014	9.036587805683787
0.8181818181818167	0.09470342073502573	9.033655841985643
0.8311688311688319	0.08418081843113413	9.040061976384417
0.8279220779220783	0.08944211958308024	9.03658109362791
0.8409090909090916	0.07891951727918765	9.04441569143633
0.8376623376623386	0.08418081843113366	9.040031487615794
0.8506493506493503	0.07365821612724172	9.049351751477879
0.8474025974025975	0.07891951727918738	9.044355269226864
0.8636363636363634	0.06313561382335049	9.06354716167556
0.8603896103896097	0.06839691497529632	9.055388965811254
0.857142957455904	0.07365820606733726	9.049254913100532
0.8733767083706447	0.057874286873328386	9.07302526862375
0.8701298701298704	0.06313561382335055	9.063350121496677
0.8831185694901101	0.052612655268762104	9.085051804043053
0.8798704637900951	0.05787421891770242	9.072759178847377
0.8928618623949925	0.047350174734942053	9.102467326641731
0.8896166208784771	0.05261172993912868	9.084704376932706
0.9026044865526499	0.04208843936696838	9.124516859705485
0.8993614530468786	0.04734728330211437	9.102007021857212
0.912348852208563	0.03682703255318043	9.153083571420792
0.9091048159654812	0.04208453542312934	9.1239428176696
0.9220979730060098	0.03155742829053303	9.200347041604068
0.9188528000786526	0.036815859739080144	9.152344524428328
0.9318417618673264	0.02627971459578372	9.304936699122456
0.9286042219850392	0.03153710571257919	9.199779184346815
0.9415764166762542	0.020999010020178264	9.461347817047647
0.9383316213065022	0.02624251187833651	9.306658471082583
0.9513194174774742	0.015717051662452533	9.456565014498006
0.9480567082492167	0.02095388195220387	9.456686538756946
0.9610934013877266	0.010448273799768428	9.359055711605095
0.9578277669717613	0.015676774214493344	9.450875282291213
0.4999999999999996	0.4894773976961082	9.452812396561837
0.5032467532467529	0.4842160965441623	9.45299452498358
0.5064935064935062	0.47895479539221647	9.452594578219573
0.5097402597402594	0.4736934942402707	9.275650030105014
0.5129870129870127	0.4684321930883248	9.196094061638545
0.516233766233766	0.46317089193637884	9.155820102843224
0.5194805194805193	0.4579095907844329	9.122842267463215
0.5227272727272727	0.45264828963248704	9.101022430184814
0.5259740259740259	0.44738698848054126	9.084924910715747
0.5292207792207791	0.4421256873285954	9.071730542242749
0.5324675324675324	0.43686438617664963	9.061546883013703
0.5357142857142855	0.43160308502470374	9.053822436093407
0.5389610389610386	0.42634178387275784	9.047362940018127
0.5422077922077918	0.4210804827208119	9.042074901224806
0.5454545454545451	0.41581918156886594	9.037816665978324
0.5487012987012981	0.4105578804169201	9.034208799347747
0.5519480519480514	0.40529657926497425	9.031158124307787
0.5551948051948048	0.4000352781130283	9.02848821634173
0.5584415584415582	0.39477397696108246	9.026276189665934
0.5616883116883117	0.38951267580913657	9.024326243587097
0.564935064935065	0.3842513746571908	9.02267301954918
0.5681818181818182	0.37899007350524494	9.021201256029057
0.5714285714285713	0.3737287723532992	9.019953333865537
0.5746753246753243	0.36846747120135337	9.018819473300537
0.5779220779220774	0.3632061700494074	9.017844916266936
0.5811688311688307	0.3579448688974614	9.016975252680234
0.5844155844155839	0.3526835677455155	9.016204932066698
0.5876623376623376	0.3474222665935696	9.015537087205848
0.5909090909090912	0.34216096544162383	9.014943511504098
0.5941558441558449	0.33689966428967827	9.014402762826125
0.5974025974025987	0.3316383631377329	9.01394160464387
0.600649350649353	0.3263770619857879	9.013530433247714
0.6038961038961074	0.3211157608338435	9.013171362985476
0.6071428571428621	0.3158544596818998	9.012850478073519
0.6103896103896169	0.310593158529958	9.012581352471605
0.6136363636363728	0.30533185737801766	9.012339854293172
0.6168831168831338	0.30007055622608253	9.012141179302374
0.6201298701299006	0.29480925507415323	9.011975851221138
0.6233766233766888	0.2895479539222417	9.01183759994426
0.6266233766234923	0.284286652770342	9.011725045058741
0.6298701298702402	0.2790253516183646	9.011644079072106
0.6331461891338903	0.27375928978100156	9.011586891692872
0.6364743272343701	0.26848828015799137	9.011555652355476
0.6399965305225276	0.2632113899326914	9.011553733194928
0.643549969985102	0.257932790614777	9.011574089336277
0.6473024147636708	0.25265330804138475	9.01161395054227
0.6510431797708451	0.247370831163072	9.01167168745283
0.6547874589993175	0.24208794499544495	9.011750339854677
0.6585421138192117	0.23680585139066668	9.01185262732451
0.6622075172685106	0.23152672197839952	9.011980308330282
0.6655341541185235	0.2262522893357679	9.012124210397964
0.668830099571637	0.22097846466715507	9.012290374159958
0.672077789415651	0.21571426676747088	9.012484851736453
0.6753248152337424	0.21045195650956172	9.012698015819284
0.6785714852916412	0.20519070861453262	9.012937029790935
0.7045454545454448	0.16310033571035168	9.016075464237785
0.6818181915418974	0.1999294375491182	9.013209868257489
0.7012987012986497	0.1683616368622938	9.015522912364704
0.698051948051857	0.17362293801421416	9.015039778880421
0.6850649350651458	0.1946681426218906	9.013504821413617
0.6883116883117527	0.18940684146992107	9.013831590720066
0.6948051948050954	0.17888423916611337	9.014600873229021
0.6915584415583919	0.18414554031800612	9.014200403199284
0.7142857142857544	0.15783903455837014	9.01673545845671
0.7110389610390108	0.1631003357103358	9.01615002462053
0.7240259740259561	0.15257773340641242	9.017468783827958
0.720779220779224	0.15783903455834847	9.016812848675473
0.7337662337662145	0.14731643225449229	9.018290543800346
0.7305194805194453	0.1525777334064315	9.017548530116535
0.743506493506508	0.14205513110253995	9.01917059274197
0.7402597402597474	0.1473164322544926	9.018372096226772
0.7532467532467644	0.13679382995057757	9.020143696323657
0.750000000000019	0.14205513110252435	9.019253276688113
0.762987012987005	0.1315325287986356	9.021247801720591
0.7597402597402585	0.13679382995056988	9.020226673894655
0.7727272727272657	0.12627122764670157	9.022441061457776
0.7694805194805081	0.13153252879864386	9.021330051309773
0.7857142857142888	0.11574862534280887	9.025231962867087
0.7824675324675345	0.12100992649475618	9.023778709720787
0.7792207792207783	0.12627122764670343	9.022521425245587
0.7954545454545472	0.11048732419085978	9.026893146367813
0.7922077922077956	0.11574862534280583	9.025298071195861
0.8051948051948027	0.10522602303891437	9.02892581411808
0.8019480519480503	0.11048732419085892	9.026952304936735
0.8149350649350621	0.09996472188697098	9.03103391156561
0.8116883116883078	0.10522602303891572	9.028975485622121
0.8246753246753246	0.09470342073502623	9.033672637879997
0.82142857142857	0.09996472188697199	9.031071699351214
0.8344155844155857	0.08944211958307975	9.036578621163164
0.8311688311688324	0.09470342073502598	9.033695115123294
0.8441559193547746	0.0841808151524316	9.04000522952798
0.8409093793010539	0.0894420944504022	9.03658223543661
0.8538964629892264	0.07891944532004491	9.0442991912915
0.850650456216842	0.08418063587813081	9.039985550489682
0.8668831168831167	0.06839691497529662	9.055246285031613
0.8636368243035557	0.07365832065643359	9.049162958077817
0.8603911604896894	0.07891926134658098	9.044250431293944
0.8766258961957091	0.06313620813635903	9.063152724255467
0.8733797326749472	0.06839796565939608	9.055105887394078
0.8863709907734196	0.0578738901782633	9.07248842963537
0.8831254000565453	0.06313596471399598	9.062963857281183
0.8961181193442158	0.05260716665819557	9.084370970302864
0.892873702725331	0.057868218945167305	9.072229358260158
0.9058624256205473	0.04733942291446113	9.101548969150565
0.9026218745601767	0.05259393663589787	9.08407686150553
0.9156055176533688	0.04207107053906578	9.123424410425834
0.9123610569624945	0.047321697700133634	9.101122568711872
0.9253569887149674	0.036791193961659405	9.151672707912363
0.9220991301634123	0.04203813114702163	9.123021914199299
0.9350899743685948	0.03149015618828615	9.199587077150328
0.9318324016720769	0.036731779817088216	9.151271361228849
0.9447951874906176	0.026182226293014223	9.309196553153058
0.9415368955550529	0.03140681639813724	9.199960702107667
0.9545329954424967	0.02090048211488423	9.451431571723406
0.9512343762062159	0.02611358077555997	9.31212829330932
0.9676258941981883	0.010420627704817312	9.338463528834145
0.9643592694038441	0.01563380985648471	9.444460315439821
0.9610293742731464	0.020837542955477018	9.445465154886337
0.974151755122954	0.010377885919288876	9.306190365903644
0.5064935064935061	0.4894773976961082	9.45273616955245
0.5097402597402594	0.4842160965441623	9.45293267406083
0.5129870129870127	0.47895479539221647	9.45260559290896
0.5162337662337659	0.47369349424027063	9.275643871376106
0.5194805194805193	0.4684321930883248	9.196082250574968
0.5227272727272726	0.4631708919363789	9.15580799829411
0.5259740259740259	0.457909590784433	9.122829020244177
0.529220779220779	0.45264828963248716	9.101009245230172
0.5324675324675322	0.4473869884805412	9.0849114464362
0.5357142857142855	0.4421256873285954	9.071717343669606
0.5389610389610388	0.43686438617664963	9.061533915247052
0.5422077922077918	0.4316030850247037	9.05380983039663
0.5454545454545452	0.42634178387275773	9.047350858689995
0.5487012987012984	0.42108048272081183	9.042063415650334
0.5519480519480516	0.4158191815688659	9.03780587300568
0.5551948051948049	0.4105578804169201	9.034198817417867
0.5584415584415583	0.4052965792649743	9.031149046511565
0.5616883116883115	0.40003527811302847	9.028480151096055
0.5649350649350647	0.3947739769610826	9.026269224015865
0.5681818181818181	0.3895126758091367	9.024320496153729
0.5714285714285714	0.3842513746571907	9.022668585207713
0.5746753246753245	0.37899007350524494	9.02119824791936
0.5779220779220776	0.3737287723532991	9.019951852202999
0.5811688311688309	0.3684674712013532	9.018819627777747
0.584415584415584	0.3632061700494073	9.01784681931408
0.5876623376623374	0.35794486889746135	9.016978975632524
0.5909090909090908	0.35268356774551557	9.016210549421857
0.5941558441558442	0.3474222665935698	9.015544758311478
0.5974025974025979	0.3421609654416242	9.014953332007735
0.6006493506493519	0.3368996642896789	9.014414829866835
0.6038961038961062	0.33163836313773404	9.013956002688913
0.6071428571428608	0.3263770619857895	9.013547255231233
0.6103896103896146	0.321115760833846	9.013190682003865
0.6136363636363688	0.315854459681903	9.012872375821159
0.6168831168831244	0.3105931585299619	9.012605881901111
0.620129870129884	0.3053318573780239	9.012367089110583
0.6233766233766561	0.30007055622609324	9.012171155775404
0.6266233766234585	0.2948092550741807	9.012008618057747
0.6298701298703288	0.28954795392231397	9.011873170870443
0.6331168831172843	0.2842866527704953	9.011763489366844
0.636363636364371	0.2790253516186177	9.011685359314106
0.6396123530200418	0.27376377471073354	9.011630933628838
0.6430003564564473	0.26848645173974794	9.011603065895008
0.6464955148709693	0.26320739002158655	9.011603849911976
0.6500975670548972	0.25792641792509496	9.011627438767619
0.6538247185534968	0.2526475856819388	9.011670020649866
0.6575512136887767	0.24736596054967563	9.011730528376283
0.661309921466744	0.24208428142458613	9.011812077530584
0.6650464006054977	0.23680595227231596	9.011916840808725
0.6685941412353994	0.23152581400522113	9.012045730972941
0.6720534629635356	0.2262467460732814	9.01219331518505
0.6753244403273907	0.22097545269244176	9.012361143885798
0.678571939050168	0.21571302042703852	9.012557245941723
0.6818185968626128	0.2104517737636479	9.012771929678548
0.6850650810192814	0.20519065170954645	9.013012227567378
0.7077922077922407	0.16836163686230754	9.015598848048759
0.6883116883121111	0.19992944377361446	9.013286063063083
0.7045454545454342	0.173622938014272	9.015116635537105
0.7012987012985991	0.17888423916621002	9.014678289397004
0.6915584415583487	0.19466814262180623	9.013581807855312
0.6948051948050016	0.1894068414699611	9.013909044711339
0.6980519480517695	0.18414554031810582	9.014277990892458
0.7175324675325064	0.163100335710294	9.016229313593186
0.7142857142857925	0.1683616368622575	9.01567962658808
0.7272727272726836	0.15783903455836248	9.016895210964991
0.7240259740259414	0.16310033571028726	9.016313712237393
0.7370129870129768	0.1525777334064441	9.017633476964164
0.7337662337661967	0.15783903455838935	9.01698295862507
0.7467532467532721	0.1473164322544757	9.018459072574545
0.7435064935065197	0.15257773340643066	9.017724073452952
0.7564935064935124	0.1420551311025137	9.0193416080231
0.7532467532467727	0.14731643225445462	9.018551964732758
0.7662337662337523	0.13679382995058206	9.02031552031634
0.7629870129869976	0.1420551311025149	9.019436132476015
0.7759740259740199	0.13153252879864955	9.021418394894111
0.7727272727272595	0.13679382995059297	9.020410847198157
0.7889610389610439	0.12100992649475269	9.023855790526722
0.7857142857142912	0.12627122764670043	9.022608135354291
0.7824675324675358	0.13153252879864888	9.021513525953246
0.798701298701299	0.11574862534280352	9.025370180282453
0.7954545454545485	0.12100992649474869	9.02393949409615
0.808441558441554	0.1104873241908599	9.027017707005095
0.8051948146950346	0.11574861882154204	9.025449245800898
0.8181818181818151	0.10522602303891741	9.029031677068089
0.8149350649350598	0.11048732419086209	9.027090498166414
0.8279221201751099	0.09996471864424744	9.031116431334345
0.8246754965016673	0.10522594862918627	9.029095810819577
0.8376628708728249	0.09470331948315308	9.033725078136834
0.834416479859518	0.09996438327131468	9.031169985695241
0.8474048132222699	0.08944161486537026	9.036594509770088
0.8441590861231961	0.09470221276602248	9.03376511604881
0.8571472466520024	0.08418000369048521	9.039975484306098
0.8539036549596714	0.08944016970267703	9.036618578143448
0.8701315928380899	0.07365904433632008	9.049079090403097
0.8668879866238243	0.07891930801086054	9.044212395758846
0.8636467623446212	0.08417886621873327	9.039978651917506
0.8798795730411239	0.06839781619098688	9.054976742049766
0.876632485807336	0.07365928158046589	9.049009217885091
0.8896284103253315	0.06312970299111541	9.062799499701244
0.886382880652794	0.06839160153623786	9.054872147837232
0.8993803709231836	0.05785033905233696	9.072006588839237
0.896136013881731	0.06310971041821412	9.06268071092728
0.9091231103829921	0.052568119499239764	9.08384580441083
0.905889705791549	0.05781764253032708	9.07184145324423
0.9188479168631775	0.04728302253837263	9.100798532710316
0.9156095190972636	0.05252410468029193	9.083705564512705
0.9285669568353475	0.04197155026058382	9.122819542893497
0.925318225052375	0.047227223625068135	9.10059797462659
0.9382781741054541	0.036639932628879074	9.151183173757962
0.9350034224742764	0.04187299453409161	9.122828859674243
0.94794757088739	0.03130396459846426	9.200717680983496
0.9446900831553076	0.03651013644420801	9.151519105085091
0.9576773648318997	0.026063709954379823	9.314681490397973
0.954331268716907	0.031232233132891203	9.201163344643165
0.9708612016404249	0.015571722190421695	9.437207125767122
0.9641008509664301	0.02594645499452243	9.31855909571671
0.9675427801148659	0.020709883538677004	9.439042027176685
0.9774530229147599	0.015490795698573617	9.429776817519594
0.980670171209728	0.010410223096146008	9.272514256136029
0.9870308939646861	0.009946925218515201	9.129800440646138
0.5129870129870125	0.4894773976961082	9.452659133753121
0.5162337662337659	0.4842160965441623	9.452871900797048
0.5194805194805193	0.47895479539221647	9.452613356511236
0.5227272727272725	0.47369349424027074	9.275637695210646
0.5259740259740258	0.4684321930883248	9.196069653526287
0.5292207792207789	0.4631708919363789	9.15579498551306
0.5324675324675322	0.45790959078443305	9.122814929387262
0.5357142857142855	0.4526482896324871	9.100995113065673
0.5389610389610386	0.4473869884805412	9.084897071510008
0.5422077922077919	0.4421256873285954	9.071703193726918
0.5454545454545452	0.43686438617664963	9.061519995941014
0.5487012987012984	0.4316030850247037	9.053796269106547
0.5519480519480517	0.4263417838727577	9.047337829492868
0.5551948051948049	0.4210804827208117	9.042050996469827
0.5584415584415583	0.41581918156886594	9.037794169806512
0.5616883116883115	0.41055788041692015	9.034187957827536
0.5649350649350647	0.40529657926497437	9.031139133032708
0.5681818181818179	0.40003527811302847	9.028471301388151
0.5714285714285713	0.3947739769610825	9.02626153496425
0.5746753246753246	0.3895126758091367	9.0243140961377
0.5779220779220777	0.3842513746571908	9.02266357917066
0.5811688311688309	0.3789900735052449	9.021194758795316
0.584415584415584	0.3737287723532991	9.019949989666939
0.5876623376623374	0.3684674712013532	9.018819511971913
0.5909090909090906	0.36320617004940725	9.017848573148868
0.5941558441558441	0.35794486889746147	9.016982656187212
0.5974025974025976	0.35268356774551574	9.016216279951955
0.6006493506493511	0.34742226659357006	9.015552684795965
0.6038961038961049	0.3421609654416247	9.014963564166264
0.6071428571428591	0.3368996642896798	9.014427471557253
0.6103896103896136	0.3316383631377355	9.013971144977447
0.613636363636368	0.326377061985792	9.01356499823578
0.6168831168831215	0.32111576083384813	9.01321110370793
0.6201298701298775	0.31585445968190556	9.012895564632968
0.6233766233766401	0.3105931585299665	9.01263189281442
0.626623376623418	0.30533185737803686	9.01239600215891
0.6298701298702313	0.3000705562261302	9.01220300844673
0.6331168831171099	0.2948092550742725	9.012043461211357
0.6363636363641093	0.2895479539225252	9.011911017420873
0.6396103896112498	0.28428665277094683	9.01180442281512
0.6428571428587575	0.2790253516196012	9.011729309935587
0.6461102715910574	0.2737627401603756	9.011678007496586
0.6494599468973976	0.26848432403478273	9.01165308879798
0.6529544422119008	0.2632018907573485	9.01165690373294
0.6566271922115013	0.25792404362770394	9.011684143833842
0.6603274173807462	0.25264511143960305	9.011729593128594
0.664049408307228	0.2473653592508527	9.011793114617921
0.6677901709706879	0.24208619779451443	9.011877418051874
0.6714865895813599	0.23680519469147213	9.011984620741968
0.6751290210754249	0.23152036352379424	9.012117103013166
0.6784976632222426	0.22624496349644574	9.012266023011948
0.6818174458971942	0.2209743218688573	9.012436490876668
0.6850660352446607	0.21571260170940162	9.012634356568881
0.6883122429074428	0.21045168443140924	9.012850672969853
0.6915584415591255	0.20519074492486622	9.013092325484982
0.7110389610390572	0.17362293801424208	9.015198412777869
0.694805194805031	0.1999294437735861	9.013367214817277
0.70779220779227	0.1788842391662381	9.014760681666234
0.7045454545454121	0.1841455403182195	9.014360581050541
0.6980519480515999	0.19466814262199716	9.013663790492869
0.7012987012984994	0.18940684147014908	9.013991511547802
0.720779220779229	0.16836163686221484	9.015765632449622
0.7175324675325451	0.17362293801416084	9.015285495625086
0.7305194805194137	0.16310033571032279	9.016403634703652
0.7272727272726452	0.1683616368622404	9.015857282138116
0.7402597402597529	0.15783903455838919	9.017076543087198
0.7370129870129668	0.16310033571034585	9.016499531207664
0.7500000000000355	0.15257773340640138	9.017820812825908
0.7467532467532955	0.1578390345583564	9.017176457629233
0.759740259740256	0.14731643225444152	9.018651316354998
0.7564935064935191	0.1525777334063811	9.017924237105433
0.7694805194804983	0.14205513110253168	9.019537457961578
0.7662337662337403	0.14731643225446292	9.018757728603951
0.7792207792207771	0.136793829950597	9.020513341722486
0.7759740259740143	0.14205513110254295	9.019646261975462
0.7922077922077985	0.12627122764669493	9.022701993321263
0.7889610389610477	0.13153252879864255	9.021616230721081
0.7857142857142949	0.13679382995059172	9.020623776279281
0.8019481073660782	0.12100988845405523	9.024030767096875
0.7987014353991041	0.12627113381298435	9.022803939300532
0.8116883770035686	0.11574858149367262	9.025536388163943
0.8084419312766243	0.12100967235417497	9.024130727852098
0.8214289391210275	0.1104871113424607	9.02717210794823
0.8181825416760891	0.11574821340803332	9.025632992549681
0.8311704661381346	0.10522514150118452	9.029169792901754
0.8279247112899236	0.11048576905861314	9.027264447523168
0.8409136099230842	0.09996242088611766	9.031235018672303
0.8376689152797723	0.1052222833955954	9.029256077289203
0.8506596989578125	0.09469926623970586	9.033818224981587
0.8474158196004967	0.09995759455905319	9.031314578623961
0.8604071358332702	0.08943746849355756	9.036658092757746
0.8571664456195031	0.0946939746798127	9.033887727659105
0.8733875980861322	0.07891922257834626	9.044190214733264
0.8701493713374172	0.08417671988111124	9.039999862555165
0.8669159302800797	0.08943182835306697	9.036718346572039
0.8831366615215516	0.07365370910902067	9.048965119874431
0.8798916896973007	0.07891452128296507	9.044193569315167
0.8928914155141959	0.0683709062179149	9.054812498817084
0.8896469951024121	0.07363242264734488	9.048964632754691
0.9026501579215095	0.06307481915407571	9.06261924922949
0.8994035320629173	0.06833594041298953	9.054808971727672
0.9123871417942224	0.05776738113578534	9.071762541924109
0.9091762181204643	0.063031865013821	9.062614389457059
0.9220781898055401	0.05247681444780225	9.08363249455883
0.9188553809707141	0.05771104963481909	9.071772262468352
0.9317295649289519	0.047104776563510815	9.100753062802745
0.9284977833359158	0.05236499855178935	9.083821953179315
0.9414407577587628	0.0417650257124724	9.12301710137852
0.9381177754352278	0.04697701033600221	9.10105915374925
0.9510326738239407	0.03633379300235338	9.152529427926646
0.9478599837589672	0.04157891292831875	9.123799205699685
0.957257868277129	0.036236258750477535	9.153586024537804
0.9606508754736734	0.031230671331056625	9.200996777345336
0.9667446073732935	0.03108179386754989	9.20529935969745
0.9739988171612604	0.020776852770577253	9.42856837732699
0.9709461858464326	0.025747333089085472	9.323123896850056
0.9795318443126545	0.020355701395244716	9.423062527381026
0.9841313145102735	0.01627604664980284	9.433286373366
0.9899529295215814	0.014661951308771182	9.360267894514603
0.5194805194805191	0.4894773976961082	9.452581119648075
0.5227272727272725	0.4842160965441623	9.452812246168294
0.5259740259740258	0.47895479539221647	9.45261743707269
0.5292207792207789	0.4736934942402707	9.275631429942566
0.5324675324675322	0.4684321930883248	9.19605623756516
0.5357142857142854	0.4631708919363789	9.15578097871815
0.5389610389610386	0.457909590784433	9.122799895113355
0.5422077922077918	0.45264828963248704	9.100979927575244
0.5454545454545452	0.4473869884805412	9.084881690860541
0.5487012987012984	0.4421256873285954	9.071688000003236
0.5519480519480517	0.4368643861766495	9.061505034300497
0.5551948051948049	0.4316030850247037	9.053781665844175
0.5584415584415583	0.4263417838727578	9.047323770171936
0.5616883116883115	0.4210804827208119	9.042037566447648
0.5649350649350647	0.415819181568866	9.037781484833557
0.5681818181818179	0.4105578804169202	9.034176155389178
0.5714285714285712	0.40529657926497437	9.03112832571272
0.5746753246753243	0.40003527811302847	9.028461616691269
0.5779220779220777	0.3947739769610825	9.026253080284688
0.581168831168831	0.3895126758091367	9.024307010209215
0.5844155844155843	0.3842513746571908	9.022657977608096
0.5876623376623374	0.3789900735052449	9.02119077496881
0.5909090909090906	0.37372877235329904	9.019947742698193
0.594155844155844	0.36846747120135315	9.018819135563048
0.5974025974025973	0.36320617004940736	9.01785019293519
0.6006493506493508	0.3579448688974616	9.016986323484959
0.6038961038961045	0.35268356774551596	9.016222167822157
0.6071428571428581	0.3474222665935706	9.015560924921429
0.6103896103896119	0.34216096544162555	9.014974278679889
0.6136363636363662	0.3368996642896811	9.01444077238313
0.6168831168831203	0.33163836313773676	9.013987129866594
0.6201298701298753	0.32637706198579314	9.013583774814299
0.6233766233766325	0.32111576083385	9.013232754761193
0.6266233766233976	0.315854459681911	9.012920185757553
0.6298701298701807	0.3105931585299837	9.012659540425412
0.6331168831169969	0.30533185737808205	9.01242676340477
0.6363636363638748	0.3000705562262371	9.01223692135362
0.6396103896108328	0.29480925507449013	9.01208057829743
0.6428571428579245	0.2895479539229323	9.011951354054029
0.6461038961050231	0.2842866527717233	9.011848062178442
0.6493506493524098	0.27902535162128667	9.01177618299108
0.6526047431116946	0.273762402780523	9.011728211514102
0.6559375110191787	0.26848381605821486	9.011706578206025
0.659483595026149	0.2632032112367095	9.011714105272032
0.6631105592428977	0.2579238880408317	9.011744191714525
0.6668152530390103	0.2526453374656689	9.01179296895978
0.6705367347777691	0.2473671481931613	9.011859742126335
0.674262108106829	0.2420885289127763	9.011947002307721
0.6779508015046715	0.23680643626519618	9.01205710693305
0.6815308941389949	0.23152366950977324	9.01219155273735
0.6850086751595384	0.22624104365083075	9.012344380387544
0.6883114882457195	0.22097377832329754	9.012516823334934
0.6915601079533683	0.215712288406288	9.012716565247059
0.6948051948056073	0.21045204607470547	9.012934594380683
0.6980519480514188	0.205190744924876	9.013177710682298
0.7142857142858671	0.17888423916614168	9.014848435159955
0.7012987012983863	0.19992944377389713	9.013453699454304
0.7110389610391469	0.18414554031816308	9.014448557484597
0.7077922077923254	0.18940684147020606	9.014079374152645
0.7045454545453668	0.19466814262221985	9.01375114900671
0.7240259740259143	0.17362293801414638	9.015378299854321
0.7207792207792406	0.178884239166058	9.01494196457965
0.7337662337661626	0.16836163686229075	9.015955026937768
0.7305194805193537	0.173622938014213	9.015477274434895
0.7435064935065426	0.16310033571031918	9.016601891245713
0.7402597402597625	0.16836163686228908	9.016059355847787
0.7532467532467947	0.15783903455831552	9.017283241389697
0.7500000000000706	0.16310033571026233	9.016711247028761
0.7629870129869837	0.15257773340638253	9.018034942162428
0.7597402597402599	0.15783903455829182	9.01739748374427
0.7727272727272482	0.1473164322544838	9.018871866431112
0.769480519480481	0.15257773340641553	9.018153583255645
0.7824675324675381	0.14205513110254203	9.019763299615784
0.7792207792207749	0.14731643225449162	9.018994465411962
0.7954547295655585	0.13153240241900377	9.021727427250267
0.7922079359868008	0.13679373125612027	9.020743038007707
0.7889610978170554	0.14205509070190722	9.01988941918471
0.8051957088888417	0.1262706060986731	9.022915104015638
0.8019492976538358	0.13153164226918637	9.02184823056845
0.8149367182479702	0.12100896566047625	9.024240708468108
0.8116915406911365	0.12626921264850435	9.023036792861058
0.8246789722227454	0.1157465106738453	9.025740857873268
0.8214337421805751	0.12100698489903494	9.024362349043512
0.8344244867867311	0.11048193772625862	9.027369841227467
0.8311794597718309	0.11574187485461727	9.025862162615867
0.8441722587002517	0.1052155993861955	9.029357623767398
0.8409279730060878	0.11047337517033338	9.027491197543108
0.8539243131929949	0.09994859280915559	9.031412229394476
0.8506805284353084	0.10520222291086422	9.029478081634968
0.8636799532683893	0.09468481659720819	9.033978036391384
0.8604388416727345	0.09993501881569	9.031531792400466
0.8766482964667323	0.08417568263655309	9.040043442490953
0.8734233556475143	0.08942403391792025	9.036803799155614
0.8702000129028488	0.09467009260744265	9.034094167681936
0.8863961677012293	0.07890771874337031	9.044227723345854
0.8831544893868187	0.08416655043010417	9.04012322554547
0.8961620231562648	0.07359462717578093	9.04901814063817
0.892918550893993	0.07885843054808038	9.04433407570224
0.9059188237759866	0.06829489197114431	9.054866459638447
0.9026715919337911	0.07354019016117665	9.049137629013705
0.915667884922573	0.06294807186124901	9.062734910613996
0.9123850209199206	0.06818303866369595	9.055083689371626
0.9252898349426688	0.05764689815422817	9.071909283011633
0.9220863945099582	0.06287159640591843	9.062916782607404
0.9316385149219243	0.057433244480432966	9.072472376449175
0.934837192600125	0.05217646732612713	9.084353253597866
0.9445534019876222	0.04690222257945029	9.101412943405832
0.9411334313116897	0.05203116004435896	9.084932121699984
0.9540985967953768	0.04113402328325198	9.126324511715886
0.9508943234177294	0.046524675360820694	9.103147296973242
0.9591847216118093	0.040733783333667624	9.129161221284711
0.9637097853647695	0.03677680590106646	9.150807171721468
0.9694265543648108	0.035087357435484634	9.167374896373857
0.9728902129205436	0.031114623064129866	9.210480328482236
0.9779620676223624	0.026176270733410462	9.315204036074265
0.9841139993546171	0.0230585411238594	9.38870711690666
0.9895323978811884	0.01993774729097297	9.4401142367615
0.5259740259740256	0.4894773976961082	9.452501958070592
0.529220779220779	0.4842160965441623	9.452753689483396
0.5324675324675322	0.4789547953922165	9.452617696401118
0.5357142857142855	0.47369349424027063	9.275624796490705
0.5389610389610388	0.4684321930883248	9.196041939325601
0.5422077922077919	0.4631708919363789	9.1557658876771
0.5454545454545452	0.457909590784433	9.122783826598633
0.5487012987012984	0.4526482896324871	9.10096358266803
0.5519480519480517	0.44738698848054126	9.08486520519637
0.555194805194805	0.44212568732859536	9.071671666620823
0.5584415584415583	0.4368643861766495	9.061488935272337
0.5616883116883115	0.4316030850247036	9.053765929969439
0.5649350649350648	0.42634178387275773	9.047308594418654
0.5681818181818179	0.4210804827208119	9.04202304453104
0.5714285714285712	0.415819181568866	9.03776774304135
0.5746753246753243	0.41055788041692015	9.034163341806059
0.5779220779220777	0.40529657926497425	9.03111656374198
0.5811688311688309	0.40003527811302836	9.028451044350652
0.5844155844155842	0.3947739769610825	9.02624381619438
0.5876623376623374	0.3895126758091366	9.024299204084357
0.5909090909090907	0.3842513746571908	9.022651756485578
0.594155844155844	0.3789900735052449	9.02118628315926
0.5974025974025972	0.37372877235329904	9.01994510916136
0.6006493506493505	0.3684674712013532	9.01881851049115
0.6038961038961039	0.36320617004940753	9.017851696021681
0.6071428571428573	0.3579448688974618	9.016990015443525
0.610389610389611	0.3526835677455164	9.016228260863365
0.6136363636363648	0.34742226659357106	9.015569542684018
0.6168831168831187	0.34216096544162616	9.014985553105683
0.620129870129873	0.3368996642896815	9.014454824551523
0.6233766233766286	0.33163836313773765	9.014004064422018
0.6266233766233879	0.3263770619857959	9.013603707233779
0.6298701298701553	0.32111576083385834	9.013255772509906
0.6331168831169388	0.3158544596819324	9.012946392112388
0.636363636363753	0.3105931585300357	9.012688992574597
0.6396103896106112	0.30533185737818896	9.012459556344616
0.6428571428575393	0.3000705562264416	9.012273092744254
0.6461038961044993	0.2948092550748293	9.012120183510488
0.6493506493515027	0.28954795392341715	9.01199440607344
0.6525974025980279	0.28428665277238213	9.011894655698795
0.655844155843161	0.27902535162170344	9.011826233171574
0.6590994758961626	0.27376254575365006	9.011781822797525
0.6624575403596235	0.2684850683364535	9.011764059624594
0.6658930768927019	0.2632066765650171	9.011774078152827
0.6695962083389121	0.25792571583948215	9.01180831132389
0.6732924956291549	0.2526471393663317	9.011860493669511
0.677020954622278	0.24736939383401316	9.011930804533451
0.6807483903698771	0.2420905272205582	9.012021424246834
0.6844770944456994	0.23680790262070026	9.012135228582657
0.6880087173056562	0.2315269461294879	9.01227187887636
0.6914537636297049	0.22624826693228695	9.012426904944531
0.6948031468640303	0.2209737971594712	9.012602488665044
0.6980519480479108	0.21571334722059074	9.012804188508523
0.7012987012959776	0.21045204607529897	9.013024126302918
0.7045454545446836	0.2051907449254939	9.013268775261212
0.7175324675326213	0.18414554031800548	9.014542332610352
0.7077922077924206	0.19992944377404429	9.013545919028788
0.7142857142860118	0.1894068414700204	9.01417304322255
0.7110389610393192	0.1946681426221135	9.013844289746034
0.727272727272573	0.1788842391661052	9.0150417163689
0.724025974025842	0.18414554031795852	9.014642349466742
0.7370129870129475	0.17362293801425518	9.015582904119023
0.7337662337660986	0.17888423916619897	9.015148170988924
0.7467532467533378	0.16836163686222602	9.01617079874998
0.7435064935065833	0.173622938014203	9.015695712226476
0.7564935064935354	0.1631003357102263	9.016828177263479
0.7532467532468304	0.16836163686214997	9.016289929882701
0.766233766233722	0.15783903455833415	9.017519829038669
0.762987012986969	0.16310033571023372	9.016953311089983
0.7759740259740048	0.15257773340643713	9.018280881022498
0.7727272727272297	0.15783903455837398	9.017650981703765
0.7857142857143082	0.14731643225448807	9.019126339340616
0.782467532467546	0.15257773340643513	9.018417628911912
0.7987024312059811	0.13679293383507127	9.020872214013567
0.7954553598306021	0.14205436983941247	9.02002566243412
0.7922084863576417	0.14731582730158888	9.019268481574526
0.8084461520181768	0.1315293491047971	9.021979971294835
0.8051996622473628	0.13678995830917226	9.021012676098591
0.8181895633058822	0.1262663119080133	9.023170517692845
0.814945638809509	0.13152461968003584	9.022124101721674
0.8279340912798863	0.12100175571920634	9.02449778500211
0.8246895120462466	0.12625998098321337	9.023318224664022
0.8376833602939829	0.11573277318730635	9.025999296420055
0.834437801471782	0.1209915132978953	9.024649354967137
0.847432711947807	0.11045497000954785	9.027632630198246
0.844185611984804	0.11571565539702006	9.026155325861025
0.8571942630226362	0.10518266872879532	9.029620444664069
0.8539371210528576	0.11042274577152787	9.027798126594222
0.8637079970989742	0.10515052621904199	9.02979033503569
0.8669600527136395	0.09991293725490576	9.031679173430588
0.8799093605883095	0.08943187145127418	9.036910382269896
0.8767200116141903	0.09464669320504392	9.034241255550533
0.8735004164855164	0.09987988288665275	9.031860552365645
0.8896659811679992	0.084140951718395	9.040252855226882
0.8864225456649852	0.08941338112781809	9.037067705655039
0.899451679926381	0.07879249264748094	9.044500049930077
0.8962001147400133	0.08405434695808205	9.040472071814982
0.9091437514504528	0.07347050165597915	9.04933938168827
0.9059550756522136	0.07873731871145882	9.044711484399235
0.9188065591738984	0.06804443436895317	9.055427287950243
0.9155495441682137	0.07329998169255324	9.049716621941242
0.9284473705737502	0.06281938411704337	9.063181793323453
0.9250694299871528	0.06795322097618077	9.055809034848172
0.9348542852004984	0.06245964747666079	9.064075765471175
0.937901133532247	0.05714117926506306	9.073412395300265
0.943200411607393	0.05655688413670383	9.075119560782625
0.9477117992793136	0.05244895046477821	9.08421392829179
0.9535831080991171	0.05083484345387947	9.089735498929565
0.9575590505859792	0.04624909945524551	9.104914666480932
0.9634399969747449	0.04327074643419376	9.118181505595539
0.9688364878500364	0.04014700968675416	9.134521279743913
0.973817006842956	0.036963695663976406	9.155918241335632
0.9788716108352229	0.033125825946518084	9.191330347586458
0.9840878805754674	0.029414439193420076	9.256926474496469
0.9894489256186818	0.0261796379215484	9.337808946003095
0.5324675324675322	0.4894773976961082	9.45242146782263
0.5357142857142855	0.48421609654416237	9.452696142473668
0.5389610389610388	0.47895479539221647	9.452614084864342
0.5422077922077919	0.47369349424027063	9.275617624405283
0.5454545454545452	0.46843219308832473	9.196026638311602
0.5487012987012984	0.46317089193637884	9.155749612439953
0.5519480519480517	0.457909590784433	9.122766633416491
0.5551948051948049	0.4526482896324871	9.10094596989459
0.5584415584415583	0.44738698848054115	9.08484750890071
0.5616883116883115	0.44212568732859536	9.071654093033784
0.5649350649350647	0.4368643861766495	9.061471598821315
0.568181818181818	0.4316030850247037	9.053748965925289
0.5714285714285713	0.4263417838727578	9.047292211351072
0.5746753246753245	0.4210804827208119	9.042007345428972
0.5779220779220777	0.415819181568866	9.037752865551631
0.5811688311688309	0.41055788041692015	9.034149445421384
0.5844155844155842	0.4052965792649743	9.031103783486857
0.5876623376623374	0.4000352781130284	9.028439529480382
0.5909090909090907	0.3947739769610825	9.026233697328758
0.594155844155844	0.3895126758091367	9.024290642605171
0.5974025974025972	0.3842513746571908	9.02264489169721
0.6006493506493505	0.37899007350524494	9.021181270679955
0.6038961038961037	0.37372877235329915	9.019942088866438
0.6071428571428572	0.36846747120135337	9.01881765028893
0.6103896103896106	0.36320617004940775	9.017853103475874
0.6136363636363639	0.3579448688974621	9.016993776214177
0.6168831168831176	0.3526835677455167	9.016234611278035
0.6201298701298715	0.3474222665935714	9.015578607842265
0.6233766233766259	0.3421609654416266	9.014997472481648
0.6266233766233824	0.3368996642896827	9.014469728841403
0.6298701298701428	0.3316383631377417	9.014022065349591
0.6331168831169106	0.32637706198580646	9.013624928490335
0.6363636363636928	0.32111576083388416	9.013280306026585
0.639610389610496	0.31585445968198517	9.012974349447262
0.6428571428573346	0.31059315853013597	9.01272043084471
0.6461038961042155	0.3053318573783526	9.012494579106958
0.649350649351101	0.30007055622669676	9.012311737183516
0.6525974025980256	0.29480925507519223	9.012162505805941
0.6558441558447639	0.2895479539237779	9.012040420334118
0.6590909090908553	0.2842866527725158	9.01194446276857
0.662337662335193	0.27902535162025494	9.011879730104754
0.6655844155774892	0.2737640504653754	9.011839068766584
0.668974553051631	0.268486133859412	9.011825452128834
0.6724440964940155	0.26320829744424856	9.01183948113552
0.6760782576688404	0.25792746102488223	9.01187675145483
0.6797961092166808	0.25264753199962586	9.011932903857462
0.683510521661702	0.24737051926835663	9.012006761742045
0.6872541598371184	0.24209236659011427	9.012101149733525
0.6910143817101567	0.23681293227558373	9.012218731373293
0.6945130663047334	0.23153136993087406	9.012358021867009
0.6979753020194033	0.2262498747422849	9.01251616117696
0.7012778446327279	0.2209793029445374	9.012693544414274
0.704545454535813	0.2157133472282784	9.012897767357776
0.7077922077895837	0.2104520460774747	9.013119668702279
0.7110389610389851	0.20519074492567535	9.0133659445141
0.7207792207792373	0.18940684146980427	9.014272959091363
0.7142857142862598	0.19992944377375257	9.013644303640982
0.7175324675327635	0.19466814262176083	9.01394364748806
0.7305194805192107	0.18414554031807773	9.014749083841744
0.7272727272722783	0.18940684146981865	9.014379593547785
0.7402597402597796	0.17888423916619342	9.01526184535395
0.7370129894994127	0.1841455379715425	9.014863046730591
0.7500000000001273	0.1736229380140963	9.01581626365104
0.7467532564961826	0.17888423293461883	9.015383295941787
0.7597402586907523	0.16836161987054502	9.016417372844003
0.7564935102507153	0.17362284948394857	9.015945174161056
0.7694805194804554	0.16310033571029678	9.017087332363133
0.7662337594977915	0.168361527296595	9.016553806272448
0.7792207792207786	0.15783903455838968	9.017791712571013
0.7759741132602777	0.1631003005636932	9.017230990326725
0.7889619270163296	0.15257729202250392	9.018564774115193
0.7857155080240793	0.15783870024847554	9.017942929262574
0.8019523137692751	0.14205121465382992	9.020173361814118
0.7987053871044516	0.14731271618840056	9.019422170287088
0.7954594869292896	0.15257405485260112	9.018723600868247
0.8117003405464728	0.1367837593371385	9.021165839771726
0.808453310928727	0.14204432638559186	9.020333887031486
0.8214459329622592	0.13151615329004043	9.022282259372458
0.8182028330208606	0.1367733628970055	9.021333189899764
0.8311896485014542	0.1262546444932227	9.02348079336555
0.8279450457927865	0.13150567424348994	9.022455694357644
0.840935820386373	0.12096764568368858	9.02482093616713
0.8376948245674138	0.12623398675676356	9.023663477760747
0.8506842248811971	0.11568196635015847	9.02633504017721
0.8474275703293841	0.12093396530320984	9.025013867138924
0.8604335558840076	0.1103691588139139	9.027992989828745
0.8571519712846848	0.11559094782936181	9.026550020662214
0.8669157508096	0.11029674020210711	9.02821982855882
0.8702151925563942	0.10509581673998242	9.029995148986147
0.8831638403390074	0.09468791057355587	9.034387583021221
0.8801250010560603	0.09976065247823254	9.032114017799747
0.8767449787880196	0.10501625873107344	9.030241253458364
0.8929415375603552	0.08936119271132915	9.03728974077711
0.889709594126311	0.09468238763653673	9.034599487951509
0.9028071486840178	0.08395887032777938	9.040761217705763
0.8994196228290118	0.08920706281959508	9.03761787600122
0.9123952182787094	0.0787249938130929	9.044964608450611
0.9092610636399296	0.08393686366324399	9.041064370350098
0.9218342569896333	0.07307302367984315	9.050266514812037
0.918732458196668	0.0783038979737552	9.045619980433571
0.9271808784414339	0.07263181591888615	9.051096239533301
0.9317443242163207	0.06856373981973167	9.055464548066121
0.9377387039222329	0.06682896239795268	9.058246772898828
0.9416297500849313	0.06218814177580896	9.065050574063427
0.9475683142224034	0.05909932706493887	9.070862724919765
0.9529908789498044	0.055959908654343936	9.077689191598326
0.9581525940167747	0.0527231332844858	9.085775800816341
0.9632801858018366	0.049375494658374215	9.09631671106935
0.9687013443833157	0.04615339799159282	9.10894245606906
0.97386430090173	0.04288594323796168	9.124228081200469
0.9790128741853925	0.03942141461301	9.145095263007123
0.9842091279410949	0.03588656502555354	9.173516213119056
0.9894441935874955	0.03259364006610579	9.21947218184237
0.5389610389610386	0.48947739769610826	9.45233944680492
0.5422077922077919	0.48421609654416237	9.452639522699265
0.5454545454545453	0.47895479539221647	9.452606454820168
0.5487012987012985	0.47369349424027063	9.27560981511533
0.5519480519480517	0.46843219308832473	9.196010182298254
0.5551948051948049	0.46317089193637884	9.155732046420228
0.5584415584415583	0.457909590784433	9.122748223195801
0.5616883116883115	0.45264828963248704	9.10092697777717
0.5649350649350647	0.4473869884805412	9.084828488015022
0.5681818181818179	0.44212568732859536	9.071635172622813
0.5714285714285713	0.4368643861766495	9.06145291926927
0.5746753246753246	0.4316030850247037	9.053730672676126
0.5779220779220777	0.4263417838727578	9.04727452502422
0.581168831168831	0.4210804827208119	9.041990379214878
0.5844155844155843	0.415819181568866	9.037736769342112
0.5876623376623374	0.41055788041692015	9.03413439098678
0.5909090909090907	0.40529657926497425	9.031089918336527
0.594155844155844	0.40003527811302836	9.02842701488913
0.5974025974025972	0.3947739769610825	9.0262226767508
0.6006493506493505	0.3895126758091367	9.02428128982836
0.6038961038961037	0.3842513746571908	9.022637359244841
0.6071428571428571	0.3789900735052451	9.021175725648591
0.6103896103896104	0.3737287723532993	9.019938684006702
0.6136363636363638	0.3684674712013536	9.018816569980524
0.616883116883117	0.3632061700494078	9.017854438214004
0.6201298701298705	0.3579448688974621	9.016997660396285
0.6233766233766246	0.35268356774551674	9.016241278178965
0.6266233766233794	0.34742226659357184	9.01558819687604
0.6298701298701361	0.3421609654416285	9.015010130180668
0.6331168831168968	0.336899664289688	9.014485595583848
0.6363636363636638	0.3316383631377539	9.014041260034192
0.6396103896104403	0.3263770619858315	9.013647583401221
0.6428571428572327	0.3211157608339324	9.013306517270372
0.646103896104049	0.31585445968206566	9.013004237561335
0.6493506493508712	0.3105931585302581	9.012754051715413
0.6525974025977169	0.30533185737852775	9.012532046147856
0.6558441558445811	0.300070556226924	9.012353085677804
0.65909090909157	0.29480925507553907	9.012207793062258
0.6623376623385147	0.2895479539244304	9.012089661034812
0.6655844155852751	0.28428665277341075	9.011997762845398
0.6688311688327335	0.27902535162226694	9.011936974303437
0.6720779220879588	0.2737640504714146	9.011900368345325
0.6753978965795332	0.26848815882625593	9.011890168625818
0.6789352188702741	0.263204574927522	9.011908800932815
0.6825931241830482	0.25792447291968307	9.011950281907216
0.6862813015350607	0.2526462055844883	9.012010087368779
0.6900014518044421	0.24737088367790303	9.012087955469754
0.6937435286313877	0.24209381588654907	9.012186135386637
0.6974311773129971	0.2368142247406089	9.012306391113638
0.7010518179160607	0.23153277730410504	9.012450584964766
0.7044423645109492	0.2262528585279822	9.012610706756275
0.7077812629037016	0.22097725738711033	9.012791427806947
0.7110389610349133	0.21571334723231936	9.012997680862709
0.714285714285236	0.21045204607753643	9.013221666867063
0.7175324675326769	0.20519074492510234	9.013469671306295
0.7240259740256908	0.19466814262165796	9.014049686995252
0.7207792207792418	0.19992944377333902	9.0137493124902
0.7337662482705903	0.18940682778141907	9.01449345280823
0.7305195162970834	0.19466810885652788	9.014162906924065
0.743506566605112	0.1841454841516393	9.014984790465084
0.7402599672095866	0.1894066444514297	9.01461508953824
0.7532468518422273	0.1788840127243229	9.015513135258475
0.7500004828930429	0.1841450492989034	9.015114928280221
0.7629870334580064	0.17362239170309154	9.016083121388647
0.7597406874986451	0.1788829948560189	9.015652046752225
0.7727275915516155	0.16836114298515434	9.016699986624376
0.7694812563794692	0.17362098362710687	9.016230870085728
0.7824692608553705	0.16309977106208123	9.017385170517207
0.7792232817570174	0.16835957819058042	9.016856817729172
0.7922136416412312	0.15783498203644689	9.018105908917859
0.7889671201025495	0.1630949623614488	9.017551108459742
0.8052064894516887	0.1473050164953789	9.019588789439439
0.8019614351858869	0.1525647225970602	9.018895556081008
0.798716232429288	0.15782295835560542	9.018282143242997
0.8149573046783825	0.1420346982707667	9.020508372789786
0.8117111550094863	0.14729304944709484	9.01976947739841
0.8247025141400101	0.13675669183805952	9.02151641944696
0.8214600954346482	0.14201134452007233	9.020699544439857
0.8344411290337597	0.1314888408734357	9.0226468446167
0.8311947169451079	0.13673412343682811	9.02171694790905
0.84417954753776	0.1261883241791218	9.023869471829348
0.8409203202540074	0.1314344751951792	9.022862165496905
0.8539049445298866	0.12087368708497137	9.025234258898342
0.8506188742427395	0.12609954920873315	9.024103203057662
0.8636099378930888	0.11547612446025679	9.026795134336306
0.8603095456285628	0.12068314861796804	9.025504295476198
0.8700824274430792	0.11539203388835673	9.02706127008709
0.8734002071523068	0.11024314813776846	9.028473099589673
0.8798137521877805	0.11017593237700665	9.02876400657003
0.8865591377961906	0.09996553002112446	9.032281743851215
0.8834075113940254	0.10492460947549401	9.030536892439942
0.8962352936132069	0.09466312173492653	9.034873093120895
0.8929352097841211	0.10000318965046628	9.032566928129304
0.9056633711559465	0.08897383419067761	9.038052630471297
0.9026711846781271	0.09422943142022538	9.035387380090848
0.9111192912630205	0.08862503350571312	9.038573936756423
0.9157018112432588	0.08456982398730896	9.041024088412179
0.9216032402891272	0.08287097512525385	9.042585487149136
0.9256332058814902	0.07820965061722507	9.046147658530023
0.931642986183517	0.07530690579642116	9.049050877725541
0.9372731258593183	0.07195535006329087	9.052677769919171
0.9423348982658262	0.068513681496292	9.056810925010438
0.9474195287254048	0.06526674799547405	9.061536867000823
0.9528154345950639	0.06205302308534588	9.06702862269883
0.9580775577472682	0.05887042332180971	9.073375889971715
0.9632906036611382	0.05559454560975536	9.081049147685256
0.968537525189066	0.05226204517497199	9.090563106835615
0.9737950426773099	0.049019770167499824	9.102128381962588
0.979016651693271	0.04568272791644302	9.11669998666544
0.984219074680065	0.04228340327824077	9.135741946723137
0.9894686703009564	0.0390409007299655	9.159388420673475
0.5454545454545452	0.48947739769610826	9.452255678191761
0.5487012987012985	0.48421609654416237	9.452583817241065
0.5519480519480519	0.47895479539221647	9.452594491094478
0.555194805194805	0.47369349424027063	9.27560137588636
0.5584415584415583	0.4684321930883248	9.195992395843376
0.5616883116883115	0.4631708919363789	9.155713070847286
0.5649350649350648	0.457909590784433	9.122728498546676
0.5681818181818179	0.4526482896324871	9.100906492812895
0.5714285714285712	0.4473869884805412	9.08480801968807
0.5746753246753245	0.44212568732859536	9.071614791661124
0.5779220779220777	0.4368643861766495	9.061432784757672
0.581168831168831	0.4316030850247037	9.053710943207816
0.5844155844155843	0.4263417838727578	9.047255433970824
0.5876623376623374	0.4210804827208119	9.041972050953333
0.5909090909090907	0.415819181568866	9.037719366958713
0.594155844155844	0.4105578804169201	9.034118099454657
0.5974025974025972	0.40529657926497425	9.031074898573207
0.6006493506493504	0.40003527811302836	9.028413441031695
0.6038961038961036	0.3947739769610825	9.026210705981297
0.6071428571428571	0.38951267580913673	9.02427110915601
0.6103896103896103	0.38425137465719095	9.022629135432766
0.6136363636363636	0.3789900735052451	9.021169637244496
0.6168831168831167	0.3737287723532993	9.019934899920417
0.6201298701298703	0.3684674712013536	9.018815285509993
0.6233766233766238	0.3632061700494078	9.017855727657528
0.6266233766233779	0.3579448688974624	9.017001723996996
0.6298701298701329	0.35268356774551757	9.016248329355987
0.6331168831168895	0.3474222665935744	9.015598394503654
0.6363636363636495	0.34216096544163443	9.015023628984169
0.6396103896104143	0.3368996642897	9.014502545751718
0.6428571428571851	0.3316383631377764	9.014061787668988
0.6461038961039671	0.3263770619858687	9.0136718297982
0.6493506493507504	0.32111576083398713	9.013334582340839
0.6525974025975475	0.3158544596821424	9.01303625156441
0.6558441558443725	0.310593158530361	9.012790068059466
0.6590909090912666	0.3053318573786924	9.012572189231228
0.6623376623382744	0.3000705562272237	9.012397387909404
0.6655844155855539	0.2948092550761643	9.012256312093792
0.6688311688329224	0.2895479539255598	9.012142412339328
0.6720779220808017	0.2842866527755323	9.01205485550652
0.6753246753296827	0.2790253516276138	9.01199827875246
0.6785792289958037	0.2737621710212538	9.011966046768547
0.6819291325838265	0.2684785412307687	9.01196047490437
0.6854682609465118	0.2631979060820933	9.011983397767807
0.6890386973801986	0.2579190169151189	9.01202811183346
0.6927664536999366	0.25264293366621926	9.012092632939767
0.6964896431968571	0.24736786721813595	9.012174752432246
0.7002173407670025	0.24209186231746474	9.012276801479855
0.703920256566558	0.2368121602786241	9.012401113469155
0.7075930344456549	0.2315301892140571	9.012549634334086
0.7109596883342739	0.2262491489027571	9.012712634681357
0.7142801340115873	0.2209756293477972	9.012895917004423
0.7175324675350891	0.2157133472286924	9.013104404778515
0.7207792361835539	0.2104520315381991	9.013330595247934
0.7240260116568238	0.20519070941050202	9.013580439905624
0.7272727754597955	0.19992939829673606	9.013861438731618
0.7370133807673446	0.19466777315182085	9.014283855771973
0.733766661104499	0.19992902691708134	9.013981223002743
0.7467544348186522	0.18940582961715147	9.014745118410353
0.7435083341057025	0.19466649328009986	9.014413145851863
0.7564952125452601	0.18414352056709435	9.01525414469617
0.7532503819278825	0.18940371371382447	9.014884210791204
0.7662358816492314	0.1788800439425026	9.015800818669492
0.762991953214062	0.18413907041167535	9.015403249799474
0.7759778379465496	0.1736171509392365	9.016389328504083
0.772733721479416	0.17887278297108375	9.015960368368257
0.7857204816774682	0.16835242310112675	9.01702550306375
0.7824747837407916	0.17360548422039565	9.016559641781798
0.7954675968176491	0.16307973236919263	9.017730240981116
0.7922158906024831	0.16833284636661153	9.017207374166444
0.8084669951713385	0.1525482696809297	9.019081876314845
0.8052239564916807	0.15780052004876596	9.018472895854565
0.8019733304492013	0.16305072583059646	9.0179238612253
0.8182163339397674	0.1472776466513304	9.019965371958271
0.8149731388418426	0.15252806452673157	9.01928335579809
0.8279571128629736	0.14197627396007176	9.020908484196367
0.8247203823984169	0.14723258119163288	9.020180828636486
0.8376725250045425	0.1366870025591992	9.021939191734345
0.8344351036825569	0.14193260929389437	9.021135957029687
0.8473732213796935	0.1313509756817251	9.023101457076763
0.8441067390150155	0.13658312866573452	9.022188382646034
0.8570635409551673	0.12601034767666724	9.024360801516407
0.8537337911142623	0.13122360466803043	9.023365611441642
0.8667331133807604	0.12048496323240043	9.025804196225586
0.8633816546893174	0.1256480912617847	9.024686809344628
0.8732551002071343	0.12043888711447637	9.026105897625671
0.8765713969605015	0.11540137283272933	9.027340458846504
0.8858648445663798	0.11013548726491498	9.029071526331391
0.8828603654093513	0.11498607583588055	9.027745683603804
0.8898705216182141	0.10576863691417174	9.030579212316994
0.8898009284649071	0.11026299767199338	9.02925292912753
0.8953712980926569	0.10476255859659919	9.031185266730338
0.8997364075633194	0.10049338243065581	9.032764848932558
0.9055606470248077	0.0988564469191342	9.033748623916535
0.9095897601431098	0.09432899706253627	9.035759223896315
0.9156576221782773	0.09136209472342359	9.037532296442398
0.9211437848570797	0.08816490910668012	9.039541892062553
0.9263879574448393	0.08472753563001381	9.041872487305573
0.931512220685323	0.08144376380673561	9.044453421897954
0.9369400802236837	0.07822865233066223	9.04735655080622
0.9422786842212215	0.07489662538785657	9.050726272900159
0.9474801270428865	0.0716228671002525	9.054510231417616
0.9527230026598106	0.06837630505027739	9.058898131723842
0.9579895200087929	0.06511643316829054	9.064050566713595
0.9632348179243375	0.06185102830558892	9.070137103564045
0.9684796631953398	0.05858058225167264	9.077377874298291
0.9737347162777557	0.05531690896646152	9.08613370809968
0.9789887645826577	0.05205906440414712	9.096969521895621
0.9842160965441623	0.04870129870129869	9.110700331575904
0.9894757110440736	0.04548670472783201	9.127680820798732
0.5519480519480517	0.48947739769610826	9.452169945621174
0.555194805194805	0.48421609654416237	9.45252916762559
0.5584415584415583	0.47895479539221647	9.452577606937796
0.5616883116883115	0.47369349424027063	9.275592453302663
0.5649350649350647	0.4684321930883248	9.195973109777983
0.568181818181818	0.4631708919363789	9.155692520540759
0.5714285714285713	0.45790959078443305	9.12270734380177
0.5746753246753245	0.45264828963248716	9.10088439775676
0.5779220779220777	0.44738698848054126	9.084785973068902
0.581168831168831	0.4421256873285954	9.071592828689125
0.5844155844155842	0.4368643861766495	9.06141107664813
0.5876623376623374	0.4316030850247036	9.053689664046003
0.5909090909090907	0.4263417838727578	9.047234830788524
0.594155844155844	0.4210804827208119	9.041952260364203
0.5974025974025972	0.415819181568866	9.037700566255884
0.6006493506493505	0.4105578804169201	9.034100487792204
0.6038961038961037	0.40529657926497425	9.031058651263253
0.607142857142857	0.4000352781130284	9.028398745982143
0.6103896103896101	0.3947739769610826	9.026197735057885
0.6136363636363635	0.38951267580913673	9.024260063506324
0.6168831168831167	0.3842513746571908	9.02262019707292
0.6201298701298702	0.3789900735052451	9.021162996212452
0.6233766233766234	0.3737287723532994	9.019930745643073
0.6266233766233771	0.36846747120135365	9.0188138141008
0.6298701298701312	0.3632061700494083	9.017857010014025
0.6331168831168862	0.3579448688974635	9.017006024049678
0.6363636363636423	0.3526835677455204	9.016255841379788
0.6396103896104006	0.34742226659358016	9.015609294825795
0.6428571428571628	0.3421609654416451	9.015038082140059
0.6461038961039289	0.33689966428971707	9.014520712097235
0.6493506493506961	0.33163836313780065	9.014083800473054
0.6525974025974676	0.32637706198589994	9.013697839825042
0.6558441558442545	0.32111576083402826	9.013364692805569
0.6590909090910807	0.3158544596822115	9.013070603344842
0.6623376623379794	0.31059315853049857	9.012828710447737
0.6655844155850299	0.30533185737900165	9.012615259145953
0.6688311688323142	0.3000705562279203	9.012444913395358
0.6720779220799042	0.2948092550775264	9.012308350535024
0.6753246753270185	0.28954795392731697	9.012198980322028
0.6785714285732958	0.28428665277751314	9.01211606348209
0.6818181818165993	0.27902535162994724	9.01206397428328
0.6850679729523008	0.2737577419202085	9.012036252664243
0.6884490861799915	0.26846983453766254	9.012035662371508
0.6919423485940309	0.2631886204960698	9.01206255323826
0.6955569184039211	0.2579123426434738	9.012112290253263
0.6992512616627732	0.252639020033851	9.012180923878832
0.7029739563698718	0.2473611030964004	9.012267549155625
0.7066970227730547	0.2420838030812973	9.012373868871594
0.7103953051595435	0.23680398298400326	9.012502282442256
0.7139881033437881	0.23152334680364983	9.012653254146931
0.7174735216635421	0.2262450835227762	9.012821540432084
0.7207792207943913	0.22097464837197447	9.013007556784551
0.7240259740257599	0.21571334722374721	9.0132184306178
0.727272962057985	0.2104518148094513	9.013446967080112
0.7305198057491569	0.20519044493112848	9.013698775502554
0.7402617841516127	0.19992747073332628	9.014109279000543
0.7370148707740732	0.205188897651856	9.013825284548567
0.750005287882817	0.19466339990190282	9.01455144259026
0.7467594162342293	0.19992321375830258	9.014246295124662
0.7597482300837358	0.18939800504636525	9.015033160728121
0.7565034293184284	0.19465615000334627	9.014699479681605
0.7694905573810139	0.1841277249827463	9.015563195696508
0.7662470849653348	0.18938434287367578	9.01519286709735
0.7792295528737553	0.17885429487962126	9.016131800909127
0.7759839724267282	0.18410172346237838	9.015734993240741
0.7889639068305122	0.17357823923502483	9.016742921714366
0.7857106263874275	0.17881469876369424	9.016316100079722
0.7987093779826172	0.16829709676901802	9.017403629306372
0.795439646748898	0.1735335835076192	9.016939902412496
0.8117334855611745	0.15777104324413055	9.018678896960468
0.8084890939949023	0.163011270082305	9.018132841539233
0.8052121680944101	0.1682468693468329	9.017615501158268
0.8182399781337563	0.15774090167921184	9.018900662798648
0.8214758552620496	0.15250354177376252	9.019501379641591
0.831228581411115	0.14718668042423103	9.02041408275879
0.8279858145933541	0.1524240449496991	9.019742707301395
0.8408933750770713	0.14187375644836764	9.021384316489076
0.8376574756327666	0.14711869415365147	9.020665477255976
0.8472821352497851	0.1416849674415606	9.021666794069946
0.8504688255318363	0.13644203945162847	9.0224621690648
0.8601397203054392	0.13108733800419073	9.023657369868433
0.8566883894540595	0.13632407992469628	9.02275012115202
0.8697569616399923	0.12526773123959592	9.025048346448658
0.8662870462259813	0.13035501879988592	9.024055444132708
0.8748510826861658	0.12505657241106857	9.025348358397954
0.8796653963097257	0.12094074457443349	9.026327144324226
0.885449478378676	0.11920483939606963	9.027003539732872
0.8896447517245346	0.11453973452421257	9.028218593624388
0.8943620574589476	0.11041681709057796	9.029478535021951
0.8999965537506711	0.10714326407189584	9.030734214761834
0.9052369207015198	0.1042122465052252	9.031952370154485
0.9103877055677886	0.10098781547010512	9.033352412645955
0.9155745494757076	0.09758646654022492	9.034965836965329
0.92105779076753	0.09439479920895932	9.036701423346203
0.926389101004676	0.09108748426893469	9.038654080453894
0.9316033267030034	0.08781045015538583	9.040812052082382
0.9368636140043209	0.08457195782942967	9.043235713865409
0.9421500231405533	0.08130066527984922	9.046009221835016
0.9474422492390092	0.07802957614019866	9.049175371224647
0.952694295737436	0.07475816686599158	9.052794260779008
0.9579368364121045	0.0715001163545825	9.056977025469704
0.9631924715594261	0.06823408013729189	9.061881270451067
0.9684464263445616	0.06497242529565436	9.067678949998848
0.9737039201668114	0.06171854880436407	9.074579276774388
0.9789617183935344	0.058462883549247585	9.082892603277868
0.9842160965441624	0.05519480519480528	9.093120380402846
0.9894773976961082	0.05194805194805202	9.105693825567556
0.5584415584415583	0.48947739769610826	9.452082040268337
0.5616883116883115	0.48421609654416237	9.452475794795637
0.5649350649350648	0.47895479539221647	9.452555020534872
0.5681818181818179	0.47369349424027063	9.27558347954542
0.5714285714285712	0.46843219308832473	9.195952189946345
0.5746753246753245	0.4631708919363789	9.155670182899657
0.5779220779220777	0.45790959078443305	9.12268461808261
0.581168831168831	0.45264828963248716	9.100860569452623
0.5844155844155842	0.44738698848054126	9.084762210116175
0.5876623376623374	0.44212568732859536	9.071569153635165
0.5909090909090907	0.4368643861766495	9.061387668717984
0.594155844155844	0.4316030850247037	9.053666714755366
0.5974025974025972	0.4263417838727578	9.047212601766056
0.6006493506493505	0.4210804827208119	9.041930901520912
0.6038961038961037	0.415819181568866	9.037680270156597
0.607142857142857	0.41055788041692015	9.034081468809184
0.6103896103896103	0.40529657926497425	9.031041100163584
0.6136363636363635	0.4000352781130284	9.028382865428282
0.6168831168831167	0.3947739769610826	9.026183712624958
0.6201298701298701	0.38951267580913673	9.024248115526293
0.6233766233766233	0.3842513746571908	9.02261052173214
0.6266233766233767	0.3789900735052451	9.021155795584376
0.6298701298701304	0.37372877235329954	9.019926233453425
0.6331168831168844	0.36846747120135426	9.018812177050684
0.6363636363636392	0.3632061700494095	9.017858332733745
0.639610389610395	0.357944868897466	9.017010623521942
0.6428571428571516	0.3526835677455253	9.016263899592184
0.64610389610391	0.34742226659358844	9.015621002286473
0.6493506493506706	0.342160965441656	9.015053614474605
0.6525974025974327	0.33689966428973017	9.01454024038633
0.6558441558442012	0.33163836313781625	9.014107465024265
0.6590909090909883	0.3263770619859258	9.013725801337008
0.6623376623378144	0.3211157608340837	9.013397057182827
0.6655844155847246	0.31585445968234993	9.013107523049529
0.6688311688317651	0.3105931585308352	9.012870228750804
0.6720779220789715	0.3053318573796877	9.012661527177913
0.6753246753262601	0.3000705562291577	9.012495953051557
0.6785714285737569	0.2948092550793674	9.012364218106788
0.6818181818193644	0.2895479539282175	9.012259693986758
0.685064935062675	0.28428665277663917	9.01218172840038
0.688312202779235	0.27901948431781687	9.012134354747856
0.6915583772499669	0.2737441382249573	9.012111458241742
0.6949199717522578	0.26846104168227053	9.012115613531277
0.6983436220990384	0.2631754425076672	9.012146336507719
0.7020222048171525	0.25790638939289406	9.012201711235889
0.7057469588710559	0.25262708540442264	9.012275605497434
0.7094545969381408	0.24734751968190263	9.012366810678786
0.7131766083062616	0.2420668278960452	9.01247780175239
0.7168721555004951	0.23678697930026113	9.012610612469269
0.7205250625404314	0.23151308800988682	9.01276644740598
0.7239670661906024	0.226239452194548	9.012937601119681
0.7272673518519354	0.22097320784442212	9.013126695394435
0.7305196391141652	0.21571095536609933	9.013340364423252
0.7337678790392688	0.21045008935795242	9.01357138160462
0.7435128762419286	0.20518386048237358	9.01396067103871
0.7402655236708235	0.21044427766750187	9.013704528641837
0.7532580872670364	0.19991379697799785	9.014392975111244
0.7500128666797105	0.2051724603548096	9.01410564081943
0.7630009188531571	0.1946408776623415	9.014858060208047
0.7597534441123835	0.19989422953628078	9.014550076715024
0.772742673374857	0.18936100351792415	9.01536401265705
0.7694862040604189	0.19460110107437664	9.015028326910553
0.7824555641779337	0.1840485225261179	9.015919549257639
0.7791984637364912	0.1892851306689808	9.01554841056833
0.7921698483578191	0.1787546611107942	9.01651366987843
0.7888940047469929	0.1839630663646231	9.016117431695463
0.801907728086184	0.17347662391038668	9.017151304500773
0.798606950438372	0.1786870832202823	9.016724478782557
0.8083959536227997	0.17341099122459583	9.017378822553225
0.8150008705960724	0.16297015998620304	9.01835732115593
0.8117671439535725	0.16819988599115768	9.017844322784073
0.8215220702919717	0.16294645391918494	9.018596964476735
0.8247316150899242	0.15770837457021555	9.019139203449976
0.8311581876428459	0.15755442224997643	9.019403967575919
0.8343620819928604	0.15231287697845844	9.020001173938068
0.8440874295209471	0.14707569917156715	9.02093472873443
0.8406446081315916	0.15223399809595725	9.020271999579817
0.8505492843958544	0.14667562224151393	9.021266375702494
0.8535816742412438	0.14146006087779087	9.021973812475919
0.8588752323037954	0.14092753559891907	9.02229334153326
0.8633207657929672	0.13679903233594823	9.023000959266009
0.869219760722431	0.13505073318493804	9.02354653897653
0.8733821444584173	0.1304387714233834	9.024402584071423
0.879444193989635	0.1274424817497414	9.025203910067292
0.8850495892015157	0.12419904573324092	9.02606756689863
0.8899838725446286	0.12087870425963415	9.02696219936942
0.8948233598591021	0.11706274752586143	9.028017685501366
0.8999674244567569	0.11367272591322704	9.029096396514895
0.9052551540854611	0.1104785541332179	9.030251397211153
0.910485056217071	0.10731401600634227	9.031487486270892
0.9157286471287434	0.10402187195626394	9.032875183925412
0.9210097623501206	0.1007788427155475	9.034390279579528
0.9263345242595626	0.0975043777107294	9.036080607310106
0.9316093225654902	0.09422102460670394	9.037954890022236
0.9368641899969908	0.09098016858651298	9.040027330833786
0.9421218173150765	0.08771929121316945	9.042372500786735
0.9473929889262005	0.08444647579752648	9.045043560220835
0.9526660582736901	0.08119110618772099	9.048085144771052
0.9579247670066028	0.07794375771278339	9.051570871503799
0.9631803926387152	0.07469721555377049	9.055609328496601
0.9684386250768715	0.07144435436008487	9.060331839750907
0.9736983687095906	0.06819488397476488	9.06590284590394
0.9789547953922166	0.06493506493506507	9.072546485198863
0.9842160965441625	0.06168831168831179	9.08048241335544
0.9894773976961083	0.05844155844155856	9.090083603567905
0.5649350649350647	0.48947739769610826	9.451991728945387
0.568181818181818	0.48421609654416237	9.452423893955157
0.5714285714285714	0.47895479539221647	9.452525832630256
0.5746753246753245	0.47369349424027063	9.275574819817036
0.5779220779220777	0.4684321930883248	9.195929564490894
0.5811688311688309	0.4631708919363789	9.155645851566062
0.5844155844155842	0.45790959078443305	9.122660164559539
0.5876623376623374	0.45264828963248716	9.100834878787028
0.5909090909090907	0.44738698848054126	9.084736586044158
0.594155844155844	0.4421256873285954	9.071543627411826
0.5974025974025972	0.4368643861766495	9.06136242660238
0.6006493506493505	0.4316030850247037	9.053641967527161
0.6038961038961037	0.4263417838727578	9.047188626551106
0.607142857142857	0.4210804827208119	9.041907862562567
0.6103896103896101	0.415819181568866	9.037658376414884
0.6136363636363635	0.4105578804169201	9.034060950989307
0.6168831168831167	0.40529657926497425	9.03102216564023
0.62012987012987	0.40003527811302836	9.028365732687673
0.6233766233766233	0.3947739769610826	9.026168586061322
0.6266233766233766	0.3895126758091367	9.024235227846995
0.6298701298701299	0.38425137465719095	9.02260008803941
0.6331168831168835	0.3789900735052454	9.021148031344255
0.6363636363636376	0.3737287723533001	9.019921378468188
0.6396103896103921	0.36846747120135537	9.018810401176376
0.6428571428571473	0.3632061700494115	9.017859752312928
0.6461038961039034	0.35794486889746924	9.017015592404237
0.6493506493506587	0.3526835677455302	9.016272598562113
0.6525974025974159	0.34742226659359376	9.015633632750946
0.6558441558441768	0.3421609654416617	9.015070363681042
0.6590909090909463	0.3368996642897386	9.014561290787627
0.6623376623377347	0.33163836313783607	9.014132963723641
0.665584415584565	0.3263770619859829	9.013755919443978
0.6688311688314627	0.32111576083423415	9.013431902518105
0.6720779220784526	0.31585445968266873	9.013147260736234
0.675324675325505	0.3105931585314368	9.012914893767658
0.6785714285726702	0.30533185738061464	9.012711286790763
0.6818181818188802	0.3000705562303724	9.012550820822044
0.6850649350649045	0.29480925507897404	9.01242424864905
0.6883116883107122	0.28954795392661825	9.012324903744371
0.6915584415545738	0.28428665277233267	9.012252223147549
0.6948053080392945	0.2790163685828163	9.012209922253476
0.698051851451079	0.27374195491818715	9.012192259999464
0.7013521819298356	0.2684572199804141	9.012200784729155
0.7048718857981232	0.2631788136811666	9.012237838021724
0.7085445021786	0.2578983024047767	9.012298279932423
0.7122352312597972	0.25261017781671075	9.01237686690938
0.7159386158270701	0.24732208297288125	9.012473182659152
0.7196673774013629	0.24203591727406445	9.012589327756418
0.7233748694919505	0.23675754850488098	9.012727070239519
0.7270233533894142	0.23149084881936582	9.012887056953344
0.7304339724562351	0.22622297126688506	9.013061413921283
0.7337673910085493	0.22096809557670463	9.01325435738047
0.7370162958328296	0.215703374354403	9.013470897959719
0.7467658705403775	0.2104311648235625	9.01384712160248
0.7435139338764992	0.21568668989139186	9.013610695898182
0.756509607786045	0.2051483682904428	9.014260950036537
0.7532666607316166	0.21040685824152086	9.01399986341808
0.7662422941201055	0.19986476539835896	9.014718163244204
0.7629947570683172	0.20510864635462764	9.014427130622705
0.7759421614083242	0.19451893864092074	9.015211182511832
0.7727040659700655	0.19978057547567	9.014899091199212
0.7823570636225131	0.19440295179161748	9.015406412748279
0.7856267861344942	0.18918614793681687	9.01574548040149
0.7953148156928052	0.18387003640065155	9.016328454639376
0.7920440516306482	0.1890679480845749	9.01595622588867
0.805048201673494	0.17864829212833538	9.016948141181603
0.8017010328424754	0.1837941530999836	9.016551495110038
0.8114228505465723	0.17850439629410852	9.01719060598849
0.8148923318895566	0.17323003091056588	9.017629650200591
0.8182419224249875	0.1681402293875971	9.018087980898075
0.8248745877619716	0.16814669261146548	9.018351078828132
0.8280412269519166	0.16296967588155176	9.01885130985204
0.8343783601107649	0.16254620273413956	9.019152360614624
0.8374500271182542	0.15736535838579396	9.019686127922027
0.8428263452683229	0.15690842391187373	9.019969786556674
0.8473330543932182	0.15274488782663262	9.020525127496098
0.8532888892473955	0.15118137695018402	9.020964090913072
0.8574245977334953	0.14655711298113266	9.0216090976123
0.8633344913837565	0.1434909182535911	9.022236370733639
0.8686966180029705	0.14035576585523368	9.022872124783902
0.8739202164937425	0.13700881861915298	9.023562258000375
0.8791308668121224	0.13363818017957682	9.024299380144209
0.8845860844698638	0.13038157617674526	9.025088030022362
0.889862769237744	0.12706125375132346	9.025927597895643
0.8949730079253516	0.12344860436302407	9.026860557204428
0.900081605994933	0.12019954323067024	9.027806924132209
0.9052840601880098	0.11693143371638355	9.028838733997127
0.9105256020407971	0.11371530549779992	9.029957890084264
0.9157742103009509	0.11047518483281216	9.03118315955441
0.9210381576397794	0.10721824428328103	9.032531042074519
0.9263191673911274	0.10396066140777077	9.034014689249355
0.9315994945160188	0.10069389406641378	9.035659271825473
0.9368645646623676	0.0974297145233498	9.037483803361711
0.9421233509083407	0.09417406434731444	9.039517459467723
0.9473862782573116	0.09092255176491966	9.041805999551789
0.9526526459245059	0.08767280186660101	9.044401744579373
0.957916238621957	0.08442380747665697	9.047364924140695
0.963176246926309	0.08117681628847337	9.050768660336992
0.9684355146091468	0.07792916224365398	9.054711332707
0.9736958635530245	0.07468114916216809	9.059305208155108
0.9789547953922166	0.07142857142857148	9.06470242953536
0.9842160965441625	0.06818181818181826	9.071082996884174
0.9894773976961083	0.06493506493506501	9.078647777492867
0.5714285714285713	0.4894773976961082	9.451898771828937
0.5746753246753246	0.48421609654416226	9.45237359503553
0.5779220779220778	0.47895479539221647	9.452489439004266
0.581168831168831	0.47369349424027063	9.275566449219324
0.5844155844155842	0.4684321930883248	9.195905182461273
0.5876623376623374	0.4631708919363789	9.15561933521313
0.5909090909090907	0.457909590784433	9.122633804140522
0.594155844155844	0.4526482896324871	9.100807182557645
0.5974025974025972	0.44738698848054126	9.08470894782779
0.6006493506493504	0.44212568732859536	9.071516101987362
0.6038961038961036	0.4368643861766495	9.061335207599805
0.607142857142857	0.4316030850247037	9.053615286885107
0.6103896103896101	0.42634178387275773	9.04716277782549
0.6136363636363634	0.4210804827208119	9.04188302538705
0.6168831168831167	0.41581918156886594	9.037634777362284
0.62012987012987	0.4105578804169201	9.034038838318336
0.6233766233766231	0.4052965792649742	9.031001764598804
0.6266233766233765	0.40003527811302836	9.028347278749758
0.6298701298701298	0.3947739769610826	9.026152301653589
0.6331168831168833	0.3895126758091368	9.02422136337975
0.6363636363636366	0.3842513746571912	9.02258887603041
0.6396103896103904	0.3789900735052459	9.021139703129618
0.6428571428571447	0.3737287723533011	9.019916198802441
0.6461038961038994	0.3684674712013568	9.01880851709227
0.6493506493506541	0.36320617004941386	9.017861339533583
0.6525974025974093	0.35794486889747223	9.017021010611439
0.6558441558441662	0.35268356774553294	9.016282043103738
0.6590909090909276	0.3474222665935971	9.015647314740702
0.6623376623376978	0.3421609654416677	9.015088481769228
0.6655844155844874	0.3368996642897592	9.014584039414244
0.6688311688313126	0.33163836313789913	9.014160496407287
0.6720779220781842	0.32637706198612837	9.013788418180892
0.6753246753250829	0.3211157608345132	9.013469476111771
0.6785714285720366	0.3158544596830831	9.013190088127152
0.6818181818185844	0.31059315853200997	9.012962999000722
0.6850649350649585	0.3053318573804029	9.012764855373078
0.6883116883113839	0.3000705562286832	9.012609855787629
0.6915584415575577	0.29480925507637024	9.012488800566159
0.694805194803937	0.28954795392320765	9.012394989333984
0.6980518631518965	0.2842839916343482	9.012327899115311
0.7012996265278891	0.27901612232271994	9.01229110142029
0.7045497562729335	0.27374706632394474	9.01227904032895
0.707880477414443	0.2684627942271039	9.012293434567452
0.7114101048078124	0.2631770043532718	9.012336068045585
0.7150231455508829	0.25788306989904447	9.01240110153332
0.7187191337847564	0.252579954859096	9.012485278228281
0.7224373530250147	0.24727857999536693	9.012587427099476
0.7261812165469568	0.24198757848777785	9.012709290790712
0.7298843694118423	0.2367136465413728	9.01285202389471
0.7334758455969282	0.23145119944873804	9.013015423260244
0.7369516375246826	0.2261995309995616	9.01319489895168
0.7402522418566913	0.22094474111519585	9.013390957315005
0.750014370711931	0.21566143274563532	9.013760394282881
0.7467446082475231	0.220908320688475	9.013537413814044
0.7597554187825213	0.21036086198671475	9.014163430363554
0.7565057393900377	0.21561511580949974	9.013920712865962
0.7694549567609216	0.2050243182796266	9.014605483069476
0.7662113617515072	0.2102725918318211	9.014338495623598
0.7791199299164951	0.19962927179427262	9.015093315058605
0.7758983555641115	0.20489906702329813	9.014796637095417
0.7854563517899048	0.1994488026259099	9.015298624995564
0.7887623285710379	0.19429658375838432	9.015613730794627
0.7951757964483668	0.1941198974485191	9.015837488419367
0.7983890810642706	0.18888792046119887	9.016181271438002
0.8080374294365473	0.18379580841252713	9.016783919857291
0.8046403306928512	0.18876790397582152	9.016414365989435
0.8139448567444836	0.18365439601692368	9.017023521873151
0.818216202339977	0.17828458835087344	9.017469733464166
0.8213945300567806	0.17334815290700545	9.01787981281553
0.826869142880881	0.1729615003332426	9.018136717931828
0.831396062188416	0.16886990858039447	9.018580438231659
0.8373121802872101	0.167228495711224	9.018962223520477
0.8413308830457382	0.16263524187300155	9.019459807327857
0.8473709761987602	0.1595619467919235	9.019980101922807
0.8527650999935025	0.15640755394670727	9.020495977815825
0.8579579279228211	0.1530251031468735	9.021045482755577
0.8631392059530546	0.14973074681818768	9.02161652368458
0.8685271781571111	0.1465158753822914	9.022225259531384
0.8738253702652324	0.1432469688128832	9.022865858455154
0.8790845855010638	0.13993315033116596	9.023548195137563
0.8843691689926008	0.13662498503608886	9.024273853839007
0.8896706222824805	0.13333108158435178	9.025047163839746
0.8949207452465952	0.12997992704447311	9.025877434017742
0.9001189495344776	0.12666853198955194	9.026759540310076
0.9053228359529558	0.12341335006213523	9.027699059491395
0.9105533350138583	0.12017070913377882	9.028712772737846
0.9158010804579844	0.11692737392455604	9.029817679289776
0.9210599513057979	0.11367584053288599	9.031026493725468
0.926326335903608	0.11042419234936142	9.032352962132576
0.9315968784808034	0.10716851348697855	9.03381480852981
0.936863277266713	0.10391297101691217	9.035432355789938
0.9421252141316964	0.10065842998895264	9.037230452548753
0.9473865860822196	0.09741006201598486	9.039238149188266
0.9526492275030742	0.09416156996928908	9.041497009765253
0.9579117572046106	0.09091284513463416	9.04405547446436
0.9631732428893844	0.08766544888802998	9.0469715168198
0.968434189104009	0.08441890669151451	9.05031651339395
0.9736946856066299	0.08117132966975878	9.054180483445258
0.9789547953922166	0.0779220779220779	9.058664018941599
0.9842160965441625	0.07467532467532473	9.063887097219363
0.9894773976961083	0.07142857142857148	9.070001390881911
0.5779220779220777	0.4894773976961082	9.451802951276157
0.581168831168831	0.48421609654416237	9.45232479885732
0.5844155844155843	0.4789547953922165	9.452445698056389
0.5876623376623374	0.47369349424027063	9.275558324144525
0.5909090909090906	0.46843219308832473	9.19587907728649
0.594155844155844	0.46317089193637884	9.155590458905506
0.5974025974025972	0.457909590784433	9.122605327412389
0.6006493506493504	0.45264828963248716	9.10077731471097
0.6038961038961037	0.44738698848054126	9.08467913139239
0.607142857142857	0.4421256873285954	9.071486419989581
0.6103896103896101	0.4368643861766495	9.061305860406485
0.6136363636363634	0.4316030850247036	9.053586529319729
0.6168831168831167	0.4263417838727578	9.047134920908137
0.6201298701298699	0.4210804827208119	9.041856265291711
0.6233766233766231	0.41581918156886594	9.037609359627913
0.6266233766233764	0.41055788041692	9.034015030109458
0.6298701298701297	0.4052965792649742	9.030979810432576
0.6331168831168831	0.40003527811302836	9.028327432352794
0.6363636363636364	0.3947739769610826	9.026134804825153
0.6396103896103899	0.389512675809137	9.024206485655379
0.6428571428571435	0.3842513746571916	9.022576867594909
0.6461038961038973	0.37899007350524666	9.021130815390334
0.6493506493506515	0.3737287723533021	9.019910715002213
0.6525974025974057	0.36846747120135825	9.018806560882032
0.6558441558441611	0.36320617004941536	9.017863173278492
0.6590909090909187	0.35794486889747423	9.017026970939225
0.6623376623376813	0.3526835677455366	9.0162923504
0.6655844155844525	0.3474222665936056	9.015662191022502
0.6688311688312369	0.3421609654416904	9.015108136705026
0.6720779220780422	0.3368996642898161	9.014608680029964
0.675324675324879	0.3316383631380225	9.014190282107991
0.6785714285717456	0.3263770619863331	9.01382354232915
0.6818181818183815	0.3211157608348001	9.013510047386037
0.6850649350649478	0.31585445968297965	9.013236300494755
0.6883116883115544	0.3105931585311866	9.013014862511104
0.6915584415579321	0.30533185737899604	9.012822576247231
0.6948051948047368	0.30007055622703716	9.012673423067882
0.6980519480515729	0.29480925507472705	9.012558258547086
0.7012987012990313	0.28954795392177485	9.012470360822645
0.7045454545479602	0.28428665277009507	9.01240932133304
0.7077937836797963	0.2790201928326695	9.012378320349528
0.7110456476246874	0.2737569706624114	9.012372159378435
0.7144084087372304	0.26846593071073444	9.012392824608007
0.7178359569036962	0.26316866473074013	9.012439603844468
0.7215025846605138	0.2578538575834216	9.012511300407555
0.7252048248267603	0.25252773868414186	9.012601488379586
0.7289646165468308	0.24721087422815083	9.012710452771794
0.732757989726138	0.24192420409726823	9.012839113766097
0.7364327283278381	0.23666453627166417	9.012986563592976
0.7400134851621281	0.23140572028448234	9.013154544064966
0.7434329284581036	0.22615414167584116	9.013337288096567
0.7532418522861205	0.22086400098831094	9.013694209791149
0.749959378895065	0.22610785172469125	9.013490504274003
0.7629508544764678	0.21551629380503337	9.014092183696333
0.7596911430275194	0.22076641858390067	9.013861824019479
0.772653453774231	0.21017251308354726	9.01452518566561
0.7693987142783328	0.2154048113763402	9.014275405119454
0.7823356231022893	0.2046864713295487	9.015003117523747
0.7790632532987104	0.20999719913354217	9.014725408682791
0.788330605712271	0.20424161473121943	9.015216312514235
0.7918263663600399	0.19940091151169295	9.015512747929533
0.7982301165047655	0.19909445731732914	9.01575217930238
0.8014584590784763	0.19370758375764255	9.016080718082877
0.8065646178932868	0.19321177921335841	9.016297173887436
0.8109704520803618	0.18939310230465525	9.016630291800553
0.8166140634825185	0.18775486408321573	9.016939058675302
0.8201515613840271	0.18375111052677318	9.01727668710861
0.8252933425610578	0.17880502678849658	9.017739887186009
0.8314357925436903	0.17567543068436975	9.018185715614415
0.8368603670610112	0.17256278284104154	9.018614449520681
0.8421131352245057	0.16920390959450582	9.019069340394358
0.8472682089709501	0.16585356684422614	9.019539345586393
0.8526770550083179	0.162618199336007	9.020039255511497
0.8579626971905018	0.159313809628623	9.020559944900354
0.8631901559653801	0.15606780646085613	9.021099688527938
0.8684422856249964	0.15278243275237133	9.021671780665637
0.8737250977126557	0.14948841980148142	9.02227805308672
0.8789988308664249	0.14617995055400426	9.022918492187143
0.8842648904317059	0.14290100478147325	9.023594493092808
0.8895282548897097	0.13963269662715388	9.024310703124712
0.8948281330416706	0.13634727961754928	9.025078431598326
0.9000862597794955	0.1330934869627717	9.025892370979648
0.9053292423075344	0.12987628027423723	9.026759657644318
0.9105696857281589	0.12664305180337482	9.02769421381587
0.9158168008334502	0.12339785090860135	9.028704882968816
0.9210729089589492	0.12014785689621767	9.02980434605888
0.9263348158582994	0.11689763072771754	9.03100494935722
0.9315991448039341	0.11364805508665392	9.032321951383052
0.9368633283666306	0.11039723673917991	9.033773241765077
0.9421254054208061	0.10714731864825887	9.03537955957106
0.9473868704779823	0.10389857813493197	9.037166328673743
0.9526483760580464	0.10064975025196432	9.039163921963256
0.9579096493774725	0.09740275341724669	9.041408633036744
0.9631709595324921	0.09415593060623839	9.043945965964959
0.968432280737223	0.09090919095885681	9.046830126742778
0.9736935533079629	0.08766243979303046	9.050125874983118
0.9789547953922166	0.08441558441558444	9.053912053578394
0.9842160965441625	0.08116883116883121	9.05827520346732
0.9894773976961083	0.07792207792207795	9.063311692834946
0.5844155844155842	0.4894773976961082	9.451704077090485
0.5876623376623374	0.4842160965441623	9.452276746691583
0.5909090909090907	0.47895479539221647	9.452394819598148
0.594155844155844	0.47369349424027063	9.275550151969652
0.5974025974025972	0.46843219308832473	9.195851339907954
0.6006493506493504	0.4631708919363789	9.15555909341539
0.6038961038961036	0.45790959078443305	9.12257452606587
0.607142857142857	0.45264828963248716	9.10074509553854
0.6103896103896101	0.44738698848054126	9.084646962134554
0.6136363636363635	0.44212568732859536	9.07145441462909
0.6168831168831167	0.4368643861766495	9.061274224745079
0.6201298701298699	0.4316030850247037	9.053555542790697
0.6233766233766231	0.42634178387275773	9.047104913261522
0.6266233766233764	0.42108048272081183	9.041827450558934
0.6298701298701297	0.4158191815688659	9.037582003838095
0.633116883116883	0.4105578804169201	9.03398942083525
0.6363636363636364	0.4052965792649743	9.030956212998918
0.6396103896103899	0.4000352781130285	9.028306120106897
0.642857142857143	0.3947739769610829	9.026116040437465
0.6461038961038965	0.3895126758091374	9.024190559214132
0.6493506493506501	0.3842513746571921	9.022564047233558
0.652597402597404	0.37899007350524716	9.021121378486606
0.6558441558441586	0.37372877235330276	9.019904949884221
0.6590909090909144	0.36846747120135914	9.018804582308446
0.6623376623376727	0.36320617004941735	9.017865333798907
0.6655844155844356	0.3579448688974791	9.01703358009153
0.6688311688312057	0.35268356774554915	9.016303652004227
0.6720779220779827	0.3474222665936301	9.015678420315952
0.6753246753247631	0.3421609654417331	9.015129514168832
0.6785714285715404	0.33689966428988866	9.014635425908702
0.6818181818183175	0.3316383631381423	9.01422256097968
0.6850649350649451	0.3263770619862962	9.013861559394376
0.6883116883116327	0.32111576083441673	9.01355390991077
0.691558441558174	0.31585445968230996	9.01328621865197
0.6948051948049706	0.3105931585303939	9.013070829035797
0.698051948051774	0.30533185737829177	9.012884820445505
0.701298701298685	0.30007055622615963	9.012741915707728
0.7045454545456815	0.29480925507409866	9.012633039162706
0.7077922077927244	0.289547953922275	9.012551450044064
0.7110389610387485	0.2842866527709176	9.012496795803026
0.714285714280093	0.27902535161806136	9.012471983500289
0.7175378162533401	0.2737609955474565	9.012472019695375
0.7208562986382608	0.2684674053125962	9.012498137843089
0.72438033008456	0.2631467266729443	9.012552553828598
0.7279582204738148	0.2578068443401204	9.012628975703258
0.7316794174596458	0.2524317232731665	9.012725930110186
0.735493759760363	0.24707984440769784	9.012842730790027
0.739393292565253	0.24186521725348373	9.012979349064226
0.7430713875047394	0.23662723000464014	9.013132370386032
0.7466003529699973	0.23135379332805364	9.013304546747728
0.7564589152957703	0.22605011851753598	9.01365391452398
0.7532363590389818	0.23131071429287786	9.013466029656156
0.7660806068580488	0.22060550471688048	9.01404062233363
0.7628765090128403	0.225918803241017	9.013827798010267
0.7758554186258042	0.21535575782602603	9.014469185469316
0.7725482816454614	0.2204153056811001	9.014234044113818
0.785270542633727	0.2096307188701082	9.014937848925259
0.7822218971667558	0.21503238599483832	9.014680670812824
0.7905462937056692	0.20903112826308723	9.01513835529358
0.7950247392902202	0.2050068605917792	9.015423892125371
0.8009818091122023	0.2034086821962805	9.01570270326158
0.804913528739287	0.19892280839806073	9.016010180427607
0.8107615328907514	0.19585729982194383	9.016360210489312
0.816169613371844	0.19275504327615733	9.016707565239928
0.8211251214655829	0.18958298053929643	9.01705446652889
0.8261934287092623	0.18578993984370212	9.01745025358259
0.8314028473513541	0.18202482410467508	9.017864687438218
0.8367929932194214	0.17882854145836824	9.018281050259054
0.8421102918444033	0.17557354474372178	9.018714279898804
0.8473799915037935	0.17222676004518492	9.019170228177517
0.8526429553828969	0.16898062495641603	9.019641271615328
0.8579322462024846	0.16566828245575627	9.020140227424704
0.8631929042286599	0.16241035969290385	9.020657785582237
0.8684476638664375	0.15915740017638552	9.021200806131686
0.8737123429109569	0.15589644801136907	9.021772711123942
0.8789770293019954	0.1526273208329501	9.022376441234051
0.8842514685664968	0.1493560846470002	9.023014672781807
0.8895141874305492	0.1461033272844322	9.023688329498379
0.8947864016172519	0.142847936819787	9.024404330591159
0.9000604009691973	0.13959702261661933	9.025166822487707
0.9053207426042201	0.1363588701726932	9.025979147184076
0.9105726139868677	0.13312238514573152	9.026849520465774
0.9158239821065699	0.12987922332533944	9.027787188863579
0.921079633102997	0.12663073637158032	9.02880107310868
0.9263403170954085	0.1233795400517144	9.029902652624157
0.9316013791913761	0.12013414328146932	9.031103323987795
0.9368639499604358	0.11688551840889583	9.032420398897207
0.9421255649313865	0.1136376783614302	9.033871044810082
0.9473869884805416	0.11038961038961043	9.03547671208881
0.9526482896324876	0.10714285714285718	9.037261790408609
0.9579095907844334	0.10389610389610393	9.039255764988406
0.9631708919363792	0.10064935064935071	9.041493340683104
0.968432193088325	0.09740259740259745	9.044015519191992
0.9736934942402707	0.0941558441558442	9.046870509383966
0.9789547953922167	0.09090909090909095	9.050114496484271
0.9842160965441625	0.0876623376623377	9.053813495850896
0.9894773976961083	0.08441558441558444	9.058038172787306
0.5909090909090907	0.48947739769610826	9.451602017262765
0.594155844155844	0.48421609654416237	9.45222818570243
0.5974025974025972	0.4789547953922165	9.45233751761147
0.6006493506493504	0.47369349424027063	9.275541241610888
0.6038961038961036	0.4684321930883248	9.19582178397225
0.607142857142857	0.4631708919363789	9.155525091771464
0.6103896103896101	0.457909590784433	9.12254120025108
0.6136363636363634	0.45264828963248716	9.1007103373005
0.6168831168831167	0.44738698848054126	9.08461225563068
0.62012987012987	0.4421256873285954	9.071419909203456
0.6233766233766231	0.4368643861766495	9.061240130668587
0.6266233766233763	0.4316030850247037	9.053522166050042
0.6298701298701296	0.42634178387275773	9.047072603906484
0.633116883116883	0.42108048272081183	9.041796442001937
0.6363636363636362	0.41581918156886594	9.037552584311017
0.6396103896103894	0.41055788041692015	9.03396189998059
0.6428571428571429	0.40529657926497437	9.030930878637344
0.6461038961038964	0.4000352781130287	9.028283266679544
0.6493506493506496	0.394773976961083	9.026095953179125
0.6525974025974032	0.3895126758091376	9.02417355007215
0.6558441558441572	0.38425137465719245	9.022550403170113
0.659090909090912	0.37899007350524766	9.021111408560214
0.6623376623376681	0.3737287723533038	9.019898931871884
0.6655844155844267	0.36846747120136175	9.018802646568988
0.6688311688311889	0.3632061700494242	9.017867910180724
0.6720779220779547	0.3579448688974923	9.017040958760694
0.6753246753247222	0.3526835677455719	9.016316095466957
0.6785714285714939	0.34742226659366576	9.015696179062834
0.681818181818235	0.3421609654417614	9.015152819458292
0.6850649350649435	0.3368996642899023	9.014664511872214
0.6883116883116496	0.3316383631379646	9.014257596403054
0.691558441558373	0.3263770619860337	9.01390276175921
0.6948051948050957	0.3211157608340403	9.013601383579568
0.6980519480518645	0.31585445968201115	9.013340191129094
0.7012987012987068	0.31059315852998337	9.013131272128247
0.7045454545456121	0.3053318573779976	9.012951988439935
0.7077922077925028	0.3000705562260822	9.012815757914401
0.7110389610392588	0.29480925507424777	9.012713586818917
0.7142857142856214	0.28954795392251775	9.012638724985864
0.7175324675321212	0.28428665277026643	9.012590851689373
0.7207792207843174	0.2790253516168112	9.012572582353172
0.7240259740544633	0.2737640504670905	9.012579132451627
0.7273910999160466	0.26845400728536695	9.012612497431219
0.7308239091927584	0.2631242953285165	9.01267186359541
0.7344100877482687	0.25774862135070636	9.012755002149605
0.7380642851954743	0.25221368098762126	9.012857904653666
0.7420852492388162	0.24699722181096778	9.012985299295982
0.7460971001339783	0.24195022781032616	9.013129504249735
0.7498007138152167	0.2365534294141728	9.013291027257933
0.7597482495140948	0.2313329222744184	9.013634464637162
0.75659425333845	0.23656469920228865	9.013461286882675
0.7690181387076709	0.22561139561389154	9.014009142787645
0.7661250109600767	0.23103787883749033	9.013816474860791
0.7744508484319639	0.22523368099805927	9.014181654960911
0.7791452154554896	0.2210185149091075	9.01442422251675
0.7850383931130439	0.21937147308282093	9.014661910091302
0.7889585598737591	0.21482065214742493	9.01491345741063
0.795006596988032	0.2117331615095088	9.015218229465146
0.8004076545806883	0.20859275242958916	9.015514525496464
0.8055851252544458	0.20531671912066643	9.015820787642427
0.8106629981225179	0.2019627327202599	9.016138408727214
0.8160850635540536	0.19868204615114451	9.016483171434393
0.8212489514133015	0.19541414767795234	9.01683071363766
0.8263731104325451	0.1920327778279778	9.017196132328264
0.8315920622110187	0.18847291528232274	9.017592433759814
0.8368154006400416	0.18521967849063306	9.017990343935638
0.8421079274187329	0.18196821007911634	9.018408710314553
0.8473976959306332	0.1786712818730652	9.018846624873769
0.8526607496668234	0.17541218200337028	9.019301320266292
0.8579311603254486	0.1721377093928756	9.01977751502926
0.8631960239733821	0.1688817846848141	9.020274997781824
0.8684568477803215	0.16562574693517854	9.020795955228055
0.8737179954718227	0.1623703182412721	9.0213429888417
0.878981219703828	0.15910580307315306	9.02191872702381
0.8842482748629967	0.15584857489961534	9.022525424074523
0.8895130745908155	0.15259766958405496	9.023165472369412
0.8947767072228819	0.14934861918973466	9.023843016234485
0.9000386697542142	0.14610134616548812	9.024562075340294
0.9053078545916372	0.14285363205685164	9.025328615363945
0.9105683833905688	0.13961045454814294	9.026146551351788
0.9158249264978354	0.13636669650301625	9.027023597337255
0.9210820244582947	0.1331199631744329	9.027968372838076
0.926341581527789	0.12987152532180907	9.028989830278038
0.9316025899519095	0.12662447993344336	9.030098434121996
0.9368643861766501	0.12337662337662333	9.03130714212722
0.9421256873285958	0.12012987012987014	9.03263079348005
0.9473869884805417	0.11688311688311692	9.034087544080384
0.9526482896324876	0.11363636363636366	9.035698115140677
0.9579095907844334	0.11038961038961043	9.037486194597967
0.9631708919363793	0.10714285714285719	9.039479333223733
0.968432193088325	0.10389610389610394	9.041709635346082
0.9736934942402709	0.10064935064935071	9.044213806868415
0.9789547953922166	0.09740259740259746	9.047033431978337
0.9842160965441625	0.09415584415584421	9.050215253948217
0.9894773976961084	0.09090909090909097	9.053811433192365
0.5974025974025972	0.4894773976961082	9.451496589575926
0.6006493506493504	0.48421609654416226	9.452178239321457
0.6038961038961036	0.47895479539221647	9.452275278575827
0.607142857142857	0.47369349424027063	9.275531181501469
0.6103896103896101	0.46843219308832473	9.195790080205674
0.6136363636363634	0.4631708919363789	9.155488272415854
0.6168831168831167	0.45790959078443305	9.122505142282707
0.6201298701298699	0.45264828963248716	9.100672843418396
0.6233766233766231	0.44738698848054126	9.084574816640417
0.6266233766233764	0.44212568732859536	9.071382715952822
0.6298701298701296	0.4368643861766495	9.061203397563991
0.6331168831168829	0.4316030850247037	9.053486227830065
0.6363636363636362	0.42634178387275773	9.04703783278314
0.6396103896103895	0.4210804827208119	9.0417630924986
0.6428571428571427	0.41581918156886605	9.037520968766893
0.6461038961038961	0.41055788041692026	9.033932351933387
0.6493506493506495	0.4052965792649745	9.030903710244075
0.652597402597403	0.40003527811302875	9.028258795062968
0.6558441558441565	0.39477397696108313	9.026074488047572
0.6590909090909106	0.38951267580913784	9.024155426298128
0.6623376623376656	0.3842513746571931	9.022535928517101
0.6655844155844216	0.3789900735052492	9.021100927056636
0.6688311688311798	0.37372877235330754	9.019892697999603
0.6720779220779397	0.3684674712013689	9.018800833323525
0.6753246753247004	0.3632061700494364	9.017871002270178
0.6785714285714632	0.3579448688975112	9.017049242133057
0.6818181818182101	0.35268356774558685	9.016329846036365
0.6850649350649554	0.3474222665936603	9.015715663463276
0.6883116883116673	0.3421609654417331	9.015178279631181
0.6915584415584112	0.3368996642897851	9.014696196548497
0.6948051948051489	0.3316383631378164	9.01429567729785
0.6980519480519064	0.3263770619858326	9.013947469013814
0.7012987012987039	0.32111576083384646	9.013652816979407
0.7045454545455406	0.3158544596818849	9.013398596477542
0.7077922077923913	0.3105931585299701	9.013196596291865
0.7110389610392054	0.3053318573781052	9.013024512826162
0.7142857142859159	0.30007055622626405	9.012895405284484
0.7175324675324499	0.29480925507443334	9.01280037938764
0.7207792207783993	0.28954795392250404	9.012732682455072
0.724025974025463	0.2842866527704829	9.012692009103363
0.7272727272764309	0.2790253516218425	9.012680670414099
0.7305194805128518	0.2737640504838212	9.012694198543224
0.7338523826573655	0.26846106624364297	9.012733957893785
0.7372442006888136	0.26314212367957657	9.012799220071392
0.7406947930524828	0.2577724810452799	9.012886132332369
0.7438825956241556	0.2523450809629181	9.012984389569889
0.74926263362097	0.2479882352261362	9.013142123486311
0.7529693240588741	0.24167003315255625	9.013298793737947
0.7584557807291217	0.2412679663412663	9.01344595353719
0.7630483613362209	0.2372202072686165	9.013624579156685
0.7689568719759726	0.23552780319638406	9.013821760444936
0.7730356158541773	0.23089715447776818	9.014022166184972
0.779091678137603	0.22775167733336196	9.01427500948593
0.7846012898337109	0.22452254035602298	9.014526358687242
0.7897212301142237	0.22113935329723847	9.014782199350167
0.7948136044950234	0.21791827168935568	9.015045952052768
0.8002098336310988	0.21466093445229195	9.0153361687573
0.8054972190779814	0.21146800119308906	9.015634381710663
0.8107046912731304	0.20817172674624207	9.015946790057912
0.8159280470234389	0.20482579608350193	9.016275200261957
0.8211868844992978	0.20156067181986992	9.01661746127573
0.8263953306495105	0.1982216645523357	9.016974213581038
0.8316383631378861	0.19480519480519018	9.017351243690811
0.8368696922875656	0.19163086136060725	9.01773727613014
0.8421255641061708	0.18839602762772753	9.018142074793113
0.8473995969403423	0.18513505721811582	9.018565998530308
0.8526696859212493	0.18187106908461617	9.019007604748454
0.8579351904338105	0.17861136693753876	9.019468101671817
0.8631992978359136	0.17535518803145841	9.019948794244398
0.8684617137305968	0.17210183237743323	9.020451549271668
0.8737231678714729	0.16884959506813182	9.02097816378582
0.8789851277367963	0.1655961387699702	9.02153111137204
0.8842483902510438	0.16234282994891439	9.022112543166658
0.8895124104511667	0.15909151714959816	9.022725237158683
0.8947746973949519	0.15584361903355717	9.023371925531784
0.9000365528403848	0.15259644941021996	9.024056652951847
0.9052965792649661	0.14935064935064513	9.024783418751541
0.9105623515666575	0.14610344948752121	9.02555817549944
0.9158230124605415	0.1428578341473176	9.026385443379922
0.9210821579328751	0.13961154421245445	9.02727260828618
0.9263420803363228	0.13636418985131996	9.028227950850157
0.9316030850247043	0.13311688311688225	9.029260429619518
0.9368643861766502	0.12987012987012939	9.030380532795368
0.9421256873285958	0.12662337662337642	9.031600638329552
0.9473869884805416	0.12337662337662327	9.032935241125926
0.9526482896324875	0.12012987012987011	9.034401471620091
0.9579095907844334	0.11688311688311691	9.036019160055519
0.9631708919363793	0.1136363636363637	9.037810593145467
0.968432193088325	0.11038961038961044	9.03980101576492
0.9736934942402707	0.1071428571428572	9.042019267998656
0.9789547953922166	0.10389610389610393	9.04449743303361
0.9842160965441625	0.10064935064935071	9.047270258110421
0.9894773976961083	0.09740259740259755	9.050374828192352
0.6038961038961036	0.4894773976961082	9.451387373333104
0.607142857142857	0.48421609654416237	9.452125604515073
0.6103896103896101	0.4789547953922165	9.452208764190717
0.6136363636363635	0.47369349424027063	9.275519664669234
0.6168831168831167	0.4684321930883248	9.195755962480698
0.6201298701298699	0.4631708919363789	9.155448435396535
0.6233766233766231	0.45790959078443305	9.12246613415123
0.6266233766233764	0.4526482896324871	9.100632406857068
0.6298701298701297	0.4473869884805412	9.084534437813069
0.633116883116883	0.44212568732859536	9.071342634723964
0.6363636363636361	0.4368643861766495	9.061163833049337
0.6396103896103894	0.4316030850247037	9.053447545978543
0.6428571428571428	0.42634178387275784	9.04700043009762
0.6461038961038961	0.4210804827208119	9.041727246536619
0.6493506493506493	0.41581918156886605	9.037487018070278
0.6525974025974027	0.41055788041692026	9.033900655927932
0.655844155844156	0.40529657926497453	9.03087460741832
0.6590909090909098	0.4000352781130289	9.028232626940563
0.6623376623376641	0.39477397696108363	9.026051590927729
0.6655844155844188	0.3895126758091389	9.024136158682326
0.6688311688311748	0.38425137465719517	9.02252062250153
0.6720779220779315	0.37899007350525293	9.021089960963637
0.6753246753246888	0.37372877235331387	9.01988629132991
0.678571428571447	0.36846747120137907	9.018799246173998
0.6818181818181968	0.3632061700494444	9.01787472525661
0.6850649350649459	0.3579448688975085	9.017058581392112
0.6883116883116771	0.35268356774557236	9.01634508862137
0.6915584415584259	0.34742226659362396	9.015737091783892
0.6948051948051727	0.3421609654416627	9.015206145903305
0.6980519480519289	0.3368996642896949	9.01473076486515
0.7012987012987039	0.3316383631377294	9.014337120648294
0.7045454545454993	0.3263770619857775	9.013996030482382
0.707792207792303	0.3211157608338491	9.013708589950765
0.7110389610390987	0.3158544596819552	9.013461845598771
0.7142857142858698	0.3105931585300874	9.013267239558177
0.7175324675326067	0.30533185737823115	9.013102859763707
0.7207792207793579	0.30007055622640116	9.01298134749298
0.7240259740260964	0.2948092550745317	9.012893927608339
0.7272727272704061	0.28954795392300364	9.012833854887193
0.7305194805118574	0.2842866527712285	9.012800808175589
0.7337662337516179	0.2790253516131795	9.012796833238184
0.7370129869811769	0.2737640504542011	9.01281775523556
0.7403203449450583	0.26848096517481385	9.012864296328766
0.7436507913256825	0.2632377765190209	9.012935212612085
0.7468691602319888	0.25804715565892766	9.013022450453716
0.7493489052625548	0.2535978836444558	9.013103638305331
0.7534609920956468	0.25207545029100104	9.013214285996149
0.7569122768863019	0.2472729960860673	9.013339275475273
0.7630057774571448	0.24404362280148995	9.013536447978629
0.7684923157882223	0.24083541349863122	9.013731393439128
0.7737180423260924	0.23752737830286327	9.013934743183084
0.778913916599151	0.23407812529067973	9.01415345480961
0.7844031826511249	0.23076004796853428	9.014395049905419
0.7896736584544327	0.22746301684779954	9.014643577911043
0.7948718231268751	0.22422300072588175	9.014902972519865
0.8001174351092668	0.22096778532611877	9.015178242328988
0.8054013208120412	0.2177065465448914	9.015469336054402
0.8106646835879961	0.21443685647091462	9.015773888919925
0.8159013743307337	0.21118547646944252	9.016091714180076
0.8211509124259684	0.2079215862924048	9.016424769896531
0.8263963458828282	0.20463289805701743	9.016773062721713
0.8316383631377704	0.2012987012985452	9.01713755666185
0.836899664289749	0.19805194805187182	9.017516025431384
0.8421470993405268	0.19483940390589818	9.017909756885638
0.8474084353445682	0.19159610295904364	9.018321957366426
0.8526748676327749	0.1883408178390663	9.018752481986565
0.857939715360482	0.18508562239919443	9.019201062665969
0.8632026997838346	0.18183300523193804	9.019668828384143
0.8684647977658578	0.17858256870687725	9.020156995938551
0.8737263927814777	0.17533306708339816	9.020667398423752
0.8789878808783209	0.17208368644535174	9.021201934477352
0.8842498156433131	0.16883420594838983	9.021762929916507
0.8895121118967113	0.1655853663284308	9.022352706469947
0.894774201992994	0.1623374944723784	9.022974089909662
0.9000357665864162	0.159090544278045	9.023630237338809
0.9052969126110092	0.1558439066631894	9.024324968937835
0.910557880416917	0.15259740259740487	9.025062612022182
0.9158206986752945	0.14935076479296028	9.025848422589943
0.9210814577366103	0.14610424373918357	9.026687777208158
0.9263420594974878	0.14285735677139486	9.027587699479938
0.931603085024704	0.13961038961038885	9.028556128883855
0.9368643861766498	0.13636363636363572	9.029602002535407
0.9421256873285958	0.13311688311688263	9.030735702906215
0.9473869884805416	0.12987012987012958	9.031969159537226
0.9526482896324876	0.1266233766233765	9.033316026896506
0.9579095907844334	0.12337662337662332	9.034792186688732
0.9631708919363792	0.12012987012987013	9.03641604103573
0.9684321930883251	0.11688311688311692	9.038208085451453
0.9736934942402709	0.1136363636363637	9.04019085479901
0.9789547953922166	0.11038961038961045	9.042389397273878
0.9842160965441624	0.10714285714285718	9.044830842373385
0.9894773976961083	0.10389610389610388	9.047543040737336
0.6103896103896101	0.48947739769610826	9.451273990488511
0.6136363636363634	0.48421609654416237	9.452069322433859
0.6168831168831167	0.47895479539221647	9.452138379846557
0.6201298701298699	0.47369349424027063	9.275506495727212
0.6233766233766231	0.4684321930883248	9.195719175559752
0.6266233766233764	0.4631708919363789	9.155405370109465
0.6298701298701297	0.457909590784433	9.122423943377244
0.633116883116883	0.4526482896324871	9.10058880727466
0.6363636363636362	0.44738698848054126	9.084490897855305
0.6396103896103894	0.4421256873285954	9.071299451570653
0.6428571428571427	0.4368643861766495	9.06112123186878
0.6461038961038958	0.4316030850247037	9.053405926610601
0.6493506493506493	0.42634178387275773	9.046960215695739
0.6525974025974026	0.4210804827208119	9.0416887397939
0.655844155844156	0.4158191815688661	9.037450586021675
0.6590909090909095	0.4105578804169204	9.03386668605645
0.6623376623376632	0.40529657926497475	9.03084346669681
0.6655844155844174	0.4000352781130296	9.02820468317354
0.6688311688311721	0.3947739769610848	9.026027209272543
0.672077922077927	0.38951267580914095	9.024115721566979
0.6753246753246825	0.3842513746571987	9.022504492406716
0.6785714285714374	0.3789900735052574	9.021078541825476
0.6818181818181897	0.3737287723533183	9.019879762842166
0.6850649350649407	0.3684674712013778	9.018798003716988
0.6883116883116824	0.36320617004943706	9.017879214949106
0.691558441558433	0.3579448688974898	9.017069147327824
0.6948051948051827	0.3526835677455358	9.01636203038896
0.6980519480519373	0.3474222665935784	9.01576070699988
0.7012987012987016	0.342160965441622	9.015236696314366
0.7045454545454768	0.33689966428967266	9.014768530790407
0.7077922077922568	0.3316383631377356	9.01438227425677
0.711038961039033	0.3263770619858168	9.014048827958632
0.7142857142857945	0.3211157608339131	9.013769116285758
0.7175324675325494	0.31585445968203546	9.013530384326076
0.7207792207793015	0.31059315853016606	9.013343675776104
0.7240259740260792	0.30533185737828733	9.013187531402792
0.7272727272732108	0.30007055622665235	9.01307410981721
0.7305194805194223	0.29480925507615724	9.0129947795357
0.7337622439545477	0.28954631361934074	9.012942712770325
0.7370033289145138	0.28428373602455476	9.012917631236474
0.7402412064012355	0.2790226754332142	9.012921301811687
0.7434842430756755	0.27376159094857283	9.012949917445736
0.7467178262618964	0.26851016885138596	9.0130026068691
0.7500140989033438	0.26327592553868817	9.013079931130427
0.7532691447400129	0.25753349608329595	9.013175980238627
0.7581713129079104	0.25366068105546846	9.013322950609002
0.7630601173344448	0.2502049837345528	9.01347965787368
0.7684193905709333	0.2470476701722328	9.013660027513945
0.7737239988447348	0.24381209942541857	9.013853707712714
0.7789797371773644	0.24046429392452334	9.014062018478535
0.7842489357238884	0.23710158079813146	9.01428569637961
0.7895692253788703	0.23382259125817656	9.01452502204266
0.794831408988904	0.23056617687106673	9.014776781845718
0.8000806748662276	0.22730513840309427	9.015043203430855
0.8053370598182015	0.2240420982586216	9.015324520293923
0.8105962041744519	0.22078633214263263	9.015620377039001
0.8158544596818477	0.21753246753259844	9.015930657811971
0.8211157608337686	0.21428571428571278	9.016255843452951
0.8263770619857435	0.21103896103888423	9.016595829643448
0.8316383631377288	0.20779220779211502	9.016950982187412
0.8368996642897009	0.20454545454538373	9.017321521345847
0.842160965441643	0.20129870129866237	9.017707640677449
0.8474169573274777	0.1980660911064952	9.018109922041392
0.8526790995984647	0.1948186367410558	9.018530234850791
0.8579424696095274	0.1915673409052994	9.01896879224711
0.8632048164953353	0.18831745275035575	9.019425931744662
0.8684665860296256	0.18506861061177002	9.019902729317316
0.8737280205456454	0.18182092760031432	9.020400349801234
0.8789893697859333	0.17857336021808168	9.020920465821568
0.8842508438223597	0.1753257697545938	9.021464966249752
0.889512441008828	0.1720783284225532	9.022036117118574
0.8947740478283858	0.16883111593272668	9.022636401915706
0.9000354684537325	0.16558427345310775	9.023268729518987
0.9052967804840932	0.1623375119966073	9.023936415857436
0.9105579705735415	0.15909084168888235	9.024643276876832
0.9158191815688657	0.15584415584415837	9.025393685468345
0.921080825988374	0.15259748059893283	9.026192702953898
0.9263418402707841	0.14935068127175066	9.027045984940246
0.9316030850247037	0.14610389610389588	9.027960279143477
0.9368643861766494	0.1428571428571424	9.028943249341104
0.9421256873285956	0.13961038961038916	9.03000363706178
0.9473869884805414	0.13636363636363596	9.031151455703595
0.9526482896324874	0.13311688311688283	9.032398099300297
0.9579095907844334	0.12987012987012972	9.033756333751077
0.9631708919363793	0.1266233766233766	9.035240592321266
0.968432193088325	0.12337662337662338	9.036867411095734
0.9736934942402709	0.12012987012987013	9.03865510674192
0.9789547953922167	0.11688311688311692	9.040623273094967
0.9842160965441625	0.11363636363636369	9.042792893312265
0.9894773976961083	0.11038961038961051	9.04518587156125
0.6168831168831167	0.4894773976961082	9.451156064789073
0.6201298701298699	0.48421609654416237	9.452008824731394
0.6233766233766231	0.47895479539221647	9.452064105945214
0.6266233766233764	0.47369349424027063	9.275491431082296
0.6298701298701297	0.46843219308832473	9.195679468246057
0.6331168831168829	0.46317089193637884	9.155358848249179
0.6363636363636362	0.457909590784433	9.122378319087936
0.6396103896103894	0.4526482896324871	9.100541807189012
0.6428571428571427	0.4473869884805412	9.084443959486103
0.6461038961038958	0.4421256873285954	9.071252937259798
0.6493506493506492	0.4368643861766495	9.06107537475629
0.6525974025974024	0.4316030850247037	9.053361163259583
0.6558441558441559	0.42634178387275773	9.046916998458705
0.6590909090909093	0.42108048272081194	9.041647398758926
0.6623376623376628	0.41581918156886627	9.037411519208865
0.6655844155844166	0.41055788041692076	9.033830311363532
0.6688311688311708	0.4052965792649756	9.0308101818962
0.6720779220779248	0.4000352781130308	9.028174884437492
0.6753246753246792	0.3947739769610868	9.026001292888061
0.6785714285714333	0.38951267580914334	9.02409409418779
0.6818181818181863	0.3842513746572014	9.022487555645583
0.6850649350649379	0.37899007350525804	9.021066704822937
0.688311688311685	0.3737287723533147	9.019873186538787
0.6915584415584369	0.3684674712013682	9.018797224708237
0.6948051948051881	0.363206170049418	9.017884629640369
0.6980519480519417	0.357944868897466	9.017081133695173
0.7012987012987008	0.3526835677455145	9.016380903598657
0.7045454545454654	0.3474222665935667	9.015786779648577
0.7077922077922328	0.3421609654416253	9.015270238644211
0.7110389610389984	0.3368996642896933	9.014809840333742
0.7142857142857566	0.3316383631377697	9.014431519745768
0.7175324675325094	0.3263770619858593	9.014106278631926
0.7207792207792555	0.32111576083395615	9.013834846671614
0.7240259740260039	0.31585445968208764	9.013604696011848
0.7272727272726556	0.31059315853021147	9.01342641733014
0.7305191721845373	0.305331705690187	9.013279058404668
0.7337646342995399	0.30006982789844366	9.01317421125467
0.7370082107873933	0.29480735818072445	9.013103400209715
0.7402479385899188	0.2895431283281797	9.013059857574762
0.7434784064809917	0.28428028008772227	9.01304311414561
0.7467020392034368	0.27902104347105455	9.013054751003182
0.7499084904182503	0.2737768576533111	9.013090809601758
0.7530800661296299	0.26855280104065876	9.013149963122872
0.7562665177397977	0.2633524615145108	9.013231634410323
0.7587528788758606	0.25872470513274726	9.013310966081853
0.7634860196197097	0.25654346410181883	9.013447871746488
0.7685388979818978	0.253383399028033	9.01361119917393
0.7737474477372858	0.25016051976628806	9.013792439815312
0.7790042150059634	0.24687660789498914	9.01398957851687
0.7842690448198032	0.24358907033640892	9.01420181662674
0.7895430980882158	0.24030688605303785	9.014429132136422
0.7948156347281496	0.23703874095136085	9.01467132796723
0.8000760813876293	0.233781121411711	9.014928101805234
0.8053318573781302	0.23051948051946736	9.015200163313155
0.8105931585300521	0.2272727272728208	9.015487402301074
0.8158544596819728	0.22402597402605912	9.015789786942326
0.8211157608338422	0.22077922077925324	9.016107193432894
0.8263770619857683	0.21753246753245084	9.016439834231965
0.8316383631377229	0.21428571428567247	9.016787727502274
0.8368996642896823	0.2110389610389197	9.017151139612503
0.8421609654416331	0.2077922077921798	9.017530307864932
0.8474222665935748	0.20454545454544049	9.017925414684322
0.8526819960015583	0.2013032300660488	9.018337158397356
0.8579439250766817	0.19805512440996775	9.018766702769915
0.8632058103649388	0.19480673130004766	9.019214628439961
0.8684674712013564	0.19155844155843793	9.019681708512989
0.8737287723533003	0.18831168831168535	9.020168909830572
0.8789900735052436	0.18506493506493402	9.020677465944324
0.8842513762383161	0.181818181378099	9.021208895202932
0.8895126795690736	0.17857142911357188	9.021765022520738
0.8947739987266968	0.1753246590702897	9.022348078082267
0.9000353507894276	0.1720778678024062	9.022960613495288
0.9052966726768429	0.16883109904488347	9.023605585513238
0.9105579441041701	0.16558436797606121	9.024286355135404
0.9158192000462252	0.16233764850968377	9.025006774532882
0.9210804827208122	0.15909090909091061	9.025771220557585
0.9263417838727578	0.15584415584415698	9.026584673870907
0.9316030850247036	0.15259740259740304	9.027452806341545
0.9368643861766494	0.14935064935064943	9.028382096001474
0.9421256873285954	0.14610389610389593	9.029379938499028
0.9473869884805413	0.1428571428571425	9.030454693866092
0.9526482896324874	0.1396103896103893	9.031615817063598
0.9579095907844333	0.13636363636363613	9.032873983639966
0.9631708919363794	0.133116883116883	9.034240989004024
0.968432193088325	0.12987012987012983	9.035729758119926
0.9736934942402707	0.1266233766233766	9.037354723387416
0.9789547953922167	0.12337662337662338	9.039131715399337
0.9842160965441625	0.12012987012987016	9.04107725256415
0.9894773976961083	0.11688311688311692	9.04320814614721
0.6233766233766231	0.48947739769610826	9.45103316285118
0.6266233766233764	0.48421609654416237	9.451943798871424
0.6298701298701297	0.4789547953922165	9.451985735240122
0.633116883116883	0.47369349424027063	9.275474230563775
0.6363636363636361	0.4684321930883248	9.195636575088377
0.6396103896103894	0.4631708919363789	9.155308628773211
0.6428571428571427	0.45790959078443305	9.122328988548338
0.6461038961038958	0.4526482896324871	9.100491149808825
0.6493506493506491	0.44738698848054126	9.084393368248174
0.6525974025974024	0.44212568732859536	9.071202846195858
0.6558441558441558	0.4368643861766495	9.06102602746701
0.6590909090909091	0.4316030850247037	9.053313036092412
0.6623376623376626	0.4263417838727579	9.046870575739662
0.6655844155844162	0.4210804827208123	9.041603040402139
0.6688311688311699	0.4158191815688667	9.037369656932633
0.6720779220779236	0.4105578804169216	9.033791396041893
0.6753246753246774	0.4052965792649768	9.030774644591524
0.6785714285714312	0.40003527811303224	9.028143152033545
0.6818181818181843	0.3947739769610883	9.025973794863964
0.6850649350649366	0.38951267580914367	9.024071262717001
0.6883116883116865	0.38425137465719916	9.022469839774232
0.6915584415584389	0.37899007350525293	9.021054494076266
0.6948051948051909	0.37372877235330476	9.019866663847795
0.6980519480519444	0.36846747120135576	9.018797043369618
0.7012987012987004	0.36320617004940686	9.017891150023061
0.7045454545454596	0.35794486889745974	9.017094759809945
0.7077922077922203	0.35268356774551607	9.016401968511351
0.7110389610389802	0.3474222665935775	9.01581561092739
0.7142857142857361	0.3421609654416433	9.015307113614561
0.7175324675324891	0.3368996642897159	9.014855074838636
0.7207792207792391	0.33163836313779266	9.014485275813202
0.7240259740259841	0.3263770619858842	9.014168838239497
0.7272727272727364	0.32111576083399473	9.013906271752553
0.7305194805193993	0.31585445968209724	9.013685304196526
0.7337662337658385	0.310593158530275	9.013516017726745
0.7370119444349909	0.30533143484599734	9.01337802007702
0.7402551027809418	0.30006874535868655	9.013282263061326
0.7434940664304182	0.29480479615784344	9.013220462168897
0.7467271033836941	0.2895381463524031	9.01318586210519
0.7499420614624651	0.2842751392102676	9.013177802947284
0.753127286059703	0.27903614352303807	9.01319741859505
0.7562824756219687	0.2738275018599746	9.013240859477426
0.7592823420878272	0.26865889817946637	9.013303866158736
0.7629346665974626	0.2631467229608728	9.01340437762738
0.7686729793307464	0.2597818424161455	9.013577370052202
0.7738468911373465	0.25656276641203646	9.013748719864624
0.7790607553373953	0.25333491326926266	9.013935293392956
0.7842955592148743	0.25008075700647	9.014136956531365
0.7895511851534037	0.24680777596187098	9.014354147318427
0.7948129677749979	0.24353335971862777	9.014586505299713
0.8000741765737848	0.24027035558103393	9.014833954791264
0.8053324192555803	0.23701349061107022	9.015096625742894
0.8105931585300089	0.23376623376623917	9.015374944475054
0.8158544596819461	0.23051948051949706	9.01566897846275
0.8211157608338917	0.22727272727271774	9.01597871511042
0.8263770619857997	0.22402597402597435	9.016304061829487
0.8316383631377328	0.22077922077920656	9.016645098387167
0.8368996642896803	0.21753246753245045	9.01700186378393
0.8421609654416286	0.2142857142857012	9.017374543903216
0.8474222665935734	0.21103896103895267	9.017763387427102
0.8526835677455179	0.20779220779220206	9.01816859058957
0.8579446022471636	0.20454628507196934	9.018590781317359
0.8632061700494144	0.20129870129869532	9.019030772857867
0.8684674712013603	0.1980519480519435	9.019489347281123
0.8737287723533025	0.1948051948051931	9.019967475696715
0.8789900735052466	0.1915584415584409	9.020466237370242
0.8842513746571905	0.18831168831169057	9.020986843971707
0.8895126773240662	0.18506493424570392	9.02153077323767
0.8947739840991391	0.18181817652526994	9.022099800680715
0.9000353049577972	0.17857140852606554	9.02269608742399
0.9052966175254212	0.17532464673847148	9.023322160386831
0.9105579113360668	0.1720778989632461	9.02398096550572
0.9158191947242584	0.16883115898440326	9.024675874166931
0.9210804843227877	0.16558441438000351	9.025410728929167
0.9263417838727586	0.16233766233766325	9.026189874381187
0.9316030850247038	0.15909090909090987	9.027018214550466
0.9368643861766496	0.15584415584415642	9.02790128039557
0.9421256873285956	0.15259740259740284	9.028845309787789
0.9473869884805413	0.14935064935064937	9.029857337303186
0.9526482896324872	0.14610389610389593	9.030945227256437
0.9579095907844329	0.1428571428571427	9.03211773632814
0.9631708919363792	0.13961038961038946	9.03338463657981
0.9684321930883252	0.13636363636363627	9.034756624548022
0.9736934942402707	0.13311688311688308	9.036245110669453
0.9789547953922167	0.12987012987012989	9.03786237698624
0.9842160965441625	0.12662337662337664	9.039621604005871
0.9894773976961083	0.12337662337662333	9.041536121365327
0.6298701298701297	0.48947739769610826	9.45090486330898
0.633116883116883	0.48421609654416237	9.45187395116051
0.6363636363636362	0.47895479539221647	9.451902995299191
0.6396103896103895	0.47369349424027063	9.275454535908104
0.6428571428571427	0.4684321930883248	9.195590248742077
0.6461038961038958	0.4631708919363789	9.155254455140687
0.6493506493506492	0.45790959078443305	9.122275654008403
0.6525974025974024	0.45264828963248716	9.100436555849024
0.6558441558441558	0.4473869884805411	9.084338850684885
0.659090909090909	0.4421256873285953	9.071148915248763
0.6623376623376624	0.4368643861766495	9.060972939837768
0.6655844155844158	0.4316030850247037	9.05326131114638
0.6688311688311693	0.4263417838727581	9.04682073282997
0.672077922077923	0.4210804827208127	9.041555471905001
0.6753246753246765	0.4158191815688676	9.037324831224355
0.67857142857143	0.4105578804169225	9.033749799752643
0.6818181818181833	0.40529657926497786	9.030736744765692
0.6850649350649359	0.40003527811303236	9.028109408882857
0.6883116883116875	0.3947739769610871	9.025944672736918
0.6915584415584402	0.3895126758091411	9.024047222518503
0.6948051948051926	0.3842513746571941	9.02245138151627
0.6980519480519457	0.3789900735052465	9.021041968351232
0.7012987012987004	0.373728772353299	9.019860320673985
0.7045454545454568	0.3684674712013525	9.018797612387855
0.7077922077922137	0.3632061700494076	9.017898980259288
0.7110389610389705	0.35794486889746535	9.017110273372422
0.714285714285725	0.3526835677455255	9.016425516762297
0.7175324675324785	0.34742226659358927	9.015847536199248
0.720779220779229	0.3421609654416557	9.015347698445614
0.7240259740259788	0.3368996642897278	9.014904654595496
0.7272727272727172	0.3316383631377979	9.014544001771156
0.7305194805194403	0.3263770619858907	9.014237004423448
0.7337662337661612	0.3211157608339394	9.013983925401691
0.737012987012749	0.31585445968196174	9.013772775379698
0.7402593975356386	0.3105931060318429	9.013613067224624
0.7435040415905682	0.3053311853387669	9.013485037203807
0.7467434379450352	0.3000680942864352	9.013398910646723
0.7499796289303222	0.29480295008949137	9.013346696735345
0.7531976722528163	0.28953679573725777	9.013321420255108
0.7563659212970387	0.28429910281701204	9.013322034777389
0.7595050585047406	0.2790855710524977	9.013349599852189
0.7625876569385658	0.27399657424951507	9.013400333425407
0.7645337936271683	0.2690825742246312	9.013443170406733
0.7691132171550006	0.2661402070516891	9.013570710796435
0.7741093076206921	0.26291974171578797	9.013726053872157
0.7792080235363135	0.2597504230390932	9.013899282355181
0.7843692230386572	0.25654305362000324	9.01408951883446
0.7895700370243793	0.25330862806138793	9.01429596315925
0.7948213796794016	0.25003434264805097	9.014519445775038
0.8000774924953853	0.24676489616174416	9.014758231203395
0.8053346055612	0.24350826615299728	9.015012316938497
0.8105936855319148	0.24025982783490873	9.015281994294297
0.8158544596819125	0.23701298701297474	9.015567614606589
0.821115760833862	0.23376623376621514	9.015869320586388
0.8263770619858081	0.23051948051946158	9.016187194994549
0.831638363137742	0.22727272727271874	9.016521229214817
0.8368996642896834	0.22402597402596747	9.016871466094946
0.8421609654416291	0.22077922077921697	9.017237941166258
0.8474222665935734	0.21753246753246533	9.017620784541974
0.852683567745518	0.21428571428571283	9.018020224288113
0.8579448688974637	0.21103896103895878	9.018436478706013
0.8632061700494112	0.20779220779220411	9.01887005557919
0.8684674712013575	0.20454545454545095	9.019321607446939
0.873728772353303	0.20129870129869823	9.019792007029267
0.8789900735052485	0.19805194805194642	9.020282250953187
0.8842513746571945	0.194805194805196	9.020793484565159
0.8895126758091392	0.19155844155844523	9.02132698679045
0.8947739792567356	0.1883116865995328	9.021884246778049
0.9000352877337899	0.18506492788530993	9.022467014098504
0.9052965936053784	0.18181817110194634	9.023077380558918
0.9105578929163142	0.17857141922553002	9.023717810950165
0.9158191877682186	0.17532467068348923	9.024391185039
0.9210804838209931	0.172077921250774	9.025100815251117
0.926341783872759	0.16883116883116928	9.025850475593122
0.9316030850247042	0.1655844155844162	9.026644424095139
0.9368643861766498	0.16233766233766295	9.02748743572478
0.9421256873285956	0.15909090909090953	9.02838484170506
0.9473869884805414	0.1558441558441562	9.029342579699753
0.9526482896324872	0.15259740259740281	9.030367255768667
0.9579095907844329	0.14935064935064943	9.031466159894295
0.9631708919363788	0.1461038961038961	9.032647263016235
0.9684321930883248	0.1428571428571428	9.03391930124071
0.9736934942402709	0.13961038961038946	9.035291738998533
0.9789547953922167	0.13636363636363633	9.036774465775876
0.9842160965441625	0.13311688311688313	9.038377680952921
0.9894773976961084	0.1298701298701299	9.040111866882393
0.6363636363636362	0.48947739769610826	9.450770784862904
0.6396103896103895	0.48421609654416237	9.451798946672254
0.6428571428571427	0.4789547953922165	9.451815566119357
0.6461038961038958	0.47369349424027063	9.275431968690087
0.6493506493506492	0.4684321930883248	9.19554020847306
0.6525974025974023	0.46317089193637884	9.155196064248289
0.6558441558441557	0.457909590784433	9.122217996846802
0.659090909090909	0.45264828963248704	9.100377722417534
0.6623376623376623	0.4473869884805411	9.08428011291606
0.6655844155844156	0.4421256873285954	9.071090862612868
0.6688311688311691	0.4368643861766497	9.060915844841865
0.6720779220779224	0.43160308502470396	9.053205739569798
0.675324675324676	0.42634178387275856	9.046767242455674
0.6785714285714293	0.42108048272081317	9.0415044904611
0.6818181818181825	0.41581918156886843	9.037276866978956
0.6850649350649355	0.4105578804169226	9.033705378099652
0.6883116883116882	0.4052965792649769	9.030696371664364
0.6915584415584409	0.40003527811303097	9.02807358071574
0.6948051948051938	0.39477397696108457	9.025913889899497
0.6980519480519468	0.3895126758091379	9.024021980522177
0.7012987012987008	0.384251374657191	9.02243222675822
0.7045454545454554	0.3789900735052447	9.021029197578189
0.7077922077922105	0.3737287723532993	9.019854322376382
0.7110389610389656	0.3684674712013553	9.018799111409036
0.7142857142857194	0.3632061700494124	9.017908351413569
0.7175324675324725	0.3579448688974715	9.017127953943794
0.7207792207792241	0.3526835677455315	9.01645187523597
0.7240259740259768	0.3474222665935951	9.015882928929672
0.727272727272721	0.34216096544165636	9.015392410783958
0.7305194805194568	0.33689966428972934	9.014959042793164
0.7337662337661959	0.3316383631377769	9.014608201355477
0.7370129870129204	0.3263770619858155	9.01431132026781
0.7402597402596847	0.3211157608338438	9.014068388090502
0.7435064935064734	0.3158544596817321	9.013867721890866
0.7467521956856267	0.3105930515532375	9.013718209384429
0.7499951074084265	0.3053313309798837	9.013600778060942
0.7532283751002823	0.30006944728518403	9.013524845916558
0.7564535271017666	0.29480718651838617	9.013482679978766
0.7596344291187888	0.2895602224819826	9.01346694627612
0.7627715003827867	0.2843223702987676	9.013476485957062
0.7658846076242554	0.2790439762961411	9.013512206051319
0.7691374368414314	0.27309397720005235	9.013573441032321
0.7744267082556449	0.2691311699668961	9.013724007755599
0.7793874841481807	0.26615289384374374	9.013881129183888
0.784481758676203	0.2629861511547673	9.014058677423689
0.7896356608214657	0.259779327807013	9.014254152157605
0.7948410106592377	0.2565397596433378	9.014467241066498
0.8000860835145901	0.253267424031639	9.014697657370682
0.8053391286645017	0.2500034782087487	9.01494393557694
0.8105953957737403	0.24675360301675606	9.015205892597896
0.815854741101938	0.2435065068421786	9.015483782657297
0.8211157727936502	0.2402597403429947	9.015777828677413
0.8263770619857966	0.23701298701297535	9.016088205233407
0.8316383631377423	0.23376623376622488	9.01641509513769
0.836899664289685	0.23051948051947588	9.016758595025896
0.8421609654416299	0.22727272727272582	9.017118782661562
0.8474222665935747	0.22402597402597413	9.017495715763504
0.852683567745519	0.22077922077922152	9.017889499162061
0.8579448688974639	0.21753246753246783	9.018300332499786
0.8632061700494099	0.2142857142857133	9.018728442365974
0.8684674712013559	0.21103896103895914	9.019174242786422
0.8737287723533022	0.20779220779220509	9.019638315412521
0.8789900735052479	0.2045454545454514	9.02012146826255
0.8842513746571932	0.20129870129869923	9.020624694133092
0.8895126758091391	0.19805194805194715	9.021149167025444
0.8947739776372281	0.1948051943000711	9.021696219778134
0.9000352814210214	0.19155843908840361	9.022267373816645
0.9052965842661206	0.1883116845736763	9.022864376353363
0.9105578849053493	0.18506493170818716	9.023489269177459
0.91581918394952	0.181818180035473	9.024144437880077
0.9210804832143628	0.17857142820036306	9.024832658446671
0.9263417838727589	0.1753246753246754	9.025557126473162
0.9316030850247046	0.17207792207792236	9.026321483654451
0.9368643861766502	0.16883116883116922	9.027129834715028
0.9421256873285957	0.16558441558441603	9.02798676034625
0.9473869884805416	0.16233766233766278	9.028897330854972
0.9526482896324874	0.15909090909090953	9.029867124594647
0.9579095907844332	0.15584415584415612	9.0309022591943
0.9631708919363787	0.1525974025974028	9.032009391465735
0.9684321930883247	0.1493506493506494	9.033195662982669
0.9736934942402705	0.1461038961038961	9.03446871448765
0.9789547953922165	0.14285714285714282	9.035836686794553
0.9842160965441625	0.1396103896103896	9.037307927617954
0.9894773976961083	0.1363636363636364	9.038890625315576
0.6428571428571427	0.4894773976961082	9.450630526843872
0.6461038961038958	0.48421609654416237	9.45171854800027
0.6493506493506492	0.47895479539221647	9.45172305058212
0.6525974025974024	0.47369349424027063	9.275406083616728
0.6558441558441558	0.4684321930883248	9.195486093839508
0.6590909090909088	0.46317089193637884	9.15513317507613
0.6623376623376623	0.4579095907844329	9.122155678578963
0.6655844155844155	0.45264828963248704	9.10031432267857
0.6688311688311689	0.44738698848054126	9.084216839529667
0.6720779220779223	0.44212568732859553	9.071028386625061
0.6753246753246755	0.43686438617664985	9.060854457598756
0.6785714285714287	0.4316030850247043	9.053146056864366
0.681818181818182	0.42634178387275884	9.046709864322104
0.685064935064935	0.4210804827208133	9.041449883176526
0.6883116883116882	0.4158191815688675	9.03722558223398
0.691558441558441	0.41055788041692165	9.033657983292798
0.6948051948051942	0.40529657926497564	9.030653414894514
0.6980519480519475	0.40003527811302936	9.02803559746726
0.701298701298701	0.394773976961083	9.025881417405232
0.7045454545454549	0.389512675809137	9.023995558649245
0.7077922077922092	0.3842513746571912	9.022412428910776
0.711038961038963	0.3789900735052462	9.021016270118706
0.7142857142857165	0.3737287723533018	9.019848851212823
0.7175324675324695	0.3684674712013584	9.018801754933937
0.7207792207792217	0.3632061700494155	9.01791952751728
0.7240259740259741	0.3579448688974744	9.017148117375514
0.7272727272727264	0.352683567745535	9.016481410466938
0.7305194805194684	0.347422266593592	9.01592220505618
0.7337662337662144	0.3421609654416445	9.01544171302038
0.7370129870129519	0.33689966428968954	9.015018749823403
0.7402597402597083	0.33163836313772205	9.01467842681158
0.7435064935065258	0.3263770619857412	9.01439237800079
0.7467532467534204	0.32111576083381227	9.0141602903203
0.7499993045655482	0.3158544328655985	9.013970792813838
0.7532450722487015	0.3105931409523715	9.013832146653668
0.7564824017765425	0.30533248093640036	9.013725915335085
0.7597121103471407	0.3000742022643406	9.013660857960055
0.7629200990610485	0.29482455364192495	9.013629274775385
0.766080823329315	0.2895910994269711	9.0136237146276
0.7691193787664434	0.2844035059043896	9.013641292991187
0.772194250829939	0.2791380308250862	9.013685779153725
0.7748409602647128	0.27451805762300374	9.013743855404844
0.7798637917081965	0.27246949905349815	9.013892364995472
0.7846752557680383	0.2693874230762812	9.014048625529256
0.7897508502887902	0.26621879864132725	9.014230144416933
0.7948944279428277	0.2630210053416455	9.014430865610352
0.8001028047844753	0.25977220382086746	9.014650859156403
0.8053462381028801	0.2565040159584541	9.014888871142297
0.8105984220101418	0.25324830447303154	9.015143460229567
0.815855585807394	0.2500001121970143	9.01541437232057
0.8211158449414128	0.2467532505892106	9.015701591778276
0.8263770619857921	0.24350649350648682	9.016005177863825
0.8316383631377384	0.24025974025973426	9.016325297205107
0.8368996642896837	0.2370129870129829	9.016662174004823
0.8421609654416292	0.23376623376623185	9.017015989054984
0.847422266593575	0.23051948051948012	9.0173868871994
0.8526835677455193	0.2272727272727277	9.017774978874172
0.8579448688974644	0.22402597402597504	9.018180382116368
0.8632061700494096	0.22077922077922127	9.018603282003967
0.8684674712013555	0.21753246753246716	9.019043906580556
0.873728772353302	0.21428571428571272	9.019502614477735
0.8789900735052488	0.2110389610389577	9.019979920100937
0.8842513746571945	0.2077922077922028	9.020476550177747
0.8895126758091373	0.2045454545454512	9.020993445208893
0.8947739771504797	0.20129870115711682	9.021531759023846
0.9000352791957206	0.19805194724307218	9.022092838578414
0.9052965809054944	0.19480519357874784	9.022678225446862
0.9105578818945773	0.19155844045309636	9.023289671352783
0.915819182372099	0.1883116877100615	9.023929181829049
0.9210804828998898	0.18506493493029952	9.024599063422357
0.9263417838727586	0.18181818181818177	9.0253019710569
0.9316030850247042	0.17857142857142863	9.026040944607828
0.9368643861766502	0.1753246753246755	9.026819438357172
0.942125687328596	0.17207792207792236	9.02764133724389
0.9473869884805417	0.16883116883116916	9.028510959782587
0.9526482896324876	0.16558441558441592	9.029433052106718
0.9579095907844333	0.16233766233766264	9.030412777429483
0.9631708919363788	0.15909090909090942	9.031455714919687
0.9684321930883247	0.15584415584415603	9.03256784487487
0.9736934942402705	0.1525974025974027	9.033755464119743
0.9789547953922165	0.14935064935064943	9.03502512098609
0.9842160965441624	0.1461038961038961	9.036383601951954
0.9894773976961083	0.14285714285714282	9.037837666535701
0.6493506493506491	0.48947739769610826	9.45048366090701
0.6525974025974024	0.48421609654416237	9.451632462444318
0.6558441558441558	0.47895479539221647	9.451625192568057
0.659090909090909	0.47369349424027063	9.275376429620344
0.6623376623376623	0.4684321930883248	9.195427477977296
0.6655844155844154	0.46317089193637884	9.155065469642523
0.6688311688311689	0.457909590784433	9.122088338834855
0.672077922077922	0.4526482896324872	9.100246005056801
0.6753246753246754	0.4473869884805414	9.084148692239191
0.6785714285714287	0.4421256873285957	9.070961164372259
0.6818181818181819	0.43686438617664997	9.060788474274306
0.6850649350649348	0.43160308502470424	9.053081982132227
0.688311688311688	0.4263417838727585	9.04664834473767
0.6915584415584412	0.42108048272081255	9.041391427104726
0.6948051948051943	0.4158191815688667	9.037170788629462
0.6980519480519476	0.41055788041692076	9.03360746503916
0.701298701298701	0.40529657926497475	9.030607765812428
0.7045454545454547	0.4000352781130289	9.027995394891397
0.7077922077922084	0.39477397696108324	9.025847236747113
0.711038961038962	0.3895126758091377	9.023967996731612
0.7142857142857153	0.38425137465719256	9.022392050013677
0.7175324675324681	0.3789900735052478	9.021003315848281
0.7207792207792206	0.3737287723533033	9.019844096275856
0.7240259740259734	0.36846747120135975	9.018805794216947
0.7272727272727257	0.363206170049417	9.017932810879527
0.7305194805194732	0.3579448688974724	9.017171120582903
0.7337662337662229	0.3526835677455253	9.016514533430568
0.7370129870129695	0.347422266593574	9.015965827776755
0.7402597402597264	0.3421609654416171	9.015496117015301
0.7435064935065046	0.33689966428965357	9.015084337958484
0.7467532467533005	0.3316383631376956	9.014755283243566
0.7500000000002033	0.32637706198573674	9.014480822938266
0.7532467532472903	0.3211157608339447	9.014260316408938
0.7564910148837224	0.3158543163622309	9.014082688317762
0.7597341922082611	0.31059308751525366	9.01395553954067
0.7629679490816075	0.3053338568135414	9.013861210098936
0.7661859940840541	0.30008278288110624	9.013807479893165
0.7693475117916768	0.2948701292925064	9.013786679503097
0.7724477636682413	0.2897357664084501	9.013791624769647
0.7753373267641234	0.28458979217092145	9.013815442715797
0.7789353905664465	0.279146773569194	9.013882565694034
0.7846936021871472	0.27585769889752854	9.014053102865647
0.7898763863128763	0.2726380377487833	9.01422489644237
0.7949890944833079	0.26946221737465675	9.014412518893566
0.8001443792737432	0.2662578830693149	9.014619651244793
0.8053569100772671	0.2630100925217352	9.014846913332443
0.8106032046443379	0.25974642931237063	9.015093173321349
0.8158571412029954	0.25649426883812027	9.015356855614895
0.8211160968601097	0.253246764099648	9.015637584369095
0.8263770619857894	0.2499999999999948	9.015935084854432
0.8316383631377359	0.24675324675324287	9.016249262032504
0.8368996642896817	0.24350649350649056	9.016580201540448
0.8421609654416277	0.2402597402597382	9.01692809274074
0.8474222665935736	0.23701298701298554	9.017293145133836
0.8526835677455189	0.23376623376623304	9.017675559195657
0.8579448688974644	0.2305194805194808	9.018075508814896
0.8632061700494099	0.22727272727272782	9.018493154859511
0.8684674712013556	0.22402597402597427	9.018928693559003
0.8737287723533018	0.2207792207792206	9.019382360561474
0.8789900735052492	0.21753246753246552	9.019854485629729
0.8842513746571992	0.21428571428570817	9.020345529875868
0.8895126758091563	0.21103896103894448	9.020856140824696
0.8947739770121523	0.2077922077540157	9.02138718059524
0.9000352784516147	0.20454545429239232	9.021939740724358
0.9052965797753868	0.2012987009170338	9.022515134308023
0.9105578808714284	0.19805194771187948	9.023114888364281
0.9158191818161701	0.1948051946199213	9.023740741648444
0.9210804827777	0.1915584415156718	9.02439466269231
0.9263417838727586	0.18831168831168835	9.025078881161209
0.9316030850247042	0.18506493506493515	9.025795926271938
0.93686438617665	0.1818181818181819	9.026548662150937
0.9421256873285959	0.17857142857142871	9.027340317937075
0.9473869884805416	0.17532467532467555	9.028174505864728
0.9526482896324876	0.17207792207792236	9.02905522169326
0.9579095907844334	0.16883116883116905	9.029986828150625
0.9631708919363793	0.16558441558441583	9.030974023431119
0.9684321930883248	0.16233766233766264	9.032021810020701
0.9736934942402707	0.15909090909090925	9.033135463290593
0.9789547953922166	0.155844155844156	9.034320434740389
0.9842160965441624	0.15259740259740268	9.035582215668503
0.9894773976961083	0.1493506493506494	9.03692623876717
0.6558441558441557	0.48947739769610826	9.450329663947526
0.659090909090909	0.48421609654416237	9.451540271767398
0.6623376623376623	0.47895479539221647	9.451521683020154
0.6655844155844155	0.4736934942402707	9.275342570675
0.6688311688311689	0.46843219308832484	9.19536387590343
0.6720779220779219	0.4631708919363789	9.154992591056667
0.6753246753246752	0.45790959078443305	9.122015594914982
0.6785714285714285	0.4526482896324872	9.100172392185007
0.6818181818181818	0.4473869884805414	9.084075308336255
0.6850649350649349	0.4421256873285957	9.070888850101236
0.6883116883116881	0.4368643861766499	9.060717570895825
0.6915584415584412	0.43160308502470407	9.053013217378288
0.6948051948051944	0.42634178387275806	9.04658241636803
0.6980519480519476	0.4210804827208121	9.041328889456961
0.7012987012987009	0.41581918156886627	9.037112292084656
0.7045454545454545	0.4105578804169204	9.033553671711255
0.7077922077922079	0.4052965792649747	9.030559319239147
0.7110389610389612	0.40003527811302925	9.027952916498235
0.7142857142857147	0.39477397696108385	9.025811343746268
0.7175324675324677	0.3895126758091385	9.023939352002712
0.7207792207792204	0.38425137465719317	9.022371171194663
0.7240259740259729	0.3789900735052483	9.020990511500152
0.7272727272727255	0.373728772353304	9.019840273767814
0.7305194805194763	0.3684674712013584	9.018811516417088
0.7337662337662278	0.36320617004941175	9.017948546221044
0.737012987012978	0.35794486889746285	9.017197366566679
0.7402597402597338	0.3526835677455113	9.01655170484043
0.7435064935065014	0.34742226659355696	9.01601431281832
0.7467532467532805	0.342160965441606	9.015556189273978
0.7500000000000666	0.33689966428966706	9.01515642641302
0.7532467532468391	0.331638363137754	9.014839433048445
0.7564929341239486	0.3263769786244907	9.014577343960417
0.7597379512431818	0.3211155025139745	9.014369159697397
0.7629821203545033	0.31585394667588435	9.014204170643835
0.7662153076342663	0.31059340220536485	9.01408910126735
0.7694434018318139	0.30533566856197913	9.014007266029195
0.7725968467060617	0.3001206037278316	9.013964693703485
0.7757652823379267	0.29491563765722617	9.013955626439538
0.7787372663526702	0.28993085695541576	9.01397001571948
0.7805867659351788	0.2851904877571299	9.013976498751687
0.7850310362758269	0.2822638486571903	9.014092190490475
0.7900530352233548	0.27901824855179636	9.014243049645032
0.7951194726378555	0.27586273626241614	9.014415039101799
0.800223856633055	0.2727043301304312	9.014607409376167
0.8053884283962539	0.2694990069995808	9.014821089874829
0.8106110221347004	0.26624825933576857	9.015056152440643
0.815859934749474	0.2629903499223891	9.015311013116175
0.8211167971579924	0.25974041191967606	9.015584343849467
0.8263771075587228	0.2564934963152124	9.015875515412931
0.8316383631377334	0.25324675324674983	9.01618407614979
0.83689966428968	0.24999999999999759	9.016509772484744
0.842160965441626	0.2467532467532451	9.016852544688719
0.8474222665935723	0.24350649350649226	9.017212472163857
0.8526835677455181	0.2402597402597394	9.017589721805182
0.8579448688974637	0.2370129870129866	9.017984504091201
0.8632061700494097	0.23376623376623382	9.018397037000382
0.8684674712013556	0.23051948051948062	9.018827531728915
0.8737287723533016	0.22727272727272735	9.01927621645146
0.8789900735052489	0.22402597402597302	9.019743348000238
0.8842513746571979	0.2207792207792174	9.020229249610798
0.8895126758091534	0.21753246753245714	9.020734348190585
0.8947739769744201	0.21428571427573762	9.021259225117047
0.9000352782146969	0.21103896096294875	9.021804657657084
0.9052965794166297	0.207792207678781	9.022371648776785
0.9105578805492119	0.20454545444645025	9.022961435971936
0.9158191816399235	0.201298701245456	9.023575487918244
0.9210804827372862	0.19805194803956264	9.024215495688173
0.9263417838727586	0.19480519480519484	9.024883372010825
0.9316030850247042	0.19155844155844168	9.025581262676996
0.9368643861766501	0.18831168831168849	9.02631156844564
0.9421256873285958	0.18506493506493524	9.027076970043895
0.9473869884805416	0.181818181818182	9.027880452590365
0.9526482896324876	0.17857142857142877	9.028725322794282
0.9579095907844334	0.17532467532467552	9.02961520990535
0.9631708919363793	0.17207792207792227	9.030554046397492
0.968432193088325	0.16883116883116905	9.03154602592654
0.9736934942402709	0.16558441558441572	9.032595549084311
0.9789547953922166	0.16233766233766253	9.033707172318982
0.9842160965441625	0.1590909090909092	9.03488550438248
0.9894773976961083	0.15584415584415598	9.036135000339636
0.6623376623376622	0.48947739769610826	9.450167945396082
0.6655844155844155	0.48421609654416237	9.451441492318969
0.6688311688311688	0.4789547953922165	9.451412239678076
0.672077922077922	0.47369349424027074	9.27530404632754
0.6753246753246754	0.4684321930883249	9.195294754504603
0.6785714285714284	0.463170891936379	9.154914142043063
0.6818181818181817	0.4579095907844331	9.121937038982795
0.6850649350649348	0.4526482896324871	9.100093078609284
0.6883116883116881	0.44738698848054126	9.083996298698308
0.6915584415584414	0.44212568732859553	9.070811073507604
0.6948051948051944	0.43686438617664974	9.060641402192056
0.6980519480519477	0.43160308502470385	9.052939446934955
0.701298701298701	0.42634178387275784	9.04651179815916
0.7045454545454545	0.42108048272081194	9.041262028020574
0.7077922077922075	0.41581918156886616	9.037049893728804
0.711038961038961	0.41055788041692054	9.033496451854452
0.7142857142857143	0.405296579264975	9.030507975527991
0.7175324675324674	0.4000352781130296	9.027908115973078
0.7207792207792204	0.394773976961084	9.025773752870089
0.724025974025973	0.3895126758091387	9.023909697560695
0.7272727272727257	0.3842513746571933	9.022349892767599
0.7305194805194777	0.37899007350524744	9.020978095587969
0.7337662337662302	0.37372877235330115	9.019837637867951
0.7370129870129825	0.36846747120135354	9.018819248533944
0.7402597402597375	0.36320617004940453	9.017967125750717
0.7435064935064984	0.3579448688974545	9.017227310247916
0.7467532467532659	0.35268356774550663	9.016593441141877
0.7500000000000387	0.3474222665935658	9.016068234235119
0.7532467532468083	0.34216096544163604	9.01562255661193
0.7564935064935495	0.33689966428971957	9.015235696872614
0.7597402597402523	0.3316383631378416	9.014931600659018
0.7629848881627628	0.32637679472301434	9.014682693785732
0.7662275050764666	0.3211150745438479	9.014487632529855
0.7694651871896231	0.31585337239680567	9.014335916022782
0.7726949698657872	0.3105915382246449	9.014233710901804
0.775857704840389	0.30536342889569457	9.014164247914914
0.7789781366437243	0.30015745881694134	9.014133234810204
0.7820871133945558	0.2948940594864395	9.014133517147775
0.7852441736394892	0.2891126481633012	9.014155038321112
0.7903190451430171	0.285279440992825	9.014286838358863
0.7952838440851367	0.2822026116760151	9.014440501454091
0.8003414536939416	0.2791017363426032	9.01461685524439
0.8054558004021235	0.27595064654013296	9.014815075238905
0.8106355242758737	0.27273811127859726	9.015035885390384
0.8158659542828981	0.2694880555699862	9.015278981432798
0.8211183013864664	0.2662350045632795	9.015542826230062
0.8263773984077994	0.2629870276255943	9.01582618563546
0.8316383782271193	0.25974026137978407	9.016128281699437
0.8368996642896781	0.256493506493505	9.01644853353205
0.8421609654416248	0.25324675324675183	9.01678653234301
0.8474222665935711	0.24999999999999892	9.017142033372638
0.8526835677455175	0.24675324675324598	9.017514952737871
0.8579448688974632	0.24350649350649298	9.017905345321926
0.8632061700494089	0.2402597402597399	9.018313367874958
0.8684674712013551	0.23701298701298693	9.018739236643524
0.8737287723533015	0.23376623376623362	9.019183193185953
0.8789900735052476	0.23051948051948018	9.019645500600724
0.8842513746571958	0.22727272727272535	9.020126446521756
0.889512675809149	0.22402597402596716	9.02062636594483
0.8947739769644715	0.22077922077668632	9.021145671841275
0.9000352781424716	0.21753246751044894	9.021684898638211
0.9052965793082536	0.2142857142533382	9.022244746787335
0.9105578804536955	0.21103896101143368	9.022826121948652
0.9158191815882013	0.20779220777771676	9.023430158591424
0.9210804827252662	0.20454545454210601	9.024058227749931
0.9263417838727582	0.2012987012987013	9.024711931721212
0.9316030850247042	0.19805194805194806	9.025393094998975
0.93686438617665	0.19480519480519495	9.026103759662648
0.9421256873285958	0.19155844155844173	9.026846189000892
0.9473869884805417	0.18831168831168849	9.027622876485532
0.9526482896324876	0.18506493506493524	9.02843655779408
0.9579095907844334	0.18181818181818202	9.029290221334678
0.9631708919363793	0.17857142857142874	9.030187107930656
0.968432193088325	0.17532467532467552	9.031130692350304
0.9736934942402707	0.17207792207792225	9.032124639514192
0.9789547953922166	0.16883116883116894	9.033172736239067
0.9842160965441625	0.1655844155844157	9.03427881571825
0.9894773976961083	0.16233766233766247	9.03544662757747
0.6688311688311688	0.48947739769610826	9.449997826789383
0.6720779220779219	0.48421609654416237	9.451335612623822
0.6753246753246752	0.4789547953922166	9.45129647561991
0.6785714285714285	0.4736934942402708	9.275260429911837
0.6818181818181817	0.46843219308832496	9.195219549093563
0.6850649350649348	0.463170891936379	9.154829680284047
0.6883116883116881	0.4579095907844331	9.121852231974794
0.6915584415584412	0.4526482896324871	9.10000762708171
0.6948051948051943	0.44738698848054126	9.083911245601278
0.6980519480519477	0.44212568732859553	9.070727438287063
0.701298701298701	0.4368643861766497	9.060559600657932
0.7045454545454545	0.43160308502470385	9.052860337052785
0.7077922077922076	0.4263417838727579	9.046436195433465
0.711038961038961	0.42108048272081205	9.041190591802872
0.7142857142857141	0.4158191815688663	9.03698339112998
0.7175324675324672	0.4105578804169206	9.033435656103391
0.7207792207792204	0.405296579264975	9.0304536430032
0.7240259740259734	0.4000352781130294	9.027860960252498
0.7272727272727263	0.3947739769610839	9.025734502569227
0.7305194805194787	0.389512675809138	9.023879119189347
0.7337662337662314	0.3842513746571918	9.022328338593693
0.7370129870129843	0.37899007350524494	9.02096634797419
0.7402597402597388	0.37372877235329743	9.019836496149425
0.7435064935064962	0.36846747120134954	9.018829367799725
0.7467532467532573	0.36320617004940275	9.017988996220106
0.7500000000000209	0.35794486889745986	9.017261465263744
0.7532467532467839	0.3526835677455233	9.016640321203278
0.7564935064935386	0.34742226659359393	9.01612823073355
0.7597402597402656	0.3421609654416679	9.015695912367901
0.7629870129869358	0.3368996642897555	9.01532289902917
0.7662322018053002	0.33163815878861364	9.015032539709464
0.7694752170076073	0.32637647630541516	9.014797684034763
0.7727143533880426	0.3211146853272592	9.014616587217548
0.7759482539750172	0.3158541626778555	9.014479018752589
0.7791243526346343	0.31061369982735704	9.014389767414341
0.7822277433103608	0.3054163862260042	9.014333054275594
0.7853150737763234	0.30024610404837954	9.014314333011574
0.7883262315221446	0.2950126035198208	9.014324483354168
0.7908887027147218	0.2906050812944509	9.014354628515614
0.7954134789195729	0.2884742076141965	9.014487459780092
0.8004744101718612	0.2854618479906749	9.014649171265921
0.8055588158377822	0.2823612585223106	9.014831641040074
0.8106926861404298	0.2791967180283664	9.015036394393663
0.8158849827424177	0.27597790712038334	9.015264624853144
0.8211220648351335	0.2727306716750115	9.015516017219225
0.8263781201943914	0.26948128539629645	9.015789170184904
0.8316385633386841	0.2662339316448464	9.016082842526783
0.8368997030116886	0.2629870440510607	9.016396219794798
0.8421609654416234	0.25974025974026016	9.016728645065951
0.8474222665935701	0.25649350649350605	9.017079558915606
0.8526835677455166	0.25324675324675266	9.017448525753707
0.8579448688974628	0.24999999999999956	9.017835268257587
0.8632061700494086	0.2467532467532465	9.018239674077284
0.8684674712013545	0.24350649350649334	9.018661780216247
0.8737287723533006	0.24025974025974006	9.019101739315147
0.8789900735052472	0.23701298701298648	9.019559778841241
0.8842513746571941	0.23376623376623257	9.020036176041247
0.8895126758091422	0.23051948051947752	9.020531244720543
0.8947739769619238	0.22727272727209874	9.021045340479537
0.9000352781212845	0.2240259740197993	9.021578878936806
0.9052965792768949	0.22077922077030196	9.022132368108274
0.9105578804267526	0.2175324675251066	9.02270644853394
0.9158191815739002	0.21428571428194118	9.02330193463447
0.921080482721954	0.2110389610381027	9.023919847617913
0.9263417838727582	0.2077922077922079	9.02456143472345
0.9316030850247041	0.20454545454545459	9.025228173081716
0.93686438617665	0.20129870129870134	9.025921761939047
0.9421256873285958	0.19805194805194815	9.026644110186332
0.9473869884805416	0.19480519480519495	9.027397325673094
0.9526482896324875	0.19155844155844173	9.028183707638872
0.9579095907844334	0.1883116883116885	9.02900574261271
0.9631708919363792	0.18506493506493532	9.029866102667635
0.968432193088325	0.18181818181818202	9.030767639130156
0.9736934942402707	0.17857142857142874	9.03171336367673
0.9789547953922167	0.17532467532467544	9.032706406444603
0.9842160965441625	0.17207792207792216	9.033749938975935
0.9894773976961084	0.16883116883116894	9.034847058002109
0.6753246753246752	0.4894773976961083	9.449818519272112
0.6785714285714284	0.4842160965441624	9.45122211958441
0.6818181818181817	0.4789547953922166	9.451173841609224
0.6850649350649348	0.4736934942402708	9.27521134421381
0.6883116883116881	0.46843219308832484	9.195137691350837
0.6915584415584413	0.463170891936379	9.15473871511844
0.6948051948051944	0.457909590784433	9.121760695815988
0.6980519480519477	0.45264828963248704	9.099915564218081
0.701298701298701	0.44738698848054126	9.083819700801548
0.7045454545454545	0.44212568732859553	9.070637521215245
0.7077922077922075	0.4368643861766497	9.060471775898831
0.711038961038961	0.43160308502470385	9.05277553563372
0.7142857142857141	0.42634178387275795	9.04635530014687
0.7175324675324672	0.42108048272081205	9.041114321921802
0.7207792207792204	0.4158191815688663	9.036912579882312
0.7240259740259735	0.4105578804169206	9.033371139578916
0.7272727272727266	0.405296579264975	9.030396240779496
0.7305194805194795	0.40003527811302897	9.027811434024791
0.7337662337662326	0.39477397696108296	9.025693660581924
0.7370129870129856	0.3895126758091367	9.02384771437105
0.7402597402597394	0.3842513746571899	9.02230669833253
0.7435064935064952	0.3789900735052431	9.020955545751375
0.7467532467532525	0.3737287723532969	9.019837214102827
0.7500000000000112	0.3684674712013527	9.018842310632008
0.7532467532467694	0.3632061700494118	9.018014666669712
0.7564935064935234	0.35794486889747473	9.017300411378564
0.7597402597402686	0.3526835677455404	9.016692993632303
0.7629870129870016	0.3474222665936042	9.016195012503614
0.7662337662336817	0.34216096544166635	9.015777023131273
0.7694791483412664	0.3368994078408823	9.015418818277544
0.7727223893341266	0.3316376917042922	9.01514309870643
0.7759632334771295	0.3263759297997006	9.014923185676986
0.7791954339864735	0.32111453071806306	9.014756926820299
0.782389880029571	0.31586180377917067	9.014633538992541
0.785487488286249	0.3106587879123301	9.01455734907937
0.7885337206678845	0.30550075634317375	9.014513862205263
0.7914909552569381	0.30039834812027694	9.01450540029173
0.7949664474029284	0.29501149768237295	9.014538570449426
0.8006216587016715	0.2918107366417453	9.014703057696186
0.8056690489029088	0.28876979118309615	9.014869501247304
0.810790014161245	0.28561495445004603	9.015058931520068
0.8159331788611014	0.28244257793060884	9.015270877870392
0.8211356473992536	0.27922205852323784	9.01550721637185
0.8263798728789601	0.275977126912417	9.01576755670163
0.8316390328101817	0.2727286804318959	9.016050472111784
0.8369000185252639	0.26948097021480544	9.016354798232578
0.8421610600354167	0.26623384211995793	9.016679794280833
0.8474222665935697	0.262987012987015	9.017024777339332
0.8526835677455159	0.25974025974026016	9.017389071654442
0.8579448688974622	0.2564935064935064	9.017772072733633
0.8632061700494083	0.2532467532467531	9.01817330804459
0.8684674712013541	0.24999999999999992	9.018592467440735
0.8737287723533	0.24675324675324672	9.019029414949374
0.8789900735052463	0.24350649350649325	9.019484175930524
0.8842513746571937	0.24025974025973892	9.019956904412664
0.8895126758091401	0.23701298701298523	9.020447849172749
0.8947739769612875	0.2337662337660812	9.020957325986126
0.9000352781152777	0.23051948051779855	9.021485704495007
0.9052965792681565	0.22727272727034642	9.022033409857551
0.9105578804194628	0.22402597402407068	9.022600940034826
0.9158191815701295	0.22077922077827392	9.02318889530038
0.9210804827210928	0.21753246753225683	9.023798014760745
0.9263417838727582	0.2142857142857145	9.024429211562037
0.9316030850247041	0.21103896103896116	9.025083599673835
0.93686438617665	0.20779220779220786	9.025762507513273
0.9421256873285958	0.20454545454545459	9.026467477312664
0.9473869884805417	0.2012987012987013	9.027200253122418
0.9526482896324876	0.19805194805194815	9.027962763099138
0.9579095907844334	0.19480519480519495	9.028757099587258
0.9631708919363792	0.19155844155844173	9.02958549961658
0.9684321930883251	0.1883116883116885	9.030450328120109
0.9736934942402709	0.18506493506493527	9.0313540607875
0.9789547953922167	0.18181818181818196	9.03229925969469
0.9842160965441625	0.1785714285714287	9.033288529141386
0.9894773976961083	0.17532467532467536	9.03432441941443
0.6818181818181817	0.48947739769610826	9.449629112466809
0.6850649350649348	0.48421609654416237	9.45110048898889
0.6883116883116881	0.4789547953922166	9.451043607651805
0.6915584415584414	0.4736934942402708	9.275156443702857
0.6948051948051944	0.46843219308832484	9.195048632746454
0.6980519480519477	0.4631708919363789	9.154640707223193
0.701298701298701	0.4579095907844329	9.121661908040094
0.7045454545454543	0.45264828963248704	9.099816377530631
0.7077922077922075	0.44738698848054126	9.083721184133816
0.711038961038961	0.44212568732859553	9.070540871383372
0.7142857142857141	0.4368643861766497	9.06037751401813
0.7175324675324672	0.43160308502470374	9.052684672051688
0.7207792207792204	0.4263417838727579	9.046268791327329
0.7240259740259737	0.42108048272081205	9.041032952800625
0.7272727272727268	0.4158191815688663	9.03683725564319
0.7305194805194798	0.4105578804169204	9.033302764836028
0.7337662337662331	0.40529657926497437	9.030335702130218
0.7370129870129861	0.4000352781130283	9.027759546374005
0.7402597402597398	0.3947739769610821	9.025651323470013
0.7435064935064944	0.38951267580913584	9.023815609373214
0.7467532467532498	0.38425137465719	9.022285247075002
0.7500000000000059	0.37899007350524516	9.020946011760776
0.7532467532467618	0.373728772353302	9.019840212223093
0.7564935064935151	0.3684674712013607	9.01885857872964
0.7597402597402639	0.36320617004942074	9.018044716141587
0.7629870129870069	0.35794486889748023	9.017344802568713
0.7662337662337465	0.3526835677455363	9.016752184744321
0.769480519480489	0.3474222665935833	9.01626936849084
0.772726349160608	0.3421607071101446	9.015866702711493
0.7759695226575444	0.3368987296688713	9.015524335200292
0.7792092299972451	0.3316366762737433	9.015264157668534
0.7824489753581794	0.32637532859850316	9.015060195018103
0.785647419808904	0.32110779391245753	9.014908780397336
0.7887646263767062	0.3158886494282908	9.014799860060615
0.7918088426159877	0.3107045102454438	9.014736995924496
0.7948714754775369	0.3055808476817541	9.014709265830577
0.7966696925843815	0.30083197773432396	9.014682549092992
0.801354412121069	0.29794752885179626	9.014800475936765
0.805996163390299	0.29500064859382724	9.014936782951898
0.8109494749598943	0.2919689052913507	9.015104748056247
0.8160218975376677	0.2888662429134073	9.0152990124124
0.821173028087899	0.2856956992073963	9.015518721719415
0.8263881949519267	0.28247217566028515	9.015764007564487
0.8316399552676387	0.2792260459132137	9.016034000100928
0.8369008071510676	0.27597642685630597	9.01632718232574
0.8421615678020379	0.27272797525428544	9.016642577688637
0.8474223877222409	0.26948061665384215	9.016979563111036
0.8526835677455166	0.2662337662337689	9.017337451850208
0.8579448688974621	0.26298701298701405	9.017715488585567
0.8632061700494081	0.25974025974026005	9.018112941474142
0.8684674712013539	0.2564935064935065	9.018529165909667
0.8737287723532999	0.2532467532467532	9.01896365153169
0.8789900735052458	0.25	9.019416059577358
0.8842513746571921	0.2467532467532466	9.019886236699582
0.8895126758091434	0.2435064935064891	9.020374202473038
0.894773976961132	0.24025974025970392	9.020880121046643
0.9000352781136258	0.23701298701254073	9.02140426756332
0.9052965792658009	0.23376623376561576	9.021947000743113
0.910557880417559	0.2305194805190027	9.022508747326341
0.9158191815691735	0.22727272727249706	9.023090001636588
0.9210804827208791	0.2240259740259242	9.023691339730705
0.9263417838727585	0.220779220779221	9.024313444912963
0.9316030850247042	0.2175324675324677	9.024957138160447
0.9368643861766499	0.21428571428571444	9.02562340632898
0.9421256873285957	0.21103896103896114	9.026313422147966
0.9473869884805416	0.20779220779220786	9.027028551910169
0.9526482896324876	0.20454545454545459	9.027770349480527
0.9579095907844334	0.20129870129870137	9.028540539053848
0.9631708919363792	0.19805194805194815	9.029340989739291
0.968432193088325	0.19480519480519498	9.030173685285098
0.9736934942402709	0.1915584415584417	9.03104069330019
0.9789547953922166	0.18831168831168849	9.03194413405383
0.9842160965441625	0.18506493506493518	9.032886142647962
0.9894773976961084	0.18181818181818193	9.033868804770647
0.6883116883116881	0.48947739769610826	9.449428574423814
0.6915584415584413	0.48421609654416237	9.45097014229785
0.6948051948051944	0.4789547953922166	9.45090491685985
0.6980519480519479	0.4736934942402708	9.27509535359234
0.701298701298701	0.46843219308832484	9.194951841502258
0.7045454545454543	0.463170891936379	9.154535069897205
0.7077922077922075	0.45790959078443305	9.121555303308755
0.7110389610389608	0.4526482896324871	9.099709515702338
0.7142857142857141	0.44738698848054126	9.083615182125088
0.7175324675324672	0.44212568732859553	9.070437008868625
0.7207792207792205	0.43686438617664963	9.060276376762795
0.7240259740259738	0.4316030850247038	9.052587357012998
0.727272727272727	0.4263417838727579	9.046176335753792
0.73051948051948	0.42108048272081194	9.04094621376892
0.7337662337662333	0.41581918156886605	9.03675721675778
0.7370129870129865	0.41055788041691993	9.033230405444286
0.7402597402597401	0.4052965792649739	9.030271978824835
0.743506493506494	0.4000352781130281	9.027705338456636
0.7467532467532485	0.39477397696108235	9.025607612544023
0.7500000000000032	0.3895126758091372	9.023782961952724
0.7532467532467577	0.384251374657193	9.022264359972162
0.7564935064935109	0.37899007350524977	9.02093813275279
0.7597402597402617	0.37372877235330687	9.019845974415132
0.7629870129870092	0.36846747120136375	9.018878747565113
0.7662337662337549	0.36320617004941863	9.018079802881426
0.7694805194805042	0.3579448688974707	9.017395376171086
0.7727272727272676	0.3526835677455192	9.016818707292494
0.7759740259740409	0.3474222665935535	9.016352174646812
0.7792173101505492	0.34215979652227596	9.015965841775126
0.7824560629900006	0.33689693522043757	9.01564034538592
0.7856899388407327	0.33163469832956644	9.01539664732285
0.7889305410836498	0.32637647680504606	9.015209821007614
0.792044300238595	0.32112447455524723	9.015073475141149
0.7950876500607204	0.3159259661266243	9.01497861649237
0.7981074971255802	0.31067231760633146	9.01492805357055
0.8013415750275295	0.30498636270382473	9.014909057196263
0.8062827697401246	0.3012039069769557	9.015025622587721
0.8111282880493605	0.2982654566128197	9.015173114675774
0.8161406409626975	0.2952465683003202	9.015349034906007
0.8212420811291227	0.29213977786205525	9.015551371982854
0.8264147670298289	0.2889578058800111	9.01578007030998
0.8316445159250879	0.28572602424735066	9.016035181734468
0.8369018152724513	0.2824753086741028	9.016315522276658
0.8421627652445571	0.27922367271497306	9.016619592597854
0.8474229257058989	0.2759747344014327	9.01694662483228
0.8526836576805176	0.2727273448760261	9.017296083906828
0.8579448688974631	0.2694805194805217	9.017667266290912
0.8632061700494083	0.26623376623376754	9.01805937394991
0.8684674712013539	0.26298701298701355	9.018471595840113
0.8737287723532999	0.25974025974025994	9.01890315483782
0.8789900735052458	0.25649350649350655	9.019353363280073
0.8842513746571918	0.25324675324675316	9.01982167784376
0.8895126758091391	0.24999999999999892	9.020307738233747
0.8947739769610947	0.24675324675323831	9.020811380751384
0.900035278113184	0.2435064935063779	9.021332627715047
0.9052965792651841	0.24025974025958383	9.021871659973302
0.9105578804170769	0.23701298701287019	9.022428784022777
0.915819181568939	0.23376623376617944	9.023004403334005
0.9210804827208277	0.23051948051946922	9.023599000699106
0.9263417838727583	0.2272727272727275	9.024213134571012
0.9316030850247042	0.22402597402597424	9.024847448963131
0.9368643861766501	0.220779220779221	9.025502692902782
0.9421256873285958	0.21753246753246785	9.026179743475863
0.9473869884805416	0.21428571428571444	9.026879626563714
0.9526482896324876	0.21103896103896114	9.027603530070062
0.9579095907844334	0.2077922077922079	9.028352805372302
0.9631708919363792	0.20454545454545459	9.02912895567242
0.968432193088325	0.20129870129870134	9.029933611944948
0.9736934942402707	0.19805194805194815	9.030768498480953
0.9789547953922166	0.19480519480519493	9.031635391924501
0.9842160965441625	0.19155844155844168	9.03253607371063
0.9894773976961083	0.18831168831168843	9.033472263557458
0.6948051948051945	0.48947739769610826	9.449215765538632
0.6980519480519478	0.48421609654416237	9.450830396474627
0.701298701298701	0.4789547953922166	9.450756891603852
0.7045454545454545	0.4736934942402708	9.275027595853052
0.7077922077922074	0.46843219308832484	9.194846764937951
0.7110389610389607	0.463170891936379	9.1544211688836
0.7142857142857141	0.45790959078443305	9.121440280270114
0.7175324675324672	0.4526482896324871	9.09959438966498
0.7207792207792205	0.44738698848054126	9.083501145962343
0.7240259740259738	0.4421256873285954	9.070325422920796
0.727272727272727	0.43686438617664963	9.060167900451198
0.7305194805194802	0.4316030850247037	9.052483182491974
0.7337662337662335	0.42634178387275773	9.046077588965062
0.7370129870129866	0.42108048272081183	9.040853831205922
0.7402597402597401	0.4158191815688658	9.036672267639569
0.7435064935064938	0.4105578804169199	9.033153950296603
0.7467532467532477	0.40529657926497414	9.030205046842637
0.7500000000000019	0.40003527811302897	9.02764889251535
0.7532467532467558	0.3947739769610845	9.02556266732139
0.7564935064935087	0.38951267580914034	9.023749980914495
0.7597402597402606	0.38425137465719633	9.022244449609238
0.7629870129870109	0.3789900735052519	9.020932381681147
0.7662337662337602	0.37372877235330626	9.01985506458026
0.7694805194805104	0.36846747120135875	9.018903478213533
0.7727272727272667	0.3632061700494103	9.018120674994586
0.77597402597404	0.35794486889746285	9.017452962907937
0.7792207792208422	0.3526835677455115	9.016893469406085
0.7824657183820092	0.3474211445376683	9.016444279051969
0.785704662316468	0.342157179005945	9.016075351163842
0.7889336886595166	0.3368921871623696	9.01576769411278
0.7921556668684341	0.3316298088450463	9.015541358258288
0.7953817952455352	0.32637602017961237	9.015372294760683
0.7983791100360436	0.3211776466327819	9.015251901322687
0.801287260102042	0.3160554789900524	9.015170917444438
0.8041749988949349	0.310805717855028	9.015131316976705
0.8066961775456917	0.3064806180787383	9.015129323713484
0.8111800023067984	0.30454282702072777	9.015262277611031
0.8162388311977437	0.30161169834891627	9.015422053107356
0.8213307003890463	0.29856277070987464	9.015606743973485
0.8264675384828174	0.29542690195982996	9.015817515690445
0.8316626674986763	0.29222308616033094	9.01605569562234
0.8369043411998579	0.28897901220178385	9.016321153678645
0.842164035425523	0.28572260057787646	9.016612408239974
0.8474240576317275	0.28246998144478835	9.016928037203842
0.8526840113512836	0.27922122772162533	9.017267401907333
0.8579449053575997	0.2759740552235193	9.017629925673932
0.8632061700494096	0.27272727272727376	9.01801486120202
0.8684674712013544	0.2694805194805205	9.018421390685445
0.8737287723533002	0.26623376623376677	9.018848656886378
0.8789900735052458	0.26298701298701327	9.019295790483268
0.8842513746571918	0.2597402597402598	9.019761963537993
0.8895126758091378	0.2564935064935064	9.020246450206725
0.8947739769610861	0.2532467532467514	9.02074868195316
0.9000352781130685	0.24999999999997077	9.02126828538192
0.9052965792650268	0.2467532467532081	9.021805095714889
0.9105578804169582	0.24350649350646567	9.022359146119852
0.9158191815688833	0.24025974025972782	9.022930640478476
0.9210804827208158	0.23701298701298465	9.02351991982926
0.9263417838727585	0.23376623376623396	9.024127432019329
0.9316030850247042	0.2305194805194807	9.024753711122203
0.93686438617665	0.22727272727272746	9.025399369619068
0.9421256873285958	0.22402597402597424	9.026065102452895
0.9473869884805417	0.22077922077922096	9.0267516991193
0.9526482896324876	0.2175324675324677	9.027460058972649
0.9579095907844334	0.21428571428571444	9.02819120482719
0.9631708919363793	0.21103896103896114	9.028946289493158
0.968432193088325	0.2077922077922079	9.029726591117624
0.9736934942402709	0.20454545454545459	9.030533494992923
0.9789547953922167	0.2012987012987014	9.031368460736525
0.9842160965441625	0.19805194805194817	9.032232974343444
0.9894773976961084	0.19480519480519495	9.033128476068446
0.7012987012987011	0.48947739769610826	9.448989448949972
0.7045454545454544	0.4842160965441624	9.450680447473902
0.7077922077922075	0.4789547953922166	9.450598709797076
0.7110389610389607	0.4736934942402708	9.274952572412824
0.7142857142857139	0.46843219308832484	9.19473278347459
0.7175324675324672	0.4631708919363789	9.154298320030053
0.7207792207792205	0.457909590784433	9.121316200868065
0.7240259740259738	0.45264828963248704	9.099470369445667
0.727272727272727	0.44738698848054126	9.083378488781092
0.7305194805194802	0.4421256873285953	9.070205570067166
0.7337662337662336	0.43686438617664947	9.060051594967225
0.7370129870129868	0.4316030850247036	9.05237172194016
0.7402597402597401	0.4263417838727577	9.045972196769199
0.7435064935064936	0.4210804827208117	9.040755531418101
0.7467532467532472	0.41581918156886594	9.036582223087231
0.750000000000001	0.4105578804169205	9.033073308688111
0.7532467532467553	0.4052965792649753	9.030134914769407
0.7564935064935088	0.40003527811303136	9.027590338370944
0.7597402597402593	0.3947739769610875	9.025516650271738
0.7629870129870111	0.3895126758091427	9.023716995546755
0.7662337662337626	0.3842513746571977	9.022225943582368
0.7694805194805155	0.3789900735052511	9.020929318597533
0.7727272727272699	0.37372877235330293	9.019868138865903
0.7759740259740299	0.3684674712013552	9.018933529578737
0.7792207792208	0.3632061700494112	9.018168181839128
0.7824675324675975	0.35794486889746985	9.017518497473796
0.7857132688357983	0.3526827733533347	9.016977394256196
0.7889551118453304	0.34741844279502904	9.01654670693005
0.7921847448210371	0.3421506106295165	9.016196120101368
0.7953962672109215	0.3368807978814527	9.015907165555936
0.7985942165632606	0.33161740612764556	9.015698853236637
0.8017398879865514	0.3263787370015481	9.015547097469671
0.8045972644711156	0.3212247889971184	9.015441545307107
0.8072278271776904	0.3160791886412093	9.015366943017261
0.810715489502756	0.3109324587055974	9.01536329636142
0.8162556129177909	0.30802975249558046	9.015519858253752
0.8214161902963996	0.3050046891972704	9.015686918555273
0.8265421227851864	0.3018897512189722	9.015878380191694
0.8317036544680279	0.2987124556008355	9.01609763429616
0.8369139729460776	0.2954862882133158	9.016345651030148
0.8421661538712333	0.2922250639331317	9.016622140587748
0.8474252721911143	0.288965202507888	9.016924933342542
0.8526846118621036	0.2857156747002524	9.01725291601218
0.8579450340417424	0.2824676926949454	9.01760541038734
0.8632061762997193	0.2792207842349758	9.017981674914639
0.8684674712013556	0.2759740259740256	9.018380908592638
0.8737287723533007	0.272727272727273	9.018802269946844
0.8789900735052462	0.2694805194805198	9.019244864700788
0.8842513746571918	0.26623376623376643	9.01970775994929
0.8895126758091376	0.2629870129870131	9.020190025341842
0.8947739769610839	0.2597402597402595	9.020690788012478
0.9000352781130389	0.2564935064934994	9.021209292733767
0.9052965792649875	0.253246753246744	9.021744955809838
0.9105578804169295	0.2499999999999936	9.022297401439074
0.9158191815688702	0.24675324675324398	9.02286647367252
0.9210804827208131	0.2435064935064931	9.023452224760911
0.9263417838727585	0.2402597402597404	9.024054886887042
0.9316030850247042	0.23701298701298715	9.024674837041369
0.93686438617665	0.2337662337662339	9.025312564092596
0.9421256873285958	0.2305194805194807	9.025968644421786
0.9473869884805416	0.2272727272727275	9.026643728764723
0.9526482896324875	0.2240259740259742	9.027338539347044
0.9579095907844334	0.22077922077922096	9.028053874399104
0.9631708919363792	0.2175324675324678	9.028790616323002
0.968432193088325	0.21428571428571444	9.029549738497593
0.9736934942402707	0.21103896103896116	9.030332305282684
0.9789547953922167	0.2077922077922079	9.031139460233653
0.9842160965441625	0.2045454545454546	9.031972396533304
0.9894773976961083	0.20129870129870142	9.032832296646864
0.7077922077922075	0.48947739769610826	9.44874829091046
0.7110389610389607	0.48421609654416237	9.450519416726047
0.7142857142857141	0.4789547953922166	9.450429571206486
0.7175324675324672	0.4736934942402708	9.274869638011964
0.7207792207792205	0.46843219308832484	9.194609200064038
0.7240259740259738	0.46317089193637895	9.154165781403647
0.7272727272727271	0.45790959078443305	9.121182380223429
0.7305194805194802	0.45264828963248704	9.099336778643107
0.7337662337662334	0.44738698848054115	9.083246582049712
0.7370129870129868	0.4421256873285951	9.070076872041687
0.7402597402597401	0.4368643861766494	9.059926942976062
0.7435064935064934	0.4316030850247036	9.052252530980494
0.7467532467532468	0.42634178387275773	9.045859797467456
0.7500000000000003	0.42108048272081205	9.040651044499056
0.7532467532467542	0.4158191815688665	9.036486913678432
0.7564935064935074	0.41055788041692126	9.032988416666582
0.7597402597402657	0.40529657926498436	9.030061635624405
0.7629870129870273	0.4000352781130541	9.027529849933323
0.7662337662337753	0.39477397696110417	9.025469770264047
0.7694805194805245	0.3895126758091528	9.023684495129524
0.7727272727272756	0.384251374657201	9.022209352801353
0.7759740259740302	0.3789900735052519	9.020929590834799
0.7792207792207915	0.373728772353305	9.019885955853319
0.7824675324675567	0.36846747120136164	9.018969771103952
0.7857142857143277	0.3632061700494256	9.018223285485506
0.7889606339067826	0.35794455243379963	9.0175929927803
0.7922042730613575	0.35268079690038556	9.017071570969001
0.7954399660396709	0.3474123508576266	9.016660453082457
0.7986545233193113	0.3421367771867076	9.016329085504289
0.801840037660943	0.3368548514996446	9.016059414078486
0.8049970024057838	0.33157462447060587	9.015868794801579
0.8121816602265032	0.3164219656534935	9.015552101359477
0.8080116347499545	0.32631132358649906	9.015732018992635
0.8104102898687904	0.32103472164596636	9.01562608602039
0.8163328582380494	0.3139237940481808	9.015644061239017
0.8215175002448574	0.3115413401386155	9.01580025427762
0.8266292138941438	0.3083773214066318	9.015967367697984
0.8317646791436224	0.30520159266632957	9.016164491387885
0.8369452571076952	0.3019872516134279	9.016392278636808
0.8421715991937049	0.2987369703896608	9.016650666972444
0.8474268763305758	0.2954696837686598	9.01693848028138
0.85268526658177	0.2922115865404276	9.017253532316358
0.8579451649283846	0.2889614508264414	9.017594743151491
0.8632061958281199	0.28571431004363085	9.017961183798386
0.8684674712013551	0.28246753246752915	9.018351930271676
0.873728772353301	0.2792207792207777	9.018766097227449
0.8789900735052464	0.27597402597402554	9.019202781664086
0.8842513746571922	0.27272727272727276	9.019661037930133
0.8895126758091378	0.26948051948051954	9.020139879393954
0.8947739769610834	0.2662337662337664	9.02063830113646
0.9000352781130313	0.26298701298701144	9.021155320426168
0.9052965792649778	0.2597402597402577	9.021690030540741
0.9105578804169229	0.25649350649350516	9.022241659319304
0.9158191815688674	0.2532467532467527	9.022809620877624
0.9210804827208124	0.24999999999999992	9.023393549306958
0.9263417838727583	0.24675324675324686	9.023993308191445
0.9316030850247042	0.2435064935064936	9.024608976818163
0.93686438617665	0.24025974025974037	9.025240819763239
0.9421256873285958	0.23701298701298715	9.025889249109264
0.9473869884805417	0.23376623376623393	9.026554788015654
0.9526482896324876	0.2305194805194807	9.027238041655368
0.9579095907844334	0.22727272727272746	9.027939677947188
0.9631708919363792	0.2240259740259742	9.028660417746712
0.9684321930883251	0.22077922077922096	9.029401032562491
0.9736934942402709	0.21753246753246772	9.030162345967183
0.9789547953922167	0.2142857142857144	9.030945233102203
0.9842160965441625	0.21103896103896114	9.031750610849079
0.9894773976961083	0.2077922077922078	9.032579402887864
0.7142857142857141	0.48947739769610826	9.448490896361422
0.7175324675324672	0.48421609654416237	9.450346431005654
0.7207792207792205	0.4789547953922166	9.450248625766461
0.7240259740259738	0.4736934942402708	9.274778113483789
0.727272727272727	0.4684321930883249	9.194475244473617
0.7305194805194802	0.4631708919363789	9.15402274311239
0.7337662337662336	0.4579095907844329	9.121038078861957
0.7370129870129866	0.452648289632487	9.099192889350187
0.7402597402597401	0.44738698848054104	9.08310475158021
0.7435064935064934	0.4421256873285952	9.069938713706476
0.7467532467532467	0.43686438617664947	9.05979339953979
0.7500000000000003	0.4316030850247037	9.052125148809994
0.7532467532467534	0.42634178387275806	9.045740025041157
0.7564935064935067	0.4210804827208124	9.04054010944771
0.7597402597402607	0.41581918156886793	9.036386192410164
0.7629870129870184	0.41055788041693003	9.032899245631969
0.76623376623379	0.40529657926501317	9.029985320576174
0.7694805194805769	0.40003527811312023	9.027467633547898
0.7727272727273297	0.3947739769611727	9.025422291294419
0.7759740259740393	0.3895126758091565	9.023653094946456
0.7792207792207937	0.384251374657208	9.022195305682311
0.7824675324675493	0.3789900735052593	9.02093395712191
0.7857142857143101	0.37372877235331486	9.019909392786774
0.7889610389610694	0.3684674712013751	9.019013197179156
0.7922077922078312	0.3632061700494424	9.01828707712349
0.7954524956696035	0.35794330473862734	9.017677555099509
0.7986922890524856	0.35267651585994314	9.017177131384626
0.801918098070974	0.34740115430488405	9.016786644291768
0.8051139035617872	0.3421124168335244	9.016475398630645
0.8082706481982219	0.33680412867192766	9.016225269722144
0.8113824104765657	0.3314628934182122	9.016051038410863
0.8162215715435444	0.3201393396037372	9.015803206548568
0.8142210776274632	0.3260308607652761	9.015923989776683
0.8215455202592896	0.31829036340035155	9.015955294339951
0.8267235950971052	0.3149021936966538	9.016091582856296
0.8318268836214981	0.31171012075060184	9.016261631182308
0.8369793175756739	0.30849931248428586	9.01646522226036
0.8421913044670952	0.3052440839496791	9.016702427755005
0.8474326499294079	0.3019748052511584	9.016971622762386
0.8526865709183986	0.29870997192945387	9.017271044222264
0.8579454468739452	0.2954556951161135	9.017599061049106
0.8632061700494029	0.2922077922077864	9.017954254836575
0.8684674712013521	0.2889610389610355	9.018335401976643
0.8737287723532997	0.28571428571428265	9.018741389210048
0.8789900735052459	0.2824675324675305	9.019171179202852
0.8842513746571922	0.2792207792207782	9.019623747159846
0.8895126758091378	0.27597402597402554	9.02009805940731
0.8947739769610837	0.2727272727272726	9.020593062209374
0.9000352781130299	0.26948051948051915	9.021107685493988
0.9052965792649754	0.266233766233766	9.02164086427725
0.9105578804169209	0.26298701298701305	9.022191577568636
0.9158191815688667	0.2597402597402597	9.022758900319774
0.9210804827208126	0.25649350649350655	9.023342059480711
0.9263417838727585	0.25324675324675333	9.023940482382779
0.9316030850247042	0.25000000000000006	9.024553826794738
0.93686438617665	0.24675324675324686	9.025181986977612
0.9421256873285959	0.24350649350649364	9.025825076662136
0.9473869884805417	0.2402597402597404	9.026483395302622
0.9526482896324876	0.23701298701298715	9.027157386578104
0.9579095907844334	0.23376623376623396	9.027847597622001
0.9631708919363792	0.23051948051948065	9.028554644704847
0.968432193088325	0.22727272727272743	9.029279187993112
0.9736934942402709	0.22402597402597418	9.030021915514135
0.9789547953922166	0.22077922077922096	9.030783533816303
0.9842160965441625	0.21753246753246766	9.031564759613367
0.9894773976961084	0.2142857142857144	9.032366299628725
0.7207792207792205	0.48947739769610826	9.448216197998162
0.7240259740259738	0.48421609654416237	9.45016061624243
0.7272727272727271	0.47895479539221664	9.45005489810579
0.7305194805194802	0.4736934942402708	9.274677266716525
0.7337662337662335	0.4684321930883248	9.194330070588725
0.7370129870129866	0.46317089193637884	9.153868322946762
0.7402597402597401	0.4579095907844329	9.120882496202709
0.7435064935064933	0.45264828963248704	9.099037917234666
0.7467532467532467	0.4473869884805412	9.082952273659915
0.75	0.4421256873285954	9.06979044128549
0.7532467532467534	0.4368643861766497	9.059650392389456
0.7564935064935066	0.4316030850247039	9.051989100583876
0.7597402597402596	0.42634178387275823	9.045612513601393
0.7629870129870128	0.4210804827208126	9.040422480842672
0.7662337662337695	0.4158191815688724	9.036279942774295
0.769480519480544	0.4105578804169592	9.032805814553958
0.7727272727273707	0.4052965792651259	9.029906151539516
0.7759740259742416	0.4000352781133598	9.02740392105048
0.7792207792208393	0.3947739769611689	9.025374633329891
0.782467532467565	0.38951267580917737	9.02362338260864
0.7857142857143131	0.38425137465722436	9.02218456318471
0.7889610389610621	0.3789900735052722	9.020943309625878
0.7922077922078133	0.3737287723533254	9.019939463613012
0.7954545454545565	0.36846747120138595	9.019064943675337
0.7986999768741257	0.36320530568698456	9.018360665023835
0.801941619242954	0.3579403048176462	9.017773407759032
0.8051749913440699	0.3526688027613844	9.017295331201014
0.8083898225356202	0.3473854429806298	9.01692678268219
0.8115678536010585	0.3420811964323729	9.016636983914976
0.8147099631291229	0.33673578886454064	9.016407259890956
0.8178545887412357	0.33125647491733445	9.016249689610362
0.8211697190292091	0.32505738590456923	9.016135763330325
0.8267514853423482	0.32134552850068404	9.016247255671907
0.8318766738479305	0.3182358498912075	9.016392371008154
0.8370215133214924	0.3150153647977323	9.016569454870314
0.8422234736734494	0.31174777878835397	9.016782050328482
0.8474463354877141	0.3084791068203226	9.017028867389113
0.852690988580448	0.3052101970326239	9.017309032482801
0.8579465396025858	0.3019511460891073	9.017620843952256
0.8632063688919164	0.2987013685369824	9.017962490848452
0.8684674712013493	0.2954545454545457	9.018332330520574
0.8737287723532977	0.2922077922077911	9.018728906827478
0.8789900735052446	0.288961038961037	9.019150885270646
0.8842513746571915	0.285714285714284	9.01959700606649
0.8895126758091377	0.2824675324675313	9.020066061066872
0.8947739769610834	0.27922077922077854	9.020556877259137
0.9000352781130294	0.2759740259740257	9.02106829980015
0.9052965792649751	0.27272727272727265	9.021599181708764
0.910557880416921	0.26948051948051954	9.022148386472416
0.9158191815688667	0.2662337662337663	9.022714807671536
0.9210804827208126	0.26298701298701305	9.023297405828982
0.9263417838727585	0.25974025974025977	9.02389525774972
0.9316030850247042	0.25649350649350655	9.02450760896666
0.93686438617665	0.25324675324675333	9.025133917702442
0.9421256873285958	0.25000000000000006	9.025773880297583
0.9473869884805417	0.24675324675324686	9.026427432841013
0.9526482896324875	0.24350649350649367	9.02709472983947
0.9579095907844334	0.2402597402597404	9.027776106044648
0.9631708919363792	0.23701298701298715	9.028472030337072
0.9684321930883251	0.2337662337662339	9.029183060043506
0.9736934942402709	0.23051948051948068	9.029909801448651
0.9789547953922167	0.2272727272727275	9.030652878478385
0.9842160965441625	0.22402597402597418	9.031412907307994
0.9894773976961083	0.2207792207792209	9.03219046828107
0.7272727272727271	0.48947739769610826	9.447924104403702
0.7305194805194802	0.48421609654416237	9.449960977320758
0.7337662337662336	0.4789547953922165	9.44984725963178
0.7370129870129866	0.4736934942402707	9.274566338615868
0.7402597402597401	0.46843219308832484	9.194172755301311
0.7435064935064931	0.46317089193637884	9.153701559252449
0.7467532467532467	0.457909590784433	9.12071476276556
0.75	0.45264828963248716	9.098871016577677
0.7532467532467533	0.44738698848054137	9.082788371492775
0.7564935064935066	0.44212568732859553	9.06963136117463
0.7597402597402595	0.43686438617664985	9.05949732311453
0.7629870129870127	0.4316030850247039	9.05184390108735
0.7662337662337655	0.42634178387275795	9.045476903460198
0.7694805194805198	0.4210804827208137	9.040297937333362
0.7727272727272895	0.4158191815688927	9.036168088644615
0.7759740259741311	0.41055788041708136	9.032708207800775
0.7792207792211577	0.40529657926555496	9.029824378459155
0.782467532468269	0.40003527811415873	9.027339006710585
0.7857142857148691	0.3947739769619785	9.025327471270531
0.7889610389611822	0.3895126758093596	9.023596068901176
0.7922077922078214	0.3842513746572427	9.022178012358404
0.7954545454545691	0.3789900735052867	9.02095868771633
0.7987012987013037	0.373728772353322	9.019977335523187
0.8019473816772215	0.3684671190509566	9.019126248607598
0.8051902297822604	0.3632034749973876	9.018445426618976
0.8084257313156495	0.3579349326895324	9.017881943257306
0.81165066112189	0.352658381394038	9.017427741319077
0.814863009166741	0.3473726910984086	9.017083199164604
0.8180173729230636	0.34206467995560924	9.016816852611514
0.8211536505751891	0.33674206595578315	9.01661183792177
0.8243125513929539	0.3313435103479911	9.01648254012065
0.8270971782408507	0.3267868280767169	9.016427143665839
0.8320961422284953	0.3248004148208014	9.01657119531284
0.8370568273559627	0.3215391588828729	9.016709425197575
0.8422622185562786	0.3182446241242202	9.016894211080798
0.8474711445190769	0.31497596832162705	9.01711542095901
0.8527005380052214	0.31171040111467047	9.017372482129486
0.8579496657907045	0.3084481568219272	9.01766437985806
0.863207281822237	0.30519539577450744	9.017989215045516
0.8684676103185568	0.3019480659208397	9.018345055253498
0.8737287753589005	0.2987012982617004	9.018730145939928
0.8789900735052442	0.2954545454545461	9.019142820056757
0.8842513746571905	0.2922077922077915	9.019581481306538
0.8895126758091371	0.2889610389610378	9.020044605739363
0.8947739769610831	0.2857142857142847	9.02053074708143
0.9000352781130293	0.2824675324675318	9.021038535573084
0.9052965792649751	0.27922077922077887	9.021566666402395
0.9105578804169211	0.2759740259740259	9.022113884103334
0.9158191815688669	0.2727272727272728	9.022678971184888
0.9210804827208126	0.26948051948051954	9.023260748792872
0.9263417838727583	0.2662337662337663	9.023858094117175
0.9316030850247042	0.26298701298701305	9.02446997453525
0.93686438617665	0.2597402597402598	9.025095493230687
0.9421256873285958	0.25649350649350655	9.02573393678773
0.9473869884805417	0.25324675324675333	9.026384813647427
0.9526482896324876	0.2500000000000001	9.027047874018328
0.9579095907844334	0.24675324675324686	9.027723106220039
0.9631708919363792	0.24350649350649362	9.028410710109881
0.968432193088325	0.24025974025974042	9.029111053546218
0.9736934942402709	0.23701298701298715	9.029824620753827
0.9789547953922167	0.23376623376623393	9.030551961079533
0.9842160965441625	0.23051948051948068	9.031293640821714
0.9894773976961083	0.2272727272727274	9.032050192324006
0.7337662337662336	0.48947739769610826	9.44761441349276
0.7370129870129867	0.4842160965441623	9.449746383868701
0.7402597402597401	0.47895479539221647	9.4496244808901
0.7435064935064931	0.4736934942402708	9.274444566737506
0.7467532467532466	0.46843219308832484	9.194002294627778
0.7499999999999997	0.4631708919363789	9.153521400067712
0.7532467532467532	0.45790959078443305	9.120533931614409
0.7564935064935064	0.4526482896324872	9.098691275538947
0.7597402597402595	0.4473869884805414	9.082612212420214
0.7629870129870125	0.4421256873285955	9.06946073971558
0.7662337662337656	0.4368643861766495	9.059333569607046
0.7694805194805188	0.4316030850247035	9.051689060073754
0.7727272727272722	0.4263417838727577	9.04533284925234
0.7759740259740311	0.42108048272082016	9.040166292145555
0.7792207792208538	0.41581918156897985	9.036050607610987
0.7824675324679539	0.4105578804175667	9.03260659639224
0.7857142857156684	0.40529657926710255	9.029740301201798
0.7889610389635587	0.4000352781169119	9.027273273756855
0.7922077922079472	0.3947739769613301	9.025281676035368
0.7954545454546268	0.38951267580928184	9.02357203138425
0.7987012987013389	0.3842513746572702	9.022176697913734
0.8019480519480844	0.3789900735053047	9.020981300000898
0.8051948051948156	0.3737287723533245	9.020024353129946
0.8084389348346689	0.368466257378927	9.019198558972358
0.8116758487751251	0.36319997695565687	9.018542809610354
0.8149016155847679	0.35792720052470534	9.018004760841174
0.8181171157202446	0.3526470919705728	9.01757613236016
0.821330926413826	0.34736508004265154	9.017257597011954
0.8244503568732666	0.34208267137825105	9.0170172822516
0.8274440952087823	0.33683087121020094	9.016836687817177
0.831155993211247	0.33138730080953854	9.016746233229432
0.8370549463112572	0.32801865225173654	9.016885017763952
0.8423051096330393	0.32471729827147516	9.017041125535405
0.8475094444990966	0.32145475381195937	9.01723438549318
0.8527191862767968	0.3182032563719651	9.017465437700686
0.8579554983606935	0.31494614052236675	9.017734014499332
0.8632094384352312	0.31169037615876594	9.018038685396137
0.8684681949212926	0.30844171435433826	9.018377330972752
0.8737288612497466	0.30519481316794594	9.018748087183928
0.8789900735052467	0.301948051948056	9.019149104022967
0.8842513746571908	0.29870129870129986	9.019578524269008
0.8895126758091366	0.2954545454545456	9.020034502210578
0.8947739769610826	0.29220779220779164	9.020515239212672
0.900035278113029	0.28896103896103825	9.021019017183626
0.905296579264975	0.2857142857142852	9.021544221290172
0.9105578804169211	0.28246753246753215	9.022089344846046
0.9158191815688669	0.2792207792207791	9.02265297968971
0.9210804827208126	0.275974025974026	9.023233799831957
0.9263417838727583	0.2727272727272728	9.023830548273347
0.9316030850247042	0.26948051948051954	9.0244420354269
0.93686438617665	0.2662337662337663	9.025067153717437
0.9421256873285959	0.26298701298701305	9.025704907911207
0.9473869884805417	0.2597402597402598	9.026354455667622
0.9526482896324876	0.25649350649350655	9.027015149070275
0.9579095907844334	0.25324675324675333	9.027686566673102
0.9631708919363793	0.2500000000000001	9.028368527191107
0.9684321930883251	0.24675324675324686	9.029061079835998
0.9736934942402709	0.24350649350649367	9.02976447151841
0.9789547953922167	0.2402597402597404	9.030479096153003
0.9842160965441625	0.23701298701298715	9.031205434072417
0.9894773976961083	0.2337662337662339	9.031943979905686
0.7402597402597401	0.4894773976961082	9.447285462206393
0.7435064935064932	0.4842160965441623	9.449515692754607
0.7467532467532466	0.4789547953922166	9.449385149117917
0.7499999999999997	0.4736934942402708	9.274311162605182
0.7532467532467532	0.4684321930883249	9.193817597476292
0.7564935064935062	0.463170891936379	9.15332669158468
0.7597402597402595	0.45790959078443305	9.120338968045212
0.7629870129870127	0.4526482896324872	9.098497711494444
0.7662337662337656	0.4473869884805412	9.082422906081328
0.7694805194805189	0.4421256873285952	9.069277804289143
0.7727272727272722	0.43686438617664924	9.059158490144965
0.7759740259740256	0.43160308502470346	9.051524089715821
0.779220779220779	0.4263417838727575	9.04518003053085
0.7824675324675584	0.42108048272085097	9.040027405959462
0.7857142857145881	0.4158191815693302	9.035927549889088
0.7889610389626243	0.4105578804193621	9.032501256562206
0.792207792212615	0.40529657927241086	9.029654258413743
0.7954545454630138	0.40003527812609313	9.027207328926849
0.7987012987033817	0.39477397696431205	9.025238087863949
0.8019480519486477	0.3895126758100687	9.023552338177032
0.8051948051949215	0.3842513746573695	9.022181854539562
0.8084415584415887	0.3789900735052898	9.021012551854376
0.8116883116883193	0.37372877235330365	9.020082064478478
0.8149259437148081	0.3684638984808633	9.019283362727615
0.8181527671416932	0.3631941683726923	9.01865442500946
0.8213637570413409	0.3579168676133073	9.0181435289879
0.8245650373618942	0.352633288558647	9.017741885283336
0.8277819549429611	0.3473564795410369	9.017450765072212
0.8308302665939244	0.3421083375227818	9.017236760522293
0.8327273340510972	0.33724208376055076	9.017059857681028
0.8374308637378958	0.33436005721749146	9.017126034013662
0.8424236331642461	0.33112267906303383	9.01723344887481
0.8475579417097456	0.32790578133890885	9.017390845014122
0.8527524374873577	0.3246760312781983	9.017592084305685
0.8579686606602053	0.3214382264905235	9.01783376795874
0.8632126620614065	0.31818691615974876	9.01811479042449
0.868469504984862	0.3149357937679257	9.018433132419458
0.8737291696736161	0.31168837864129645	9.01878654518025
0.8789901176974638	0.30844155973834014	9.019173103574609
0.8842513746571924	0.3051948051948077	9.019590822164247
0.8895126758091374	0.30194805194805274	9.020037665624129
0.8947739769610829	0.298701298701299	9.020511562211938
0.9000352781130289	0.2954545454545453	9.02101045056954
0.9052965792649746	0.29220779220779186	9.02153233361861
0.9105578804169209	0.2889610389610386	9.02207532421925
0.9158191815688667	0.2857142857142854	9.02263767244664
0.9210804827208124	0.28246753246753226	9.023217772107202
0.9263417838727585	0.2792207792207792	9.023814150488883
0.9316030850247042	0.27597402597402604	9.024425450412702
0.93686438617665	0.2727272727272728	9.025050414879422
0.9421256873285958	0.2694805194805196	9.025687882574735
0.9473869884805417	0.2662337662337663	9.026336798513556
0.9526482896324876	0.26298701298701305	9.026996239174366
0.9579095907844334	0.2597402597402598	9.027665446713122
0.9631708919363792	0.2564935064935066	9.028343863504666
0.9684321930883251	0.25324675324675333	9.029031157157645
0.9736934942402709	0.2500000000000001	9.029727227339443
0.9789547953922167	0.24675324675324686	9.030432188633569
0.9842160965441625	0.24350649350649364	9.03114632722635
0.9894773976961083	0.2402597402597404	9.031870031036547
0.7467532467532466	0.48947739769610826	9.4469355487482
0.7499999999999998	0.4842160965441624	9.449267544349462
0.753246753246753	0.47895479539221664	9.449127573847692
0.7564935064935062	0.4736934942402708	9.27416530626117
0.7597402597402594	0.4684321930883249	9.193617484193714
0.7629870129870127	0.463170891936379	9.153116171312673
0.7662337662337658	0.45790959078443305	9.120128739604944
0.7694805194805191	0.45264828963248704	9.098289266691468
0.7727272727272724	0.4473869884805411	9.082219503745195
0.7759740259740256	0.4421256873285952	9.069081746182249
0.779220779220779	0.4368643861766494	9.05897142958718
0.7824675324675326	0.4316030850247035	9.051348514700344
0.7857142857142859	0.42634178387275773	9.045018165240492
0.7889610389611468	0.4210804827209775	9.039881202842382
0.7922077922089531	0.4158191815706551	9.035799065426728
0.7954545454602053	0.41055788042564845	9.032392564880647
0.7987012987173618	0.40529657928974966	9.029566664225554
0.8019480519746449	0.40003527815404655	9.0271422088622
0.8051948051997458	0.39477397696870026	9.025197731100752
0.8084415584435963	0.3895126758122611	9.02353824846425
0.8116883116883535	0.38425137465722864	9.022194928375642
0.8149327980165602	0.3789892197383767	9.02105387856897
0.8181740271832427	0.3737260138725305	9.020151710101741
0.8214045419925924	0.36845908601926225	9.019382354738966
0.8246154951590233	0.3631854979911595	9.018782050060251
0.8278050714461279	0.35790350919711794	9.018300025587413
0.8309735942101891	0.35260561944489427	9.01792532062082
0.8341371880550721	0.3472331994917881	9.017654816221466
0.8374225710221492	0.34129712127855544	9.017437831691744
0.8425675583982958	0.3374363433939564	9.017478207191571
0.8476253791952426	0.33429794190463447	9.017593844301528
0.8527900370499606	0.33112600785511104	9.017759026325026
0.8579946214515127	0.3279139902411336	9.017969098798543
0.8632211428567073	0.3246802347337234	9.018221899751554
0.8684713436376356	0.32143131138637854	9.018516056901435
0.8737298519427261	0.3181824186022523	9.018848998289501
0.8789902418543133	0.31493510226882954	9.01921826725993
0.8842513928094505	0.31168831114339096	9.01962167960338
0.8895126766712504	0.30844155841567744	9.020057029351209
0.8947739769610835	0.30519480519480513	9.020522073939697
0.9000352781130293	0.3019480519480521	9.02101452004453
0.905296579264975	0.29870129870129875	9.021532061525223
0.9105578804169205	0.29545454545454536	9.022072436070317
0.9158191815688665	0.292207792207792	9.02263348295984
0.9210804827208122	0.2889610389610387	9.023213189769448
0.9263417838727582	0.2857142857142855	9.023809719519436
0.9316030850247042	0.28246753246753237	9.024421415897287
0.93686438617665	0.27922077922077926	9.025046791209432
0.9421256873285958	0.2759740259740261	9.025684506143884
0.9473869884805416	0.2727272727272729	9.02633335131631
0.9526482896324875	0.26948051948051954	9.02699223863153
0.9579095907844334	0.2662337662337663	9.027660206632405
0.9631708919363792	0.26298701298701305	9.028336439227282
0.968432193088325	0.2597402597402598	9.029020292679663
0.9736934942402709	0.25649350649350655	9.029711322554066
0.9789547953922167	0.25324675324675333	9.03040930082767
0.9842160965441625	0.25000000000000006	9.031114212752032
0.9894773976961083	0.24675324675324684	9.03182622160857
0.753246753246753	0.4894773976961083	9.446562623873463
0.7564935064935062	0.48421609654416237	9.449000361285181
0.7597402597402594	0.4789547953922166	9.448849768781812
0.7629870129870127	0.4736934942402708	9.274006153002551
0.7662337662337658	0.46843219308832484	9.193400687487694
0.7694805194805191	0.4631708919363789	9.152888466729086
0.7727272727272725	0.4579095907844329	9.119902007907967
0.7759740259740258	0.4526482896324869	9.098064804815202
0.7792207792207791	0.4473869884805411	9.082000999107153
0.7824675324675324	0.44212568732859525	9.068871725664403
0.7857142857142859	0.43686438617664947	9.058771728201927
0.7889610389610393	0.43160308502470374	9.051161885593787
0.7922077922077926	0.4263417838727581	9.044847026421762
0.7954545454549654	0.42108048272145937	9.03972769188834
0.7987012987055165	0.41581918157537134	9.035665437263779
0.8019480519672381	0.4105578804465116	9.032280962344602
0.8051948052454878	0.40529657934314295	9.029478102689941
0.8084415585232608	0.4000352782390399	9.027079106879702
0.8116883117303546	0.39477397702592376	9.0251618769837
0.8149350649354115	0.3895126758096696	9.023531259599322
0.8181802379529226	0.38425077401540614	9.022217470261898
0.8214214534044418	0.3789874498100299	9.021107143372246
0.8246540128248578	0.37372141042569723	9.020235479523455
0.8278707045142853	0.3684511777731771	9.019497488049609
0.8310607081518238	0.36317571722068015	9.018927941269324
0.8342269255151249	0.35789583047028456	9.01847718815955
0.8373182509430874	0.3526090183830099	9.018131321413504
0.8404481923727509	0.347297732150494	9.01789445788908
0.8430003106046737	0.342685975632234	9.017745715256451
0.8476950908553017	0.3405434358216193	9.01785041588215
0.8528422985575727	0.33753958845929977	9.017978700227799
0.8580272182464492	0.3343772787413643	9.018150398748638
0.8632439968434951	0.3311612939093891	9.018368709645108
0.8684769887101192	0.32792664582486686	9.018632474120302
0.8737309438211788	0.32467794960714774	9.018940050059648
0.8789904741852607	0.3214291696124057	9.019288301133606
0.8842514214078024	0.31818184582577097	9.019674398993418
0.8895126808381265	0.31493506478409466	9.020095710943801
0.8947739769610834	0.31168831168830985	9.020549688707236
0.9000352781130293	0.30844155844155763	9.021033793916287
0.9052965792649753	0.3051948051948049	9.021545469475084
0.9105578804169207	0.3019480519480519	9.022082158396543
0.9158191815688664	0.29870129870129863	9.022641345193419
0.9210804827208122	0.29545454545454536	9.023220609213233
0.9263417838727582	0.292207792207792	9.023817678797817
0.9316030850247041	0.2889610389610388	9.024430474604403
0.9368643861766501	0.2857142857142857	9.025057133315881
0.9421256873285959	0.28246753246753253	9.025696009563868
0.9473869884805417	0.27922077922077937	9.02634566056362
0.9526482896324875	0.2759740259740261	9.027004822102787
0.9579095907844334	0.2727272727272728	9.027672385535356
0.9631708919363792	0.26948051948051954	9.028347383679035
0.968432193088325	0.2662337662337663	9.029028989767822
0.9736934942402709	0.2629870129870131	9.029716528935863
0.9789547953922167	0.25974025974025977	9.030409497175244
0.9842160965441625	0.25649350649350655	9.031107578703525
0.9894773976961083	0.25324675324675333	9.031810646902201
0.7597402597402595	0.48947739769610826	9.446164404560447
0.7629870129870127	0.48421609654416237	9.448712349093183
0.7662337662337658	0.47895479539221647	9.448549448192729
0.7694805194805192	0.47369349424027063	9.273832825628302
0.7727272727272725	0.46843219308832473	9.193165843847636
0.7759740259740258	0.46317089193637884	9.15264209420995
0.7792207792207791	0.45790959078443283	9.119657423227503
0.7824675324675324	0.45264828963248704	9.097823109370582
0.7857142857142857	0.44738698848054126	9.081766330913707
0.788961038961039	0.4421256873285955	9.068646879693707
0.7922077922077922	0.4368643861766497	9.058558733732518
0.7954545454545455	0.4316030850247039	9.050963796112557
0.7987012987012987	0.42634178387275806	9.044666462725862
0.8019480519495673	0.42108048272314963	9.039566998684743
0.8051948052090925	0.4158191815909024	9.03552710190771
0.8084415585027034	0.410557880511226	9.032166952874926
0.811688311840634	0.40529657949990344	9.029389582870705
0.8149350651603697	0.40003527846052367	9.02701923033247
0.8181818182164635	0.3947739770145372	9.025132061184694
0.8214275793752641	0.389512308570404	9.023533051774214
0.8246703401147103	0.384249572297934	9.022251455752455
0.8279058846433145	0.3789843257869023	9.021174406638265
0.8311281504308755	0.3737150770814705	9.020335692754514
0.8343310681497402	0.36844147985473774	9.019631384511017
0.8374802873375554	0.3631695853195274	9.019094644997963
0.8405423473950008	0.3579132016532214	9.018676345678008
0.8435171196495999	0.35271034168705534	9.01836468917665
0.8472937139619221	0.3472507364303213	9.018169270763671
0.852841284414104	0.34405002910926974	9.018258780397055
0.8580904911346304	0.3408293238924714	9.018387093114614
0.8632823917493646	0.3376313688140006	9.01856423324247
0.8684988509965254	0.3344114924618098	9.018791512129523
0.8737356704048543	0.3311744027036646	9.019067097365783
0.8789908827159802	0.327925112697183	9.019388812342383
0.8842514471952804	0.3246756233081902	9.019753278116504
0.8895126827529918	0.3214285808722479	9.020157181313548
0.8947739769610821	0.31818181818181585	9.020597431588778
0.9000352781130289	0.31493506493506274	9.021071054510648
0.905296579264975	0.31168831168831046	9.021575122414767
0.9105578804169211	0.30844155844155785	9.022106745333504
0.9158191815688665	0.305194805194805	9.02266307934592
0.9210804827208122	0.3019480519480519	9.023241349722703
0.9263417838727582	0.29870129870129863	9.023838888132964
0.9316030850247041	0.29545454545454536	9.024453180120354
0.93686438617665	0.29220779220779214	9.025081913342094
0.9421256873285958	0.2889610389610389	9.025723014732181
0.9473869884805417	0.28571428571428575	9.026374668164792
0.9526482896324876	0.28246753246753253	9.027035310726658
0.9579095907844334	0.27922077922077937	9.027703611925121
0.9631708919363793	0.2759740259740261	9.028378444127021
0.9684321930883251	0.2727272727272728	9.029058853601514
0.9736934942402709	0.26948051948051954	9.029744039842235
0.9789547953922166	0.2662337662337663	9.03043334698048
0.9842160965441625	0.26298701298701305	9.031126265751139
0.9894773976961083	0.2597402597402598	9.03182243673745
0.7662337662337659	0.48947739769610826	9.44573835804657
0.7694805194805192	0.48421609654416237	9.448401464321094
0.7727272727272725	0.47895479539221647	9.448224033192801
0.7759740259740258	0.4736934942402707	9.27364439390625
0.779220779220779	0.4684321930883248	9.192911476352533
0.7824675324675324	0.46317089193637884	9.152375454465762
0.7857142857142857	0.457909590784433	9.119393521337471
0.7889610389610389	0.45264828963248727	9.097562884378883
0.7922077922077921	0.4473869884805414	9.081514387851369
0.7954545454545454	0.44212568732859564	9.068406332824495
0.7987012987012987	0.43686438617664974	9.058331817479297
0.8019480519480519	0.4316030850247039	9.050753904917782
0.8051948051948049	0.42634178387275795	9.044476424575706
0.8084415584463658	0.4210804827282269	9.039399408569581
0.8116883117320087	0.4158191816362615	9.035384626234974
0.8149350651154846	0.41055788069518595	9.03205117142352
0.8181818186153359	0.4052965799335997	9.029302749921554
0.8214285720684839	0.4000352790999826	9.026964104642984
0.8246748541942873	0.3947738272890595	9.025110068742732
0.8279189142093331	0.3895116105595638	9.023545737243003
0.8311574998205179	0.38424767053824677	9.022299152526832
0.8343865238431546	0.37898045272697445	9.021258263815215
0.8375976429088126	0.37370727877317095	9.020455051345493
0.8407818890542439	0.3684211560165167	9.019785336355513
0.8438440801464376	0.36316825717935	9.019283184728634
0.8467726471535331	0.3579440282276098	9.01889760110628
0.8488371253607517	0.35324709420842537	9.018619281605536
0.8533243639260898	0.35050193592709955	9.018633676290433
0.8582680500428048	0.34723716925917736	9.018691897480464
0.8633863249220276	0.34405801174481837	9.018819263576736
0.8685491968160198	0.34087603542593103	9.019002793799332
0.8737547341891535	0.3376633343162378	9.019239709658214
0.8789949215253844	0.3344223431956644	9.019528110021463
0.8842512124517984	0.3311713732808147	9.019864951554359
0.8895127368156888	0.3279222155874302	9.020246644058956
0.8947739769610813	0.3246753246753251	9.0206693325068
0.9000352781130275	0.3214285714285703	9.02112953201466
0.9052965792649744	0.3181818181818168	9.021623782509137
0.9105578804169205	0.3149350649350638	9.022148695339032
0.9158191815688667	0.31168831168831096	9.022700973457326
0.9210804827208123	0.3084415584415582	9.023277429358158
0.9263417838727585	0.305194805194805	9.023874999994748
0.9316030850247042	0.3019480519480519	9.024490767269205
0.93686438617665	0.29870129870129863	9.025121990001397
0.9421256873285957	0.2954545454545454	9.02576614478271
0.9473869884805416	0.29220779220779214	9.026420965937847
0.9526482896324876	0.2889610389610389	9.027084473508806
0.9579095907844334	0.28571428571428575	9.027754981953583
0.9631708919363792	0.28246753246753253	9.028431088212818
0.9684321930883251	0.27922077922077926	9.029111643408042
0.9736934942402709	0.27597402597402604	9.029795716068003
0.9789547953922166	0.2727272727272728	9.030482555507104
0.9842160965441625	0.26948051948051954	9.031171561251448
0.9894773976961083	0.2662337662337663	9.03186225694192
0.7727272727272725	0.4894773976961082	9.445281680901523
0.7759740259740258	0.4842160965441623	9.448065383613768
0.779220779220779	0.47895479539221647	9.44787065968792
0.7824675324675324	0.47369349424027063	9.273439849045873
0.7857142857142856	0.46843219308832484	9.1926359745037
0.7889610389610389	0.4631708919363789	9.152086824700797
0.792207792207792	0.45790959078443305	9.119108721134806
0.7954545454545453	0.4526482896324871	9.097282757438935
0.7987012987012985	0.4473869884805413	9.081244016281259
0.8019480519480519	0.44212568732859553	9.068149212152948
0.8051948051948049	0.4368643861766497	9.058090395384783
0.8084415584415582	0.43160308502470374	9.050531962652789
0.8116883116883115	0.4263417838727579	9.044277000655285
0.8149350649463704	0.42108048273824883	9.039225413355984
0.818181818294034	0.4158191817419395	9.035238649604716
0.8214285719108417	0.41055788116073705	9.031934630152683
0.824675325853871	0.4052965810826743	9.02921918128981
0.8279220795705262	0.4000352806554632	9.026915614844926
0.8311672829885715	0.394773529494524	9.025098099483069
0.8344081682244253	0.3895106168176851	9.023571804859722
0.837642206156354	0.3842459911679814	9.022363415987357
0.8408698025613567	0.3789789930031498	9.021362262920482
0.8440715666347612	0.37370464525065095	9.02059786526314
0.847162330911443	0.3684213197916998	9.019964261505764
0.8501842624147135	0.3631291712291372	9.019492970308562
0.8533842014011146	0.3573595137234572	9.019104517829106
0.8584633925739422	0.3535273420168796	9.019067129416031
0.8635134659172041	0.35044696559980815	9.019140935557381
0.868632318103194	0.3473135405065411	9.019275246634315
0.8737957978376674	0.3441367661826438	9.01946704522944
0.879010407810645	0.3409155634491939	9.019715423262836
0.8842542072065932	0.3376695468458742	9.020017930472866
0.8895127905526174	0.3344160974085308	9.020371279986504
0.8947742088180753	0.33116907718662897	9.020771366930967
0.900035278113028	0.3279220779220793	9.021213945023673
0.9052965792649738	0.3246753246753245	9.021695136052053
0.9105578804169198	0.32142857142857073	9.022210966331
0.9158191815688662	0.3181818181818174	9.022757549629189
0.9210804827208121	0.3149350649350642	9.02333112794719
0.9263417838727582	0.3116883116883112	9.023928114311646
0.9316030850247042	0.30844155844155824	9.024545115621047
0.93686438617665	0.30519480519480513	9.025178946236975
0.9421256873285957	0.3019480519480519	9.025826645024011
0.9473869884805414	0.2987012987012987	9.026485501432804
0.9526482896324874	0.2954545454545454	9.027153087157489
0.9579095907844334	0.2922077922077922	9.027827284449982
0.9631708919363792	0.288961038961039	9.028506301764919
0.968432193088325	0.28571428571428575	9.029188670791365
0.9736934942402709	0.28246753246753253	9.0298732239868
0.9789547953922167	0.27922077922077926	9.030559056318559
0.9842160965441625	0.27597402597402604	9.031245476811074
0.9894773976961083	0.2727272727272728	9.031931951351625
0.779220779220779	0.4894773976961082	9.4447912505327
0.7824675324675323	0.48421609654416237	9.447701474076238
0.7857142857142856	0.4789547953922166	9.447486172021032
0.7889610389610389	0.4736934942402708	9.273218081723401
0.792207792207792	0.46843219308832484	9.192337573157166
0.7954545454545453	0.4631708919363789	9.151774350222249
0.7987012987012984	0.45790959078443305	9.118801322454935
0.8019480519480517	0.4526482896324871	9.096981285417932
0.8051948051948049	0.4473869884805413	9.080954031676773
0.8084415584415584	0.44212568732859553	9.067874667472696
0.8116883116883115	0.4368643861766497	9.057833955196793
0.8149350649350647	0.43160308502470374	9.050297845663154
0.818181818181818	0.4263417838727579	9.04406847097488
0.8214285714285713	0.4210804827208121	9.039045714133296
0.824675324864434	0.4158191818605337	9.035089922195686
0.8279220790577898	0.4105578821685551	9.031819222218521
0.8311688342669526	0.40529658404327656	9.029140753178693
0.8344155889341905	0.40003528508217173	9.026876018423183
0.8376586523053144	0.3947730221235452	9.025098759736359
0.8408947957909225	0.3895096046563447	9.023614224726975
0.8441252800696224	0.3842462922381513	9.022447638545573
0.8473485024635048	0.3789837170655479	9.02149028994114
0.850440163388159	0.373754669620436	9.020771202061342
0.8534549320202364	0.3685698072962456	9.020185167059
0.8564544073218966	0.3633409040566269	9.019755147280106
0.8588358165759622	0.35865260770533836	9.019455102271097
0.8636129174619781	0.35680142525708536	9.019543783599424
0.8687242522841075	0.35373936583615495	9.019622352335409
0.8738697206244631	0.3505905421321062	9.019761360496924
0.8790369894956841	0.3474036763892825	9.019961039828347
0.8842679216222873	0.3441668275637408	9.02022202273922
0.8895147944115736	0.340916917543298	9.020539878559205
0.8947749958897636	0.3376641093702215	9.020911150207995
0.9000358075800499	0.3344158105984736	9.021330870973875
0.9052965792649745	0.3311688311688327	9.021794566691355
0.9105578804169198	0.3279220779220782	9.022297842118123
0.915819181568866	0.32467532467532456	9.022836179809003
0.921080482720812	0.321428571428571	9.023405178631478
0.9263417838727581	0.31818181818181773	9.02400058998753
0.9316030850247041	0.3149350649350645	9.024618387479135
0.93686438617665	0.3116883116883115	9.025254808930448
0.9421256873285957	0.30844155844155835	9.025906376142652
0.9473869884805415	0.30519480519480524	9.026569905028738
0.9526482896324876	0.30194805194805197	9.027242516932988
0.9579095907844333	0.2987012987012987	9.027921655070243
0.9631708919363792	0.29545454545454536	9.02860510298713
0.968432193088325	0.2922077922077922	9.029290997839318
0.9736934942402709	0.288961038961039	9.029977830879266
0.9789547953922167	0.2857142857142857	9.030664429886734
0.9842160965441625	0.2824675324675325	9.031349921018089
0.9894773976961083	0.27922077922077926	9.03203366595565
0.7857142857142856	0.48947739769610826	9.444263555871544
0.7889610389610389	0.4842160965441624	9.447306767244704
0.792207792207792	0.4789547953922166	9.447067096056054
0.7954545454545453	0.4736934942402708	9.272977868781366
0.7987012987012984	0.46843219308832484	9.192014331460486
0.8019480519480516	0.46317089193637895	9.151436037965139
0.8051948051948049	0.457909590784433	9.118469504644317
0.8084415584415584	0.45264828963248704	9.096656963491236
0.8116883116883117	0.4473869884805413	9.080643234961729
0.814935064935065	0.44212568732859553	9.067581898183654
0.8181818181818179	0.4368643861766497	9.057562090912207
0.8214285714285713	0.43160308502470374	9.05005160146973
0.8246753246753246	0.42634178387275795	9.043851373626056
0.8279220781008849	0.42108048305595475	9.038861149120029
0.8311688322995083	0.4158191837442182	9.034939554494654
0.8344155882673429	0.41055788679171396	9.031707203576643
0.8376623462528515	0.4052965925143222	9.02906982113956
0.8409091049852663	0.4000352998230432	9.026848019291075
0.8441483262188796	0.3947719055853725	9.025115056123981
0.847378207670464	0.389508130179044	9.023676243057217
0.8506053584983108	0.38424923272556066	9.02255535231793
0.8537239987245754	0.37902687194610624	9.021648877455965
0.8567534226331298	0.37387338108044244	9.020979949191108
0.8597348594230134	0.36889959630545033	9.020457367003324
0.863238843727283	0.3634967380755923	9.020058306892677
0.868779385013529	0.36021884980738644	9.020064064790146
0.873949210930501	0.3570561437212141	9.0201376215525
0.8791135774045452	0.3538677995611441	9.020279569537209
0.8842836826010457	0.3506661900960584	9.020487823587287
0.8895283366530742	0.34741740994735065	9.020762777833724
0.8947782914519422	0.34416366526092274	9.021097551549964
0.900037846360919	0.3409110480335118	9.021488145471487
0.9052973453508262	0.33766248877942684	9.021928990666366
0.9105578804169207	0.33441558441558566	9.022415197785437
0.9158191815688662	0.3311688311688316	9.022941727562836
0.921080482720812	0.327922077922078	9.02350349178816
0.926341783872758	0.3246753246753245	9.024095562458962
0.931603085024704	0.3214285714285711	9.024713190319956
0.93686438617665	0.31818181818181784	9.025351892428658
0.9421256873285957	0.3149350649350648	9.026007515088095
0.9473869884805416	0.3116883116883116	9.026676268705087
0.9526482896324875	0.3084415584415585	9.027354741032651
0.9579095907844334	0.3051948051948052	9.02803989951657
0.9631708919363792	0.30194805194805197	9.028729091684847
0.968432193088325	0.2987012987012987	9.029420047124637
0.9736934942402707	0.2954545454545454	9.030110878873906
0.9789547953922167	0.29220779220779214	9.030800078150124
0.9842160965441625	0.288961038961039	9.031486494267229
0.9894773976961083	0.28571428571428575	9.032169287607587
0.792207792207792	0.4894773976961082	9.443694603648103
0.7954545454545453	0.48421609654416226	9.446877934315372
0.7987012987012984	0.4789547953922166	9.446609592271466
0.8019480519480519	0.4736934942402708	9.272717869330249
0.8051948051948048	0.46843219308832484	9.191664113266945
0.8084415584415582	0.46317089193637884	9.151069753342894
0.8116883116883116	0.4579095907844329	9.118111327194788
0.814935064935065	0.45264828963248704	9.096308238678375
0.818181818181818	0.4473869884805413	9.080310435320767
0.8214285714285713	0.44212568732859553	9.067270188731278
0.8246753246753246	0.4368643861766497	9.057274546422613
0.8279220779220777	0.43160308502470385	9.049793514207211
0.8311688311688309	0.42634178387275806	9.043626542177686
0.8344155847103217	0.42108048353157823	9.038672685365597
0.8376623394417636	0.4158191864866589	9.034789553863142
0.8409090982851918	0.41055789179325225	9.03160091496811
0.8441558653900986	0.4052966120150599	9.029009260826042
0.8474026480973511	0.4000353563007313	9.026834874191879
0.8506378351979571	0.39476862358758336	9.025150311030457
0.8538524530792413	0.3895022591164706	9.02376079177044
0.8570016129596854	0.38426521653044876	9.022690353279122
0.8600521481260145	0.3790709394655567	9.021834995549538
0.8631144341167809	0.37391840184886005	9.021209193891794
0.8649248606491602	0.3693174015306986	9.020726241791259
0.8692132898483326	0.3665911386154274	9.020638151413442
0.8741316215379143	0.36350026318915224	9.020622355762503
0.8792174808667788	0.36032725725712955	9.02068875148182
0.8843594400149711	0.3571391849373271	9.020833936237596
0.8895488678754343	0.35391971436824854	9.021052633572571
0.8947913670834261	0.35066697676390196	9.021341980992988
0.9000431119661901	0.34741003937571935	9.021695112465052
0.9053003758367842	0.3441572728904109	9.022106516513945
0.9105586898207315	0.3409092248112136	9.02257015002799
0.9158191845437637	0.3376623382257508	9.023080380063176
0.9210804827208124	0.33441558441558467	9.023631394605495
0.9263417838727582	0.3311688311688313	9.024217490719673
0.931603085024704	0.3279220779220779	9.024833188814641
0.93686438617665	0.32467532467532456	9.025473235348294
0.9421256873285957	0.32142857142857123	9.026132693384065
0.9473869884805414	0.31818181818181807	9.026807018517696
0.9526482896324874	0.31493506493506485	9.027492109153505
0.9579095907844334	0.3116883116883116	9.028184328933266
0.9631708919363792	0.30844155844155846	9.028880507259663
0.968432193088325	0.30519480519480524	9.029577927451813
0.9736934942402707	0.3019480519480519	9.03027431052998
0.9789547953922166	0.2987012987012987	9.03096779774823
0.9842160965441625	0.2954545454545454	9.031656928583645
0.9894773976961083	0.29220779220779225	9.032340601698008
0.7987012987012986	0.4894773976961082	9.443079796195953
0.8019480519480517	0.48421609654416237	9.446411259200332
0.805194805194805	0.4789547953922165	9.446109394954135
0.8084415584415581	0.4736934942402708	9.272436628119218
0.8116883116883115	0.46843219308832484	9.1912845704757
0.8149350649350647	0.46317089193637884	9.150673220897396
0.818181818181818	0.457909590784433	9.117724734387961
0.8214285714285711	0.4526482896324871	9.095933529618927
0.8246753246753243	0.4473869884805413	9.079954481485329
0.8279220779220777	0.44212568732859553	9.066938954432288
0.8311688311688309	0.4368643861766497	9.056971273534701
0.834415584415584	0.4316030850247039	9.049524190628626
0.8376623376623374	0.4263417838727582	9.043395049795173
0.8409090905874658	0.4210804843618758	9.03848163984671
0.8441558436879187	0.4158191913939288	9.034642989785882
0.8474025858575644	0.4105580302791459	9.031503444965937
0.8506494399214701	0.40529683772065983	9.028962603430573
0.8538963402285011	0.4000356426139626	9.026840564253115
0.8571191298743686	0.3947635401878403	9.025209413215451
0.863349791238901	0.38431489741955593	9.02286025711245
0.8602745806179977	0.3895062872852968	9.023874752329855
0.8663694830539512	0.37902706627424587	9.022040376291544
0.8695510425168642	0.3732869188320418	9.021383881682327
0.8746539856452435	0.36972666025769285	9.021235090076145
0.879448382145846	0.3667045222683932	9.021212952161678
0.8844797255026414	0.3635841161975331	9.021279485461223
0.889609663157081	0.3604088807926797	9.021429837784325
0.8948196964964601	0.357171619460628	9.021660056993985
0.9000556412087574	0.3539140547209277	9.021964553331076
0.905306957209126	0.35065529797255746	9.022337375781118
0.9105618556730085	0.34740375620141556	9.022771278184436
0.915819857383881	0.34415601199068563	9.023259464718592
0.9210804827208131	0.3409090909090908	9.023795273903062
0.9263417838727586	0.3376623376623377	9.02437201912115
0.9316030850247042	0.3344155844155845	9.02498330680123
0.93686438617665	0.33116883116883117	9.025623059857368
0.9421256873285957	0.32792207792207784	9.026285510816548
0.9473869884805414	0.32467532467532456	9.02696528223865
0.9526482896324874	0.3214285714285713	9.027657462089252
0.9579095907844333	0.31818181818181807	9.028357660987673
0.9631708919363792	0.31493506493506496	9.029062042382998
0.968432193088325	0.31168831168831174	9.029767324917835
0.9736934942402707	0.30844155844155846	9.03047076302576
0.9789547953922167	0.30519480519480524	9.03117011410577
0.9842160965441625	0.3019480519480519	9.03186359749678
0.9894773976961083	0.29870129870129875	9.03254984028684
0.805194805194805	0.48947739769610826	9.442413778937846
0.8084415584415584	0.48421609654416237	9.445902606527945
0.8116883116883117	0.4789547953922166	9.445561746146824
0.8149350649350646	0.4736934942402708	9.27213258293969
0.8181818181818179	0.4684321930883249	9.190873129238485
0.8214285714285711	0.463170891936379	9.150244028386851
0.8246753246753243	0.45790959078443305	9.117307566841932
0.8279220779220776	0.4526482896324872	9.095531255266266
0.8311688311688309	0.4473869884805414	9.079574303899292
0.834415584415584	0.4421256873285957	9.066587799932384
0.8376623376623374	0.43686438617664985	9.056652515455431
0.8409090909090906	0.4316030850247041	9.049244631796476
0.8441558441558437	0.4263417838727582	9.043158144901478
0.8474025914542789	0.4210804863692603	9.038290293500408
0.8506492812847662	0.4158193127485626	9.034502893500568
0.853895983629315	0.4105583404961845	9.031418564908138
0.8571430925676742	0.4052972333153094	9.028933921105455
0.8603910283840289	0.4000374651186424	9.026870235214375
0.8635565082740486	0.394799427629735	9.025309215743947
0.8695473817554668	0.38448871920757766	9.023083805687788
0.8665953985695388	0.38962416629241803	9.024044947656392
0.8724587660080017	0.3791468326613197	9.022301706454696
0.8750656741682716	0.37497463483664767	9.021861036275691
0.8796180753706968	0.3730728839763887	9.021867486671516
0.8845894039518004	0.37001595273246246	9.021846790934928
0.8896820137807868	0.3668883070189371	9.021916111909944
0.8948572527726341	0.3636821242110842	9.022073018198716
0.9000778464075322	0.36042454513543154	9.022314788006854
0.9053184756017979	0.3571584571076151	9.022636348156526
0.9105682323303167	0.3539008626272646	9.023030353869396
0.9158223948182315	0.35065044934688	9.02348852281142
0.9210809172239478	0.3474027840030706	9.024002978083365
0.926341790583057	0.34415584348357897	9.024565847396751
0.9316030850247045	0.34090909090909083	9.02516947368546
0.9368643861766502	0.3376623376623377	9.025806678331143
0.9421256873285957	0.3344155844155845	9.02647071561436
0.9473869884805415	0.33116883116883117	9.02715527972387
0.9526482896324874	0.3279220779220779	9.027854566302404
0.9579095907844333	0.3246753246753246	9.028563333490368
0.9631708919363792	0.3214285714285714	9.029276952202556
0.968432193088325	0.3181818181818182	9.029991434813931
0.9736934942402709	0.31493506493506496	9.030703436277747
0.9789547953922166	0.3116883116883118	9.031410228112039
0.9842160965441625	0.30844155844155846	9.032109649048813
0.9894773976961085	0.3051948051948052	9.032800030973236
0.8116883116883116	0.48947739769610826	9.441690268233714
0.814935064935065	0.4842160965441624	9.44534738778058
0.8181818181818179	0.4789547953922166	9.444961330519087
0.8214285714285711	0.4736934942402708	9.271804070133173
0.8246753246753243	0.46843219308832484	9.190426977916912
0.8279220779220776	0.4631708919363789	9.149779634582968
0.8311688311688309	0.45790959078443305	9.116857583770996
0.8344155844155842	0.45264828963248727	9.095099876136485
0.8376623376623374	0.4473869884805415	9.079168970546677
0.8409090909090906	0.4421256873285956	9.066216594917691
0.8441558441558437	0.43686438617664985	9.05631892504939
0.8474025974025969	0.43160308502470396	9.048956188960657
0.8506493506493499	0.42634178387275795	9.042917436620106
0.8538960299987727	0.42108052261936574	9.038102702557289
0.8571425086572314	0.41581952692879853	9.034373008939104
0.8603889687836314	0.41055924058958726	9.031351086687769
0.8636372781254056	0.40530103503074694	9.028929617409391
0.86689162484963	0.4000484001467279	9.02693187061004
0.8699642476164237	0.3948710613652861	9.025452177580748
0.8756665398597858	0.3850009273177225	9.02340685889308
0.8728373334462695	0.3898020144563707	9.024261237809108
0.8789848928683237	0.37962899789050697	9.022669166835257
0.884604209290128	0.376450732142555	9.022554953961603
0.8897116554302154	0.3733896006064418	9.022534444810006
0.894898847896167	0.3702116376504992	9.022605350457754
0.9001051250661125	0.3669469600262009	9.022767797417044
0.9053350862517097	0.36366875749445676	9.023022842196916
0.9105775770343253	0.36040138549020234	9.023363574828421
0.9158273147242006	0.35714647728255183	9.023780870942849
0.9210824354197159	0.35389709954002035	9.024265285492342
0.9263419829293912	0.3506494875285912	9.02480769534296
0.9316030850247041	0.3474025974025971	9.025398968025021
0.9368643861766502	0.34415584415584394	9.026030433460877
0.942125687328596	0.34090909090909083	9.026694029419149
0.9473869884805416	0.3376623376623376	9.027382271191408
0.9526482896324874	0.33441558441558433	9.028088283039482
0.9579095907844332	0.33116883116883117	9.028805844836299
0.9631708919363788	0.32792207792207784	9.029529430643615
0.9684321930883248	0.32467532467532456	9.030254238138012
0.9736934942402707	0.3214285714285713	9.030976201859135
0.9789547953922167	0.3181818181818182	9.031691982785608
0.9842160965441625	0.314935064935065	9.032398928702646
0.9894773976961084	0.31168831168831174	9.033094997089593
0.818181818181818	0.48947739769610826	9.44090191862128
0.8214285714285711	0.4842160965441624	9.44474054396539
0.8246753246753243	0.4789547953922166	9.444302196130515
0.8279220779220776	0.4736934942402708	9.271449323076089
0.8311688311688309	0.46843219308832484	9.189943056575848
0.834415584415584	0.463170891936379	9.14927738091851
0.8376623376623374	0.4579095907844331	9.116372498690113
0.8409090909090905	0.4526482896324871	9.094637951852308
0.8441558441558438	0.44738698848054126	9.078737760007671
0.8474025974025969	0.44212568732859553	9.06582557873138
0.8506493506493499	0.4368643861766497	9.05597168976656
0.8538961038961032	0.43160308502470385	9.048660420070993
0.8571428571428564	0.42634178387275784	9.042675666326682
0.8603892509142398	0.42108048898914535	9.03792276750612
0.8636349178764023	0.41581953159145696	9.034257886762362
0.8668799121646104	0.4105598577159111	9.031306249658618
0.8701273592923311	0.40530385174242123	9.02895335789971
0.8733194854731468	0.4000691562374642	9.02703060538961
0.880664760518246	0.3854348861722007	9.02370623175266
0.8763159184613599	0.3949011385933341	9.025622767797865
0.8789345144150417	0.38992607396188567	9.024496228840407
0.8849140501577151	0.38279809218506033	9.02346323404731
0.8898217762907619	0.3797875389557698	9.023316331468536
0.8949523848669712	0.3768265636249592	9.02329679735219
0.9001291320356497	0.37349917166855795	9.02335190131416
0.9053526857824558	0.37018612315971283	9.023520249250884
0.9105883835933214	0.3669036954983535	9.02379135069914
0.9158334411357223	0.3636436943653538	9.024154069358675
0.9210852887723981	0.3603921791070854	9.024597066664876
0.9263426357115528	0.35714354545336535	9.025109779858568
0.9316031327396564	0.35389616044681177	9.025681714353517
0.93686438617665	0.3506493506493504	9.026302523888804
0.9421256873285958	0.3474025974025971	9.026962474318482
0.9473869884805417	0.3441558441558439	9.027652544657927
0.9526482896324874	0.34090909090909083	9.028364456310506
0.9579095907844333	0.3376623376623376	9.0290907406173
0.9631708919363787	0.3344155844155844	9.029824777314259
0.9684321930883247	0.3311688311688311	9.030560808979663
0.9736934942402706	0.3279220779220778	9.031293939566476
0.9789547953922165	0.3246753246753246	9.032020117302116
0.9842160965441625	0.3214285714285714	9.032736095907792
0.9894773976961083	0.31818181818181823	9.03343935939403
0.8246753246753246	0.48947739769610826	9.440040493472756
0.8279220779220777	0.48421609654416237	9.444076547635744
0.8311688311688309	0.4789547953922166	9.443577688468418
0.8344155844155842	0.4736934942402708	9.27106649637892
0.8376623376623374	0.4684321930883249	9.189418060991299
0.8409090909090906	0.46317089193637906	9.148734508205692
0.8441558441558438	0.45790959078443305	9.115850029952979
0.8474025974025969	0.4526482896324872	9.09414421846438
0.8506493506493501	0.4473869884805412	9.078280258764417
0.8538961038961034	0.44212568732859525	9.065415507222513
0.8571428571428565	0.43686438617664947	9.0556125330448
0.8603896103896099	0.4316030850247036	9.048359217490303
0.8636363636363633	0.4263417838727576	9.042438088588552
0.8668815912092862	0.4210798530393654	9.037755045790393
0.8701253282418738	0.4158181729669948	9.034162790817062
0.873365190257489	0.41055737711519064	9.031289652784137
0.8766014735687118	0.40530275233402163	9.0290100633348
0.8797339508900407	0.40004662886934333	9.027157040411346
0.8853393969828908	0.3895146813408056	9.024662732590683
0.8827190062835392	0.39476152952162563	9.025799831501542
0.8898464558914092	0.3858295545383224	9.024235496864636
0.8896665551013838	0.3897385275349209	9.02493316232264
0.8950001179781287	0.38345351719230314	9.024177863888587
0.9002200342101017	0.38012080341657095	9.024109641428893
0.9053652631136521	0.37670983016807097	9.024155614600351
0.9105971928499716	0.3733920450670975	9.024336325249187
0.9158380690469136	0.3701387529823847	9.024629280764929
0.9210883371242643	0.36688731463082935	9.025017213866436
0.9263438751421571	0.3636380906480236	9.02548851866416
0.9316033781192496	0.36038997893749253	9.026031531208467
0.9368643922670268	0.3571428668668863	9.026634389188517
0.9421256873285957	0.3538961038961037	9.027285560367277
0.9473869884805414	0.35064935064935043	9.0279741916882
0.9526482896324874	0.34740259740259716	9.028690256345312
0.9579095907844333	0.3441558441558441	9.029424664219972
0.9631708919363788	0.34090909090909083	9.030169358089049
0.9684321930883247	0.3376623376623376	9.030917350954068
0.9736934942402706	0.3344155844155844	9.031662718381495
0.9789547953922167	0.33116883116883117	9.032400560162829
0.9842160965441625	0.32792207792207795	9.03312693783455
0.9894773976961084	0.32467532467532473	9.033838779474323
0.831168831168831	0.48947739769610826	9.439096661716802
0.8344155844155842	0.4842160965441624	9.44334924106537
0.8376623376623374	0.47895479539221664	9.44278041859974
0.8409090909090907	0.4736934942402708	9.270653746911007
0.8441558441558438	0.4684321930883249	9.188848481472993
0.8474025974025969	0.463170891936379	9.14814818310804
0.8506493506493501	0.45790959078443305	9.11528796942089
0.8538961038961034	0.4526482896324871	9.093617689795707
0.8571428571428567	0.4473869884805411	9.07779650065025
0.8603896103896099	0.4421256873285952	9.064987816774716
0.8636363636363633	0.4368643861766494	9.055243558581575
0.8668831168831167	0.4316030850247035	9.048055884040396
0.8701278908642635	0.42634055361975615	9.042208850689958
0.8733723503605555	0.4210778841061333	9.037605349591784
0.8766118504032591	0.4158130623934224	9.034093919228246
0.8798439655741479	0.41054634124155864	9.031306646426225
0.8830825164201122	0.40528155417774325	9.029102128252616
0.8862757012122882	0.3999515601832789	9.027318994595376
0.8894734728926509	0.39416134003303116	9.025937340488733
0.8941982193244948	0.38989037177536806	9.02521560220253
0.8999826663886973	0.3865272114505518	9.025012945415227
0.9053127142771027	0.38319055389122114	9.024948210289823
0.910579819526632	0.3798702838052655	9.025022085339456
0.91583313220767	0.37662756659921015	9.025228917783062
0.9210891651459274	0.3733815720882261	9.025546903509158
0.9263453270655821	0.3701331619983254	9.025963317657585
0.9316040528510178	0.3668843393282725	9.026465764965538
0.9368645632674365	0.3636365760679827	9.027041163847061
0.9421256873285954	0.36038961038961054	9.027676266568891
0.9473869884805414	0.35714285714285715	9.028358295309348
0.9526482896324873	0.3538961038961037	9.029075237320582
0.9579095907844332	0.3506493506493506	9.029816082189852
0.963170891936379	0.34740259740259727	9.030570972372445
0.9684321930883247	0.34415584415584416	9.031331318787695
0.9736934942402706	0.34090909090909094	9.032089839004824
0.9789547953922167	0.3376623376623377	9.03284052902707
0.9842160965441625	0.33441558441558455	9.033578582545637
0.9894773976961083	0.3311688311688312	9.034300260048946
0.8376623376623374	0.4894773976961082	9.438058896174438
0.8409090909090906	0.4842160965441624	9.442551451615133
0.8441558441558439	0.4789547953922166	9.441902126982653
0.847402597402597	0.47369349424027074	9.270209331256956
0.8506493506493501	0.46843219308832484	9.188230653467416
0.8538961038961034	0.4631708919363789	9.147515533885327
0.8571428571428567	0.4579095907844329	9.114684271518817
0.8603896103896099	0.452648289632487	9.09305778736947
0.8636363636363633	0.44738698848054104	9.07728716754977
0.8668831168831167	0.44212568732859525	9.06454461424717
0.8701298701298699	0.43686438617664947	9.054867525804399
0.8733742750380914	0.43160184632332355	9.047755439219209
0.8766165064822496	0.42633760325637277	9.041993980317853
0.87986162987415	0.42107415417962335	9.037481328011888
0.8830879178462618	0.41579910957286187	9.03405731153243
0.8863085513812569	0.41052218331830903	9.031363908675585
0.8895256098434786	0.4052437965203472	9.02923983991534
0.8928093872590364	0.3999714518802929	9.027591793759852
0.8952408103489384	0.3952666947765277	9.026507697096521
0.8999074424838386	0.39284256871406503	9.0262026895959
0.9052574700585163	0.3896654537137824	9.025976602388797
0.9105621476146196	0.38638903167626304	9.025906117800098
0.9158327026560467	0.3831250090765337	9.02599150357888
0.9210877386643956	0.3798760466630889	9.026214092450468
0.9263463650907999	0.3766296855409925	9.026557405210061
0.9316053926115052	0.37338006311535016	9.02700472688372
0.9368652751251721	0.3701308363990619	9.027540918640545
0.9421258479327242	0.36688324451870047	9.02815074215605
0.9473869884805414	0.3636363636363637	9.028819238505939
0.9526482896324874	0.3603896103896103	9.029532160073154
0.9579095907844329	0.3571428571428572	9.03027632509159
0.9631708919363787	0.35389610389610393	9.031039814527814
0.9684321930883247	0.35064935064935066	9.031812116890306
0.9736934942402705	0.34740259740259744	9.032584238432293
0.9789547953922165	0.34415584415584416	9.033348729514612
0.9842160965441625	0.340909090909091	9.03409962747473
0.9894773976961084	0.3376623376623378	9.034832313919475
0.8441558441558439	0.4894773976961082	9.436913430707977
0.847402597402597	0.48421609654416237	9.441674915669552
0.8506493506493502	0.4789547953922165	9.440933482920277
0.8538961038961035	0.47369349424027074	9.269731705085619
0.8571428571428568	0.46843219308832484	9.187560841027915
0.86038961038961	0.46317089193637884	9.146833703381851
0.8636363636363633	0.45790959078443294	9.114037167005401
0.8668831168831167	0.452648289632487	9.092464513454908
0.8701298701298699	0.44738698848054115	9.076753814268166
0.8733766233766231	0.44212568732859536	9.064088405055015
0.8766216565201059	0.4368636844234541	9.054487889273942
0.8798620213283229	0.43159906198546794	9.047465238689126
0.8830969271695145	0.42633005054278383	9.041799179951846
0.886327344347562	0.4210553001418221	9.03738322222299
0.8895531286535614	0.41577396130801875	9.034062262735302
0.8927473562924821	0.4104839453813791	9.031472636002379
0.8958277684469498	0.4051903288946021	9.029443115872082
0.8995462996175428	0.3994921128433498	9.027799605090957
0.9052314640269771	0.3961793675733647	9.027328234511787
0.9105565757303343	0.392877007369768	9.02705092738683
0.9158394744659532	0.3896141877805233	9.026970705215534
0.9210939034570096	0.38637293793485167	9.02706300345863
0.9263470620457768	0.3831313015947243	9.027304383070286
0.9316078330572769	0.37987864755020456	9.027674926224114
0.9368669069806647	0.37662654343392155	9.028155542340352
0.9421265428088784	0.37337720978616673	9.028727941390786
0.9473870932469649	0.370129917621121	9.029374048538672
0.9526482896324874	0.36688311688311687	9.030076644832162
0.9579095907844332	0.36363636363636376	9.030819810424811
0.9631708919363787	0.3603896103896105	9.031589186174761
0.9684321930883247	0.3571428571428572	9.032372048744884
0.9736934942402705	0.35389610389610393	9.033157408651364
0.9789547953922165	0.35064935064935066	9.033936069956397
0.9842160965441625	0.34740259740259744	9.03470060873709
0.9894773976961083	0.3441558441558442	9.035445249676231
0.8506493506493503	0.48947739769610826	9.435644536728413
0.8538961038961035	0.48421609654416237	9.440710188301303
0.8571428571428568	0.4789547953922165	9.439863894770157
0.86038961038961	0.47369349424027063	9.269219680886499
0.8636363636363633	0.4684321930883248	9.186835360066022
0.8668831168831166	0.46317089193637884	9.14609992761043
0.8701298701298699	0.457909590784433	9.113345319263411
0.8733766233766231	0.4526482896324871	9.091838694697188
0.8766233766233764	0.44738698848054126	9.076198992665432
0.8798701298701298	0.4421256873285954	9.063622105532595
0.8831101037471218	0.4368619564761295	9.054112818867521
0.8863425581898606	0.43159370990969004	9.047193115424994
0.8895646946412343	0.42631673559663724	9.041634337401435
0.8927788456084013	0.4210257883159751	9.037325763357254
0.8959998316871876	0.4157178414822735	9.034108029440509
0.8991758933873669	0.41040134103869935	9.031625639609027
0.901162064281792	0.40554932570354396	9.029833838074467
0.9057306880682638	0.4026448162245762	9.029121445299529
0.9107252214349124	0.3993075011712553	9.028548959881332
0.9158987138579283	0.3960905155699312	9.028249501796473
0.9211236965613848	0.39286553147723585	9.028161270623434
0.926361914616332	0.3896341759223997	9.028258942681129
0.93161357462182	0.3863796825681833	9.028517670641266
0.9368698770327835	0.3831247576693255	9.028916835764361
0.9421282140892749	0.37987213099755945	9.02943299743737
0.9473875395630049	0.3766235591421078	9.030043554510327
0.9526483287299593	0.3733766292511263	9.030727029134637
0.9579095907844333	0.37012987012987014	9.03146348440083
0.9631708919363787	0.36688311688311703	9.032235161219342
0.9684321930883247	0.36363636363636376	9.0330264816946
0.9736934942402705	0.3603896103896105	9.033824030186453
0.9789547953922167	0.3571428571428572	9.034616554966037
0.9842160965441625	0.35389610389610393	9.035394914800797
0.9894773976961083	0.35064935064935066	9.03615193724591
0.8571428571428569	0.48947739769610826	9.434234584160068
0.86038961038961	0.48421609654416237	9.439646553065574
0.8636363636363633	0.47895479539221647	9.438681339030575
0.8668831168831166	0.47369349424027063	9.268672624344374
0.8701298701298699	0.4684321930883248	9.186050716066473
0.8733766233766231	0.4631708919363789	9.145311632766308
0.8766233766233764	0.457909590784433	9.112608059870967
0.8798701298701297	0.4526482896324871	9.091182276404632
0.8831157342658614	0.44738670825181553	9.075625592140069
0.8863585863326353	0.44212439296258155	9.063148509904474
0.8895924783731456	0.43685896390300344	9.05375222631036
0.8928121548394866	0.4315865373753363	9.046951960216715
0.8960153877070934	0.42630113163696687	9.041516585580512
0.8992065196386548	0.42098633576436856	9.03732562679943
0.9024116207981446	0.4155787547456606	9.034188260714389
0.9056735302199643	0.4095270537869663	9.031512936757773
0.9109022663766726	0.4055387365765066	9.030422161630646
0.9160064972463696	0.40251194513512467	9.029900622563261
0.921164139223834	0.3993530097310826	9.029589607199535
0.9263866187219173	0.396120138035346	9.029490481336952
0.9316188344204493	0.39288410503330856	9.02959396868445
0.9368759265583032	0.3896251076391371	9.029874298499562
0.9421310582812774	0.3863690649402917	9.030304619844514
0.9473890327857326	0.38311771019189633	9.03085813368344
0.9526485009833752	0.37987014244022865	9.031507738947395
0.9579095971256874	0.3766233759433204	9.032228213166592
0.9631708919363791	0.37337662337662336	9.03299671345444
0.9684321930883248	0.3701298701298702	9.033793496186071
0.9736934942402707	0.36688311688311703	9.03460173899906
0.9789547953922167	0.36363636363636376	9.035407463378652
0.9842160965441625	0.3603896103896105	9.036199388243995
0.9894773976961083	0.3571428571428572	9.036968679938807
0.8636363636363633	0.4894773976961082	9.432664036797833
0.8668831168831166	0.4842160965441623	9.438471982822614
0.8701298701298699	0.47895479539221647	9.437372184861559
0.8733766233766231	0.47369349424027063	9.26809065000999
0.8766233766233764	0.46843219308832473	9.18520372527396
0.8798701298701297	0.46317089193637884	9.144466544114506
0.883116883116883	0.457909590784433	9.111825747847954
0.8863636363636362	0.4526482896324871	9.090498381287462
0.8896064260293003	0.44738611545827595	9.075038519391034
0.8928433820792591	0.4421224046815364	9.06267925508272
0.8960669115027061	0.43685539841156124	9.053419324990768
0.8992694343023295	0.4315825996429619	9.046762075381409
0.902442538508292	0.42629967283271286	9.041476211520967
0.9055849375745599	0.4209918018673517	9.037437856198443
0.9086710390010979	0.41563198036189525	9.03446450391406
0.9113132816044675	0.41091665825960344	9.032452278148977
0.9161039139217982	0.4089762922580624	9.032027466645504
0.9212458444357078	0.405798330157312	9.031427457977545
0.9264102985700158	0.4026074056710137	9.031083126167657
0.9316408289394883	0.3993766003770353	9.030980695130806
0.9368864171403043	0.3961249499417936	9.031095055976396
0.9421378504115	0.3928683598086238	9.031399955038614
0.9473922721070932	0.3896135508210605	9.031864116652796
0.9526498152182482	0.38636396800899714	9.032455968677338
0.957909627775082	0.3831168791498882	9.03314395444663
0.9631708919363787	0.37987012987012997	9.033899045146796
0.9684321930883247	0.3766233766233767	9.034695500348732
0.9736934942402707	0.37337662337662336	9.035511575735812
0.9789547953922166	0.37012987012987025	9.036329295150432
0.9842160965441625	0.36688311688311703	9.037134301350916
0.9894773976961083	0.36363636363636376	9.037915503268884
0.8701298701298699	0.4894773976961082	9.430911404156582
0.8733766233766231	0.48421609654416237	9.437173149118832
0.8766233766233764	0.4789547953922165	9.435920966683698
0.883116883116883	0.4684321930883248	9.184291578114049
0.8798701298701297	0.47369349424027063	9.267474769312726
0.8863636363636362	0.4631708919363789	9.143562845298915
0.8896103896103895	0.45790959078443305	9.111000248948455
0.8928550357138411	0.45264797879530677	9.08978972530497
0.8960944075002125	0.44738515051512345	9.074445469266594
0.8993248499050989	0.4421202392897503	9.062230043087242
0.9025394349285489	0.43685397783682633	9.053133923156246
0.9057158266004257	0.43158896516004797	9.046648553572203
0.9088508986614299	0.4263415201131743	9.041558484372969
0.9118226951061624	0.4210717686469703	9.037713249070661
0.915518815196287	0.415459321040026	9.034748243201404
0.9212862717528109	0.4122619323920726	9.033782348541921
0.9265039458994172	0.40907939575651553	9.033131918792217
0.9316636937177537	0.40587192014997436	9.032760213513106
0.9369079909279984	0.40262804386696294	9.032658246951371
0.9421460025150766	0.3993682312919413	9.032788207983868
0.9473991593430514	0.3961121246555848	9.033123605526908
0.9526534765141751	0.3928589707271381	9.033624737657126
0.9579106944535855	0.38961056386844484	9.034255190957763
0.9631708919363788	0.38636363636363663	9.034979195075023
0.9684321930883247	0.38311688311688324	9.035764010049533
0.9736934942402706	0.37987012987012986	9.036581304602038
0.9789547953922167	0.37662337662337664	9.037407615665893
0.9842160965441625	0.3733766233766234	9.03822413003761
0.9894773976961083	0.3701298701298702	9.039016388718144
0.8766233766233764	0.48947739769610826	9.428952990022493
0.8798701298701297	0.48421609654416237	9.435735416021382
0.883116883116883	0.47895479539221647	9.43431001577653
0.8896103896103895	0.4684321930883248	9.183311817582839
0.8863636363636362	0.47369349424027063	9.266826935315391
0.8928571428571428	0.4631708919363789	9.142599541733302
0.8961024895969131	0.4579094733889082	9.11013512381912
0.8993441526557566	0.45264744216142644	9.089060039043838
0.9025783016876003	0.447383696118233	9.073860878609509
0.9058064490315277	0.44211771654677673	9.06181734466278
0.9089932691089242	0.43685243974915466	9.052913452366598
0.9121321572670968	0.4315926765473009	9.046611838212206
0.9151843809138411	0.4264028007917133	9.041746180692611
0.9171260992897584	0.4216031877076615	9.038359596362996
0.9216288251489821	0.4187209451210399	9.036928559490727
0.9266794518563933	0.41549503173709956	9.035779465033213
0.9317916158931505	0.4123558594579831	9.035063030141375
0.936937386129753	0.40915228141806725	9.034664724684452
0.9421736171256135	0.40587428002296577	9.034556174037048
0.94741218512609	0.40261292761385775	9.034709951465794
0.952660098936934	0.39935604070106656	9.035079394075993
0.9579138210367805	0.3961048320261716	9.03562010056534
0.9631716001333182	0.3928571981807621	9.036288467858057
0.9684322427692788	0.38961038568951883	9.037043958464743
0.9736934942402705	0.38636363636363646	9.037850477827151
0.9789547953922167	0.3831168831168832	9.038677715096135
0.9842160965441625	0.37987012987012986	9.039501100927664
0.9894773976961083	0.37662337662337664	9.040301553513622
0.883116883116883	0.4894773976961082	9.426762396512748
0.8863636363636362	0.4842160965441623	9.434142679151087
0.8896103896103895	0.47895479539221647	9.432518747837243
0.8961038961038961	0.4684321930883248	9.182262368060707
0.8928571428571428	0.47369349424027063	9.26614991719738
0.8993498340805371	0.46317087126801465	9.141577325838876
0.9025933368073727	0.4579093402103936	9.109237259796485
0.9058296561714837	0.4526470156085369	9.088318469094487
0.9090597171298185	0.44738252288107105	9.073307013374576
0.9122662963357364	0.4421119642320293	9.061462337236618
0.9154035684158303	0.4368520619410796	9.05279178685722
0.9185030273607012	0.4315170105608323	9.046609762996637
0.9217548551462528	0.42561483135876604	9.041332083872215
0.92689196344616	0.4217915860188497	9.039211209194875
0.9319261369543562	0.41874755464758034	9.03802919666368
0.9370264433991694	0.41563925890084163	9.037256216233706
0.942219696945131	0.41236829624510446	9.03681255102584
0.9474344010380849	0.4091125585655666	9.036715002929581
0.9526699187348034	0.40585453663728877	9.036898395643767
0.9579188720632814	0.40260030620677095	9.03730819605037
0.9631734229971188	0.39935094498429907	9.037889860551488
0.9684325266470637	0.39610389607891583	9.038592993130713
0.9736935006946958	0.392857142181982	9.039371984830147
0.9789547953922167	0.3896103896103898	9.04018808941006
0.9842160965441625	0.38636363636363646	9.041009698255658
0.9894773976961083	0.3831168831168832	9.041811991455885
0.8896103896103895	0.48947739769610826	9.424309633208585
0.8928571428571428	0.48421609654416237	9.432376437757211
0.8961038961038961	0.47895479539221647	9.430522209920552
0.9025974025974025	0.46843219308832473	9.181141919255829
0.8993506493506492	0.47369349424027063	9.265447232671773
0.9058414395221804	0.46317086435690497	9.140499462894686
0.9090838363672483	0.45790951641737326	9.108317404315612
0.9123096482232897	0.4526483639799028	9.087587459264826
0.9155360816513345	0.4473879401554627	9.07282253199884
0.9186706788785234	0.44213892285981354	9.061264020232871
0.9217203444293264	0.4369397313645324	9.052920173948038
0.9246549507599735	0.4316974491979107	9.04700807062787
0.9273424079803764	0.427153079544804	9.04304402461831
0.9320201035905992	0.4250180737038085	9.041856588522924
0.9371076778635584	0.42205186211530815	9.040617743861945
0.9422840640155643	0.4188282568181501	9.039723986437593
0.9474728847138633	0.41559553266703664	9.039270746537083
0.9526856229715807	0.41235181345527816	9.039188536173013
0.9579251162380508	0.4090977613438623	9.039407777155118
0.963176404061954	0.40584527771978984	9.039860388209746
0.9684331802399382	0.4025974460649351	9.040481258070729
0.9736935427960992	0.39935064719664815	9.041211394462552
0.9789547953922167	0.39610389610389624	9.042000599921165
0.9842160965441625	0.39285714285714296	9.042808225033133
0.9894773976961083	0.38961038961038974	9.043602368352277
0.8961038961038961	0.4894773976961082	9.421558253917018
0.8993506493506492	0.48421609654416237	9.430412518846685
0.9025974025974025	0.47895479539221647	9.42829047397005
0.9090888500062627	0.4684321809378005	9.179950687774218
0.9058441558441558	0.47369349424027063	9.264723602527797
0.9123326715128139	0.46317090940783084	9.139370332847875
0.915561026286352	0.4579106381523513	9.10739352993312
0.9187814022814497	0.45265222697375257	9.086900797482857
0.9219860309996136	0.44740615394114414	9.072453353219458
0.925020126669064	0.4422329129313063	9.061321880381426
0.9278346650994805	0.4370635017426048	9.053292111339978
0.9313888004516804	0.43164300804189115	9.047337981613618
0.9371531388271818	0.42841377628325067	9.045102848777828
0.94234344426537	0.42526499117288497	9.043568798276157
0.9475342369062946	0.4220495998077247	9.042590688981228
0.952717764054699	0.41883461914642134	9.04211554039624
0.957935793362028	0.4155948634818256	9.042047776913742
0.9631807305624541	0.4123413986370479	9.042302978154511
0.968434758833527	0.40909118148877416	9.042796606049292
0.9736936519798932	0.4058441564072794	9.043448977676475
0.9789547953922166	0.4025974025974026	9.044191794059998
0.9842160965441625	0.3993506493506494	9.044970574944372
0.9894773976961085	0.3961038961038961	9.045743694411343
0.9025974025974025	0.48947739769610826	9.418452438142518
0.9058441558441558	0.48421609654416237	9.428222933924317
0.909090270707014	0.4789547531513567	9.425789618554427
0.9155795906521124	0.4684321548286084	9.17869007983366
0.9123351235869349	0.4736934421253893	9.26398584172564
0.9188124644614778	0.4631717795628303	9.138206433566637
0.9220361116876407	0.45791123732340844	9.106476433217912
0.9251972468619328	0.45267838535820415	9.086366685500053
0.9283496088213065	0.4474340803901445	9.072221465147264
0.931163319737752	0.4422652468249983	9.061400191217983
0.9330604485490865	0.4376026620949893	9.054392429345423
0.9374334660716256	0.4348002062342007	9.051298208054083
0.9425114942950894	0.431658670600441	9.048782751730679
0.9476229940126735	0.42847618823104405	9.047016219888945
0.9527790467912841	0.42528684926955856	9.045946680919696
0.9579620481955925	0.42207951418712447	9.045440262524062
0.9631893052686148	0.4188377703461859	9.045381637500254
0.968438227742324	0.4155858878050504	9.04566640766921
0.9736945036241239	0.41233768300903645	9.046189419654013
0.9789547953922167	0.40909090909090917	9.04685508081212
0.9842160965441625	0.4058441558441559	9.047585863818158
0.9894773976961083	0.4025974025974027	9.048323459769286
0.9090909090909091	0.4894773976961082	9.414929200412912
0.9123376623376623	0.4842160965441623	9.425778449626081
0.9155819280225704	0.47895462640602865	9.422983532026336
0.922060656547739	0.46843332598804105	9.177378875686953
0.9188238872048484	0.47369343103774614	9.26324661898
0.9252948163025547	0.46317328809768643	9.137018832972336
0.9284489314915797	0.4579453069337745	9.105785930727885
0.9315813958900071	0.4527213065870003	9.086025501920451
0.9345857818126536	0.44740150738802265	9.07205157634129
0.9376598677540924	0.4415530314494016	9.060288898437305
0.942827046552623	0.4379300889352304	9.055819392241817
0.9477818583489195	0.434823249887684	9.052978150983876
0.9528696646244773	0.4317031586431524	9.051066922060572
0.958013064237349	0.4285385148225522	9.04990403058835
0.9632061020031257	0.4253272697807313	9.049358088505052
0.9684449051350775	0.4220808492866152	9.049301325359515
0.9736969905058559	0.4188315310064848	9.049601171481884
0.9789552498600856	0.415584406108562	9.050128216527531
0.9842161314072819	0.41233766194369675	9.050772532288825
0.9894773976961084	0.40909090909090917	9.051449688704379
0.9155844155844156	0.4894773976961082	9.410910514190563
0.9188291882208137	0.4842158118999192	9.423053247019654
0.9220712095394864	0.4789543114140025	9.41982915584319
0.9285386945801033	0.468436370773079	9.176018550501789
0.9253074262140237	0.47369384711329304	9.262526689446856
0.9317032665423679	0.46321009459562196	9.13609997868815
0.9348460320079022	0.45800524238120616	9.105310898815409
0.9379336821434667	0.45283506967290665	9.086123792172243
0.9408268151862952	0.447600307979332	9.072646612492276
0.9433316951515449	0.4431533426734976	9.063832450215072
0.9478916508278513	0.4410829160602637	9.061025928292166
0.9529682997808012	0.4380884768559725	9.058022245606297
0.9580803272267041	0.4349786080610352	9.05590007836385
0.9632459083670838	0.43179671559001737	9.054606497885347
0.9684617414682825	0.4285692038694379	9.054008171281808
0.9737009086648806	0.42532582203695	9.053939531939905
0.9789566536616107	0.42207813890948737	9.05422753846649
0.9842163081607076	0.41883116683727034	9.054716332636454
0.9894774038045121	0.4155844155940161	9.05528458610965
0.9220763261573227	0.4894770737060457	9.40636057896412
0.9253183927418348	0.4842151393773933	9.42001270140461
0.9285553978990428	0.4789535301520203	9.416275412131768
0.9349510719215187	0.46846546203541567	9.174943905040047
0.9317861267103352	0.473693300252843	9.26180128333106
0.9380799368352596	0.46326967205593944	9.135370876128876
0.9411850610823101	0.4581266423428186	9.105335411391254
0.9439729682148944	0.4530240503738068	9.086867922710324
0.9474768960411197	0.4476348463183568	9.07314340835673
0.9530548676075662	0.44449673237294896	9.067842232331342
0.9581383012450566	0.44143953044450596	9.06420475428119
0.9632965464260542	0.4382593700932773	9.06171443636101
0.9684872798913501	0.43504879665653595	9.060252455471689
0.9737132570874326	0.43181574907180637	9.05958154670973
0.9789584383566218	0.42857237576983026	9.059463542517847
0.9842171284704965	0.42532501008750856	9.059683793699735
0.9894774333284625	0.42207792213392487	9.060063035586607
0.9285663173281682	0.4894762812466526	9.40114650334643
0.9318036779458335	0.4842136830798825	9.416624463009923
0.941329584969225	0.46849803867894435	9.173914868396833
0.9350366896366255	0.4789514312605187	9.412247448486253
0.9382010307855175	0.4737112736023954	9.261543744313157
0.9444011470821899	0.46333629242647717	9.134726620526225
0.9472246128195891	0.4584174751226965	9.106466813469167
0.9491229128469978	0.45346223138538616	9.088843089249972
0.9535944526300721	0.45071089233474937	9.081631430035477
0.9584979949221758	0.44774935580819847	9.075837751105672
0.9634840853351533	0.4446512968082062	9.07154309369659
0.968545478905969	0.44150806437578993	9.068745537254673
0.9737455680435181	0.4382942992475906	9.06711338480647
0.9789667714983906	0.4350658268454193	9.066330050403655
0.9842178830288525	0.43181920024888726	9.066088025556292
0.989478114297582	0.42857172909163005	9.066139563611886
0.9350527592466588	0.48947438925562387	9.395029864353218
0.9382862908713604	0.4842111542886289	9.412850995474798
0.9476277258432925	0.46853644190110105	9.173170398141067
0.9445948869108791	0.47372541264252743	9.261180022702023
0.9414619095890359	0.4789580895524392	9.407777871997132
0.9506482739078738	0.4632943172950578	9.13367159937438
0.95386962915628	0.45755395832055273	9.102604120979336
0.9590736144694699	0.4540932863913003	9.092498928714287
0.9637518580049868	0.45102197722523707	9.085422508831641
0.9687091692517021	0.44790882999983483	9.080524498674345
0.9738110515005336	0.4447527126081677	9.07737543451288
0.9789899826664964	0.44155443694307256	9.075533819791033
0.9842246713636369	0.43831647777128196	9.074547341673423
0.9894793654532155	0.4350656242367949	9.074052961376928
0.9415333306223282	0.4894702815031268	9.387406290733624
0.944726345626489	0.4842086413731555	9.40863625995538
0.9538156802372562	0.4686492670432024	9.173726258088303
0.9508872963854702	0.4737610073564279	9.261269096112033
0.9478768961182445	0.4789590400160144	9.402562046726958
0.9567623861138244	0.46342066801034465	9.134410033068463
0.9593721900707172	0.459098587378479	9.111033571602206
0.963907282475492	0.45743499966123313	9.105190365541803
0.9688390015759268	0.4542940946826494	9.097037751414598
0.9739008993976932	0.4511853051182368	9.09159887416601
0.9790206808161805	0.4480419721157868	9.088124748623583
0.9842399171810087	0.44481903020887553	9.085951790387485
0.9894862377472157	0.44156495460632095	9.0845810519409
0.9479969695576718	0.489463222199994	9.376933331313735
0.9511579644438394	0.4841976688318101	9.40396225828733
0.9598153195629434	0.46874383071619574	9.17551316950924
0.9570662684061643	0.4737825713869704	9.260910250508253
0.9542293572552074	0.47895594799528524	9.396425698917177
0.9632565133293467	0.4636539993951618	9.136855937920659
0.9688285781913798	0.4605976220940489	9.121662367158514
0.9739615274060879	0.45760304554224696	9.112113688133569
0.9791010749856341	0.454492720806809	9.105768956953407
0.9842533378150431	0.4513477265808359	9.101707217000575
0.9894995738770165	0.4480693035686967	9.09886820256257
0.9544490583399808	0.4894492062046823	9.362010671040482
0.9575444981025474	0.4841661472795833	9.399187944609368
0.9649144443959635	0.46925727386876004	9.185310800338256
0.9630766248951053	0.47369920459273507	9.257957963604696
0.9604853068121445	0.4788951918167643	9.388128194660858
0.9689247910315117	0.46658845721064474	9.16163120629294
0.9740823533299136	0.4640111360723578	9.145195937447099
0.9791661643833481	0.4609671313250833	9.132759645252092
0.984333420862434	0.4577960009429927	9.124502366250104
0.9895284539746422	0.45456523009723426	9.119005344954681
0.9608950029964715	0.489428166463037	9.339952052063717
0.9639166873090489	0.48408247372926866	9.394771476529376
0.9690158912039424	0.47267945716842896	9.235976714433948
0.9668137100142922	0.4786272503314778	9.375111562301273
0.974249600725485	0.47083382600371515	9.210618991171005
0.9793741648449324	0.4674716511000544	9.179319802832978
0.9843929711641268	0.46433543602613614	9.161047563149898
0.9895683062447834	0.46106263344216186	9.149195679993925
0.9673460750919882	0.4894321354703376	9.300009139110104
0.9703932622604174	0.4839479129083029	9.389311695663077
0.9737464022036525	0.47773574643972205	9.352546122446478
0.9793049059087077	0.4739716624665808	9.279171160353807
0.9844502289364838	0.47081899868400656	9.23472087868282
0.9896031541313794	0.4675707908016948	9.20446499449625
0.9737402775624676	0.4894807412752635	9.228557251262089
0.976796188769429	0.4843290538155861	9.37711270383184
0.9796069758239359	0.4795028645476734	9.36463703546371
0.984409754874755	0.4774643399143768	9.351505064474194
0.989616422695002	0.474100111795196	9.307270142642388
0.9800482404767736	0.4895448224164945	9.1092348061015
0.9837776273631347	0.48401352010210114	9.372855035793313
0.9896054663339874	0.48062896005369726	9.405233185627125
0.9853959004880841	0.48998490638017267	8.887743052730809
0.990065134941749	0.4870903069701596	9.224210635466727
