% Model:              Simple_2D_Model_Laminar_SS_Model.mph
% Version:            COMSOL 6.2.0.415
% Date:               Mar 15 2025, 23:45
% Dimension:          2
% Nodes:              10076
% Expressions:        1
% Description:        Velocity magnitude
% Length unit:        m
% x	y	spf.U (m/s) @ H=0.75, L=1
0.006303093298561502	0.0066535625917471695	7.864641750531874
0	0.009740259740259745	9
0	0	4.5
0.009708737864077666	0	0
0.0070416007794336655	0.014881224032249285	9.131798736460665
0	0.01948051948051949	9
0.01941747572815533	0	0
0.014765127849296178	0.00864632918622682	8.843939129092456
0.007547226773019002	0.0241936156080031	9.06974065643513
0	0.029220779220779237	9
0.024827706290817004	0.00789415239385291	8.436873277944505
0.029126213592232997	0	0
0.007832314568191372	0.033979705158169074	9.027811120994805
0	0.038961038961038974	9
0.03419340169016432	0.00789640755094525	8.27325946735632
0.03883495145631066	0	0
0.007799305190742067	0.04375203540941225	9.011586551966525
0	0.04870129870129873	9
0.04381969726150814	0.00793956368676283	8.089343728604563
0.04854368932038833	0	0
0.00783012171795992	0.05350085518461015	9.00643954213052
0	0.058441558441558475	9
0.05350468222647011	0.007930455126075047	7.896740729715552
0.058252427184465994	0	0
0.007850364593902398	0.06327412450612752	9.003637882923824
0	0.06818181818181822	9
0.06317786009479907	0.007905425324077486	7.745641130862915
0.06796116504854366	0	0
0.00786840964047592	0.07302822040434184	9.002254478220761
0	0.07792207792207796	9
0.07285037087639605	0.007889837259393162	7.641780099253821
0.07766990291262132	0	0
0.08253696203939094	0.007884279001765629	7.573475953400565
0.08737864077669899	0	0
0.007879127836806242	0.08277649990205334	9.001457513946749
0	0.08766233766233769	9
0.007885884227135079	0.0925230874560936	9.000981535695606
0	0.09740259740259744	9
0.09223300970873782	0.007882397166976796	7.527030182880189
0.09708737864077666	0	0
0.10194174757281549	0.007882397166976796	7.4941115679289085
0.10679611650485432	0	0
0.007889503640703366	0.10226812148635063	9.00068306542016
0	0.10714285714285718	9
0.11165048543689315	0.007882397166976795	7.469366124898063
0.11650485436893199	0	0
0.007891223990937049	0.11201131823310069	9.000488905798376
0	0.11688311688311692	9
0.007891821446671521	0.12175295055761531	9.000358766337683
0	0.12662337662337667	9
0.12135922330097082	0.007882397166976795	7.450104307526899
0.12621359223300965	0	0
0.007891951727918838	0.13149350649350652	9.000269085400213
0	0.13636363636363638	9
0.13106796116504846	0.007882397166976796	7.4346831707285626
0.1359223300970872	0	0
0.007891951727918843	0.14123376623376624	9.000205738691676
0	0.14610389610389615	9
0.1407766990291261	0.007882397166976805	7.422130212093541
0.14563106796116498	0	0
0.007891951727918836	0.150974025974026	9.00016000737446
0	0.1558441558441559	9
0.15048543689320382	0.007882397166976796	7.411790804149807
0.15533980582524265	0	0
0.007891951727918834	0.16071428571428578	9.000126352174687
0	0.16558441558441564	9
0.007891951727918834	0.17045454545454553	9.000101155581222
0	0.17532467532467538	9
0.16019417475728148	0.00788239716697679	7.403197369020805
0.16504854368932032	0	0
0.007891951727918836	0.18019480519480524	9.000082000850488
0	0.18506493506493515	9
0.00789195172791884	0.18993506493506504	9.000067238749336
0	0.19480519480519493	9
0.16990291262135915	0.007882397166976796	7.395991380267041
0.17475728155339787	0	0
0.007891951727918836	0.19967532467532478	9.000055721891952
0	0.20454545454545464	9
0.007891951727918834	0.2094155844155845	9.000046637916808
0	0.21428571428571436	9
0.17961165048543676	0.007882397166976805	7.389900255244
0.18446601941747565	0	0
0.007891951727918832	0.21915584415584424	9.000039402536359
0	0.2240259740259741	9
0.007891951727918832	0.22889610389610404	9.000033589421873
0	0.2337662337662339	9
0.007891951727918834	0.23863636363636376	9.000028883411707
0	0.2435064935064936	9
0.18932038834951448	0.007882397166976807	7.384737149458499
0.1941747572815533	0	0
0.007891951727918836	0.2483766233766235	9.000025048752422
0	0.2532467532467534	9
0.19902912621359214	0.007882397166976803	7.380332030809684
0.20388349514563098	0	0
0.007891951727918838	0.25811688311688324	9.000021907205054
0	0.2629870129870131	9
0.007891951727918838	0.26785714285714296	9.000019322735485
0	0.2727272727272728	9
0.20873786407766978	0.0078823971669768	7.376558709811907
0.21359223300970864	0	0
0.007891951727918836	0.27759740259740273	9.000017190670048
0	0.2824675324675326	9
0.007891951727918834	0.28733766233766245	9.00001542992648
0	0.2922077922077923	9
0.21844660194174745	0.007882397166976795	7.373316853531748
0.2233009708737863	0	0
0.007891951727918832	0.29707792207792216	9.000013977396746
0	0.3019480519480521	9
0.22815533980582509	0.007882397166976786	7.370508254026034
0.23300970873786386	0	0
0.007891951727918827	0.30681818181818193	9.000012783863381
0	0.3116883116883118	9
0.007891951727918822	0.3165584415584417	9.000011811043306
0	0.3214285714285716	9
0.23786407766990275	0.007882397166976805	7.368064272081637
0.24271844660194164	0	0
0.007891951727918815	0.3262987012987015	9.000011029534578
0	0.3311688311688314	9
0.007891951727918808	0.3360389610389612	9.00001041784728
0	0.34090909090909105	9
0.2475728155339804	0.007882397166976795	7.365927859549513
0.2524271844660192	0	0
0.007891951727918813	0.3457792207792209	9.00000996395279
0	0.35064935064935077	9
0.007891951727918825	0.3555194805194807	9.000009675262065
0	0.36038961038961054	9
0.2572815533980581	0.007882397166976796	7.364047813770861
0.26213592233009686	0	0
0.007891951727918829	0.36525974025974045	9.000009532025915
0	0.3701298701298703	9
0.00789195172791883	0.3750000000000002	9.000009478043376
0	0.37987012987013	9
0.2669902912621358	0.007882397166976798	7.362378594197417
0.27184466019417464	0	0
0.007891951727918832	0.3847402597402599	9.00000950413502
0	0.38961038961038974	9
0.007891951727918836	0.3944805194805196	9.000009560216098
0	0.39935064935064946	9
0.27669902912621347	0.007882397166976796	7.360883471027037
0.2815533980582523	0	0
0.007891951727918825	0.40422077922077937	9.00000973944043
0	0.4090909090909092	9
0.007891951727918812	0.41396103896103914	9.000010088763403
0	0.418831168831169	9
0.2864077669902912	0.007882397166976793	7.3595359584025895
0.29126213592232997	0	0
0.007891951727918801	0.42370129870129886	9.000010599110434
0	0.4285714285714286	9
0.007891951727918801	0.4334415584415585	9.000011273801126
0	0.4383116883116884	9
0.29611650485436886	0.007882397166976791	7.358317084306171
0.3009708737864075	0	0
0.00789195172791881	0.4431818181818183	9.000012130272749
0	0.44805194805194815	9
0.007891951727918822	0.4529220779220781	9.000013194635914
0	0.457792207792208	9
0.3058252427184465	0.007882397166976791	7.357213772774524
0.3106796116504853	0	0
0.00789195172791886	0.462662337662338	9.00001450161715
0	0.4675324675324677	9
0.007891951727919027	0.47240259740259827	9.000016096229091
0	0.47727272727272735	9
0.31553398058252413	0.007882397166976788	7.35621455568917
0.32038834951456296	0	0
0.007891951727919759	0.48214285714286037	9.000018036435636
0	0.4870129870129871	9
0.32524271844660174	0.007882397166976793	7.355307162113767
0.3300970873786405	0	0
0.00789195172792284	0.4918831168831303	9.000020396897453
0	0.49675324675324684	9
0.007891951727935503	0.5016233766234307	9.00002327415127
0	0.5064935064935067	9
0.33495145631067935	0.007882397166976807	7.3544792190502735
0.3398058252427182	0	0
0.00789195172798661	0.5113636363638528	9.000026793787532
0	0.5162337662337664	9
0.007891951728188568	0.5211038961047456	9.000031120479578
0	0.5259740259740261	9
0.344660194174757	0.007882397166976807	7.353719119014143
0.34951456310679585	0	0
0.007891951728967431	0.5308441558474182	9.000036472151962
0	0.5357142857142858	9
0.00789195173188993	0.5405844155966502	9.000043140257189
0	0.5454545454545455	9
0.35436893203883474	0.007882397166976807	7.353016235280994
0.3592233009708735	0	0
0.00789195174252203	0.5503246753693758	9.000051519201604
0	0.5551948051948054	9
0.007891951779871526	0.5600649352236515	9.000062149755857
0	0.5649350649350651	9
0.3640776699029124	0.007882397166976807	7.352361004084387
0.3689320388349512	0	0
0.007891951905977666	0.5698051953512949	9.00007578417857
0	0.5746753246753248	9
0.00789195231317841	0.579545456359971	9.000093485839654
0	0.5844155844155845	9
0.37378640776699007	0.007882397166976807	7.351745448322377
0.37864077669902885	0	0
0.00789195356491107	0.5892857200818719	9.000116784795667
0	0.5941558441558443	9
0.007891957219567945	0.5990259917143771	9.000147924935838
0	0.603896103896104	9
0.38349514563106774	0.007882397166976805	7.351163522273837
0.3883495145631066	0	0
0.007891967392365876	0.6087662848735601	9.000190270588236
0	0.6136363636363639	9
0.007891994777160289	0.6185066316892944	9.000248988994636
0	0.6233766233766236	9
0.3932038834951454	0.0078823971669768	7.350610258140176
0.3980582524271842	0	0
0.007892067572951899	0.6282471007423355	9.00033223411866
0	0.6331168831168833	9
0.007892258888416494	0.6379878604240937	9.00045315475249
0	0.642857142857143	9
0.40291262135922307	0.0078823971669768	7.35008146279947
0.40776699029126184	0	0
0.007893420177388422	0.6477300309190864	9.000634055586628
0	0.6525974025974028	9
0.007894414343587114	0.6574776935466348	9.000912983917987
0	0.6623376623376624	9
0.4126213592233008	0.007882397166976805	7.349573706229577
0.4174757281553396	0	0
0.4223300970873784	0.007882397166976807	7.349084031426066
0.4271844660194173	0	0
0.007897564084150443	0.6672354365343424	9.001364629738289
0	0.6720779220779222	9
0.007902103059228052	0.6770006049974812	9.002116020784657
0	0.6818181818181819	9
0.4320388349514561	0.007882397166976807	7.3486096925045885
0.43689320388349495	0	0
0.4417475728155338	0.007882397166976807	7.348148040050737
0.4466019417475726	0	0
0.007935214739455241	0.6867591988560936	9.003510950717606
0	0.6915584415584415	9
0.4514563106796115	0.007882397166976805	7.347696342645199
0.4563106796116504	0	0
0.46116504854368917	0.007882397166976801	7.3472520450742715
0.46601941747572795	0	0
0.007988625648963547	0.6965724597113251	9.006429386097674
0	0.7012987012987014	9
0.00803996184928052	0.7065570796434135	9.01242868271572
0	0.711038961038961	9
0.47087378640776684	0.007882397166976801	7.346812865739892
0.4757281553398056	0	0
0.4805825242718445	0.007882397166976805	7.346376921296662
0.4854368932038834	0	0
0.008060272523648462	0.7160822406970312	9.02210782355296
0	0.7207792207792209	9
0.007867315935502201	0.7252764734906224	9.036951246765932
0	0.7305194805194806	9
0.4902912621359222	0.007882397166976803	7.345942878181894
0.49514563106796106	0	0
0.49999999999999994	0.0078823971669768	7.345509712270549
0.5048543689320387	0	0
0.00874650130548893	0.7352067309359316	9.200668807104762
0	0.7402597402597403	9
0.0066829451678483785	0.7437073261380304	7.8256255100540075
0	0.75	4.5
0.5097087378640776	0.007882397166976795	7.345076115776576
0.5145631067961163	0	0
0.5194174757281552	0.007882397166976791	7.344640620027846
0.524271844660194	0	0
0.009708737864077678	0.75	0
0.5291262135922329	0.007882397166976795	7.344201910342298
0.5339805825242716	0	0
0.014959486669675282	0.7430701594944804	8.138624180657404
0.019417475728155352	0.75	0
0.5388349514563104	0.0078823971669768	7.343758458940269
0.5436893203883493	0	0
0.5485436893203881	0.007882397166976807	7.34330855001311
0.5533980582524269	0	0
0.024112621061455175	0.7422853838368695	8.563767848650484
0.029126213592233028	0.75	0
0.5582524271844659	0.007882397166976807	7.34285050919915
0.5631067961165047	0	0
0.5679611650485435	0.007882397166976807	7.342382661966096
0.5728155339805824	0	0
0.03378436220520585	0.742149967618653	8.502370461343808
0.03883495145631071	0.75	0
0.5776699029126212	0.007882397166976807	7.341903379612504
0.58252427184466	0	0
0.5873786407766989	0.007882397166976807	7.341411254940513
0.5922330097087377	0	0
0.04351556289952621	0.7421286797916481	8.298211998341108
0.04854368932038837	0.75	0
0.5970873786407765	0.007882397166976807	7.340904993044179
0.6019417475728154	0	0
0.6067961165048542	0.007882397166976807	7.3403830010481785
0.611650485436893	0	0
0.05325309774231942	0.742149888393609	8.097231092562373
0.058252427184466056	0.7499999999999999	0
0.6165048543689319	0.007882397166976807	7.339842779821894
0.6213592233009707	0	0
0.6262135922330095	0.007882397166976807	7.339279901195471
0.6310679611650484	0	0
0.06301032968211663	0.7421567165673059	7.958015320430277
0.06796116504854373	0.75	0
0.6359223300970873	0.007882397166976805	7.338687931373337
0.6407766990291262	0	0
0.645631067961165	0.0078823971669768	7.338061124284073
0.6504854368932037	0	0
0.07276163119133151	0.7421459797573001	7.872750492898249
0.07766990291262141	0.75	0
0.6553398058252426	0.007882397166976798	7.337394617420059
0.6601941747572815	0	0
0.6650485436893202	0.007882397166976793	7.336682747562434
0.6699029126213591	0	0
0.08249753287030699	0.7421331859520385	7.8188393392211255
0.08737864077669909	0.75	0
0.6747572815533979	0.007882397166976793	7.335919203756306
0.6796116504854367	0	0
0.6844660194174755	0.007882397166976807	7.335097018558294
0.6893203883495144	0	0
0.09222108811644025	0.7421245187995527	7.781471426655712
0.09708737864077677	0.75	0
0.6941747572815532	0.007882397166976784	7.334208483938627
0.699029126213592	0	0
0.7038834951456309	0.007882397166976751	7.33324503159329
0.7087378640776697	0	0
0.10193699860497092	0.7421202609053746	7.753158817694256
0.10679611650485445	0.75	0
0.7135922330097085	0.007882397166976782	7.332197093405355
0.7184466019417474	0	0
0.7233009708737863	0.007882397166976788	7.33105392520185
0.7281553398058251	0	0
0.11164905638939919	0.7421185203815496	7.730925736000473
0.11650485436893213	0.75	0
0.733009708737864	0.007882397166976796	7.329803375162833
0.7378640776699027	0	0
0.12135897072352414	0.7421177930826609	7.71335621532856
0.1262135922330098	0.75	0
0.7427184466019416	0.007882397166976801	7.328431710725158
0.7475728155339805	0	0
0.7524271844660192	0.007882397166976805	7.326923167692818
0.757281553398058	0	0
0.1310679611650486	0.7421176028330232	7.699203787563882
0.13592233009708748	0.7499999999999999	0
0.762135922330097	0.007882397166976807	7.325258746717843
0.7669902912621358	0	0
0.7718446601941746	0.007882397166976807	7.323418550773575
0.7766990291262135	0	0
0.14077669902912635	0.7421176028330231	7.687720101062648
0.14563106796116515	0.75	0
0.7815533980582523	0.007882397166976807	7.3213824156108425
0.7864077669902911	0	0
0.79126213592233	0.007882397166976807	7.319124839004302
0.7961165048543688	0	0
0.15048543689320404	0.7421176028330231	7.678367348426684
0.15533980582524287	0.75	0
0.8009708737864076	0.007882397166976807	7.316611094623448
0.8058252427184465	0	0
0.8106796116504853	0.007882397166976807	7.313794063577995
0.8155339805825241	0	0
0.1601941747572817	0.7421176028330232	7.670673733715568
0.16504854368932054	0.75	0
0.820388349514563	0.007882397166976807	7.310613979409351
0.8252427184466018	0	0
0.8300970873786406	0.007882397166976807	7.307003435029144
0.8349514563106795	0	0
0.16990291262135937	0.7421176028330231	7.66427378461579
0.17475728155339817	0.7499999999999999	0
0.8398058252427184	0.007882397166976807	7.302904685036595
0.8446601941747571	0	0
0.8495145631067961	0.007882397166976807	7.298200779749098
0.8543689320388348	0	0
0.17961165048543704	0.7421176028330231	7.658915971565679
0.18446601941747584	0.75	0
0.8592233009708736	0.007882397166976807	7.292757316033097
0.8640776699029125	0	0
0.8689320388349513	0.007882397166976807	7.286416757496736
0.8737864077669902	0	0
0.1893203883495147	0.7421176028330231	7.654402424117015
0.1941747572815535	0.7499999999999999	0
0.878640776699029	0.007882397166976807	7.278997781107193
0.8834951456310679	0	0
0.8883495145631067	0.007882397166976805	7.270301359771136
0.8932038834951456	0	0
0.19902912621359237	0.7421176028330231	7.65056953322303
0.2038834951456312	0.75	0
0.8980583976529775	0.007882309213303374	7.260081459910602
0.9029126213592232	0	0
0.9077681742216237	0.00788162221487229	7.247832440284469
0.9126213592233009	0	0
0.20873786407767003	0.7421176028330232	7.647314877793517
0.21359223300970887	0.75	0
0.9174801067003656	0.0078789149016592	7.232342459898235
0.9223300970873786	0	0
0.21844660194174778	0.7421176028330232	7.64451711350491
0.2233009708737866	0.7500000000000001	0
0.9271938084156036	0.007874254712331935	7.213442455894936
0.9320388349514562	0	0
0.9369144253988764	0.00785866855407614	7.18583765994009
0.9417475728155339	0	0
0.22815533980582545	0.7421176028330233	7.642094034230617
0.23300970873786425	0.75	0
0.9466327384144614	0.007835289813385781	7.150349262132102
0.9514563106796117	0	0
0.956343050490594	0.0078094215160439545	7.10925010723749
0.9611650485436893	0	0
0.23786407766990314	0.7421176028330232	7.639980412265829
0.24271844660194195	0.75	0
0.9660494625311267	0.0077826055354498795	7.069488870490587
0.970873786407767	0	0
0.9757183809315478	0.007571100243365458	6.914552075145532
0.9805825242718447	0	0
0.2475728155339808	0.7421176028330232	7.638123088357624
0.2524271844660196	0.75	0
0.9853314437702219	0.007263928053997071	6.683828653950127
0.9902912621359223	0	0
0.9934136206859762	0.006373109109026523	6.12618539116405
1	0	0
0.25728155339805847	0.7421176028330232	7.636478887909251
0.2621359223300973	0.75	0
1	0.009740259740259744	8.019290489363893
0.26699029126213614	0.7421176028330232	7.635012786180073
0.2718446601941749	0.75	0
1	0.019480519480519404	9.393860933393896
0.9914453975237363	0.014861357750875801	8.982713192981548
0.2766990291262138	0.7421176028330232	7.6336946217197825
0.28155339805825264	0.75	0
0.9921024130601014	0.024929602442054416	9.452712065717959
1	0.029220779220779147	9.50193846231186
0.28640776699029147	0.7421176028330232	7.632498130345025
0.2912621359223303	0.75	0
0.9920472480658309	0.034319903134697384	9.435480076190297
1	0.038961038961038974	9.387397284221176
0.29611650485436913	0.7421176028330232	7.631405300562803
0.30097087378640797	0.75	0
0.9920235010038715	0.043956152374728975	9.290797806521232
1	0.04870129870129855	9.24932610438266
0.3058252427184468	0.7421176028330232	7.630401793998643
0.31067961165048563	0.75	0
0.9920608309375296	0.05363687856408694	9.197519080827162
1	0.058441558441558544	9.178833142036165
0.31553398058252446	0.7421176028330232	7.629475306343102
0.3203883495145633	0.75	0
0.9920939848253808	0.06332782583188616	9.150763721689676
1	0.06818181818181812	9.141381526719485
0.32524271844660213	0.7421176028330232	7.62861552837311
0.3300970873786409	0.75	0
0.9921079034359499	0.07305211495173802	9.122398757298198
1	0.07792207792207786	9.116585624837864
0.33495145631067974	0.7421176028330232	7.6278137904691965
0.3398058252427186	0.75	0
0.9921080620621083	0.08279220848584666	9.10245434827805
1	0.08766233766233753	9.098801482174618
0.34466019417475746	0.7421176028330232	7.627062674864903
0.3495145631067963	0.75	0
0.9921080644757879	0.09253245772578254	9.088130441311213
1	0.09740259740259719	9.085820912833032
0.3543689320388351	0.7421176028330232	7.62635577814314
0.3592233009708739	0.75	0
0.9921080566663251	0.10227272163440182	9.077468494679536
1	0.10714285714285701	9.076011005244535
0.3640776699029128	0.7421176028330232	7.625687508794674
0.3689320388349516	0.75	0
0.9921080516921871	0.11201298465370758	9.069301368580279
1	0.11688311688311667	9.068414851421238
0.37378640776699046	0.7421176028330232	7.625052921789941
0.3786407766990293	0.75	0
0.9921080495030222	0.12175324589504662	9.062916395790777
1	0.12662337662337642	9.062424121051997
0.3834951456310681	0.7421176028330232	7.62444758179148
0.38834951456310696	0.75	0
0.9921080486798309	0.13149350620760966	9.057835456889569
1	0.13636363636363616	9.05761925762419
0.3932038834951458	0.7421176028330232	7.62386742874497
0.3980582524271846	0.75	0
0.9921080483988037	0.14123376614457886	9.053730505059988
1	0.14610389610389599	9.053712412030055
0.40291262135922346	0.7421176028330232	7.62330887031753
0.4077669902912623	0.75	0
0.9921080483094517	0.15097402594764886	9.050372698235515
1	0.15584415584415565	9.050497454316861
0.4126213592233011	0.7421176028330232	7.622768619325805
0.41747572815533995	0.75	0
0.9921080482826213	0.16071428570682855	9.04759290671138
1	0.16558441558441547	9.047821707404305
0.4223300970873788	0.7421176028330232	7.622243629231389
0.4271844660194176	0.75	0
0.9921080482749415	0.1704545454525175	9.045268009011762
1	0.17532467532467522	9.045573854048897
0.43203883495145645	0.7421176028330232	7.6217310792933555
0.4368932038834953	0.75	0
0.9921080482728318	0.180194805194272	9.043306818341712
1	0.18506493506493496	9.043670126463496
0.4417475728155341	0.7421176028330232	7.621228357502667
0.446601941747573	0.75	0
0.9921080482722723	0.18993506493492882	9.041639406489717
1	0.19480519480519462	9.04204649076652
0.4514563106796118	0.7421176028330232	7.62073303582454
0.45631067961165067	0.75	0
0.9921080482721284	0.19967532467529078	9.040213289512165
1	0.20454545454545445	9.040654541293506
0.4611650485436895	0.7421176028330232	7.620242840478361
0.46601941747572834	0.75	0
0.9921080482720924	0.20941558441557614	9.038987851617959
1	0.2142857142857142	9.039455900557874
0.4708737864077671	0.7421176028330232	7.619755584219981
0.47572815533980595	0.75	0
0.992108048272084	0.2191558441558421	9.037930105106142
1	0.22402597402597393	9.038419346779646
0.4805825242718448	0.7421176028330232	7.619269123459385
0.48543689320388367	0.75	0
0.9921080482720818	0.22889610389610335	9.037013576880623
1	0.2337662337662336	9.037519946875886
0.49029126213592245	0.7421176028330232	7.618781367471953
0.4951456310679613	0.75	0
0.9921080482720813	0.2386363636363634	9.036217060039327
1	0.24350649350649334	9.036737683866134
0.5000000000000001	0.7421176028330232	7.618290260665758
0.5048543689320389	0.75	0
0.9921080482720812	0.24837662337662325	9.03552342847309
1	0.25324675324675316	9.036056312070597
0.5097087378640778	0.7421176028330232	7.617793737444745
0.5145631067961166	0.75	0
0.9921080482720811	0.258116883116883	9.034918759592612
1	0.2629870129870129	9.03546259234932
0.5194174757281556	0.7421176028330232	7.617289713962816
0.5242718446601944	0.75	0
0.9921080482720812	0.2678571428571428	9.034391708183724
1	0.27272727272727265	9.034945803014818
0.5291262135922332	0.7421176028330232	7.616776072632305
0.533980582524272	0.75	0
0.9921080482720812	0.2775974025974025	9.033933159417629
1	0.2824675324675323	9.034497335584573
0.5388349514563109	0.7421176028330232	7.616250637583689
0.5436893203883496	0.75	0
0.9921080482720813	0.2873376623376622	9.033535728379988
1	0.292207792207792	9.034110080632797
0.5485436893203886	0.7421176028330232	7.615711147092779
0.5533980582524274	0.75	0
0.9921080482720812	0.297077922077922	9.03319315200814
1	0.30194805194805185	9.033777893886814
0.5582524271844662	0.7421176028330232	7.615155208701473
0.563106796116505	0.75	0
0.9921080482720812	0.30681818181818177	9.032899972118138
1	0.3116883116883116	9.033495479531487
0.5679611650485439	0.7421176028330232	7.614580334383888
0.5728155339805827	0.75	0
0.9921080482720812	0.3165584415584415	9.032651600804721
1	0.3214285714285714	9.033258556197758
0.5776699029126215	0.7421176028330232	7.613983901984567
0.5825242718446604	0.75	0
0.9921080482720812	0.3262987012987012	9.0324444814487
1	0.331168831168831	9.033063922587083
0.5873786407766992	0.7421176028330232	7.613363100661927
0.5922330097087382	0.75	0
0.9921080482720812	0.3360389610389609	9.032276011074757
1	0.3409090909090908	9.032909224759461
0.597087378640777	0.7421176028330232	7.612714903672951
0.6019417475728158	0.75	0
0.9921080482720813	0.3457792207792207	9.032144222096091
1	0.35064935064935054	9.032792606374834
0.6067961165048545	0.7421176028330232	7.612036030532633
0.6116504854368934	0.75	0
0.9921080482720813	0.3555194805194804	9.032047508746091
1	0.36038961038961026	9.032712530546299
0.6165048543689322	0.7421176028330232	7.611322901906667
0.6213592233009712	0.75	0
0.9921080482720811	0.3652597402597402	9.031984563312683
1	0.37012987012987	9.032667815987281
0.62621359223301	0.7421176028330232	7.6105715860596606
0.6310679611650488	0.75	0
0.9921080482720812	0.37499999999999983	9.031954439165938
1	0.37987012987012975	9.032657744679375
0.6359223300970877	0.7421176028330232	7.609777734414325
0.6407766990291265	0.75	0
0.9921080482720813	0.3847402597402596	9.031956637131996
1	0.3896103896103894	9.032682120931094
0.6456310679611653	0.7421176028330232	7.608936502544435
0.6504854368932041	0.75	0
0.9921080482720812	0.3944805194805193	9.031991147287611
1	0.39935064935064923	9.032741251743714
0.655339805825243	0.7421176028330232	7.6080424518465355
0.6601941747572818	0.75	0
0.9921080482720813	0.40422077922077904	9.032058417604732
1	0.4090909090909089	9.032835894716746
0.6650485436893206	0.7421176028330232	7.607089425267369
0.6699029126213595	0.75	0
0.9921080482720813	0.4139610389610387	9.032159307852316
1	0.41883116883116855	9.032967231507879
0.6747572815533982	0.7421176028330232	7.606070381635362
0.679611650485437	0.75	0
0.9921080482720812	0.42370129870129847	9.032295082464037
1	0.4285714285714284	9.033136901491257
0.6844660194174759	0.7421176028330232	7.6049771228553995
0.6893203883495147	0.75	0
0.9921080482720812	0.4334415584415583	9.03246748433065
1	0.4383116883116882	9.033347144071856
0.6941747572815535	0.7421176028330232	7.603799751203133
0.6990291262135925	0.75	0
0.9921080482720812	0.443181818181818	9.032678915991191
1	0.44805194805194787	9.033601007962737
0.7038834951456312	0.7421176028330232	7.602526609383632
0.70873786407767	0.75	0
0.9921080482720812	0.4529220779220777	9.03293259730529
1	0.4577922077922077	9.033902408123287
0.7135922330097089	0.7421176028330232	7.601145825215304
0.7184466019417477	0.75	0
0.9921080482720812	0.46266233766233755	9.03323248244748
1	0.46753246753246736	9.034255927865578
0.7233009708737865	0.7421176028330232	7.599644070990962
0.7281553398058254	0.75	0
0.9921080482720812	0.47240259740259727	9.033583036445124
1	0.4772727272727272	9.03466671655034
0.7330097087378642	0.7421176028330232	7.598005011131206
0.7378640776699031	0.75	0
0.9921080482720812	0.482142857142857	9.03398935820187
1	0.48701298701298684	9.035140939271221
0.742718446601942	0.7421176028330232	7.596209130584029
0.7475728155339808	0.75	0
0.9921080482720812	0.49188311688311676	9.034457866195398
1	0.49675324675324667	9.035686600636776
0.7524271844660195	0.7421176028330232	7.594233665279286
0.7572815533980584	0.75	0
0.9921080482720812	0.5016233766233765	9.034997025307717
1	0.5064935064935064	9.036314055289969
0.7621359223300972	0.7421176028330232	7.592051668363745
0.7669902912621361	0.75	0
0.9921080482720811	0.5113636363636364	9.035617545154802
1	0.5162337662337662	9.037036028467439
0.7718446601941749	0.7421176028330232	7.5896310376984255
0.7766990291262137	0.75	0
0.9921080482720813	0.5211038961038961	9.036332322843172
1	0.5259740259740259	9.037867734629518
0.7815533980582526	0.7421176028330232	7.586933701220992
0.7864077669902914	0.75	0
0.9921080482720811	0.5308441558441558	9.03715678318081
1	0.5357142857142856	9.038827546148879
0.7912621359223302	0.7421176028330232	7.583915031748972
0.796116504854369	0.75	0
0.9921080482720812	0.5405844155844155	9.03810969663158
1	0.5454545454545453	9.039937987420679
0.8009708737864079	0.7421176028330232	7.5805242708943785
0.8058252427184467	0.75	0
0.9921080482720812	0.5503246753246752	9.039214153109471
1	0.5551948051948051	9.041226868325511
0.8106796116504855	0.7421176028330232	7.576709259045134
0.8155339805825244	0.75	0
0.9921080482720811	0.560064935064935	9.040498923043643
1	0.5649350649350648	9.042729489548039
0.8203883495145633	0.7421176028330232	7.57243211367411
0.8252427184466021	0.75	0
0.9921080482720811	0.5698051948051948	9.042001226942759
1	0.5746753246753247	9.044492162872267
0.830097087378641	0.7421176028330232	7.567617941949874
0.8349514563106797	0.75	0
0.9921080482720812	0.5795454545454546	9.04377025421586
1	0.5844155844155844	9.046575521623481
0.8398058252427185	0.7421176028330232	7.56218562487141
0.8446601941747574	0.75	0
0.9921080482720812	0.5892857142857143	9.04587005342866
1	0.5941558441558441	9.049058747205443
0.8495145631067962	0.7421176028330232	7.556044686423385
0.854368932038835	0.75	0
0.9921080482720812	0.599025974025974	9.048384249847699
1	0.6038961038961038	9.052045212161156
0.859223300970874	0.7421176028330232	7.549106398348457
0.8640776699029128	0.75	0
0.9921080482720811	0.6087662337662337	9.051423035868138
1	0.6136363636363635	9.055673911237744
0.8689320388349516	0.7421176028330232	7.5413218933241675
0.8737864077669903	0.75	0
0.9921080482720811	0.6185064935064934	9.05513797068515
1	0.6233766233766234	9.06014059212622
0.8786407766990292	0.7421176028330232	7.532875089498382
0.883495145631068	0.75	0
0.9921080502570466	0.628246759175895	9.05974391515928
1	0.6331168831168831	9.065718662358593
0.8883484991810309	0.7421175452800779	7.524892103144672
0.8932038834951457	0.75	0
0.9921084880975027	0.6379870978258398	9.065539620222161
1	0.6428571428571428	9.072793124868241
0.8980553383156605	0.7421173792991933	7.518592009899495
0.9029126213592233	0.75	0
0.9921102033124233	0.6477277567827402	9.072956096733854
1	0.6525974025974026	9.081943269465862
0.9077630578576844	0.7421167148273885	7.514415172635833
0.912621359223301	0.75	0
0.992114115155241	0.6574697163136543	9.082655130692117
1	0.6623376623376623	9.094034437175557
0.9174623836558066	0.7421140903760769	7.513579644362843
0.9223300970873787	0.75	0
0.992121423395369	0.667214082956804	9.095660083709625
1	0.672077922077922	9.110572612367756
0.9271497695629717	0.7421066731145038	7.516788553439073
0.9320388349514563	0.75	0
0.992134315453943	0.676960339942282	9.11378834993482
1	0.6818181818181818	9.13376653699758
0.9368235230017191	0.7420892567710077	7.524565474770951
0.941747572815534	0.75	0
0.9921409586388964	0.6867176395733425	9.140010521941178
1	0.6915584415584415	9.169364961517289
0.9464879985659146	0.7420559397341159	7.5369001789848085
0.9514563106796117	0.75	0
0.9921712144104231	0.6964627968603573	9.183290224164763
1	0.7012987012987013	9.231740254480771
0.9561486242426148	0.742006447237369	7.550452930914065
0.9611650485436893	0.75	0
0.9922157421560899	0.7062115579212206	9.262140385681024
1	0.711038961038961	9.351496428648971
0.9657360528507097	0.7420366860051241	7.524656026816927
0.970873786407767	0.75	0
0.9922428291919839	0.7159475074838199	9.389179969651549
1	0.7207792207792207	9.46789418034222
0.975057493432403	0.742093921254936	7.463141103094757
0.9805825242718447	0.75	0
0.9924628808776407	0.7256615399857703	9.391269793750581
1	0.7305194805194806	9.264068557337884
0.9849845847636048	0.7413960530163872	7.799782098948397
0.9902912621359223	0.75	0
0.9927232223075353	0.7352974594205529	8.783221612258336
1	0.7402597402597403	8.104954161734168
0.9936038763343525	0.7433778305630322	6.521684202584767
1	0.75	0
0.014974375160315634	0.019336108812034014	9.415407074643168
0.021965377452566194	0.015091400784240646	9.573385957920078
0.015614295404668743	0.029033706577344786	9.146498888374213
0.029857437525547804	0.01578030905805411	9.69521649259714
0.024381120944963308	0.023985049176189537	9.516993518511955
0.015599151697401932	0.038830162682409804	9.06530800954071
0.039121768936342755	0.015914159763574715	9.710809666151484
0.023328992456561004	0.03389384701032838	9.164363313093396
0.03459778052360732	0.023929230525465042	9.649032152093737
0.030511601387631315	0.030818672753579867	9.351625926179832
0.015621425995311992	0.04861730433015004	9.034952643264909
0.04880581655793818	0.01591167001703528	9.679013772164
0.02338142408663421	0.04372633972732607	9.093922401617386
0.04409257554456844	0.024059784042153393	9.689882947448062
0.031081655058210443	0.03906557721313274	9.178988066092872
0.03916845795481448	0.03321965984278364	9.372514142488074
0.015682872197583447	0.0583668369896633	9.019882749017889
0.05845284818067187	0.015831109091506698	9.629478979297089
0.023435681081550395	0.05352759598747862	9.052449845975671
0.05384332719806775	0.023794948392139005	9.697128420255664
0.031102653263447133	0.04876336146911095	9.105010998571979
0.049576841808740994	0.0318710891805895	9.471718651678133
0.0385943640112843	0.04382931257660999	9.16616453105597
0.04666108890015505	0.040843849413985736	9.248843907986695
0.015706166803473608	0.06813682039495343	9.012095447332742
0.06808648028680118	0.015785440945537077	9.586100573733681
0.0234943200223376	0.06328568739183628	9.032022300268181
0.0633825746672547	0.02367112797509746	9.680595097550176
0.031217345535253935	0.05852543787917091	9.063818781538771
0.059092226644345824	0.03154685743960001	9.507638020224135
0.03889921995061864	0.05391312451793095	9.108910767930334
0.055387424199956924	0.03938227077148633	9.307106763989061
0.04664208957926521	0.04995743591867388	9.15353462987332
0.05263733358165307	0.046034816759742136	9.206026103995917
0.01573828366792534	0.07788601318296984	9.007771213219579
0.07771120718519249	0.01576864525027023	9.554296148112416
0.023559919007304503	0.07300847082405215	9.020468778385831
0.07294402071649288	0.023646500772877426	9.657152264482674
0.031318329742961455	0.06820021821118681	9.041029478527234
0.06837703675789242	0.03148524101438239	9.521524854054926
0.03902779348225766	0.06349339334758979	9.06969599233083
0.06423359764439358	0.039251079280268025	9.326046341634887
0.046811073832203585	0.05890980591643017	9.107016342593296
0.0601244896591124	0.04674594697432632	9.21611249528329
0.05519049381529997	0.05439956066131724	9.147782018456477
0.08739722826428814	0.01576511876525557	9.532171607983488
0.01576064429622224	0.08763483728146591	9.00519948506713
0.02361030225010223	0.08274330169193167	9.013637065867941
0.08258180230289308	0.023643405337636772	9.63367736899904
0.03141844888084421	0.07786998813728788	9.027361297786895
0.0778452946535373	0.031503711499881855	9.526273377349739
0.03914370265993722	0.07307539162210414	9.046829751384637
0.07335492567900108	0.03930169493101704	9.333391323085431
0.04676071190986738	0.06835539915087106	9.071552700747516
0.06909295162485063	0.047044228854419945	9.225974300961896
0.05421480765505765	0.06354500217327214	9.10179264886119
0.06494396625237436	0.05473125281228852	9.162073392342114
0.06091463905567461	0.0609811644902063	9.124566054946428
0.015773366028738793	0.09738548046441681	9.003597062196787
0.09708737864077666	0.015764794333953596	9.516793488847476
0.09225842843192822	0.023644316188999374	9.613026268945605
0.023644093970158462	0.09249371362815693	9.00938697796215
0.03149090604866378	0.0875924490436918	9.018820683096742
0.0874550351700193	0.03151579852831276	9.527616613641799
0.03926235277263324	0.08274855544750047	9.03229331036371
0.08274971600543325	0.039358908328636436	9.335485593497369
0.046923806612379	0.07796385093798754	9.049820849857014
0.07829809669119392	0.047164551911190206	9.231611188931831
0.05444308721736913	0.07314495090784263	9.070931137030032
0.07401806813696837	0.055043462537908434	9.170178138031995
0.06139412327702393	0.06869683206528246	9.094052943111238
0.06948534342236919	0.06362404487137098	9.123635970003333
0.10679611650485432	0.015764794333953593	9.50567225919457
0.015779889010640594	0.10713434767689922	9.002561134544164
0.023662827869306083	0.10224938691669176	9.006643937952147
0.10194174757281549	0.02364719150093038	9.595782006154254
0.09712080320547838	0.031522777773521145	9.527606321001885
0.03152823511139313	0.09735652379932425	9.013281638762562
0.03937163805004084	0.09245949509044964	9.022863589763462
0.09233174398043735	0.039387785920093225	9.33532328005437
0.04712517536478125	0.0876355400215304	9.035425190139362
0.08767171215844477	0.04721570322489749	9.234156455710405
0.05478358053157637	0.08284941467713627	9.050813757037572
0.0832968119870826	0.054996266655900385	9.176645664973966
0.06228660674251344	0.07816595698091279	9.068419692897313
0.07899123884393959	0.06270043012228065	9.136189137109495
0.06979855846881554	0.07358747007568124	9.087727410362449
0.07635922535785199	0.06962901565433799	9.10671869195617
0.11650485436893199	0.01576479433395359	9.49733920057217
0.015782771571462614	0.11688007949824995	9.001870165626302
0.11165048543689315	0.02364719150093038	9.581579358805925
0.02367133862389789	0.1120015490073231	9.004823508030462
0.031552227629106346	0.10711651239182018	9.00960585335744
0.10679611650485432	0.031529588667907164	9.527069823842586
0.10198826908078457	0.0393997719607091	9.33412603104827
0.039413423043129205	0.10222783364573813	9.016519365730472
0.04727405375439859	0.09734633656866508	9.025748196505129
0.09721906521684871	0.047256794156910455	9.234526543254752
0.05509156975995391	0.09249344425621832	9.037224456142711
0.09260063991911006	0.055065196641360024	9.179476066443401
0.06283123749246151	0.08769274495832598	9.050691980082215
0.08823032623815026	0.06278620734147425	9.141065332738835
0.07041026049972425	0.08306207257769872	9.065476949068968
0.08399927292775207	0.07044891152205175	9.109345726742779
0.07885579151341043	0.07834689830448449	9.082453645620214
0.015783697134668467	0.1266228217098199	9.001396321288444
0.12621359223300962	0.01576479433395359	9.490833418915864
0.12135922330097082	0.02364719150093038	9.569914151701198
0.02367447931235814	0.12174905801434877	9.003581532577327
0.11650485436893199	0.03152958866790716	9.526455014939954
0.031562585589991456	0.11687018556861635	9.007104823975228
0.039438900852538775	0.11198631930151388	9.012196189673597
0.11165619132880583	0.03941036538281702	9.332413665801043
0.10685873987676549	0.047275031364319466	9.233912902874117
0.04729329233545725	0.10709749568296124	9.019011191512226
0.055125385064272746	0.10221051976982813	9.027595055475281
0.10210749579599843	0.05512213228846765	9.180583008889764
0.06291034739087065	0.09733749864693013	9.037827796525834
0.09748744377546337	0.06291446345131392	9.143783420441691
0.07054164726370399	0.09261194561260566	9.049277426024247
0.0930143254227897	0.07061018447062449	9.113314283203538
0.07810985713733651	0.0880078790425306	9.061617380751805
0.08859964030037976	0.07864182942039946	9.087407090721848
0.084785517826347	0.08507383875935763	9.071364650362021
0.015783897287573824	0.13636362665736312	9.001063153758095
0.02367553732462989	0.1314926084469675	9.002712866839943
0.13592233009708732	0.015764794333953593	9.48559611657051
0.13106796116504849	0.02364719150093038	9.560305951165647
0.12621359223300965	0.03152958866790716	9.525765032531888
0.031565898665453083	0.1266183707366741	9.005360311498661
0.12135976166220958	0.039411801303733895	9.33069954982667
0.03945194206713914	0.12173948220933405	9.009182055801025
0.047322169364792575	0.11685283319200057	9.014309987507199
0.11651399733984738	0.047291067576392634	9.232719905165935
0.11172571411071401	0.05515094242751467	9.18070199522832
0.05517001246776298	0.11195293502221355	9.020810275710906
0.06296211151411643	0.10707337251155646	9.028630501482036
0.10697375179300968	0.06299855131718865	9.145249987318445
0.07068728497415552	0.1022187653005047	9.037655678348836
0.10231100453779163	0.07083354713872228	9.115655320109967
0.07830089608767538	0.09735271314964383	9.047694104126093
0.09780810342904976	0.07879737496172666	9.090954419804492
0.0854454934818129	0.09294582895732953	9.057817246808135
0.0930025538811853	0.0874721291677684	9.070712760785115
0.015783903455837682	0.14610389610389612	9.000823620200798
0.023675819202217396	0.14123370961383894	9.002091528151288
0.03156726436855863	0.13636235377896877	9.004116593035986
0.14563106796116498	0.015764794333953596	9.481275534610745
0.14077669902912615	0.023647191500930382	9.552377355807677
0.13592233009708732	0.03152958866790716	9.52503658872219
0.13106796116504846	0.03941198583488394	9.329012829707588
0.03945664242030664	0.13148780208297417	9.00703385952257
0.1262145118483478	0.04729397206987433	9.231381940891703
0.047339039874836376	0.12660717819836032	9.010952909979965
0.055203894944366984	0.12171286895941169	9.015939836219902
0.12136984521345917	0.05517198100288273	9.180209544226116
0.11658859103653496	0.06302995144854649	9.145938352690367
0.06303860673695116	0.1168091375290411	9.0220009869675
0.0708104146449073	0.11192899358384596	9.029054873850015
0.11184624528885766	0.07088108198994991	9.117453556029242
0.07853908687526659	0.10704484326947106	9.037029844117335
0.10723273593117821	0.07872067874535067	9.093991775221022
0.08619664126762788	0.10214600865111882	9.045804744879737
0.10288010035691648	0.08649717030400382	9.076254978117683
0.09357527391418737	0.0975751598876865	9.054610398048778
0.10004938708940159	0.09350400091327393	9.063203597194283
0.015783903455837665	0.1558441558441559	9.000648005327257
0.023675855183756478	0.15097402597402598	9.001638138459386
0.0315677181572122	0.14610375644140883	9.003212207427241
0.03945884831578963	0.14123211749629716	9.005474033653448
0.15533980582524265	0.01576479433395359	9.4776430459944
0.15048543689320382	0.02364719150093039	9.545832689284728
0.14563106796116498	0.03152958866790716	9.524286613997122
0.14077669902912615	0.03941198583488394	9.327400247635664
0.1359223300970873	0.04729438300186073	9.229985295021642
0.04734644636722305	0.13635648983714663	9.008512354945578
0.13106913578140691	0.05517610398072518	9.17945515435865
0.055224952547778226	0.13147199197960605	9.012388250241733
0.06308375665591683	0.12657173896918622	9.017125026909328
0.12622476107732883	0.06305326016400817	9.14599541958396
0.12145293931401825	0.07090981749667023	9.118448214589977
0.07090244625660634	0.12167087931211523	9.02269343148195
0.07867151353633504	0.11678106006064894	9.029017831235494
0.11670425079751168	0.07875778286678962	9.095777085863068
0.08644685745521483	0.11189262686643961	9.036051132328582
0.1122326770120205	0.0865643263617843	9.078598860187595
0.09417292769888208	0.10710438161211729	9.043583836177353
0.10792414852263954	0.09428067764038112	9.06448673028249
0.1025846400662144	0.10227861002451114	9.05182025706246
0.015783903455837665	0.16558441558441564	9.000516989544836
0.015783903455837668	0.1753246753246754	9.000417712002188
0.023675855183756478	0.16071428571428578	9.001301384405108
0.03156780691167532	0.15584415584415587	9.002542729287006
0.039459594114015055	0.15097376989155536	9.004321548544326
0.0473500752428199	0.14610151038220343	9.006709273896702
0.16504854368932032	0.01576479433395359	9.474540644736637
0.16019417475728145	0.023647191500930375	9.540431944686032
0.15533980582524265	0.03152958866790716	9.523526970040267
0.15048543689320382	0.03941198583488394	9.32589297376006
0.14563106796116498	0.04729438300186072	9.228606677941068
0.14077669902912612	0.055176780168837536	9.178550431217163
0.05523534769973543	0.14122402048813962	9.009759207983121
0.13592491798555156	0.06305786095580268	9.1457254974955
0.06311001126381569	0.13633517398710066	9.013500138473491
0.07095869065789351	0.13143260430872986	9.017927830408086
0.13108714000394261	0.07093402717438815	9.118873784237307
0.12632050112422022	0.07879252875333026	9.096901999245624
0.0787692361719126	0.12652742332524503	9.02300533612407
0.08653688528661313	0.12163035677729239	9.02865550817573
0.12159231338878915	0.08664096869343782	9.080229779977314
0.09424892166794373	0.11680483676862745	9.034781994122987
0.11714042123573035	0.09448805008924305	9.066389834117787
0.10187634178217941	0.11205740700322275	9.041229249015599
0.11269464829532513	0.10245975960270778	9.054339606811213
0.10871220492669371	0.1091022478930316	9.046101368645111
0.01578390345583767	0.18506493506493515	9.000341428116771
0.015783903455837675	0.19480519480519493	9.000282075336871
0.023675855183756492	0.1704545454545455	9.001047263391753
0.023675855183756495	0.18019480519480524	9.0008527504863
0.03156780691167532	0.1655844155844156	9.002039154891294
0.039459752264446354	0.16071427615851772	9.003456397532048
0.04735135770059747	0.15584362214784517	9.005356528541277
0.05524074534322634	0.1509702616180262	9.00778513042617
0.17475728155339798	0.015764794333953596	9.471858100277343
0.16990291262135915	0.02364719150093038	9.535975895293062
0.1650485436893203	0.03152958866790716	9.522768315279544
0.16019417475728145	0.039411985834883936	9.32450236264509
0.15533980582524262	0.04729438300186071	9.227285319975293
0.15048543689320382	0.05517678016883751	9.1775844236206
0.14563168410511113	0.06305891305628311	9.145233057868525
0.06312340517347588	0.14609070261775567	9.010770684045754
0.14078075038810692	0.07094000885392848	9.118956226619902
0.07099278860174775	0.14119803849520787	9.014321390984199
0.07883209124308745	0.13629246264639538	9.018419690467264
0.13596136229488873	0.0788139771282705	9.097540174261574
0.13118023198580364	0.08668919353365659	9.081366272060768
0.08663842644241933	0.1313741801292618	9.023034078316028
0.09443468554699933	0.12640743673670823	9.028132505424006
0.12652915279019583	0.09458557388055022	9.067896921350629
0.10202512081763844	0.12173710449985763	9.03339283104946
0.12188145374644417	0.10264202389432071	9.05606954088435
0.10929314242453475	0.1172414881451083	9.038795627829742
0.11709242842597067	0.1114619509485068	9.04573809447916
0.01578390345583767	0.20454545454545467	9.000235375267286
0.015783903455837665	0.2142857142857144	9.00019825995907
0.023675855183756502	0.18993506493506504	9.000701948303236
0.023675855183756502	0.19967532467532478	9.000583682438124
0.03156780691167532	0.17532467532467536	9.001654892282943
0.03156780691167532	0.18506493506493515	9.001357854224707
0.03945975863959417	0.1704545454545455	9.002797575106825
0.04735167317915077	0.16558435984243525	9.004327260079535
0.055242904650673386	0.160713183066272	9.006282464441732
0.06313086951515248	0.15583865852084108	9.008689861797473
0.18446601941747565	0.015764794333953606	9.469519226697402
0.1796116504854368	0.023647191500930396	9.532297184505751
0.17475728155339795	0.03152958866790718	9.522020212694668
0.16990291262135906	0.03941198583488394	9.323228764334125
0.16504854368932026	0.0472943830018607	9.226045816232757
0.16019417475728148	0.05517678016883747	9.176613185514475
0.1553399294061677	0.06305912562071855	9.14461990598731
0.1504863076072905	0.07094123944343445	9.118791359521468
0.07101047244103643	0.15095679834854156	9.011561250387201
0.1456355320930583	0.07882248223347683	9.09784393854306
0.07887354562342595	0.14606135230658226	9.014892241525958
0.0867084052998815	0.14115364054616955	9.018660760386664
0.14083286978217033	0.0866991756263512	9.082134838300389
0.1360530549656204	0.09458093998140432	9.069104470225936
0.09453250295657567	0.13623885759433768	9.022837717079353
0.10234040240331843	0.13134072391121146	9.027365381972826
0.1313677287372288	0.10246915881426795	9.05782768130378
0.10995723108085506	0.12657073443426758	9.032083006531238
0.12670512588461408	0.11030205878713784	9.04871660853914
0.11733295506921959	0.12180594996036359	9.036973439197254
0.12405965273117106	0.11736869352714757	9.04186917953259
0.015783903455837665	0.22402597402597413	9.000168497150367
0.015783903455837668	0.23376623376623387	9.000144440903867
0.015783903455837668	0.24350649350649364	9.00012486284564
0.023675855183756495	0.2094155844155845	9.000489970301016
0.023675855183756495	0.2191558441558443	9.000415024652924
0.03156780691167533	0.19480519480519495	9.001125544734931
0.03156780691167533	0.20454545454545467	9.000941936288273
0.03945975863959417	0.18019480519480524	9.002289348695264
0.03945975863959417	0.18993506493506504	9.001892674247168
0.04735171036751301	0.17532467532467538	9.003534086347436
0.055243541573413414	0.17045436264506245	9.005124395676871
0.06313419664710404	0.16558248807880158	9.007084437777038
0.071020445028472	0.1607067573659412	9.009427530883839
0.1941747572815533	0.01576479433395361	9.467463294895383
0.18932038834951448	0.02364719150093041	9.529252508596846
0.18446601941747565	0.031529588667907206	9.521290028750807
0.17961165048543673	0.03941198583488398	9.32206764571893
0.17475728155339787	0.047294383001860736	9.224898825385608
0.16990291262135906	0.0551767801688375	9.175667149991064
0.16504856453949682	0.06305916615677454	9.14395155332374
0.1601943366474291	0.07094148182790455	9.118465275778595
0.15534054438224698	0.07882347854756094	9.097907461730601
0.07889654066023062	0.15582260741604578	9.012154851690598
0.15049288083480017	0.08670450630858026	9.082579884103579
0.08675418064254908	0.15092615139868745	9.015254937898765
0.09458565715646587	0.1460203347219101	9.018703861899551
0.14569664649037425	0.09458449873772583	9.069925545470495
0.14089835690327435	0.10245336611643595	9.05898773266336
0.10240962597132419	0.14112070996332107	9.022468224374405
0.11022644770679152	0.13623967890410063	9.026510166692928
0.13622805717335185	0.11024569660470038	9.050167168665572
0.11797099935120552	0.1313432617429555	9.030789348620798
0.13198600380586442	0.11811878070240338	9.042583398388603
0.12664744451332427	0.12638159825055853	9.035481735943073
0.015783903455837668	0.2532467532467534	9.000108836135816
0.023675855183756492	0.22889610389610404	9.000354592845449
0.023675855183756492	0.23863636363636376	9.000305511185163
0.023675855183756492	0.2483766233766235	9.000265399587887
0.03156780691167533	0.2142857142857144	9.000795439966517
0.03156780691167533	0.22402597402597413	9.000677561863698
0.03945975863959417	0.19967532467532478	9.001579765519308
0.03945975863959417	0.20941558441558453	9.00133055866783
0.04735171036751301	0.18506493506493515	9.002915722558983
0.04735171036751301	0.19480519480519493	9.00242852585935
0.05524365592599079	0.18019479548496284	9.004221742457688
0.06313531410948513	0.17532422351765994	9.00583209773015
0.0710251731182808	0.17045152418700937	9.007760442355929
0.07890957654809791	0.1655743851323915	9.010011146263915
0.20388349514563098	0.015764794333953603	9.46564567349945
0.19902912621359214	0.02364719150093041	9.526722686488833
0.1941747572815533	0.031529588667907206	9.520582622224204
0.18932038834951445	0.039411985834884	9.321011755481239
0.18446601941747556	0.04729438300186078	9.223846073522514
0.17961165048543673	0.055176780168837536	9.174763347030614
0.17475728790172587	0.06305917188528436	9.1432682781281
0.16990292803393275	0.07094155825635604	9.118044692809326
0.1650488697904551	0.07882388368359493	9.097797385856992
0.16019939858402227	0.08670656948707302	9.08279314898346
0.08678179451556227	0.16068827016172318	9.012578959857779
0.15536960576769085	0.09459143107026056	9.070453752404312
0.09463450003104652	0.15579092661548358	9.015449311644032
0.10246072762999069	0.15088628864830564	9.018598599636265
0.1505597116107755	0.10248079873579001	9.05979250290609
0.1457622727084089	0.11037854000537803	9.05112225673396
0.11026332509253096	0.1459824447404996	9.021996136152554
0.11801366998566781	0.14107996554004318	9.025616451378347
0.1412034790780414	0.11838787714773598	9.043615058119748
0.12562903075705073	0.1362042928074319	9.02938100576238
0.13678061214514986	0.12647821329549327	9.036933879097871
0.13277285773360875	0.13335199571811449	9.032126501628248
0.01578390345583767	0.26298701298701316	9.000095654526751
0.015783903455837682	0.2727272727272728	9.000084775139156
0.023675855183756492	0.25811688311688324	9.000232449262851
0.03156780691167532	0.23376623376623387	9.000581998715345
0.03156780691167532	0.24350649350649364	9.00050401959016
0.03156780691167532	0.2532467532467534	9.00044003691315
0.03945975863959417	0.21915584415584427	9.001130369892065
0.03945975863959417	0.22889610389610401	9.000968319043004
0.04735171036751301	0.20454545454545467	9.002040978208298
0.04735171036751301	0.2142857142857144	9.001730017662942
0.055243662095431835	0.18993506493506504	9.003510837503113
0.055243662095431835	0.19967532467532478	9.002945623731422
0.06313557783494454	0.18506487842418753	9.004845328251124
0.07102696201058178	0.1801939018628238	9.006445084041808
0.07891591199175008	0.17532027590535412	9.008316374424028
0.08679856495370748	0.17044166912278616	9.01045789138763
0.21359223300970862	0.015764794333953596	9.464031530488427
0.20873786407766978	0.023647191500930392	9.524609717071781
0.20388349514563098	0.0315295886679072	9.519901285874615
0.19902912621359212	0.039411985834884	9.320052736426463
0.19417475728155328	0.0472943830018608	9.22288460603646
0.18932038834951445	0.05517678016883757	9.173913224657438
0.18446601980556604	0.06305917685592244	9.142593268974876
0.17961165702166879	0.07094156800682615	9.117576365369368
0.17475760296771023	0.07882407073304075	9.09757244668615
0.169905790574149	0.08670706259368005	9.08283715837665
0.1650620828101424	0.0945925106464754	9.070771308763964
0.09466728327051262	0.1655530562849827	9.012861080165038
0.16023214411960754	0.10248488844283372	9.060369839000543
0.10251652999173032	0.1606535773704801	9.01551075099698
0.11033705517664101	0.15574358393324542	9.018386590697938
0.15541698415196326	0.11039634379104689	9.051926063604144
0.15064304162469733	0.11838628263792306	9.044620217958624
0.11812569500997298	0.1508220723734087	9.02146547774309
0.12586652199645526	0.14588804267186262	9.024732585984005
0.14590331305688292	0.12672714122372952	9.037890816397939
0.13340463651189893	0.1412917569191594	9.027982461481118
0.14119808926289207	0.13554436381221008	9.031996725093789
0.015783903455837665	0.2824675324675326	9.000075777513949
0.015783903455837665	0.2922077922077923	9.00006833399157
0.023675855183756495	0.267857142857143	9.000205273071648
0.023675855183756478	0.27759740259740273	9.000182798749648
0.03156780691167532	0.26298701298701316	9.000387304759565
0.03945975863959417	0.23863636363636376	9.000836252371768
0.03945975863959417	0.2483766233766235	9.000727995746443
0.03945975863959417	0.25811688311688324	9.000638829897698
0.04735171036751301	0.22402597402597413	9.001478563054256
0.04735171036751301	0.23376623376623387	9.001273820539353
0.055243662095431835	0.20941558441558453	9.002492360826094
0.05524366209543184	0.21915584415584427	9.002126038704473
0.06313561382335066	0.19480519480519495	9.004060600745875
0.06313561382335066	0.20454545454545467	9.00343125329868
0.0710274726145719	0.18993491235015658	9.005397994281843
0.07891855146315985	0.185063459528497	9.006964858280854
0.08680680630477504	0.1801890614887102	9.008762476017624
0.09468807699212206	0.17530840840895104	9.010786301009388
0.22330097087378623	0.015764794333953586	9.462590579576725
0.21844660194174745	0.02364719150093038	9.52283324314076
0.21359223300970862	0.03152958866790717	9.519248040003605
0.20873786407766978	0.03941198583488398	9.319182642546794
0.20388349514563098	0.047294383001860785	9.222008908993873
0.19902912621359214	0.055176780168837584	9.173120961448111
0.19417475729625375	0.06305917731461447	9.141938808364046
0.18932038891159625	0.07094157390645442	9.117088959660466
0.18446612866540327	0.07882403127262243	9.097276214465714
0.17961276671086687	0.08670680016254696	9.082761946579582
0.17476273496750308	0.09459101956486417	9.070929646576724
0.16991863258796194	0.10247882933432341	9.060761711846162
0.10255612015497406	0.17041738645428542	9.013026521987696
0.1650788677899175	0.1103732639906372	9.052547094505632
0.110404659637364	0.16551430892479155	9.015468703267603
0.11823178266026675	0.16059523968907416	9.018098220795892
0.16022922631973463	0.11827530859389794	9.045500054262318
0.1553736827676698	0.12615982148981875	9.039217033134635
0.1260400000182571	0.15564254441776787	9.020900511368268
0.1337651627744382	0.15084954164436315	9.023792855290152
0.15090358405912668	0.13417767401417435	9.033865507852026
0.14119615654694861	0.14591230486097434	9.026803468017553
0.14813560627348885	0.14137072618544166	9.029785221719784
0.015783903455837658	0.3019480519480521	9.000062188085812
0.023675855183756492	0.28733766233766245	9.0001641918587
0.02367585518375649	0.29707792207792216	9.000148799639794
0.03156780691167532	0.2727272727272729	9.000343704002221
0.03156780691167532	0.2824675324675326	9.00030758755871
0.03945975863959416	0.267857142857143	9.000565117064381
0.047351710367513004	0.24350649350649364	9.001106108582448
0.047351710367513004	0.2532467532467534	9.000968031782092
0.047351710367513004	0.26298701298701316	9.000853892874572
0.05524366209543184	0.22889610389610401	9.00182791485385
0.055243662095431835	0.23863636363636376	9.001583802025253
0.06313561382335064	0.2142857142857144	9.00292262713704
0.06313561382335066	0.22402597402597413	9.002508707178144
0.0710275655512695	0.19967532467532478	9.004557617335324
0.0710275655512695	0.20941558441558453	9.003878063476405
0.07891937302027559	0.1948049309214945	9.005878616345084
0.08681025959819337	0.18993312776675456	9.007397045423497
0.09469814319531339	0.18505766213061245	9.009111048127885
0.10257891521067408	0.1801746092850053	9.011014422929202
0.2330097087378639	0.015764794333953582	9.461298824413456
0.22815533980582506	0.023647191500930375	9.521330414968785
0.22330097087378623	0.03152958866790716	9.518623903404587
0.21844660194174748	0.03941198583488395	9.318395121537385
0.21359223300970864	0.04729438300186075	9.22121152012551
0.20873786407766984	0.05517678016883756	9.172387434225174
0.20388349513938353	0.06305917732515483	9.141313778862198
0.19902912621858004	0.07094157442711306	9.116600294586163
0.1941747790381033	0.07882398637898215	9.096939774769295
0.1893207361107905	0.08670654943818386	9.082603957740334
0.18446777429515038	0.0945896537895581	9.07096820231702
0.17961709032968784	0.1024742290653562	9.060999633912788
0.1747654038370171	0.11035954458773695	9.052981954261385
0.11044874237724034	0.17528252461548813	9.013096952192948
0.16991184985075403	0.11824517345404456	9.046123136397567
0.11830628560334296	0.1703794681045002	9.015346067380987
0.12616630583533403	0.16546266004530738	9.017750494117019
0.1650610713236913	0.12613092941049447	9.039994074005227
0.16041348072580436	0.13403444996745717	9.034814673748981
0.13404477941169066	0.16054762782855475	9.020291820459521
0.14200872525485714	0.15557936639679878	9.022990993670506
0.1560077188795358	0.14187205431126304	9.030341672646697
0.150804762955109	0.15023602739167105	9.026011378842512
0.015783903455837647	0.31168831168831185	9.00005713857953
0.015783903455837637	0.3214285714285716	9.00005302776553
0.023675855183756478	0.30681818181818193	9.00013610975171
0.03156780691167532	0.2922077922077923	9.000277667779907
0.031567806911675315	0.3019480519480521	9.000252933752622
0.03945975863959416	0.2775974025974028	9.000504032320235
0.03945975863959416	0.2873376623376625	9.000453368214679
0.04735171036751299	0.2727272727272729	9.00075926950693
0.05524366209543182	0.2483766233766235	9.001382861518154
0.05524366209543183	0.25811688311688324	9.00121674273393
0.05524366209543183	0.267857142857143	9.001078962970906
0.06313561382335066	0.23376623376623387	9.00216977587439
0.06313561382335066	0.24350649350649364	9.001890754427208
0.07102756555126949	0.21915584415584427	9.003324792061498
0.07102756555126949	0.22889610389610401	9.002871567225727
0.07891951727918833	0.20454545454545467	9.004999265095377
0.07891951727918833	0.2142857142857144	9.004282651085932
0.08681131307072265	0.199674988380572	9.006289798616772
0.0947020262131791	0.1948026663832589	9.007749581044322
0.10258917561761123	0.18992494105736524	9.009374961871488
0.1104698051375333	0.18504051976180466	9.011158757747951
0.24271844660194156	0.015764794333953582	9.460135233463832
0.23786407766990272	0.02364719150093036	9.520053059475162
0.2330097087378639	0.03152958866790715	9.518030986129048
0.22815533980582514	0.039411985834883936	9.31768398235545
0.2233009708737863	0.0472943830018607	9.22048471948244
0.21844660194174756	0.0551767801688375	9.171711683842604
0.21359223300493124	0.06305917733097646	9.140723297311377
0.20873786405697486	0.07094157449136976	9.116120778301607
0.20388349591946317	0.07882397240239554	9.096584426881863
0.1990292119601039	0.08670642298838459	9.082391616236862
0.19417502341109352	0.09458894286320169	9.070919820752174
0.18932205421627646	0.102472189521789	9.061120354130738
0.18446906074828787	0.11035573593437421	9.053269890958775
0.17961786477108713	0.11824023862019924	9.04657201149326
0.11834326921918899	0.18015156796634055	9.013090684462476
0.1747684380581203	0.12612409853629797	9.040591052267574
0.1262220038627294	0.1752521816427179	9.015161540113288
0.1341399221067095	0.17033890560567388	9.017364103808289
0.16995715806955852	0.13401156455717794	9.035537812041019
0.16531146908461666	0.14183787344306756	9.031153671352842
0.14214773039377465	0.16540366182601268	9.019693265324749
0.15033643224730614	0.16068953094404595	9.022064995201019
0.16047742175109125	0.14957557559797674	9.027190173316365
0.1574908321463755	0.15664030618943975	9.024190857819637
0.015783903455837623	0.33116883116883133	9.000049732787524
0.01578390345583761	0.34090909090909105	9.000047159516908
0.023675855183756464	0.3165584415584417	9.000125719713518
0.02367585518375644	0.3262987012987015	9.000117314086106
0.031567806911675295	0.31168831168831185	9.000232590065094
0.039459758639594146	0.29707792207792216	9.000411391383212
0.03945975863959412	0.30681818181818193	9.000376736394708
0.047351710367512984	0.2824675324675326	9.000680706480809
0.047351710367512984	0.29220779220779236	9.000615489853752
0.05524366209543182	0.2775974025974028	9.000964455925326
0.06313561382335066	0.2532467532467534	9.00166001612101
0.06313561382335066	0.26298701298701316	9.001468528339542
0.06313561382335066	0.2727272727272729	9.001309226604208
0.0710275655512695	0.23863636363636376	9.002498287879947
0.0710275655512695	0.2483766233766235	9.002189430406842
0.07891951727918833	0.22402597402597413	9.0036951242307
0.07891951727918835	0.23376623376623387	9.003210841245094
0.08681146900710714	0.20941558441558453	9.005386186961845
0.08681146900710716	0.21915584415584424	9.00464441955039
0.09470315731968058	0.2045448870899426	9.006636425734213
0.10259307949507514	0.19967083377532227	9.00803148648282
0.1104781665712136	0.19479003862116576	9.009566650938197
0.11835637948199677	0.18990780223146778	9.011233672426853
0.25242718446601925	0.01576479433395359	9.459084664118953
0.2475728155339804	0.023647191500930368	9.518963250796283
0.24271844660194156	0.03152958866790715	9.517473418217127
0.2378640776699028	0.039411985834883936	9.317039493178868
0.2330097087378639	0.0472943830018607	9.219823258014431
0.22815533980582514	0.05517678016883748	9.171090953394533
0.22330097087181955	0.06305917733404888	9.140169609807657
0.218446601923828	0.07094157450762183	9.115656874951112
0.21359223296414814	0.07882397173042198	9.09622359500706
0.20873786736656813	0.08670637194489561	9.08214645152993
0.20388349644456552	0.09458877089673029	9.070809822835924
0.19902928594369382	0.10247129098535719	9.061154415356869
0.19417597427677047	0.11035436300213432	9.053447981326618
0.1893230150418196	0.1182374849160674	9.046893032925704
0.18447009680132195	0.1261197399227423	9.041046799055371
0.12623668497068008	0.18502815899621888	9.013023283433322
0.17962410556067715	0.13399974308484747	9.03611606956359
0.1341217214277856	0.18011276417503252	9.014933472160854
0.14206927084773116	0.17513745153922536	9.016967695783203
0.174873116569651	0.1418600759826937	9.031810624005063
0.17013991851205915	0.14967352024183686	9.027907421468392
0.1502822719737128	0.17007456642934793	9.019145833590587
0.15954011122755932	0.16565622823559084	9.021302896142913
0.16558857367532095	0.1576087852521673	9.024527273111334
0.015783903455837626	0.3506493506493508	9.000045245174507
0.015783903455837644	0.36038961038961054	9.000043945052314
0.02367585518375642	0.33603896103896114	9.000110646580895
0.023675855183756433	0.3457792207792208	9.000105530949158
0.03156780691167526	0.3214285714285716	9.000216011147563
0.031567806911675225	0.33116883116883133	9.000202706015584
0.03945975863959409	0.31655844155844176	9.000348326678099
0.04735171036751296	0.30194805194805213	9.000561479682831
0.047351710367512935	0.31168831168831196	9.000516985412553
0.05524366209543182	0.2873376623376625	9.000869240006379
0.0552436620954318	0.2970779220779223	9.000790172567166
0.06313561382335066	0.2824675324675326	9.001176553910724
0.0710275655512695	0.25811688311688324	9.001932918086633
0.0710275655512695	0.267857142857143	9.001719293149774
0.0710275655512695	0.2775974025974028	9.001541105950073
0.07891951727918835	0.24350649350649364	9.002809798694122
0.07891951727918835	0.2532467532467534	9.002476402780738
0.08681146900710718	0.22889610389610401	9.004032278484322
0.08681146900710718	0.23863636363636376	9.003524769348788
0.09470337577622312	0.2142856423699446	9.005721152116854
0.09470341456719265	0.22402596431970623	9.004964684994093
0.10259448896694585	0.20941396706563922	9.006924648752298
0.11048236598456851	0.20453668181928306	9.008251987903323
0.11836267684083657	0.19965449560457293	9.009697480498973
0.1262334103995735	0.19477027944367475	9.011253458101718
0.2621359223300969	0.015764794333953593	9.458139076334957
0.2572815533980581	0.02364719150093038	9.518029108242324
0.2524271844660192	0.031529588667907164	9.516952946304633
0.24757281553398044	0.03941198583488394	9.31645080701761
0.24271844660194156	0.0472943830018607	9.219224397296403
0.2378640776699028	0.05517678016883747	9.17052122109047
0.23300970873722196	0.06305917733526258	9.139653505504784
0.22815533979777047	0.07094157450640948	9.115213629039017
0.22330097085272593	0.07882397168454432	9.095865993241697
0.21844660199200533	0.08670636909367738	9.081884212040096
0.21359223208292372	0.09458876782737832	9.070658045407372
0.20873789258876174	0.10247119353935359	9.061124792332812
0.20388381508152909	0.11035377275538373	9.053542955581506
0.1990295976040043	0.11823622700068641	9.047113328084771
0.19417689710131456	0.12611895334578704	9.041387445039968
0.1893280110864021	0.1340011281801569	9.036567405220204
0.13409567589927926	0.18986177005115476	9.012915289749357
0.18452760499472656	0.14188221461513048	9.03235024703858
0.14194448341808785	0.18492611699702244	9.014676121570611
0.14977866567954298	0.17995960716685788	9.01652822877655
0.17982486791045574	0.14976429289970952	9.028508353581271
0.17518899112701602	0.15779988979624887	9.025164152481905
0.15751144272266548	0.17518616053869343	9.018404412608598
0.1649460968891231	0.17318222066722574	9.019562919324482
0.17073681090301157	0.16668589305944087	9.021864076775962
0.015783903455837658	0.37012987012987025	9.00004329090365
0.015783903455837665	0.37987012987012997	9.000043205085559
0.023675855183756454	0.35551948051948057	9.000101822842629
0.023675855183756478	0.36525974025974034	9.000099512556076
0.031567806911675225	0.340909090909091	9.000192294835344
0.03156780691167525	0.35064935064935066	9.000184480938627
0.03945975863959404	0.3262987012987015	9.000325314363549
0.039459758639594	0.33603896103896114	9.000307037544742
0.04735171036751287	0.3214285714285717	9.000480671776286
0.05524366209543178	0.30681818181818205	9.000724766591416
0.05524366209543172	0.3165584415584418	9.000671052622137
0.06313561382335066	0.29220779220779236	9.001066118851712
0.0631356138233506	0.3019480519480522	9.000974440148267
0.0710275655512695	0.2873376623376625	9.00139246051308
0.07891951727918835	0.26298701298701316	9.002198418081734
0.07891951727918835	0.27272727272727293	9.00196618928859
0.07891951727918835	0.28246753246753264	9.001772060354709
0.08681146900710716	0.2483766233766235	9.003102357322447
0.08681146900710716	0.25811688311688324	9.002749676081814
0.09470342073502598	0.23376623376623384	9.004336600368083
0.09470342073502598	0.24350649350649364	9.003813069236104
0.10259511194190211	0.21915542874182722	9.0060082072189
0.10259533648391712	0.22889604727620805	9.005245994425893
0.11048493459971576	0.21428185765129829	9.007161103835992
0.11836953943442474	0.20940161985891495	9.008419793786013
0.12624314932090627	0.2045173709502016	9.00977829360962
0.13410193667466896	0.19962089981648679	9.011231006353313
0.27184466019417464	0.015764794333953593	9.457294422375796
0.26699029126213575	0.02364719150093038	9.517222036047242
0.2621359223300969	0.031529588667907164	9.516463815321673
0.2572815533980581	0.03941198583488395	9.315913950792497
0.2524271844660192	0.04729438300186073	9.218684335744683
0.24757281553398044	0.05517678016883749	9.16999892671826
0.2427184466017577	0.06305917733565934	9.139174524615287
0.2378640776670636	0.0709415745042656	9.114793876504192
0.23300970872557736	0.07882397168123131	9.095516623546194
0.2281553397744504	0.08670636887749092	9.081615325949608
0.223300970493648	0.09458876659497642	9.070479635116705
0.21844660614185119	0.10247117083332676	9.061049553953266
0.21359229999655518	0.11035360958422473	9.053575047194991
0.20873807848089831	0.11823606681743586	9.04725456043724
0.20388564897903796	0.1261191502511245	9.041636078632367
0.1990359373849292	0.13400284823199113	9.036917337699153
0.19421149827720463	0.1418873446589829	9.032791964196266
0.14193394779085067	0.19468944674287725	9.012774041634808
0.18946426696791754	0.1497498459557156	9.029039021988778
0.14968052378253194	0.18969677617101113	9.014402244861754
0.15720521630839795	0.18483909571470158	9.016054825999168
0.18478310235220488	0.15760680863461088	9.025825104733249
0.1802773846381167	0.16538651019189954	9.022919089698076
0.16437716480169573	0.18080591251135902	9.01756359768067
0.17198856626927075	0.17661612728902998	9.019154352112084
0.1781177276044414	0.17231693338838555	9.02073441347333
0.015783903455837665	0.38961038961038974	9.000043403105286
0.01578390345583765	0.3993506493506495	9.000044274446799
0.023675855183756492	0.37500000000000017	9.000098624431446
0.023675855183756492	0.3847402597402598	9.000098760440112
0.03156780691167529	0.3603896103896104	9.000179113388432
0.031567806911675315	0.3701298701298702	9.00017620621644
0.03945975863959403	0.3457792207792208	9.000292978628307
0.03945975863959408	0.3555194805194805	9.000282786139849
0.047351710367512796	0.33116883116883133	9.000451490225908
0.047351710367512796	0.340909090909091	9.000428619649776
0.05524366209543162	0.32629870129870153	9.000627476693907
0.06313561382335055	0.31168831168831196	9.000898754188066
0.06313561382335046	0.3214285714285717	9.000836871302411
0.07102756555126948	0.2970779220779223	9.001268674066582
0.07102756555126942	0.3068181818181821	9.001166020091503
0.07891951727918832	0.2922077922077924	9.001609937801325
0.08681146900710716	0.267857142857143	9.002454571002547
0.08681146900710716	0.2775974025974028	9.002207382061131
0.08681146900710716	0.2873376623376626	9.002000402423475
0.09470342073502597	0.2532467532467534	9.003375291986112
0.09470342073502597	0.26298701298701316	9.003008355421757
0.10259537246294481	0.23863636363636376	9.004609586598265
0.10259537246294477	0.2483766233766235	9.004076505420764
0.11048660141229116	0.2240248678307513	9.006252047356114
0.11048722767629549	0.23376608243267713	9.005491628763297
0.11837475101917565	0.21914940827850746	9.007352353566269
0.12625617177730353	0.21426785624558062	9.008542933157583
0.13412581593070436	0.20938005982581634	9.009818444100674
0.14197883744862128	0.2044778337447393	9.011173755248338
0.2815533980582523	0.01576479433395359	9.456544451111883
0.27669902912621347	0.02364719150093038	9.516517177013732
0.27184466019417464	0.031529588667907164	9.515995531118508
0.26699029126213575	0.03941198583488396	9.315434789610999
0.26213592233009686	0.04729438300186075	9.21819686091532
0.257281553398058	0.05517678016883753	9.169521513007455
0.2524271844659709	0.06305917733577401	9.138731347086848
0.24757281553311147	0.0709415745032671	9.114399081972396
0.242718446597354	0.07882397167427356	9.0951798303644
0.23786407765863637	0.08670636885056661	9.08134661043647
0.23300970869606463	0.09458876606000996	9.070286188640132
0.22815533911385966	0.10247116412311263	9.06094217520715
0.22330097671884067	0.11035356719192962	9.053560238824447
0.21844660982346809	0.11823596655596207	9.047334936057526
0.21359334830263288	0.12611890058157454	9.041811838845545
0.20874303728973906	0.13400301507414777	9.037185145385223
0.20390261972197216	0.14188720843956812	9.033146521994034
0.1990911068537741	0.14976453824595432	9.029464090130126
0.14980239492448877	0.19955225078155267	9.012603399547546
0.19435594299630787	0.15757624572024972	9.02633181527406
0.1574918210721755	0.19475212543905893	9.014067039055396
0.1650761423562042	0.19016419887744898	9.015539235128152
0.18973164198287898	0.16526471972834747	9.023504136624297
0.18553086262005783	0.1726167411718068	9.021108042248398
0.17270008267246506	0.1857178807862387	9.017034247067135
0.18107729081159607	0.18077668334286623	9.018723587692703
0.015783903455837633	0.4090909090909092	9.000045773368614
0.015783903455837606	0.41883116883116894	9.000047912018923
0.02367585518375648	0.3944805194805196	9.000100037951848
0.023675855183756464	0.4042207792207793	9.000102818939654
0.03156780691167532	0.37987012987012997	9.000175499425909
0.03156780691167532	0.38961038961038974	9.000176814286066
0.03945975863959412	0.36525974025974034	9.000276347932713
0.039459758639594146	0.37500000000000017	9.000273499736407
0.047351710367512845	0.35064935064935066	9.000411447705552
0.04735171036751292	0.3603896103896104	9.00039964483227
0.055243662095431585	0.33603896103896114	9.000592818331922
0.055243662095431585	0.3457792207792208	9.00056613524916
0.06313561382335035	0.3311688311688314	9.00078706479397
0.07102756555126931	0.3165584415584419	9.001081534900733
0.07102756555126918	0.32629870129870164	9.001012870808735
0.07891951727918828	0.30194805194805224	9.00147496022372
0.07891951727918818	0.3116883116883121	9.001363247854341
0.08681146900710715	0.29707792207792244	9.00182746707136
0.09470342073502597	0.27272727272727293	9.002700374893804
0.09470342073502597	0.28246753246753264	9.00244184306595
0.09470342073502597	0.29220779220779247	9.002225132785396
0.10259537246294481	0.25811688311688324	9.003628865515454
0.10259537246294477	0.267857142857143	9.003252370430031
0.11048732419086364	0.24350649350649364	9.004853475937411
0.11048732419086364	0.25324675324675344	9.004316552400299
0.11837797399837129	0.22889425231550983	9.006457604924483
0.11837911068527401	0.23863610682168743	9.005705249198003
0.12626506472809823	0.224018040433144	9.0075047155271
0.13414621664359624	0.21913704313528606	9.008628925400744
0.14202487044511683	0.2142540750199881	9.00982551110806
0.14988370646412905	0.20936645330203055	9.011087745145263
0.29126213592233	0.015764794333953582	9.455877735255404
0.2864077669902912	0.023647191500930375	9.51589505351757
0.2815533980582523	0.03152958866790716	9.515546614988507
0.27669902912621347	0.03941198583488395	9.315017270148426
0.27184466019417464	0.047294383001860736	9.217755599749774
0.26699029126213575	0.055176780168837536	9.169086080270956
0.2621359223300849	0.06305917733580443	9.138322399974554
0.25728155339781617	0.07094157450292561	9.114029730409705
0.25242718446461354	0.07882397167115664	9.094858421357019
0.24757281552707	0.08670636884546296	9.081082143477888
0.24271844658492173	0.09458876602668868	9.070085919516309
0.23786407740656415	0.10247116353448328	9.060813218611143
0.2330097096928392	0.11035356226835075	9.053510825467695
0.22815534084114952	0.11823595991239057	9.047368449615213
0.22330133066212735	0.12611855873575747	9.041929554144781
0.2184488796761643	0.13400183452273487	9.03738604207671
0.2136031603635483	0.14188381374188988	9.033428132457145
0.20876526711141827	0.14976401579911913	9.029817945217593
0.20394278262027843	0.15763109934611097	9.026729082609805
0.15771857838963202	0.20451085511906006	9.012404783511698
0.19912888549944305	0.16540209697743008	9.023924134472383
0.16546888815577085	0.19975560747825663	9.013752896720641
0.17316898649307555	0.19514754194902742	9.015117191608034
0.1943163310056947	0.17297200092396278	9.021481569547747
0.18966526258516167	0.17897520267936784	9.019674574002414
0.1810591207130188	0.1907530523416361	9.016487035408803
0.18924076659980502	0.18672884090700462	9.017834075034388
0.0157839034558376	0.42857142857142866	9.000050741802172
0.01578390345583761	0.43831168831168843	9.000054344333973
0.023675855183756433	0.4139610389610391	9.000106983633556
0.02367585518375638	0.42370129870129886	9.000112632134035
0.0315678069116753	0.3993506493506495	9.000180466415296
0.03156780691167526	0.40909090909090934	9.000186631096893
0.03945975863959415	0.3847402597402599	9.000273976621108
0.03945975863959414	0.39448051948051965	9.000277863121324
0.04735171036751296	0.37012987012987014	9.00039302274236
0.047351710367512984	0.37987012987012997	9.000391317947942
0.05524366209543169	0.3555194805194805	9.000546804651291
0.05524366209543177	0.36525974025974034	9.000534486258603
0.06313561382335037	0.34090909090909105	9.000747982662661
0.06313561382335042	0.35064935064935066	9.000718641005234
0.07102756555126911	0.3360389610389612	9.00095817646415
0.07891951727918804	0.3214285714285719	9.001271713099838
0.0789195172791879	0.3311688311688316	9.001197908503926
0.08681146900710705	0.3068181818181824	9.001683639292914
0.0868114690071069	0.31655844155844215	9.001564972665435
0.09470342073502597	0.30194805194805235	9.002044116093083
0.10259537246294477	0.2775974025974028	9.002935549307104
0.10259537246294476	0.2873376623376626	9.00266917134566
0.10259537246294478	0.2970779220779225	9.002445795007942
0.1104873241908636	0.26298701298701316	9.003863999301332
0.11048732419086356	0.27272727272727293	9.003482249648558
0.11837927591878249	0.24837662337662356	9.005070943660753
0.11837927591878242	0.2581168831168833	9.004535135440532
0.12626955108984741	0.2337640061686985	9.006629809228068
0.12627101992088682	0.2435061745328433	9.005890647898653
0.13415703582490804	0.22888838393062685	9.007624192205471
0.14204204600211678	0.2240101596794477	9.00868452679841
0.14993265562018301	0.21913430474706527	9.009806436881988
0.15782415116566278	0.21426539531861533	9.010983627530145
0.30097087378640763	0.01576479433395358	9.455279924786938
0.29611650485436886	0.023647191500930368	9.51534229259933
0.29126213592233	0.03152958866790715	9.515119426799005
0.2864077669902912	0.039411985834883936	9.314655053597221
0.2815533980582523	0.04729438300186072	9.21735619956774
0.27669902912621347	0.05517678016883753	9.168688893850058
0.2718446601941718	0.063059177335812	9.137945878757845
0.2669902912620729	0.07094157450282591	9.11368555541433
0.26213592232971084	0.07882397167014527	9.09455397772903
0.25728155339516995	0.08670636884043216	9.08082514309154
0.2524271844593176	0.09458876601277777	9.069884205517576
0.24757281543593646	0.10247116330618773	9.06067112963474
0.24271844667652298	0.11035356090460657	9.053436394300492
0.23786407768001958	0.11823595822579898	9.047366338170585
0.2330097086856265	0.1261183552233892	9.042001386797134
0.22815601033556362	0.13400107493070632	9.037531962526161
0.22330523103680325	0.14188279266201345	9.033646490054629
0.21845776105123124	0.14976129871797245	9.030105685362768
0.21360239410659163	0.1576335657919245	9.027077130584205
0.20870972338280055	0.16550308300510694	9.02429611044167
0.1656121676236113	0.20946056980180927	9.012195881437838
0.2036890903384808	0.1734578703045302	9.021792540494436
0.1734014921030731	0.20474812265584766	9.013438411981854
0.18117531062195524	0.20022041600903348	9.014686176837875
0.19813870773647987	0.18211699387387595	9.019345460815229
0.18899317932956128	0.1959286102384643	9.015919209236882
0.196562887918173	0.19190826615497975	9.017109595369261
0.015783903455837633	0.4480519480519482	9.00005883058151
0.015783903455837724	0.45779220779220825	9.000064344200398
0.02367585518375641	0.4334415584415585	9.000119931388832
0.02367585518375645	0.4431818181818184	9.000129103281195
0.03156780691167522	0.418831168831169	9.000195300661543
0.031567806911675204	0.42857142857142866	9.00020672507617
0.03945975863959412	0.4042207792207794	9.000285463704863
0.039459758639594056	0.41396103896103914	9.000296904422996
0.04735171036751298	0.38961038961038974	9.000394423470924
0.047351710367512956	0.39935064935064957	9.000402576414059
0.05524366209543181	0.37500000000000017	9.000528898381937
0.05524366209543181	0.3847402597402599	9.000529819039528
0.06313561382335055	0.3603896103896103	9.000698434327164
0.06313561382335064	0.3701298701298701	9.000686977935516
0.07102756555126916	0.3457792207792208	9.000916040056383
0.0710275655512693	0.3555194805194804	9.000885498569524
0.07891951727918789	0.3409090909090911	9.001139923965981
0.08681146900710672	0.3262987012987018	9.001468323762333
0.08681146900710662	0.33603896103896136	9.00139120893175
0.09470342073502579	0.3116883116883123	9.001893873148582
0.09470342073502556	0.3214285714285721	9.00177046602019
0.10259537246294469	0.30681818181818243	9.002259421077698
0.11048732419086359	0.2824675324675327	9.003160350627967
0.1104873241908636	0.2922077922077925	9.002889441727438
0.11048732419086355	0.3019480519480526	9.002662351020247
0.11837927591878239	0.26785714285714307	9.00408205624165
0.11837927591878232	0.2775974025974028	9.003698939270025
0.12627122764670126	0.25324675324675344	9.005264876081723
0.1262712276467012	0.2629870129870132	9.004734435322392
0.13416158300544043	0.23863427452617794	9.006773422085589
0.13416296148619505	0.2483762911421411	9.006051571275876
0.14205047635260085	0.23376001485579634	9.007716300655268
0.1499386865112279	0.22888467586576378	9.008715612215177
0.1578280456455974	0.2240123588088486	9.009766910352212
0.16570538230143875	0.21915317815038604	9.010863620610982
0.3106796116504853	0.015764794333953575	9.454736450431229
0.30582524271844647	0.023647191500930365	9.514849844220377
0.3009708737864077	0.03152958866790715	9.514715664906236
0.2961165048543688	0.039411985834883936	9.314340642164249
0.29126213592232997	0.0472943830018607	9.216995684636368
0.2864077669902912	0.05517678016883751	9.168326531886661
0.2815533980582517	0.06305917733581379	9.137599697721493
0.27669902912619804	0.07094157450279956	9.11336582538628
0.271844660194073	0.07882397166986627	9.094267284272128
0.26699029126118873	0.08670636883795747	9.080578197871857
0.2621359223257598	0.0945887660096176	9.069684552000536
0.2572815533626786	0.10247116321953946	9.060522375575259
0.2524271843935292	0.11035356043795058	9.053344576686056
0.24757281545024912	0.11823595765486822	9.047337455061102
0.242718446572464	0.12611835498986237	9.042037378163263
0.23786407766751008	0.13400075214365018	9.03763366599217
0.23301054860991557	0.14188267656854947	9.033813409792769
0.2281563644654677	0.1497618008752232	9.030335511023553
0.22329574028376817	0.15763582699827708	9.027365983433542
0.21842442614420113	0.16550333099611444	9.02464210902558
0.21345105710906628	0.1733927706251324	9.022209405725754
0.17349651389253398	0.21437882469227076	9.011986849622682
0.2083836680903245	0.18136089324069193	9.019988689148152
0.18131464934328417	0.20966519257832683	9.013140603651623
0.18909111358940456	0.20512048283055917	9.01429654986035
0.20516971737461318	0.1897382830314765	9.017982763310734
0.19682987653501105	0.2008406031875727	9.015428148509068
0.2027477738786675	0.19666575859340937	9.016480265666631
0.01578390345583804	0.46753246753246924	9.000071069427763
0.015783903455839344	0.4772727272727341	9.000079241894353
0.023675855183756544	0.4529220779220786	9.000140434809701
0.02367585518375687	0.46266233766234044	9.000154293791374
0.03156780691167523	0.4383116883116886	9.000221247316913
0.03156780691167529	0.44805194805194914	9.000239312636497
0.03945975863959402	0.4237012987012989	9.000312378583013
0.039459758639593986	0.4334415584415589	9.000332346904388
0.0473517103675129	0.4090909090909094	9.000416049436721
0.04735171036751284	0.41883116883116916	9.000435068654793
0.05524366209543178	0.3944805194805197	9.000537327645153
0.055243662095431745	0.40422077922077954	9.000551735175959
0.06313561382335067	0.37987012987012997	9.000683969926078
0.06313561382335063	0.3896103896103898	9.000689328061084
0.07102756555126945	0.3652597402597402	9.000865954721768
0.07102756555126948	0.37500000000000006	9.00085700009639
0.07891951727918799	0.3506493506493506	9.001096364335067
0.07891951727918818	0.3603896103896102	9.00106631355525
0.08681146900710666	0.3457792207792208	9.00133173681754
0.09470342073502534	0.3311688311688317	9.001670759143478
0.09470342073502527	0.34090909090909105	9.001592305143118
0.10259537246294446	0.31655844155844237	9.002105224210169
0.10259537246294416	0.32629870129870214	9.00197933904286
0.11048732419086338	0.3116883116883125	9.002473282262132
0.11837927591878239	0.2873376623376626	9.003375420751125
0.11837927591878238	0.29707792207792255	9.003103078731383
0.11837927591878232	0.30681818181818266	9.002875075062706
0.12627122764670112	0.27272727272727293	9.00428467295439
0.12627122764670115	0.28246753246753264	9.00390365986428
0.13416317320909757	0.2581168734096831	9.005438209942321
0.13416317937461994	0.26785714285714307	9.004916744048375
0.14205383306416663	0.24350468528624003	9.006892901396837
0.14205485015511884	0.2532463195567847	9.006191606325912
0.1499432802391507	0.23863116496993322	9.00778599173548
0.15782969479819445	0.23375693497970731	9.008727294012516
0.16570829139810847	0.2288846497326933	9.009712523682508
0.1735560927438884	0.22403480905602838	9.01073435758891
0.3203883495145629	0.015764794333953575	9.45423625019337
0.31553398058252413	0.02364719150093036	9.51441006634726
0.31067961165048524	0.031529588667907144	9.514335646230263
0.3058252427184464	0.03941198583488393	9.314067243075634
0.30097087378640763	0.0472943830018607	9.216670898166933
0.29611650485436886	0.0551767801688375	9.167996124561277
0.2912621359223299	0.06305917733581419	9.137281757025233
0.2864077669902875	0.07094157450279305	9.113069509510721
0.28155339805822405	0.07882397166979573	9.093998541006675
0.27669902912594024	0.08670636883709441	9.08034280071274
0.2718446601927616	0.0945887660056422	9.069489209367099
0.2669902912497399	0.10247116318778345	9.060371265577523
0.2621359223017025	0.11035356037689846	9.053241557868814
0.25728155336878333	0.11823595754507228	9.047288779585516
0.25242718443836654	0.1261183547386512	9.042045793591432
0.24757281551833707	0.13400075198541256	9.037700108697253
0.24271813555941998	0.14188278026465642	9.033938425592352
0.237861814468621	0.14976313920752277	9.030517566810083
0.23300058721684036	0.15764034334509947	9.02760202125337
0.22812871404569326	0.16551298622129604	9.024928664824522
0.22323816919896425	0.17337121798171767	9.022554751911871
0.2182609467928346	0.18116032030141307	9.020420738749609
0.18135294850076433	0.21924811322575166	9.01178208423808
0.21404434597202687	0.18915704779606107	9.018484625309343
0.1891322916243944	0.21451124690659237	9.012855248687016
0.19697285151682287	0.20976057648878596	9.013961143510913
0.21024846698132826	0.19710263166962427	9.016734497413905
0.20527624295248786	0.20500385812254238	9.015113968166633
0.015783903455844583	0.4870129870130146	9.000089163283748
0.023675855183758112	0.4724025974026089	9.000171150227004
0.02367585518376251	0.4821428571429048	9.00019160451143
0.03156780691167537	0.4577922077922123	9.000261491848839
0.031567806911675385	0.46753246753248634	9.000288513511256
0.03945975863959393	0.44318181818181984	9.00035740801936
0.03945975863959354	0.45292207792208444	9.00038833322399
0.047351710367512755	0.4285714285714292	9.00046009566366
0.047351710367512546	0.43831168831169043	9.000491872883897
0.05524366209543166	0.41396103896103936	9.000573359205712
0.05524366209543149	0.4237012987012996	9.000602653466617
0.06313561382335058	0.39935064935064973	9.000703284229667
0.06313561382335038	0.40909090909090984	9.000726219529533
0.07102756555126946	0.38474025974026	9.0008584127148
0.07102756555126932	0.3944805194805201	9.000870280416342
0.07891951727918832	0.37012987012987003	9.001049183532686
0.07891951727918824	0.37987012987013014	9.001044611821898
0.08681146900710686	0.3555194805194803	9.001288583254704
0.08681146900710705	0.36525974025974	9.001260887149561
0.09470342073502547	0.35064935064935043	9.001533300950557
0.10259537246294394	0.3360389610389614	9.00187870352296
0.10259537246294399	0.3457792207792207	9.001800979209717
0.11048732419086305	0.3214285714285725	9.002317566983706
0.11048732419086262	0.3311688311688321	9.00219147099194
0.11837927591878196	0.3165584415584428	9.002685873161695
0.12627122764670115	0.29220779220779264	9.003581665316576
0.12627122764670115	0.3019480519480527	9.003310752979864
0.12627122764670096	0.31168831168831296	9.00308446424742
0.13416317937461988	0.27759740259740284	9.00447363254476
0.13416317937461986	0.28733766233766267	9.00409779522593
0.14205509513699102	0.2629869563616787	9.005593820455767
0.14205513110253865	0.272727272727273	9.005084361186476
0.14994554902852594	0.24837444574766077	9.006992337720886
0.1499465396243409	0.25811608008024	9.006314103802412
0.1578332199423491	0.2435005425830361	9.007837628902607
0.16571373950347432	0.23862356963659134	9.008724336572582
0.1735760865011016	0.23374565795399918	9.009648453019302
0.18141372444333181	0.22887350658430855	9.010606081940631
0.3300970873786405	0.015764794333953586	9.4537726833366
0.32524271844660174	0.023647191500930365	9.514015614563471
0.3203883495145629	0.03152958866790714	9.51397914250794
0.3155339805825241	0.039411985834883916	9.313829068478114
0.3106796116504852	0.0472943830018607	9.216378487866491
0.3058252427184465	0.055176780168837494	9.16769495913528
0.3009708737864077	0.06305917733581426	9.13699004195193
0.296116504854368	0.0709415745027915	9.112795412846948
0.2912621359223225	0.0788239716697753	9.093747522667611
0.2864077669902179	0.08670636883683801	9.080119824274277
0.2815533980578555	0.09458876600426022	9.069300326418151
0.27669902912215877	0.10247116317627834	9.060220768013723
0.2718446601832714	0.11035356035271744	9.053132314512736
0.2669902912467011	0.11823595752595391	9.047225920088978
0.26213592231767563	0.12611835468875005	9.042033172779874
0.25728155338739295	0.13400075186473348	9.037738842639177
0.2524267952113778	0.1418829384849454	9.034029511573488
0.24757054993990968	0.14976422817173304	9.030660454364773
0.24271107441837483	0.15764416703529663	9.027794678766158
0.23784532854027204	0.16552311576389186	9.025168188695105
0.23296674757620664	0.17340392451909908	9.02283410326234
0.22813784406251703	0.1812711018802955	9.020729169901786
0.22356050096894856	0.18920119420943163	9.018833886981689
0.18917215598921477	0.22406317545076795	9.011584150100182
0.21923362980372235	0.19700513201108	9.017116462334867
0.19688694950173885	0.21921475251399597	9.01259464840332
0.2044068520439588	0.2143321674862814	9.013624783961232
0.21505371824518038	0.20513054842643946	9.015508849568688
0.2111421525718537	0.2116148618018681	9.014328133729432
0.01578390345586495	0.496753246753358	9.000101221298577
0.015783903455941956	0.5064935064939499	9.000115917037066
0.0236758551837771	0.4918831168833118	9.000216425522995
0.03156780691167405	0.4772727272728057	9.000321306373765
0.03156780691166239	0.48701298701331	9.000361055916164
0.03945975863959137	0.4626623376623649	9.000426106956338
0.039459758639580546	0.47240259740271023	9.000471981982999
0.04735171036751155	0.4480519480519569	9.000531350246549
0.04735171036750688	0.457792207792244	9.000579745361348
0.05524366209543095	0.43344155844156135	9.000640410806653
0.05524366209542864	0.4431818181818297	9.00068773906164
0.0631356138233498	0.41883116883117083	9.000758613449099
0.06313561382334733	0.42857142857143654	9.00080124865592
0.07102756555126881	0.404220779220781	9.00089296199634
0.07102756555126656	0.4139610389610456	9.000926970789543
0.07891951727918793	0.3896103896103907	9.00105252479896
0.07891951727918656	0.3993506493506534	9.0010731764509
0.086811469007107	0.3750000000000003	9.001248107251486
0.0868114690071063	0.3847402597402616	9.001250001661573
0.0947034207350257	0.3603896103896101	9.001492520952597
0.09470342073502563	0.37012987012987053	9.00146917875634
0.10259537246294426	0.3555194805194803	9.001744498214505
0.11048732419086243	0.34090909090909105	9.002092073182778
0.11048732419086275	0.35064935064935043	9.002017202669345
0.11837927591878146	0.32629870129870264	9.002531012476355
0.11837927591878088	0.3360389610389618	9.002406947604683
0.12627122764670037	0.3214285714285731	9.002897564012372
0.1341631793746199	0.2970779220779228	9.003780157187492
0.13416317937461986	0.3068181818181831	9.003513296743101
0.1341631793746194	0.3165584415584435	9.003291164498618
0.1420551311025386	0.28246753246753276	9.004650770338708
0.14205513110253862	0.29220779220779275	9.004282807763078
0.14994698684819255	0.2678569917448826	9.00573444712507
0.1499470828304573	0.27759740259740295	9.005239522268326
0.1578361719499979	0.2532433346572573	9.00707539669621
0.1578380168822657	0.2629856521704314	9.006422132442848
0.16572033985623266	0.24836752633418058	9.00787511544768
0.1735932578200103	0.24348283192818168	9.00871084896941
0.18144390018360354	0.2385893872621974	9.009579332956763
0.18924952426053943	0.23371296839369063	9.01047490724816
0.33980582524271813	0.0157647943339536	9.453342493461909
0.3349514563106794	0.023647191500930382	9.513659507454284
0.33009708737864046	0.03152958866790715	9.513645634783385
0.3252427184466017	0.039411985834883916	9.313621319676672
0.3203883495145628	0.0472943830018607	9.216115224004815
0.31553398058252413	0.05517678016883748	9.16742042444213
0.31067961165048535	0.06305917733581426	9.136722563792366
0.3058252427184463	0.07094157450279111	9.112542263388166
0.3009708737864058	0.07882397166976957	9.093513723789188
0.2961165048543503	0.08670636883676781	9.079909686639077
0.2912621359222263	0.09458876600386158	9.069119258257098
0.286407766989043	0.102471163172413	9.060072692443713
0.28155339805433827	0.11035356034306798	9.053020358471274
0.2766990291193235	0.1182359575141535	9.047153464454242
0.27184466018655096	0.1261183546821383	9.042004713789867
0.2669902912551701	0.1340007518512982	9.037755903629138
0.26213569678158066	0.1418830485936579	9.034093274226754
0.25728017291967525	0.14976490953246227	9.030771076376313
0.2524228419100368	0.15764621554640676	9.027951160233641
0.24756291459406063	0.16552734077350037	9.025369134563057
0.2427012622017848	0.17340979520472244	9.023077638925576
0.23784674647057893	0.1812965709841231	9.021006867091364
0.2331046732989092	0.18919133916653305	9.019149389388387
0.22849414310241534	0.19711594110782626	9.01742958250582
0.19698838101833607	0.22882928811095912	9.011395926421025
0.2241211434133968	0.2051919601238765	9.01584745983043
0.20455171366082894	0.22397411103589804	9.012332321005886
0.21159110969986156	0.2195663901003788	9.013214314828545
0.21947403051272857	0.21399109983009923	9.014310464007664
0.01578390345622356	0.5162337662355064	9.000133902863778
0.015783903457211212	0.525974025980742	9.000156035359986
0.02367585518382084	0.501623376624165	9.000246602497745
0.02367585518392924	0.5113636363667821	9.000283416263208
0.03156780691158942	0.4967532467545594	9.00040928074843
0.03945975863952884	0.482142857143318	9.000527552565474
0.03945975863929078	0.49188311688496866	9.000594852489952
0.04735171036748576	0.46753246753261607	9.00063860672862
0.04735171036739306	0.47727272727333064	9.000709900164205
0.0552436620954182	0.4529220779221262	9.000746049207066
0.0552436620953719	0.46266233766253745	9.000817140841008
0.0631356138233362	0.43831168831172324	9.000855315575912
0.06313561382328577	0.44805194805210163	9.000922383073648
0.07102756555125665	0.42370129870132733	9.000973067397114
0.07102756555121241	0.43344155844168547	9.001032444282586
0.07891951727918058	0.40909090909092627	9.001107070319732
0.07891951727915426	0.4188311688312432	9.001154949624903
0.08681146900710339	0.39448051948052737	9.001266672044265
0.08681146900709064	0.40422077922081256	9.00129854303202
0.09470342073502452	0.3798701298701328	9.001462840518881
0.09470342073501942	0.3896103896104024	9.001473432392418
0.10259537246294424	0.3652597402597408	9.001708151611567
0.10259537246294276	0.37500000000000416	9.001691268584173
0.11048732419086278	0.360389610389611	9.001965353654287
0.11837927591878107	0.3457792207792209	9.002310959133924
0.1183792759187813	0.35551948051948123	9.002241081646096
0.12627122764669962	0.3311688311688328	9.002745845281725
0.12627122764669943	0.34090909090909155	9.002626006105155
0.1341631793746185	0.3262987012987035	9.003108859299642
0.14205513110253867	0.301948051948053	9.003972060692044
0.14205513110253842	0.31168831168831374	9.003711635818
0.14205513110253754	0.32142857142857423	9.003495911064066
0.1499470828304573	0.2873376623376627	9.004817905915383
0.1499470828304574	0.2970779220779229	9.004460175041276
0.15783887228094184	0.272727017263619	9.00586264929118
0.15783903455837578	0.282467532467533	9.005384351871713
0.16572610460431106	0.2581117956611249	9.007145350324139
0.16572949141944648	0.2678552747811065	9.006518476274481
0.17360704759314516	0.25323148028188525	9.00790195417571
0.18147594369590422	0.24833764109059933	9.008690087785515
0.18932462902801048	0.2434307805596705	9.009507120396892
0.3495145631067958	0.015764794333953613	9.452944283821891
0.19712596606085156	0.23854945222311338	9.010346454762951
0.3446601941747571	0.023647191500930396	9.513335592175038
0.33980582524271813	0.03152958866790718	9.513334244699585
0.3349514563106793	0.03941198583488396	9.313440038436696
0.33009708737864046	0.04729438300186072	9.215878108943706
0.3252427184466017	0.05517678016883749	9.16717009048614
0.3203883495145629	0.06305917733581425	9.136477357549962
0.3155339805825241	0.07094157450279102	9.11230874811457
0.3106796116504848	0.07882397166976815	9.093296437626536
0.30582524271844197	0.08670636883674998	9.079712448864901
0.30097087378638154	0.09458876600375607	9.068946847122161
0.2961165048540037	0.10247116317119846	9.059928678977862
0.29126213592101796	0.11035356033947956	9.052908081292815
0.28640776698754644	0.11823595750843245	9.04707521228886
0.28155339805444896	0.1261183546768683	9.04196459751246
0.27669902912312444	0.13400075184285642	9.03775619546718
0.2718445633564636	0.141883108556413	9.034135198880152
0.2669896359454965	0.14976527877325543	9.030855238321811
0.26213376574959263	0.15764719453983286	9.028077253971338
0.25727675697183944	0.16552906851028049	9.02553645281394
0.2524196711452192	0.17341159648568424	9.023284755767472
0.24756671544863432	0.1812961223160775	9.021252046607659
0.24276298946072436	0.18918655790113073	9.019428152732006
0.23805643926440037	0.19708936752190778	9.017739851551086
0.23345031212278322	0.2050123891609832	9.0162005578257
0.20485726302408827	0.23365253747691916	9.01120865173521
0.2290282690312182	0.21290131428334166	9.01482450494291
0.21239597586022785	0.22889350195770305	9.012071621079086
0.2198438408899105	0.2241320700637584	9.012945938509596
0.2263033797990631	0.21989248329797795	9.01374798606061
0.01578390346049242	0.535714285739727	9.000183450260257
0.01578390347060796	0.5454545455489326	9.000217669939921
0.023675855184077454	0.5211038961162502	9.000328538008132
0.02367585518352161	0.5308441558917657	9.000384167767164
0.03156780691119491	0.5064935064987568	9.000467936705112
0.03156780690924527	0.5162337662543764	9.000539559952559
0.039459758638232874	0.5016233766306858	9.000676487600513
0.0473517103669952	0.4870129870154037	9.000796123901301
0.0473517103653289	0.49675324676277405	9.000900463101695
0.05524366209517046	0.472402597403415	9.00090329508295
0.055243662094309975	0.48214285714616384	9.001007401590103
0.06313561382306093	0.4577922077928768	9.001004444131015
0.06313561382207723	0.467532467535335	9.001104028300269
0.07102756555101626	0.4431818181823768	9.001106762915017
0.07102756555016194	0.45292207792449357	9.001198158067366
0.07891951727903938	0.4285714285717525	9.001217958432006
0.07891951727854528	0.43831168831307665	9.001297768144736
0.08681146900703542	0.4139610389611814	9.001346323039568
0.08681146900679947	0.4237012987019005	9.001411088805822
0.09470342073499764	0.39935064935070286	9.001501242561119
0.0947034207349056	0.4090909090911323	9.001546899177006
0.10259537246293582	0.38474025974027787	9.001693576108694
0.10259537246290708	0.3944805194805947	9.00171519112333
0.11048732419086128	0.37012987012987525	9.001935560065782
0.11048732419085394	0.37987012987015295	9.001927313994853
0.11837927591878027	0.36525974025974595	9.002195992036981
0.1262712276466997	0.35064935064935154	9.002535573628473
0.12627122764669937	0.3603896103896161	9.002472810359848
0.13416317937461722	0.3360389610389625	9.00296247074754
0.13416317937461789	0.345779220779222	9.00284898519236
0.14205513110253626	0.33116883116883394	9.00332034755322
0.14994708283045738	0.3068181818181836	9.00415857261874
0.14994708283045668	0.31655844155844487	9.003906735854336
0.14994708283045513	0.3262987012987057	9.003699482148493
0.15783903455837586	0.29220779220779286	9.00497679523424
0.15783903455837608	0.3019480519480534	9.00463134262718
0.1657307809214698	0.27759707563078934	9.005980785350774
0.16573098628629432	0.28733766233766306	9.005520834237918
0.17361656024574065	0.26297976899795694	9.00720515548902
0.17362123835105706	0.2727249461671873	9.006605654084067
0.18149736607992165	0.25809452218044204	9.007921014205555
0.18937058101955237	0.2531960079580824	9.008664406922193
0.1972420104901228	0.24828474322673108	9.009433740185008
0.35922330097087346	0.015764794333953613	9.452577364023648
0.35436893203883474	0.02364719150093041	9.513038730488164
0.20507395020050928	0.24340270613468198	9.010221686664387
0.3495145631067958	0.031529588667907206	9.513043670233868
0.34466019417475696	0.039411985834883985	9.313281923733074
0.33980582524271813	0.04729438300186076	9.215664476386657
0.3349514563106793	0.05517678016883753	9.166941724840783
0.33009708737864046	0.06305917733581427	9.136252496020802
0.32524271844660163	0.070941574502791	9.11209355862704
0.3203883495145627	0.07882397166976783	9.093094825631814
0.3155339805825229	0.08670636883674566	9.079527924968014
0.31067961165047886	0.09458876600372945	9.068783579996941
0.30582524271834427	0.10247116317083721	9.05978995048531
0.3009708737859937	0.11035356033824252	9.0527970310677
0.2961165048533689	0.11823595750602622	9.046994079107135
0.2912621359206798	0.12611835467389812	9.041916257390463
0.28640776698842196	0.13400075184117458	9.037743663670845
0.281553363299306	0.14188313480556128	9.034159819270656
0.27669876566792895	0.14976544589718288	9.030917826544409
0.2718437190809471	0.15764763909744045	9.028177963512166
0.2669881374809148	0.1655297933723419	9.0256750278528
0.2621327952803754	0.1734121937771089	9.023460183615699
0.25728096306571613	0.1812955985873008	9.02146292340129
0.2524494214114428	0.1891816402725066	9.019672108275048
0.24765438256492128	0.1970697979395683	9.018013893225584
0.24294705482997317	0.2049556507202207	9.01650339226776
0.23830537762183057	0.21281531619341784	9.01514519361274
0.21290636043430433	0.23852300825999817	9.011031031106855
0.23406214435163444	0.22051852798432778	9.013938606749804
0.22059742771644894	0.2337901195090413	9.011838539040772
0.22890921521601176	0.22875127832626585	9.01271753697206
0.01578390349841947	0.555194805536596	9.000260759841206
0.0157839035602048	0.5649350661371553	9.000315559911366
0.02367585517701994	0.5405844157637084	9.000453231009734
0.023675855136698523	0.5503246759808081	9.000539661541223
0.03156780690024422	0.5259740260531386	9.000627465747407
0.031567806861074736	0.535714286009891	9.000736027670241
0.039459758633689355	0.5113636363919	9.000775816426312
0.039459758614834244	0.5211038962106315	9.000897198656814
0.047351710358524174	0.5064935065304078	9.00102699870047
0.05524366209070467	0.4918831168962978	9.00113312782976
0.055243662075925785	0.5016233766750334	9.001285146202791
0.06313561381786456	0.47727272728477477	9.001224332112967
0.06313561380026592	0.4870129870623905	9.001369396429723
0.07102756554651853	0.4626623376725684	9.001309333317657
0.07102756553134999	0.47240259744488805	9.001443704276745
0.07891951727645946	0.44805194805778603	9.001396592664362
0.07891951726784618	0.45779220781621827	9.001517242939507
0.0868114690058074	0.4334415584440603	9.001494449116946
0.08681146900171531	0.44318181819201286	9.001598619534676
0.09470342073452254	0.41883116883208976	9.001611398749837
0.09470342073295636	0.4285714285751641	9.001696242665448
0.1025953724627901	0.4042207792210875	9.001756609989577
0.10259537246232227	0.4139610389622876	9.001818722125977
0.11048732419082462	0.3896103896104843	9.001940534921067
0.110487324190711	0.399350649351031	9.001975549451904
0.11837927591877424	0.37500000000002626	9.002174902356812
0.11837927591875101	0.3847402597403664	9.00217750283649
0.12627122764669577	0.3701298701298968	9.002436599677546
0.13416317937461827	0.3555194805194855	9.002766203367983
0.1341631793746172	0.3652597402597644	9.002712632596
0.1420551311025358	0.3409090909090929	9.003181369342002
0.1420551311025365	0.35064935064935504	9.003076280760654
0.1499470828304538	0.33603896103896463	9.00353266046991
0.15783903455837578	0.31168831168831496	9.004340877027701
0.15783903455837425	0.32142857142857645	9.004099561559107
0.15783903455837145	0.3311688311688369	9.003902663194355
0.16573098628629448	0.2970779220779232	9.005129097455802
0.16573098628629465	0.30681818181818465	9.004797689552836
0.17362272612260185	0.2824671621182335	9.006091005247582
0.17362293801421266	0.2922077922077933	9.005650795300427
0.18150875151247883	0.2678475037476632	9.00725739269996
0.18151344336389577	0.27759457006995814	9.006685914789074
0.18939378651115438	0.262960920914562	9.007934559223502
0.19727704219469058	0.25806582480460144	9.008635466930945
0.3689320388349511	0.01576479433395361	9.452240851890139
0.20516664183271593	0.2531743596121236	9.009357883641483
0.3640776699029124	0.023647191500930417	9.512764858256112
0.35922330097087346	0.03152958866790722	9.512772234453825
0.21302160422573582	0.2483328848259511	9.010093892622498
0.3543689320388347	0.03941198583488402	9.313144167744733
0.3495145631067958	0.047294383001860806	9.215472102890635
0.34466019417475696	0.05517678016883757	9.166733292973474
0.33980582524271813	0.06305917733581431	9.136046088823221
0.33495145631067924	0.07094157450279105	9.111895421021813
0.33009708737864035	0.0788239716697678	9.092907975323188
0.32524271844660124	0.08670636883674471	9.079355742925484
0.32038834951456124	0.09458876600372297	9.068629649588791
0.31553398058249654	0.10247116317073486	9.059657267919645
0.31067961165036123	0.11035356033784373	9.052688349026011
0.305825242718108	0.11823595750511494	9.046912038362011
0.3009708737857631	0.12611835467251167	9.041862563286783
0.29611650485347624	0.13400075183982788	9.03772148545073
0.2912621248754163	0.14188314452450393	9.034170859957781
0.2864076732123408	0.14976551184314799	9.030962948411654
0.28155302863891535	0.1576478282359486	9.02825762856145
0.2766981254958176	0.16553011305230636	9.025789326548143
0.27184335431665335	0.17341249809841944	9.023608468579324
0.26699057107432983	0.18129529762021604	9.021644215504326
0.2621457950994576	0.18917892591722937	9.019884819712216
0.25730905924418096	0.19706280233556828	9.018255435330433
0.2525230475584972	0.20494144620506638	9.016770227509442
0.24777252013932113	0.21279877168309114	9.015432287123124
0.24321919620436097	0.22056110716082913	9.014227560796856
0.22088659390192997	0.24356310702118503	9.0108427107032
0.23860742823732223	0.22818966864413437	9.013113228311246
0.22882527470089234	0.23893596219252974	9.011591931896774
0.23574843919914146	0.23506921687390203	9.012244424630808
0.015783903630486495	0.5746753287516798	9.000386032928573
0.015783903355139944	0.5844155976001727	9.000477799228477
0.02367585493535576	0.5600649373808388	9.000648814612733
0.023675854057837394	0.5698052026089618	9.000788080330162
0.03156780670007674	0.5454545465235822	9.0008710748502
0.03156780607672488	0.5551948089092212	9.00104046483989
0.03945975853931946	0.5308441562363473	9.001046340529072
0.03945975824806965	0.540584416980412	9.001230780505379
0.04735171033146076	0.516233766373868	9.001180991973905
0.04735171022679511	0.5259740264938976	9.001369275925244
0.05524366201684324	0.5113636365620363	9.001469440730675
0.0631356137288651	0.49675324694993606	9.001544342401253
0.06313561344910701	0.5064935072487448	9.001755687521877
0.07102756546993462	0.48214285731278883	9.001605574438214
0.07102756522926357	0.491883117543446	9.001800372284059
0.07891951723315997	0.46753246762874867	9.001663265142737
0.07891951709743554	0.47727272764773526	9.001839120004009
0.08681146898520214	0.4529220779626761	9.001726453558113
0.08681146892021123	0.4626623378198618	9.001881549431628
0.09470342072668199	0.4383116883265448	9.001803568908747
0.09470342070212184	0.44805194810972543	9.001936202649233
0.10259537246049101	0.4237012987062725	9.001902898131775
0.10259537245349276	0.4334415584609996	9.002011136148269
0.11048732419028125	0.40909090909242657	9.002033101909126
0.11048732418869961	0.41883116883710353	9.002114412424833
0.11837927591866702	0.39448051948094126	9.002203924250546
0.11837927591837448	0.40422077922242067	9.00225473194084
0.12627122764668175	0.37987012987023716	9.002426364062378
0.1262712276466357	0.3896103896108041	9.002442011743549
0.13416317937461167	0.37500000000009653	9.002687387365752
0.14205513110253662	0.3603896103896309	9.003003170916275
0.14205513110253326	0.3701298701299538	9.002960807816764
0.14994708283045352	0.34577922077922585	9.003403056927944
0.14994708283045252	0.35551948051950105	9.00330830888859
0.1578390345583709	0.34090909090909977	9.003746438867795
0.1657309862862936	0.3165584415584473	9.004520111887368
0.16573098628629093	0.3262987012987103	9.004291046802793
0.16573098628628982	0.3360389610389771	9.004106218999189
0.17362293801421305	0.3019480519480544	9.005276352512055
0.17362293801421277	0.31168831168831795	9.004960503987688
0.18151472049810694	0.2873372426528049	9.006195246299571
0.18151488974213092	0.2970779220779242	9.005775892383392
0.18940293621818083	0.2727164869465493	9.007304219070816
0.18940608554222002	0.2824644059087513	9.006761221678376
0.19729422882406747	0.26783235617217843	9.00794455987216
0.20519329238872427	0.26294756297742555	9.008605287756863
0.3786407766990288	0.015764794333953603	9.451932563283231
0.37378640776699007	0.023647191500930417	9.51251102809949
0.21309637980291835	0.25807371710700344	9.009283864366195
0.3689320388349512	0.03152958866790723	9.512518163588085
0.3640776699029124	0.03941198583488403	9.313024320513998
0.22099969918203702	0.25326041082071443	9.009973860384187
0.35922330097087346	0.04729438300186083	9.215299190322604
0.3543689320388347	0.05517678016883762	9.166542940156068
0.3495145631067958	0.06305917733581438	9.13585631349231
0.3446601941747569	0.07094157450279114	9.111713089579714
0.339805825242718	0.07882397166976789	9.092734955896082
0.334951456310679	0.08670636883674457	9.079195395378454
0.3300970873786398	0.09458876600372154	9.068485033764722
0.3252427184465942	0.10247116317070731	9.059531103162344
0.32038834951452705	0.11035356033772235	9.052583140698149
0.3155339805824161	0.11823595750479754	9.046830446430434
0.3106796116502535	0.12611835467194343	9.041805880606505
0.3058252427180735	0.1340007518391125	9.037692269849787
0.3009708705727711	0.14188314770349353	9.034171353842543
0.29611647445131467	0.14976553526856665	9.030994045835477
0.2912620032514072	0.15764790271532764	9.028319951701073
0.28640741238078476	0.16553025088581233	9.025883243749748
0.28155283235508866	0.17341262584190922	9.023733652549199
0.27669878817747934	0.1812951229214749	9.021800027422444
0.2718478667305048	0.18917789899702364	9.02007006411859
0.2669996986984387	0.19706055052680435	9.01846847105361
0.2621779079787603	0.20493921877468382	9.01700810114941
0.2573714780892669	0.21280823315548533	9.015690193160209
0.2526371180406144	0.2206393975713239	9.014491497502256
0.2479872856942651	0.22838841640028365	9.013379892571889
0.22892750783570015	0.24855871519343237	9.010671218203955
0.24350519036583207	0.23600237675004973	9.012397413874636
0.23788750870514827	0.2438830540426568	9.011409728797036
0.015783900863122948	0.5941558841819417	9.000598973779033
0.015783889214580165	0.6038962152474406	9.000761503392555
0.023675850647656663	0.5795454792953636	9.000967810451707
0.023675838845950693	0.5892857866841837	9.001202746173206
0.03156780381997213	0.5649350772146927	9.001254921790986
0.03156779628279501	0.5746753627886093	9.001529284140071
0.03945975716947903	0.5503246801128824	9.001460580769018
0.03945975334761862	0.5600649507896814	9.001749325111389
0.04735170983393324	0.5357142875922184	9.001600799189633
0.0473517084061472	0.545454552021952	9.001887390677995
0.05524366178746329	0.5211038968474969	9.001693724502514
0.05524366092751301	0.5308441585485456	9.001968013107401
0.06313561239817854	0.5162337690070018	9.002011771615933
0.0710275643219818	0.5016233790886742	9.002034965895056
0.07102756105725065	0.5113636451326122	9.002318083251359
0.07891951658373425	0.4870129884251353	9.002050411369234
0.07891951471357735	0.49675325186473485	9.002304191488342
0.08681146867165097	0.47240259799599715	9.002068426625591
0.08681146775206754	0.4821428593037092	9.002292746995321
0.09470342060848068	0.45779220801133175	9.002097725829474
0.09470342026200536	0.4675324683403044	9.002292631330299
0.10259537242746425	0.4431818182562064	9.00214615750229
0.10259537233358008	0.4529220782000121	9.002311462909892
0.11048732418305938	0.428571428594201	9.0022213009011
0.11048732416366425	0.4383116883972254	9.002356316647758
0.11837927591739815	0.413961038967315	9.002330970467144
0.11837927591431487	0.42370129872481793	9.002434259074155
0.12627122764649504	0.3993506493522199	9.00248390578957
0.12627122764610077	0.40909090909674445	9.002552889796869
0.13416317937459657	0.38474025974062337	9.002690120819166
0.13416317937456632	0.394480519481855	9.002720973881523
0.1420551311025192	0.37987012987044255	9.002948554784274
0.14994708283044153	0.3652597402598287	9.003246802938085
0.14994708283038607	0.37500000000035105	9.003217579950926
0.15783903455837103	0.35064935064938213	9.003628051327185
0.15783903455836754	0.36038961038975065	9.003545476187297
0.16573098628629565	0.345779220779274	9.00396230445932
0.17362293801421058	0.32142857142858494	9.004697345905454
0.17362293801420806	0.3311688311688626	9.004482073097867
0.17362293801421066	0.3409090909091987	9.004310871668933
0.1815148897421315	0.30681818181818826	9.005419966725086
0.18151488974212995	0.3165584415584599	9.00512096772731
0.18940676769361345	0.29220733201316706	9.006295230660013
0.18940684147005069	0.30194805194806146	9.005897609686942
0.19729810696725703	0.27758766975001953	9.007347495851
0.1972988430440169	0.287334843106956	9.006833275665004
0.20519434225165578	0.27270845133086097	9.007952768984076
0.2130971404437097	0.2678347806711986	9.008575228926432
0.38834951456310646	0.0157647943339536	9.451649635813977
0.38349514563106774	0.023647191500930403	9.512275188388033
0.37864077669902885	0.03152958866790721	9.512280042182143
0.2210026682200319	0.26297975303086385	9.009212457994279
0.37378640776699007	0.03941198583488401	9.31292020689274
0.36893203883495124	0.047294383001860826	9.215144112017738
0.22891112700816688	0.25812869340971617	9.009863674906628
0.3640776699029124	0.05517678016883764	9.166368899581123
0.35922330097087346	0.06305917733581443	9.135681553469936
0.3543689320388346	0.0709415745027912	9.111545306582768
0.34951456310679574	0.07882397166976798	9.092574868687166
0.34466019417475674	0.08670636883674472	9.079046285521445
0.33980582524271774	0.09458876600372144	9.06834956167562
0.334951456310677	0.10247116317070032	9.059411708639688
0.33009708737863036	0.11035356033768691	9.052482087261552
0.3252427184465687	0.118235957504694	9.046750161235387
0.32038834951448447	0.12611835467173219	9.041747880231684
0.3155339805823819	0.13400075183879498	9.037658202743927
0.31067961077641654	0.14188314865099821	9.034163756184393
0.30582523356330277	0.1497655429196534	9.031013987009004
0.3009708295899669	0.15764792988544754	9.028368082435227
0.29611637461006285	0.16553030725911702	9.025960142404285
0.2912619075130164	0.1734126889914757	9.023839249793353
0.28640758626743534	0.1812951055074575	9.021933969800498
0.2815535854842885	0.18917756731569457	9.020231541877196
0.2767026212115831	0.19705998902448826	9.018656324438934
0.27185329185244017	0.2049416638086888	9.017219732024797
0.2670330570342066	0.21281583412987182	9.01592375938259
0.2622251317538991	0.22068075846859495	9.014739659387425
0.2574847148012082	0.2285183731906955	9.013634132176
0.2527458911054418	0.2363500332468357	9.012638367484646
0.23672273056587384	0.2537114906773289	9.010488250822009
0.24805458929067037	0.24413387090376004	9.011705102921267
0.24385789758502457	0.2508823036337425	9.010965340575407
0.015783850865512768	0.6136366375753107	9.000983376868062
0.015783772468099894	0.6233771906303497	9.00129231676619
0.023675802957801497	0.5990261636194889	9.001514260812167
0.023675707942284744	0.6087666589341377	9.001933955315392
0.031567773609068234	0.5844156933326569	9.001884392866822
0.031567714970416445	0.5941561218893	9.002350006359764
0.039459740438052275	0.5698052438620798	9.00211557933939
0.03945969899008391	0.579545598509042	9.002585065724846
0.047351703396549816	0.5551948272533701	9.00224484750352
0.04735168649104252	0.5649351352705656	9.002694503867083
0.05524365783769228	0.5405844250568569	9.002305420380209
0.05524364730430963	0.5503247069600773	9.002723275265664
0.06313560864861674	0.525974035605992	9.002323335465489
0.06313559609906048	0.5357143169065257	9.002704313730256
0.07102754995642009	0.5211039254945861	9.002660877225992
0.07891950821071302	0.5064935241486889	9.002609364760135
0.07891948680527573	0.5162338238845955	9.002977225449781
0.0868114644799821	0.49188312444926713	9.002561602014344
0.08681145336511491	0.5016234019306437	9.002883892992953
0.0947034190234854	0.47727273015658134	9.002526536345586
0.09470341476968837	0.4870129969340628	9.002806450391349
0.10259537200647434	0.46266233867334533	9.00251144852942
0.10259537091044442	0.47240260097025294	9.002751601085711
0.11048732409974006	0.44805194836565715	9.002522812823651
0.11048732389933623	0.45779220891229494	9.002725029757956
0.11837927590527653	0.43344155852773675	9.002566925556005
0.11837927588157027	0.44318181848975297	9.002732111508614
0.12627122764513707	0.41883116885237115	9.002650364632187
0.12627122764334417	0.4285714286465602	9.00277840714498
0.1341631793745455	0.4042207792255749	9.002780570938752
0.13416317937475827	0.41396103897782804	9.002870078177795
0.14205513110246829	0.389610389611523	9.002966306495901
0.14205513110227133	0.3993506493546695	9.003014455343475
0.14994708283013772	0.38474025974161963	9.00322026040257
0.15783903455835074	0.3701298701304732	9.00349740294068
0.15783903455830708	0.3798701298726674	9.00348315035246
0.16573098628632366	0.3555194805197123	9.003856845670496
0.16573098628644686	0.3652597402607473	9.003788155970227
0.17362293801422965	0.3506493506498088	9.004180837465151
0.18151488974212338	0.3262987012987554	9.004873563526358
0.18151488974210686	0.3360389610391561	9.004673454098237
0.18151488974204844	0.34577922078002743	9.004517283601736
0.18940684147005601	0.31168831168834715	9.0055612056642
0.18940684147007503	0.321428571428705	9.005280147880868
0.19729881935418006	0.29707750302918107	9.00639246871932
0.19729879319799593	0.30681818181828246	9.006017260535346
0.20519276659056904	0.28246051682436296	9.007388888152457
0.20519133301545056	0.29220582924515287	9.006903562759847
0.21309056347250566	0.27758721788122437	9.007960797965877
0.3980582524271842	0.015764794333953593	9.451388960728918
0.22099095034598507	0.27272112272600896	9.008547361436513
0.3932038834951454	0.023647191500930392	9.512055878197083
0.38834951456310646	0.03152958866790719	9.512056871019622
0.38349514563106774	0.03941198583488399	9.31282986097183
0.2288865887087951	0.26785818681835477	9.009147369950355
0.3786407766990288	0.04729438300186081	9.215005199575359
0.3737864077669901	0.05517678016883762	9.166209349893192
0.23678283926223434	0.2631904901917478	9.009746422622484
0.36893203883495124	0.06305917733581444	9.13552059394594
0.3640776699029124	0.07094157450279125	9.11139077049945
0.35922330097087346	0.07882397166976803	9.092426862488407
0.3543689320388346	0.08670636883674482	9.078907766982839
0.3495145631067956	0.09458876600372158	9.068222944901462
0.3446601941747561	0.10247116317069878	9.059299152881694
0.3398058252427152	0.11035356033767744	9.052385632020936
0.3349514563106691	0.11823595750466298	9.046672018724818
0.3300970873786153	0.12611835467165874	9.041689733973643
0.3252427184465527	0.1340007518386661	9.037621131972942
0.32038834928906373	0.14188314891391043	9.034150079478122
0.31553397798540145	0.14976554525224958	9.031025136978156
0.31067959783669	0.15764793912944336	9.028404684109363
0.3058251977868385	0.16553032888553335	9.026022898601068
0.300970784918176	0.17341271786234724	9.023928302453543
0.2961164232584783	0.18129511975204327	9.022049193326579
0.29126210667357344	0.18917753063374185	9.02037243265822
0.2864084147794382	0.19705994338116484	9.01882204417324
0.28155693849011787	0.20494194359648854	9.017409060651703
0.27670705720952193	0.2128230823867918	9.016133737801583
0.2718890781700748	0.22069714603153587	9.01496880367988
0.26708363916341155	0.2285705874492844	9.01387639427381
0.26234069200913207	0.23645055636518306	9.012892450643335
0.2575657348001598	0.24446103102717073	9.011950749150044
0.2446041045595715	0.2587214424319621	9.010338439378911
0.2527653131824156	0.2532244267221049	9.011032648900825
0.0157837864225743	0.6331178375025341	9.001732285614871
0.015784562520683897	0.6428587344468104	9.00237480032884
0.02367547242512656	0.618507264728063	9.002509583459956
0.023674708589080846	0.6282479314279487	9.003315098287656
0.03156759880558132	0.6038966993588369	9.002969384398659
0.0315674960519989	0.6136372834656272	9.00380658335654
0.03945957248170381	0.5892861067735801	9.003193952616511
0.03945920237498617	0.5990269526493185	9.003993923640058
0.04735163189981074	0.574675534046407	9.003265520792823
0.04735146446253321	0.5844161535971151	9.003998295681084
0.05524361368259364	0.5600650344877948	9.003244707781057
0.05524351487678248	0.5698054839610347	9.003900928486301
0.06313555733069968	0.5454546379328222	9.003172931995735
0.06313544903289364	0.5551950509590847	9.003753242353442
0.07102751475454773	0.5308442473181155	9.003077690625583
0.07102741238376378	0.5405846748855118	9.00358710065118
0.07891942085438115	0.5259742018143707	9.003422178126444
0.0868114176696616	0.5113637165645233	9.00327083218196
0.08681131066678625	0.5211041344599984	9.003736607704377
0.09470340082653318	0.4967532794477226	9.003141125387751
0.09470335757158617	0.5064936089189706	9.003541515755186
0.10259536739496387	0.48214286930174294	9.003038748789066
0.1025953566471975	0.4918831566806465	9.003381379742427
0.1104873233074844	0.4675324714122902	9.0029682560796
0.11048732168116387	0.47727274025618044	9.00325905972914
0.11837927583077806	0.45292207899186426	9.002933846595893
0.1183792757715809	0.4626623412632492	9.003177169523424
0.12627122764236523	0.43831168857053004	9.002939894836723
0.12627122765385873	0.44805194891588296	9.003138593682097
0.13416317937633113	0.42370129875839674	9.00299130515829
0.13416317938365863	0.4334415586294116	9.003146830464436
0.14205513110145587	0.40909090910483387	9.003093921381508
0.1420551310979852	0.4188311688780761	9.003206237117444
0.14994708282904498	0.39448051948575485	9.003254990391925
0.14994708282430858	0.40422077924082295	9.00332243800606
0.15783903455827145	0.3896103896209664	9.00350259956947
0.1657309862870118	0.37500000000427347	9.003755228041536
0.1657309862895475	0.3847402597580844	9.003757657466794
0.17362293801429388	0.36038961039159706	9.004089887914715
0.17362293801450235	0.37012987013831306	9.004036668938172
0.1815148897417724	0.35551948052289434	9.004402559909728
0.18940684147016648	0.33116883116936546	9.005049655954847
0.18940684147057782	0.3409090909113317	9.004865924609488
0.18940684147229359	0.35064935065875086	9.004726045247667
0.19729879319808627	0.31655844155886576	9.005701192688052
0.19729879319845675	0.3262987013004863	9.005438994257865
0.20519081038412246	0.3019477672542689	9.006488278373324
0.20519074492610767	0.31168831168926164	9.006135992765918
0.2130858863487248	0.28733392323343143	9.007429846529606
0.21308343667237098	0.2970769065064683	9.00697338726952
0.22098223363007874	0.2824647414612729	9.007970142612594
0.4077669902912619	0.015764794333953603	9.451147548459431
0.40291262135922307	0.02364719150093039	9.51185193265277
0.2288781410003266	0.27760154719191127	9.008523055384009
0.3980582524271842	0.03152958866790718	9.511847551105951
0.3932038834951454	0.039411985834883985	9.312751586388698
0.38834951456310646	0.04729438300186078	9.214880808159123
0.23678864948934106	0.27279524376509345	9.009085062518542
0.38349514563106774	0.055176780168837584	9.166062169603494
0.3786407766990289	0.06305917733581438	9.135372599618428
0.2447643280693518	0.2680528432303478	9.00965578308587
0.3737864077669901	0.07094157450279119	9.111248207850158
0.36893203883495124	0.07882397166976801	9.09229007451596
0.3640776699029124	0.08670636883674483	9.078779186761686
0.35922330097087346	0.09458876600372167	9.068104808924318
0.35436893203883435	0.10247116317069854	9.05919337674806
0.34951456310679485	0.1103535603376757	9.05229404589597
0.34466019417475363	0.11823595750465458	9.046596647338776
0.3398058252427103	0.12611835467163587	9.041632224385474
0.3349514563106637	0.134000751838621	9.037582486615248
0.3300970873228897	0.1418831489828643	9.034132008552488
0.3252427177451763	0.14976554592368654	9.031029429602661
0.32038834542518485	0.1576479420863923	9.02843199682715
0.31553396594372013	0.16553033666379993	9.026073966228582
0.310679579371242	0.17341273022637174	9.024003435116361
0.30582521278899716	0.1812951288437188	9.022148446137175
0.30097084046245404	0.18917752757982034	9.020495532857252
0.2961166000409829	0.1970599303925593	9.01896846125127
0.2912629127202209	0.2049422521612534	9.01757785329424
0.286411394474246	0.2128240923347994	9.016323775281405
0.2815620161629195	0.22070557721668346	9.015177242383936
0.2767542972393378	0.2285789341897265	9.014103408797759
0.2719695586242219	0.2364530675938056	9.013135786021818
0.2672069029297649	0.2443459046397534	9.01222069157739
0.26257597838366875	0.2522106401041458	9.01139636583615
0.25276688496896305	0.26332358856972315	9.01023321144079
0.25956170265557976	0.2592896151578457	9.010738595055265
0.01578928531164302	0.6526013516424342	9.003341531166102
0.015797740554209815	0.6623502691805548	9.004846862167755
0.02367463241988081	0.6379883895186034	9.004468454022431
0.023676375680193956	0.6477258985687289	9.006161054714527
0.031564869902899396	0.6233787607766258	9.004958330455102
0.03156077959247269	0.6331188209642913	9.006574882122038
0.039458138119340826	0.6087684278349857	9.005060063135714
0.039454984339496166	0.6185109096303075	9.006503338742204
0.04735098240939928	0.5941572303360565	9.00494959305179
0.047349707040457656	0.6038991821445112	9.006200426994512
0.055243252510935335	0.5795462180891343	9.004734543255628
0.05524263037686641	0.589287519022168	9.005804472625014
0.06313518169353664	0.5649356412168856	9.004477292469204
0.06313460867156205	0.5746765335292524	9.005388238420528
0.07102714482782567	0.5503253286127103	9.004213357419074
0.07102652867270241	0.5600663609158207	9.004988386340466
0.07891923336237398	0.5357147789255393	9.003962709355399
0.07891875008679168	0.5454557924874379	9.004622707444163
0.08681101621891159	0.5308448117824713	9.004299271446756
0.09470323187293928	0.5162340683053873	9.004021382542449
0.09470289402116744	0.5259748542168897	9.004598093884944
0.10259532541288759	0.5016235008398721	9.003790057789777
0.10259523907431604	0.5113640027222514	9.004277966120958
0.11048731758729764	0.48701302877799524	9.003605577771568
0.11048730830896637	0.4967533751327946	9.004017887700911
0.11837927595948373	0.472402609100181	9.003468328652867
0.11837927778408254	0.4821428936561802	9.003815045683185
0.12627122772387664	0.4577922105747408	9.003379250223936
0.1262712279713639	0.46753247614381843	9.003667751801798
0.13416317941055192	0.44318181877663365	9.00334010924687
0.1341631794887246	0.4529220797231725	9.00357555763208
0.1420551310834541	0.42857142872420795	9.003353664022933
0.14205513102597705	0.4383116887885176	9.003539311587355
0.14994708280422034	0.4139610390371328	9.003423854274843
0.14994708272126156	0.4237012989863988	9.003561176858154
0.15783903455872414	0.39935064939425735	9.003556161823957
0.15783903456271087	0.40909090926783254	9.003644807704175
0.1657309863004323	0.39448051955353775	9.00379559039858
0.17362293801509676	0.3798701299052665	9.004020471119803
0.17362293801618792	0.38961038975336154	9.004041163886349
0.18151488974047633	0.3652597402739462	9.004327565298683
0.18151488973462623	0.3750000000577746	9.004291268484934
0.1894068414790795	0.36038961042819606	9.00462792380011
0.1972987931999496	0.3360389610464429	9.005226416367485
0.1972987932056793	0.3457792208100758	9.005060133420672
0.19729879322645774	0.3555194806433763	9.004937667168802
0.2051907449267394	0.32142857143250464	9.005840912663679
0.205190744929043	0.3311688311848291	9.005598340644822
0.2130827446004039	0.30681804027330223	9.00658379940189
0.21308269665422983	0.3165584415602205	9.006254798955512
0.22097715925591724	0.29220659913979374	9.007471640329507
0.22097470247907042	0.30194786224321996	9.007043828667966
0.2288705782383698	0.2873382399629314	9.007982090319688
0.41747572815533956	0.015764794333953613	9.450921674523956
0.4126213592233008	0.023647191500930413	9.511662507364093
0.4077669902912619	0.03152958866790719	9.511651028910522
0.2367630985646861	0.2824700373475447	9.008503864561584
0.4029126213592229	0.039411985834883985	9.312683748353008
0.39805825242718407	0.047294383001860785	9.214769550559234
0.3932038834951453	0.05517678016883756	9.165925224583672
0.2446569013306524	0.2775983578106544	9.009036576692358
0.38834951456310646	0.06305917733581434	9.1352368267356
0.38349514563106774	0.07094157450279114	9.111116514643799
0.25298931325082785	0.27270956569960014	9.00959359157097
0.3786407766990289	0.07882397166976793	9.092163594405536
0.3737864077669901	0.08670636883674476	9.078659902777929
0.3689320388349513	0.09458876600372161	9.067994722618026
0.36407766990291246	0.10247116317069847	9.05909422051658
0.35922330097087335	0.11035356033767539	9.052207450839397
0.35436893203883363	0.11823595750465267	9.046524453599053
0.34951456310679313	0.1261183546716306	9.041575908708156
0.3446601941747514	0.1340007518386095	9.03754327081989
0.3398058252294088	0.1418831490001459	9.034110972983077
0.33495145612886335	0.1497655461078179	9.031028446635398
0.33009708622305417	0.15764794298258702	9.028451889440523
0.32524271391501064	0.16553033929810979	9.026115432138182
0.3203883385197545	0.1734127350612964	9.024066902399639
0.31553397028660446	0.18129513265506175	9.02223411268467
0.3106795973780467	0.1891775296995112	9.020603302561222
0.30582524746171	0.1970599281226084	9.019098020190325
0.3009710276600706	0.2049423121991962	9.01772856919507
0.2961174105594539	0.2128245771595405	9.016494741201669
0.29126770084985537	0.22070590402958037	9.015367521223444
0.28643500086006785	0.22858169936053652	9.014310975355373
0.2816236413062165	0.23645132979650949	9.013359740126406
0.27681983383836806	0.24431668609915744	9.012461258305558
0.2720986207264465	0.25212492377685475	9.011652489357585
0.26753389274280337	0.2597297813569358	9.010922431321148
0.2617486970541464	0.2678024428910959	9.010170896975508
0.42718446601941723	0.015764794333953613	9.450708309645506
0.01580881323754319	0.6721154606376886	9.007298026305278
0.015818350712691213	0.681907588242245	9.011438884852895
0.023686749877778725	0.6574581973234661	9.008719875829184
0.02371110928275328	0.6671989472598974	9.012728870979933
0.03155611547105821	0.6428533060397869	9.008894460432964
0.03155806981621998	0.6525738653423728	9.01230358074122
0.03944803580306606	0.628253583316019	9.008491706786922
0.0394354550925504	0.637992785115645	9.011283046470991
0.04734676198269358	0.613642594873598	9.007868277516762
0.04734173797311808	0.6233871395304683	9.01012641175396
0.055241287787365055	0.5990298274688648	9.00719334104774
0.0552385340523713	0.6087738694911898	9.009018718701077
0.06313355002568714	0.5844179489109699	9.006544813457738
0.06313186124820117	0.5941602701762687	9.008028050650623
0.071025291564742	0.5698078636349657	9.005954604762396
0.0710231757205368	0.5795497973950577	9.007168924386958
0.07891764276352074	0.5551975795421944	9.00543326517249
0.0789154287176744	0.5649403628044065	9.006435178891044
0.08681028747397675	0.5405860617289565	9.004981930155326
0.0868086971201396	0.5503283807463253	9.005814353795389
0.09470206732994231	0.5357163650212129	9.005293690309964
0.10259501084788893	0.521104905310719	9.004861621362695
0.10259443038203064	0.5308467147536977	9.00556181870161
0.11048728953325226	0.5064938809598764	9.004508490434661
0.1104872538503825	0.5162347944418163	9.00509294328134
0.118379287065439	0.4918832258972934	9.00422684605315
0.11837932454011825	0.5016236865892488	9.004715483236156
0.12627122850944564	0.47727275277844017	9.00401136010835
0.12627122886591877	0.48701305912190135	9.004419006162516
0.13416317963910626	0.4626623428368853	9.003858673554232
0.13416317954701937	0.47240261138689155	9.004196232200497
0.14205513081982282	0.4480519494573561	9.003767230376921
0.14205513018740681	0.4577922116065369	9.00404250726521
0.14994708238883123	0.4334415594881163	9.003737150111844
0.14994708109879923	0.44318182190602	9.003955430697857
0.15783903458452767	0.4188311695329552	9.003770152186844
0.1578390346741702	0.428571431271289	9.003934568683754
0.16573098634470454	0.4042207795134438	9.00386972053498
0.16573098651332765	0.41396104010340834	9.003981347465201
0.17362293801426718	0.3993506499172046	9.004099165895015
0.18151488970910104	0.384740259969369	9.004293249359447
0.18151488960161566	0.3944805203631318	9.004333649791535
0.18940684150452614	0.3701298702836568	9.004570193089071
0.1894068415934336	0.37987013046199875	9.004552131280706
0.19729879329675246	0.365259740740755	9.004857303347533
0.20519074493693776	0.3409090909727288	9.005404538120134
0.20519074496165388	0.3506493508954069	9.005256639494284
0.20519074502879	0.36038961130910857	9.005152575712716
0.21308269665486146	0.32629870130298955	9.005981219148703
0.21308269056055498	0.33603895140367346	9.005758908291297
0.2209739083177642	0.31168799149923804	9.006679989868777
0.22097400897158392	0.32142832281626094	9.006374515508819
0.22886577222753038	0.29707751609004823	9.00751527248864
0.2288631145107065	0.306817018823144	9.007115798779862
0.2367560358604439	0.29220917969246046	9.007997357618242
0.4223300970873784	0.02364719150093042	9.511487349429933
0.41747572815533956	0.03152958866790722	9.511467201738794
0.4126213592233007	0.03941198583488403	9.312624066535946
0.24464859951076037	0.28734249044396193	9.008489349805513
0.4077669902912618	0.04729438300186081	9.214670450979774
0.4029126213592229	0.05517678016883757	9.165797173818257
0.39805825242718407	0.06305917733581434	9.135112146888249
0.2525424552934329	0.2824675324677029	9.008991239550555
0.3932038834951453	0.07094157450279114	9.110994822204118
0.38834951456310657	0.0788239716697679	9.09204651848085
0.2605815395217047	0.27776445198176714	9.009494877798303
0.38349514563106774	0.0867063688367447	9.078549265349329
0.378640776699029	0.0945887660037215	9.067892228580957
0.3737864077669902	0.10247116317069832	9.059001446357227
0.36893203883495146	0.11035356033767518	9.052125852087235
0.36407766990291224	0.11823595750465217	9.046455694545294
0.3592233009708728	0.12611835467162938	9.041521360014313
0.3543689320388328	0.1340007518386068	9.03750419520731
0.34951456310370993	0.14188314900431942	9.03408817715247
0.34466019412924015	0.14976554615627277	9.03102350257563
0.3398058249290045	0.15764794324172102	9.028465909117465
0.3349514549699934	0.16553034014321757	9.026149065938126
0.3300970838361609	0.1734127368093726	9.0241206372728
0.3252427142078522	0.18129513390595775	9.02230826055066
0.32038834289746526	0.18917753085623057	9.02069790165424
0.31553397387095383	0.19705992837718522	9.019212922448629
0.31067963581401387	0.20494232369576157	9.017863354121557
0.30582544478946144	0.21282469231642176	9.016648779684962
0.3009733601576943	0.22070607062805633	9.01553997500348
0.2961294975356814	0.22858300170084186	9.014500628689843
0.2912981361394609	0.23645343504571237	9.01356517080019
0.2864717367247562	0.2443204795758758	9.012681170228618
0.2816711573490606	0.2521486322084729	9.011882417398978
0.27254001771305125	0.266786025503328	9.010531545513134
0.27694848807751793	0.2598636282218308	9.011151279620156
0.2687144287073764	0.27448608127225094	9.009919772733626
0.2756237103018625	0.27302411317266506	9.010192975134673
0.43689320388349495	0.01576479433395361	9.450505512159097
0.4320388349514561	0.02364719150093042	9.511325195978761
0.4466019417475727	0.015764794333953603	9.450313069727768
0.015905770194767105	0.6916933697720147	9.01928495453123
0.02373310622387033	0.676975161666741	9.019267712535923
0.023757365961764556	0.6867367348382848	9.030385053658799
0.03158300447209262	0.6622712308790423	9.017458989127931
0.0316571633291123	0.6719528431087136	9.025504382214992
0.03942051498484113	0.6477174423568206	9.015285502155862
0.03941771151325774	0.6574062494103164	9.02114601184841
0.04732220255869396	0.6331365002998249	9.01323322234552
0.04729245191805301	0.6428798220057087	9.017587458386041
0.05523333997436197	0.6185206682803249	9.011450743869693
0.05522519149454683	0.6282703661596254	9.014737370172348
0.06312945728610651	0.6039040010524601	9.009951094991282
0.0631257625854491	0.6136506024617303	9.012474910287812
0.0710202155388492	0.5892920780527829	9.00870848906287
0.07101711157012505	0.5990347413067566	9.010679237834962
0.07891163013952998	0.574683864529607	9.00768239258604
0.07890632788031704	0.5844270885274733	9.009247020129079
0.0868056500797999	0.5600723103843745	9.006835154693348
0.08680045543798637	0.5698180470937813	9.008094763533165
0.09470026305504481	0.5454592479007202	9.006136305427964
0.09469683962165339	0.5552042753123718	9.00716206600305
0.1025930243361094	0.5405902847158571	9.00640488388855
0.11048717391889921	0.5259766594384293	9.005790690925592
0.1104869066975489	0.5357205080050583	9.00662617222705
0.11837945394111	0.511364473107027	9.005295492054683
0.1183798364394459	0.5211060390313794	9.00598491584165
0.12627123109695018	0.49675344133991445	9.004901659709288
0.1262713228840698	0.5064940069811761	9.005472810022413
0.13416317650127904	0.48214289255462855	9.004596547521059
0.1341631523012732	0.4918832034154665	9.005069796062783
0.14205512873120535	0.4675324766104814	9.004371418395474
0.14205512745119245	0.4772727440631199	9.004761654375926
0.14994707624996953	0.45292209057289856	9.00422067546748
0.1499470585438269	0.46266237775565594	9.004538657560124
0.15783903492159587	0.43831169828188266	9.004141302790082
0.15783903491851428	0.44805198290511017	9.004394565400275
0.1657309871031662	0.4237013030197722	9.004132478166406
0.1657309889330049	0.4334415741435172	9.004325942274887
0.1736229379795	0.40909091126577296	9.004195472286243
0.17362293773953405	0.41883117686419863	9.004331735763065
0.18151488916710834	0.40422078250744287	9.00441317132343
0.18940684187404785	0.38961039179503193	9.004573598868605
0.1894068426269139	0.3993506570171001	9.004635011763822
0.19729879351269028	0.37500000179336673	9.004818007668378
0.197298794082695	0.3847402661060569	9.004819353163859
0.2051907451646163	0.3701298734314402	9.005090990818148
0.21308269664624643	0.34577922111918086	9.005584615153213
0.21308269654454426	0.3555194817500112	9.005455911074963
0.21308269592627715	0.3652597445633264	9.005371111693803
0.22097429150057699	0.3311686746367562	9.006122834536173
0.22097452917100238	0.3409090338661227	9.00592130748465
0.22886245248065099	0.3165569078347476	9.006777636910657
0.2288633447403324	0.3262974547170893	9.006495833393702
0.2367496492370195	0.3019463886153391	9.007561504849361
0.23674621792066064	0.3116833655342576	9.007190033252485
0.24463682112665905	0.2970806143079266	9.008016477356074
0.42718446601941723	0.03152958866790722	9.51129652071439
0.4223300970873784	0.03941198583488403	9.312569547879749
0.41747572815533945	0.04729438300186083	9.214582315443694
0.2525362848886884	0.29222922103748267	9.00847969198287
0.4126213592233006	0.05517678016883762	9.165677102355508
0.4077669902912618	0.06305917733581438	9.134997168357758
0.4029126213592229	0.07094157450279116	9.110882412692384
0.26040114261202224	0.2875493320814309	9.008941303635021
0.39805825242718407	0.07882397166976793	9.091938026499088
0.3932038834951453	0.08670636883674467	9.078446619200419
0.2681242861541975	0.2833199062848969	9.009381031754431
0.38834951456310657	0.09458876600372142	9.067796854733759
0.38349514563106785	0.10247116317069817	9.05891476692549
0.3786407766990292	0.110353560337675	9.052049172421361
0.3737864077669903	0.11823595750465188	9.046390520094645
0.36893203883495146	0.12611835467162882	9.04146894558813
0.36407766990291224	0.13400075183860594	9.037465715475518
0.3592233009701759	0.14188314900529644	9.034064510353838
0.35436893202777475	0.1497655461685803	9.031015709323846
0.34951456302454376	0.15764794331363144	9.028475326920868
0.3446601937936619	0.16553034040158057	9.026176360833155
0.33980582415457855	0.1734127374015779	9.024166293914904
0.33495145443029095	0.18129513441414744	9.022372677406063
0.33009708460381487	0.18917753148790337	9.020781219474388
0.3252427153521478	0.19705992872213937	9.019315119397247
0.32038834831004676	0.2049423262679365	9.017984170565084
0.31553401753199056	0.21282471787730092	9.016787778839655
0.3106805033480761	0.22070631302262766	9.015696497170518
0.30583021435129637	0.22858460804604805	9.014673727486622
0.3009856057165101	0.2364567262614259	9.013753665165316
0.29614684853143797	0.24432407314620128	9.01288425038554
0.2913379159555339	0.2521887153296769	9.012095936465526
0.2863848725941967	0.2600475284435743	9.011360664482496
0.2814222401252949	0.2683866095652279	9.01064245427154
0.2750683603688192	0.2797399899108901	9.009766576328792
0.2803786518380482	0.2757303860279693	9.010139140694811
0.44174757281553384	0.023647191500930413	9.511173794317102
0.43689320388349495	0.03152958866790722	9.51113888003992
0.45631067961165034	0.015764794333953596	9.450131504477106
0.4514563106796115	0.023647191500930392	9.51103013341131
0.46601941747572806	0.015764794333953596	9.449961135295567
0.01605080711027841	0.7015679671392853	9.035399293864968
0.01693361680099653	0.7120087503409029	9.069652138990456
0.02394672698153975	0.696533167660546	9.051482334216786
0.031663764976791076	0.6816394030042562	9.038550749663079
0.03158475405792177	0.6914708021181827	9.060080686775253
0.03946246085239765	0.667021843670104	9.029909265800912
0.03959181716307834	0.6765376607131882	9.043404409476489
0.04725089319301032	0.652597922599048	9.023806560227797
0.04722475569284093	0.6622501553139324	9.032811715982662
0.05518843530741644	0.638035670189299	9.019250380163834
0.05512863414957463	0.6478006758620549	9.025554396025598
0.06311781029295649	0.623403489824976	9.015829550347036
0.06310519974320394	0.6331645802704738	9.020352134619849
0.07101542540890905	0.6087777847852033	9.01322899146102
0.07101586562128619	0.6185255104208605	9.016566580919125
0.07890093433974353	0.5941683961680382	9.01122591280449
0.07889848557730143	0.6039062202319936	9.013751907231407
0.08679247496437444	0.5795647295671396	9.009659573861994
0.08678227977119336	0.5893090024184621	9.011617474809567
0.09469119935107512	0.5649519553000976	9.008417580597524
0.09468268210895699	0.5747019055208592	9.009963512087843
0.1025899466420842	0.5503366315571674	9.00742430092569
0.10258431533733904	0.560086270899134	9.008662804782729
0.11048585661591308	0.5454678833613082	9.007630262464952
0.1183807535394814	0.5308493684172908	9.006806267478753
0.11838251282931654	0.5405963730426758	9.00778783683477
0.1262717964588448	0.5162350013151241	9.006149087741795
0.12627314325472885	0.5259769777440523	9.006951079170788
0.13416299568512774	0.5016235741557349	9.005628420520276
0.1341630105048073	0.5113640680801568	9.006287678741002
0.142055136260564	0.48701299952253135	9.005222605609317
0.14205456048725143	0.4967533067204542	9.005765688393808
0.14994699538210582	0.4724027117612846	9.00491644990093
0.14994677444328428	0.48214313340620724	9.005362671908777
0.1578390291820787	0.4577923208751597	9.004699626930732
0.15783898245818653	0.46753279824637034	9.005062959868182
0.165730993598985	0.4431818726013277	9.004565494355477
0.16573100114992778	0.45292225539704595	9.004855901492581
0.17362293647539595	0.4285714568675414	9.00451037637856
0.17362293083787148	0.4383117822333212	9.004734690396617
0.18151488749236297	0.41396105071723516	9.004533129395353
0.18151488138864266	0.4237013387702692	9.004695549851755
0.1894068440759683	0.40909093439655336	9.004737366717654
0.1972987951959545	0.3944805407499777	9.004861474478156
0.19729879569164147	0.4042208451025826	9.004945066310574
0.20519074520921543	0.37987014118129486	9.005071163969985
0.20519074376066462	0.38961042626261905	9.005092949685464
0.21308269283107398	0.3750000144861832	9.005329195752823
0.22097463558350097	0.35064935263818325	9.005767144109504
0.22097464567947192	0.360389618127327	9.005658327147957
0.22097463735196518	0.37012989738505525	9.005593531578315
0.22886483631143584	0.33603826251874347	9.006266356815734
0.2288660206900063	0.3457790085316936	9.00608604259854
0.2367468511107377	0.32142290861808154	9.00687743902617
0.23675025790744975	0.33116467897930424	9.006619364443162
0.24462562168912538	0.3068106363430502	9.007611080431445
0.24462289642403215	0.31654364678280644	9.00726723897629
0.25250315498849574	0.30194532229792453	9.008040220760053
0.4320388349514561	0.03941198583488403	9.312518167172742
0.42718446601941723	0.04729438300186084	9.214502887592984
0.4223300970873784	0.055176780168837654	9.165564705336807
0.2603920656014832	0.2971070416265686	9.008476183539337
0.41747572815533945	0.06305917733581444	9.134890496723182
0.4126213592233006	0.0709415745027912	9.110778537910376
0.40776699029126173	0.07882397166976797	9.09183740416137
0.2682302242126267	0.29240783909016693	9.008911879314693
0.40291262135922284	0.08670636883674472	9.078351318017015
0.398058252427184	0.09458876600372144	9.067708118517286
0.2758705284663057	0.2878306856618509	9.009342839523725
0.39320388349514523	0.1024711631706982	9.058833860353174
0.38834951456310657	0.1103535603376749	9.051977268271072
0.38349514563106785	0.11823595750465164	9.046328979391374
0.3786407766990292	0.12611835467162844	9.041418908521557
0.3737864077669904	0.13400075183860535	9.037428236587603
0.36893203883479747	0.14188314900551882	9.034040604693963
0.36407766990029433	0.14976554617161167	9.031006020464377
0.3592233009499551	0.1576479433328801	9.028481193655209
0.35436893193427066	0.16553034047726775	9.026198567777088
0.3495145627860962	0.17341273759154655	9.024205286145277
0.3446601935057377	0.18129513468476235	9.022428906159222
0.33980582413806	0.18917753178699637	9.020854905737394
0.334951455017795	0.19705992896013572	9.019406335418564
0.330097086993222	0.20494232630897083	9.01809278286055
0.32524271765801693	0.2128247234956977	9.016913498503705
0.32038858649151736	0.22070665718941404	9.01583882578433
0.31553512995344146	0.2285864827804558	9.01483194269037
0.3106821402755476	0.23646148068494868	9.013926753364798
0.30582399040398145	0.24432892437728104	9.013071562585067
0.3009495644321306	0.2521803377867508	9.012296577506847
0.2960047062769537	0.25999403361070866	9.011577667307806
0.29092381506832743	0.2677013939861249	9.010910564967878
0.28715553591211235	0.2752045585989485	9.010333541982293
0.2826239341127499	0.2822967997315056	9.009808689741227
0.4466019417475727	0.0315295886679072	9.510989239620473
0.44174757281553384	0.03941198583488401	9.312471736891787
0.46116504854368917	0.02364719150093039	9.510890890754807
0.45631067961165034	0.03152958866790718	9.510847672232885
0.47572815533980567	0.0157647943339536	9.449800929866692
0.47087378640776684	0.023647191500930392	9.510754211700784
0.4854368932038834	0.015764794333953603	9.449649326557145
0.01544759022950658	0.7209226271367202	9.11389706514239
0.014949509011038028	0.728148540564973	9.261189723687412
0.02393697701034947	0.7059350582208463	9.08802964087615
0.024572566557372055	0.7131539287202877	9.137712142169304
0.021798388744495037	0.7181634722736976	9.155383965114826
0.03258953388827914	0.7017842455651963	9.106400121694366
0.03969428026030471	0.6860455657453569	9.064818049993164
0.03996410552604447	0.6946460895305426	9.0978019487063
0.04729805015658303	0.6717055961806812	9.046000084982039
0.04755436195122398	0.6809444737144578	9.065272498006133
0.055013991743251	0.6575341454519212	9.034489225498762
0.05489543527695073	0.6671845077382517	9.047221626519304
0.06305693198042629	0.6429620765381058	9.02654733557853
0.06296673160417554	0.6527948851965966	9.035193753646753
0.0709997169735618	0.6282906004785301	9.020992405298758
0.0709783703751081	0.6380607205643979	9.026911020011807
0.07890232807258438	0.613644063217233	9.017008582935444
0.07890940283505322	0.6233967263708255	9.021265335725692
0.08677424357036373	0.59904533491906	9.01408530284789
0.08677655948655187	0.6087672678322971	9.017220488207805
0.0946695204707949	0.5844523635889866	9.01187872493495
0.09464881475254024	0.5941977026916752	9.0142671391817
0.1025759959956558	0.5698385996299759	9.010175305160148
0.10256545743270779	0.5795933925187393	9.012032845717497
0.11048213561666599	0.5552197889556348	9.0088419309953
0.11047199259653989	0.5649735688948623	9.01031018271732
0.11838436077659871	0.550349813052357	9.008965312720091
0.12627625943611537	0.5357211176110586	9.007904405184663
0.12628278068976534	0.5454714206981776	9.009041478067923
0.13416399302710608	0.5211047368246617	9.007066307410854
0.13416657239562296	0.5308459577986823	9.00798737185404
0.14205374642604005	0.5064935135454002	9.006404850769014
0.1420538014859056	0.5162336511041251	9.007157149477207
0.149946023436683	0.4918836249918475	9.005887784032128
0.14994427136144284	0.5016238788942877	9.006504456953584
0.15783873960246622	0.477273560711013	9.005492446268901
0.15783786932730387	0.4870146806410706	9.005997635072559
0.16573099307425881	0.462662871170578	9.005203054738994
0.1657308592789838	0.47240402101537793	9.00561413771287
0.1736229088956449	0.4480522369716062	9.005008942133953
0.1736228331167047	0.45779301242692655	9.005338456285484
0.1815148605662148	0.4334416872078873	9.004903278853272
0.1815147948746447	0.4431822028742933	9.00516008132174
0.18940684438684605	0.4188312464492583	9.004882317090354
0.18940683137706762	0.4285716473883194	9.005072277028122
0.19729878724442973	0.41396122437354205	9.005071433981819
0.20519073376816063	0.3993507604264	9.005156753634942
0.20519068813699615	0.40909121928723136	9.005263556529895
0.2130826793276965	0.38474030643467266	9.005329736608322
0.21308262780590018	0.39448066245275554	9.00537285935534
0.2209746067925137	0.37987022103498497	9.005572047099173
0.22886652303370839	0.35551948664571437	9.005952528332726
0.22886659899309295	0.3652597982755612	9.005864181303417
0.2288665886055352	0.37500019106392024	9.005820012691574
0.23675428634001117	0.3409069708244689	9.006412301241058
0.23675714990314975	0.35064871417228005	9.006253530442102
0.24462788125756219	0.32628399873221997	9.006980023687072
0.24463640007420595	0.336029181487512	9.006745652686154
0.25248862773391006	0.31166129382003466	9.007664714930163
0.2524947921859027	0.3213941987969038	9.007348034409326
0.260339508891108	0.3067831266524847	9.00806927908791
0.43689320388349495	0.04729438300186083	9.214427291761018
0.4320388349514561	0.05517678016883765	9.165461692953832
0.42718446601941723	0.06305917733581445	9.134790566013963
0.2682355022658918	0.30182924345094725	9.008485216098613
0.4223300970873784	0.07094157450279125	9.110682460776934
0.41747572815533945	0.07882397166976803	9.091743958325473
0.4126213592233005	0.08670636883674482	9.07826274995646
0.27634267445955485	0.29682239442972214	9.00891657271278
0.40776699029126157	0.09458876600372157	9.06762552768762
0.40291262135922273	0.10247116317069828	9.058758379973268
0.2856835741100891	0.29170501944635385	9.009389046249408
0.39805825242718385	0.11035356033767495	9.051909946397556
0.393203883495145	0.11823595750465155	9.046271045880603
0.38834951456310646	0.12611835467162813	9.04137139673251
0.38349514563106785	0.13400075183860488	9.037392116053645
0.37864077669899593	0.14188314900556784	9.034016898549032
0.373786407766385	0.14976554617233795	9.030995228190909
0.36893203882977305	0.15764794333787077	9.02848439447383
0.3640776698751093	0.16553034049861767	9.02621672797
0.3592233008797165	0.1734127376497123	9.024238819598635
0.3543689318239256	0.18129513478918827	9.022478276733532
0.349514562707039	0.18917753192377015	9.020920397343083
0.34466019366923745	0.19705992908270628	9.019488089198733
0.33980582512657037	0.20494232632949552	9.018190761436676
0.33495145597791404	0.21282472349827644	9.017027529061494
0.3300971327870929	0.22070695528129466	9.01596855257101
0.3252426099251734	0.22858803338982706	9.014976833696013
0.32038664420233626	0.23646621529198217	9.014085967214696
0.3155249108762412	0.2443395518435614	9.01324429863695
0.31064810813932003	0.25219930064556006	9.01248194725723
0.3057315346617497	0.2600319605349063	9.011774731602742
0.3006994723110221	0.2678084180348279	9.011116011049161
0.2962597737173213	0.2754540196584981	9.010526074286892
0.2915869539811249	0.28357015874302116	9.009950600236968
0.4514563106796115	0.03941198583488398	9.31243311730487
0.4466019417475727	0.047294383001860806	9.214353086592405
0.466019417475728	0.03152958866790717	9.510716256508545
0.46116504854368917	0.03941198583488397	9.312400329176478
0.4805825242718445	0.023647191500930403	9.51062094237666
0.47572815533980567	0.03152958866790719	9.510593502503882
0.495145631067961	0.0157647943339536	9.449504393954173
0.4902912621359222	0.0236471915009304	9.510492925641897
0.5048543689320387	0.015764794333953596	9.449363232529654
0.019165982584524677	0.7348622078628833	9.487354398570318
0.02307643385269298	0.7258562853910189	9.398118881237275
0.030714633678127608	0.7109515233666863	9.162256003974875
0.028961736281907045	0.7188757697795582	9.268191636862595
0.03746409299871025	0.7087047375782718	9.177493299454937
0.04151712170032541	0.7031498646032202	9.149031960940663
0.04656151832695066	0.6983527918957618	9.135788174219309
0.04844910068783571	0.6904513733832994	9.09975281182848
0.055164995495406446	0.6762035954679753	9.064826751809433
0.05501898012512802	0.6843635727669276	9.08825499073542
0.062070459892813526	0.671702430504242	9.062223922838156
0.06281435619716726	0.6626345447208161	9.047517513633188
0.0709549416126908	0.6479217273274379	9.035056146145385
0.07083153394194336	0.6579161412792436	9.046460584495648
0.07887165297376286	0.6331925754196468	9.02686794747346
0.07888159194997527	0.6428329734532514	9.034246128272672
0.0867992651289195	0.618464958932535	9.021243661449178
0.08680475205137539	0.6281759076973557	9.026444161680546
0.09463628286374964	0.6039247455023107	9.017263488332048
0.09464731396452358	0.6136182351156501	9.021054747988474
0.10255132556340013	0.5893522853003124	9.014329142230183
0.10250754690603589	0.5991073537717263	9.017181562385554
0.11046075666809585	0.57472927209619	9.012098544246221
0.11045241817285822	0.5844889855574975	9.01429090554413
0.11838148056254133	0.5601112972575754	9.010383447709224
0.11836085363871907	0.5698755096784431	9.012096542844004
0.12629491031371537	0.5552354521096851	9.010403936977582
0.13417612456544592	0.5405892046510438	9.009079926687205
0.13419145812261107	0.5503418321753588	9.010380320922495
0.14205594470442812	0.5259732165481894	9.00804334687159
0.1420618765548422	0.5357099540412373	9.009088819106099
0.1499412303468912	0.5113630983258912	9.007228035130668
0.14993889693425239	0.5211000744378139	9.0080772418629
0.1578356644179316	0.4967558286537513	9.006590042871734
0.15783112630646903	0.5064959288403582	9.00728352263244
0.16573015318127848	0.48214599153484555	9.006097847292184
0.16572752436722119	0.4918886402827107	9.006664624441003
0.17362259288439186	0.46753443214459917	9.005729747301537
0.173621842443244	0.4772767837119914	9.006190704177024
0.1815146057717276	0.4529231258173638	9.005470730527316
0.1815141150819977	0.46266487077758495	9.005841105966168
0.18940676378203614	0.4383122542297521	9.005310524113666
0.18940656316973617	0.4480533147671603	9.005601291411717
0.1972987391554788	0.42370176118972974	9.00524258386477
0.19729858787127086	0.4334425582886255	9.005461326135922
0.2051905255527021	0.4188319508687131	9.005414984989502
0.21308246108297538	0.40422118876811197	9.005459240224146
0.21308203231378617	0.413962105603976	9.00559015446832
0.2209745056389554	0.38961067308465225	9.005593724078977
0.2209742121703319	0.3993514440740808	9.005658952154755
0.2288665272944342	0.3847408348322828	9.00581960273272
0.23675835684359403	0.36038962942661407	9.006141085759841
0.23675859631503146	0.37013014397580646	9.006073688579605
0.23675862810126388	0.3798709280866277	9.00605066132057
0.24464388510670695	0.34577455500748194	9.006561112808654
0.2446484206689771	0.3555181050607647	9.00642411290801
0.2525098127627	0.3311411775903523	9.007085903559988
0.2525250264606074	0.34089254902009875	9.006875124333234
0.2603429003970444	0.31648915574269515	9.007723142610688
0.26036627662129147	0.32624001499910676	9.0074327249137
0.26817303082680544	0.31153873498047957	9.008106316094832
0.44174757281553384	0.05517678016883762	9.165370192419106
0.43689320388349495	0.06305917733581444	9.134696120013635
0.4320388349514561	0.07094157450279125	9.110593396847527
0.2759876134536095	0.306533073250119	9.008497766439996
0.42718446601941723	0.07882397166976807	9.091657021176438
0.42233009708737834	0.08670636883674489	9.078180315161896
0.41747572815533945	0.09458876600372167	9.06754859275947
0.2836359432234835	0.30160474362264833	9.008889100918614
0.4126213592233004	0.10247116317069842	9.058687958548875
0.40776699029126146	0.11035356033767511	9.051846978168678
0.29111688465070473	0.29947972427146446	9.009161762927508
0.29690742552729016	0.29303231893242676	9.0095862941382
0.40291262135922246	0.11823595750465173	9.046216638070446
0.3980582524271836	0.12611835467162827	9.041326486702687
0.3932038834951448	0.13400075183860471	9.037357584167095
0.3883495145630991	0.14188314900557836	9.033993694312251
0.3834951456309304	0.1497655461725075	9.030983902335935
0.37864077669777757	0.15764794333912804	9.028485685924466
0.37378640775980215	0.16553034050444046	9.026231703545212
0.36893203880985764	0.17341273766681695	9.024267917952942
0.36407766983807344	0.18129513482462814	9.022521934857386
0.3592233008371215	0.18917753197836382	9.02097894426963
0.3543689318543472	0.19705992913866388	9.019561716830445
0.3495145630734258	0.20494232633748177	9.018279503980734
0.344660194048654	0.21282472350307854	9.017131304196681
0.33980582506754325	0.22070712067347906	9.016087129109364
0.33495117416923376	0.22858890550759317	9.01510984552523
0.3300951752247249	0.23646933243419074	9.014232777464414
0.3252353180651256	0.2443475308048396	9.013404264279169
0.320367819197569	0.25221943397224617	9.012654012767912
0.3154882430028219	0.2600838731854787	9.011957503735893
0.3105991138082496	0.2679257999461117	9.011309075084085
0.3058100558029577	0.27575334155274284	9.010712437289234
0.3013045967264745	0.28380802530380994	9.010154960866261
0.45631067961165034	0.047294383001860764	9.214277052894012
0.4514563106796115	0.055176780168837584	9.16529043812777
0.47087378640776684	0.03941198583488398	9.312372786376818
0.466019417475728	0.047294383001860764	9.214201317240857
0.48543689320388345	0.03152958866790719	9.510474455718805
0.4805825242718445	0.039411985834883985	9.312344771304007
0.49999999999999994	0.023647191500930382	9.51037019111237
0.495145631067961	0.03152958866790718	9.510357936430076
0.5145631067961164	0.015764794333953586	9.449223398725023
0.5097087378640776	0.02364719150093038	9.510251168559629
0.524271844660194	0.015764794333953582	9.449083027564287
0.02865851233382551	0.7342774062692577	9.640670736410831
0.03335337922923898	0.7263022478405547	9.555793177503292
0.03761628681908141	0.7172107957900354	9.322047809013709
0.04459933733954208	0.7109861956894308	9.24309235726789
0.0494352442665395	0.7043012013046903	9.184902320769089
0.053944780375524845	0.6975310175320165	9.14906471874617
0.05630040486636735	0.6911818823015865	9.11803103084983
0.06121767955438513	0.6881932575331806	9.111017438290581
0.06360506101092708	0.6810687950998979	9.089164312967439
0.06740127111477756	0.6749343565791294	9.075884385319632
0.07110752333616716	0.6686752604451746	9.06372687171834
0.07895796275107811	0.652383733096281	9.044139723984264
0.07906393966383468	0.6613450352792457	9.056632802258562
0.08669364604754133	0.6376769216333255	9.033057131547638
0.08668583184466536	0.6471244521287596	9.041698041946326
0.0946620760365688	0.6232813746424419	9.025866351426783
0.09456921651699986	0.6327012997126921	9.031859070158838
0.1025088125954075	0.6088125255611864	9.02074721383994
0.10250572126830121	0.6184661392713174	9.025195409330193
0.1104689912752864	0.5942813252015339	9.017005099974428
0.11039632746004752	0.6040942948357333	9.020367468306477
0.11835502025436312	0.5796498360786659	9.014182825408538
0.11842342046513758	0.5894808256927971	9.016758076650865
0.12630117199403953	0.5650165368484037	9.012041949819038
0.12627507415716602	0.5748287919387789	9.014023315446948
0.1342288661091614	0.5601219788148268	9.011937859482911
0.14207880709919354	0.5454441403130301	9.01032526234503
0.1421256183663166	0.5551677872191578	9.011791196962141
0.14993239609879244	0.5308212341469547	9.009072888544763
0.14994121828659793	0.5405294366477653	9.010243645372453
0.15782224031874953	0.5162324914550676	9.008094679572503
0.15780759465280045	0.5259594375654975	9.009042896396467
0.16572114076284006	0.5016305034390429	9.0073269457271
0.16570875142669236	0.5113689088693855	9.008099726256857
0.17361948428347726	0.4870200551836008	9.006730789583129
0.17361338990505004	0.49676341123949586	9.007361306919462
0.18151297163705427	0.47240783468556113	9.006278351142457
0.18151052826258332	0.4821517561841951	9.006791013874397
0.18940608219090896	0.4577953214046455	9.005949858904748
0.1894049072608627	0.4675389164045605	9.006362679226312
0.19729832336748812	0.4431837079146515	9.005731370494788
0.19729812487023882	0.45292542545614073	9.006057407435636
0.20519007298515976	0.4285731538217208	9.00561340750034
0.20518918136199119	0.4383148529700356	9.005862033462371
0.21308108028109488	0.42370375801275234	9.00576756132107
0.22097348815896534	0.4090928462425744	9.00576868435236
0.2209719339157509	0.4188352448349572	9.005924500932073
0.2288662511702464	0.39448205869787883	9.005863067724645
0.22886535750886336	0.40422436957348656	9.005951061937168
0.23675856730242373	0.3896125005270612	9.006071860858825
0.24465025205298863	0.36525983329481954	9.00633305951952
0.2446507030958152	0.3750008275081366	9.00628699282754
0.24465086483760615	0.38474242214977306	9.00628552173009
0.25253511188750016	0.3506420101987808	9.006713132063554
0.25254035336300845	0.3603876066522707	9.0065980521096
0.2603970535757311	0.3359997603591111	9.007195383718349
0.26041831398240195	0.34575794792861475	9.007008067264879
0.26819516612324856	0.32131756520716115	9.007785993212403
0.26825318502142304	0.3310969881360282	9.007521554383402
0.27597645480623356	0.31634833294492276	9.00814615765494
0.4466019417475727	0.0630591773358144	9.134606435939013
0.44174757281553384	0.07094157450279122	9.110510291426861
0.436893203883495	0.07882397166976805	9.091575970285872
0.28349511567436925	0.31134316874692897	9.008507159043184
0.4320388349514562	0.08670636883674487	9.078103406682702
0.4271844660194173	0.0945887660037217	9.067476827226377
0.4223300970873784	0.1024711631706985	9.058622215723032
0.29065256137273404	0.30726558244570845	9.008832846245703
0.41747572815533934	0.11035356033767528	9.051788105766674
0.4126213592233003	0.118235957504652	9.046165628721651
0.29818036901235606	0.302916941828435	9.00917795450912
0.30422217497948983	0.2984838287777908	9.009500797287807
0.3064152852928077	0.29139251359795004	9.009873890040764
0.40776699029126123	0.12611835467162863	9.041284187388051
0.4029126213592222	0.13400075183860513	9.037324787712194
0.39805825242718146	0.14188314900558086	9.03397126045789
0.3932038834951137	0.14976554617254648	9.030972463525996
0.3883495145628096	0.15764794333943694	9.02848571888699
0.383495145629255	0.1655303405059811	9.026244216475357
0.3786407766923163	0.17341273767167076	9.024293445202614
0.37378640774829036	0.1812951348357955	9.022560867167526
0.36893203879282305	0.18917753199798418	9.021031632827187
0.3640776698397162	0.19705992916153856	9.019628391730267
0.3592233009616621	0.20494232634020915	9.018360250674414
0.3543689319941414	0.21282472350605217	9.017226109623037
0.3495145620519657	0.22070711931961787	9.016195866763665
0.34466001457329726	0.22858930029375588	9.015232253871078
0.3398046765047247	0.23647088318947393	9.014368412263499
0.3349471810378967	0.24435150871647446	9.013552678550354
0.3300862107499997	0.2522307251867328	9.01281435555264
0.3252216951074459	0.26010301971610583	9.012129418389788
0.3203612995173148	0.267966788118242	9.011491353064434
0.31554211464675047	0.27581619400652324	9.010903538325728
0.3108480860373452	0.2836457993382204	9.010364259962415
0.46116504854368917	0.05517678016883754	9.165219320110124
0.45631067961165034	0.06305917733581436	9.13452178576972
0.47572815533980567	0.047294383001860764	9.214123423741015
0.47087378640776684	0.05517678016883756	9.165152267454744
0.4902912621359223	0.03941198583488397	9.312310280727543
0.48543689320388345	0.04729438300186078	9.214057124274381
0.5048543689320387	0.03152958866790716	9.510245122331767
0.49999999999999994	0.03941198583488396	9.312273803912705
0.5194174757281552	0.023647191500930375	9.51013501271243
0.5145631067961164	0.03152958866790716	9.510136758544464
0.5339805825242716	0.015764794333953593	9.448941610179489
0.5291262135922329	0.023647191500930375	9.510019561604677
0.03845829506983538	0.7342083450655664	9.676275694297777
0.04303207890057153	0.7262368335039727	9.61336241646867
0.047691772276679756	0.7188099364724143	9.421447574041293
0.053464110626617954	0.7112380067150585	9.277974607727202
0.058402611272695526	0.7037768290132527	9.201128841687991
0.06263942962915031	0.6954202609118816	9.15172877309505
0.068122957558192	0.6884987103246891	9.120302845645393
0.07323305315928343	0.6784916802034107	9.090984291328695
0.07986233361871099	0.6706870648121919	9.074321430718692
0.0857891366079436	0.6650849231504918	9.066719048635228
0.08783884505782569	0.6566260222534483	9.05390287827831
0.09434883630254436	0.642034357748008	9.039546644974594
0.09354242931809104	0.6499006874566402	9.047583146720852
0.10262212705064387	0.6279636615416752	9.030777597703471
0.1022838616133254	0.6370755750133466	9.037438181886943
0.1104466877722126	0.6138012037377584	9.024522809364925
0.1102436350665073	0.6233079845238683	9.029571325234613
0.11856462431863239	0.5992669721349086	9.019903697486983
0.11924778762513735	0.6094708114552834	9.024081801975827
0.12631481538524406	0.5847102879235343	9.016454961302399
0.12638465338444133	0.5944875472606428	9.019376568377071
0.13426800164012961	0.5699271544792234	9.013811139497454
0.1342916215066333	0.5799075881268851	9.016110519516637
0.1421775885583747	0.5648966913537772	9.013536355439038
0.14996493308829478	0.5501920986600639	9.011617138157604
0.15004839566461486	0.5597791485593869	9.013230768408569
0.15778736561957338	0.5356529820969514	9.010149484626124
0.1577783817089667	0.5452945060953018	9.01144034844195
0.16568456515849067	0.5211007988098209	9.009000466081153
0.16563382114696326	0.5308077893948042	9.010047832723005
0.17360133359135269	0.5065058016643721	9.008095799301316
0.17358452632737392	0.5162451449371412	9.008950512873708
0.18150548843875083	0.49189542174810796	9.007389292950817
0.18149722305339974	0.5016390741289584	9.008085520641664
0.18940215564029386	0.47728412844106494	9.006847470541695
0.189397413639523	0.48702926724447587	9.007413448903662
0.1972977168337758	0.46266911936826377	9.006445271797949
0.1972959956021869	0.4724157796473398	9.006901944953656
0.2051884108133769	0.4480564714696084	9.00616498807018
0.20519017496576297	0.45779649434189174	9.006527430026011
0.21307913710119156	0.43344643483589723	9.005994198105425
0.21307591415755903	0.44318983607812207	9.006273656873203
0.22096899025015146	0.4285788706426397	9.006128699747892
0.22886324354914292	0.4139683747523218	9.00608482592726
0.22885916744821963	0.42371455012671716	9.006266261882004
0.23675806250909237	0.39935566392702104	9.006137667308801
0.2367561972926734	0.4091015692793376	9.006249010156813
0.24465090860690486	0.3944857032607527	9.006328770108324
0.2525423571800856	0.3701302105520294	9.006528622521015
0.25254300402001223	0.3798718630936846	9.006504175369388
0.2525435249237225	0.38961451000141034	9.006524585664351
0.2604283444701032	0.3555108786800248	9.006868603471576
0.2604329112835799	0.3652577605538205	9.006775527191197
0.2683018645988941	0.3408679181544317	9.00730888377061
0.26831519882040805	0.3506277404087416	9.00714468115722
0.2760716715206538	0.32618909754019254	9.00785287799342
0.276185977535812	0.33596778434008034	9.00761552038344
0.28379488427957467	0.32131757465377225	9.008186713606984
0.4514563106796115	0.07094157450279116	9.110431875689292
0.4466019417475728	0.078823971669768	9.09150015743584
0.44174757281553395	0.08670636883674482	9.078031443436196
0.29138276769023647	0.31664297242151956	9.00851713508002
0.4368932038834951	0.09458876600372168	9.067409737852328
0.4320388349514563	0.10247116317069849	9.058560765960948
0.4271844660194173	0.11035356033767534	9.051733049144827
0.2990264270134725	0.31201972532735256	9.008852044804554
0.42233009708737823	0.11823595750465216	9.046117854796966
0.4174757281553391	0.12611835467162893	9.041244457358397
0.3071724810628812	0.3071896118626519	9.00920885577125
0.31169340928522077	0.298831227168631	9.009645110491162
0.315833088330049	0.2914008916134892	9.010067851931943
0.4126213592232999	0.13400075183860558	9.037293811643965
0.4077669902912603	0.1418831490055821	9.033949825845694
0.4029126213592145	0.14976554617255589	9.03096120627841
0.3980582524271134	0.15764794333951174	9.028485026124576
0.3932038834946967	0.1655303405063784	9.026254881270942
0.38834951456135486	0.173412737673005	9.024316127450215
0.38349514562586134	0.18129513483913598	9.022595922091213
0.3786407766863739	0.18917753200451715	9.021079407272909
0.3737864077464901	0.19705992917006557	9.019689143713947
0.3689320388325083	0.20494232634106113	9.018434101260938
0.36407766988782947	0.2128247235074587	9.017313096752538
0.359223300268978	0.2207071197444822	9.016295929224121
0.35436885186825284	0.22858944417250485	9.015345229605707
0.3495140269412213	0.23647153615155372	9.014493981364508
0.34465814308307036	0.2443532538097538	9.013690516752947
0.3398005558527088	0.2522344586766672	9.01296396976372
0.33494242223091736	0.26011666291308344	9.012289839040749
0.3300841439610299	0.2679981257628284	9.011661577578769
0.3252324812467536	0.27587329789940035	9.011081988767572
0.32040165146788174	0.28373213718442203	9.010548108472207
0.466019417475728	0.06305917733581436	9.134442755975263
0.46116504854368917	0.07094157450279114	9.110357373641698
0.4805825242718445	0.05517678016883756	9.16508822748659
0.47572815533980567	0.06305917733581434	9.134369032392925
0.495145631067961	0.04729438300186076	9.213999250690543
0.4902912621359223	0.05517678016883757	9.165025208901126
0.5097087378640776	0.03941198583488394	9.312237605597794
0.5048543689320387	0.04729438300186073	9.213939771332184
0.524271844660194	0.03152958866790716	9.510028732187264
0.5194174757281552	0.03941198583488394	9.312200645149899
0.5436893203883493	0.0157647943339536	9.448798402581376
0.5388349514563104	0.023647191500930392	9.509902925923093
0.5339805825242716	0.03152958866790717	9.509921999758388
0.5533980582524269	0.015764794333953613	9.448652247816952
0.04818935849868095	0.7342796324177837	9.644255641109412
0.052883381509912675	0.7266100434374825	9.629746852032262
0.05777320223668314	0.7188177814230658	9.448757080909031
0.06296497380516573	0.7110807987036868	9.292867634472422
0.0678137334737345	0.7032930452556717	9.20972746063738
0.07267384030315278	0.6954670844227744	9.162785015856317
0.07785586733309927	0.6875080195394149	9.124633023226815
0.08317575717340206	0.6792785425059893	9.100137652283605
0.08877292907267857	0.671702484165972	9.081617465279733
0.09333538881107119	0.6641820890838049	9.068503352589856
0.09779474052079327	0.6562776201703082	9.05718867121906
0.10234041656010029	0.6473515102815066	9.047504657621188
0.10907735161610269	0.6411473063277487	9.042967806881515
0.11146587494651347	0.6327357096936723	9.036223456211468
0.11779456509587316	0.6186699751779944	9.02838611463801
0.1173717297659082	0.625983205052304	9.032749246066707
0.124075613268671	0.6158687306822871	9.027955457459527
0.12646939868366416	0.6037877198104344	9.022797078564395
0.12698955924439875	0.6108087198016164	9.0258795203844
0.1342051516042229	0.5898929170441825	9.018865132707226
0.13478737826615408	0.6000007304332396	9.022404880688958
0.1423336875154027	0.5747913397926689	9.015667285950327
0.14332895563450365	0.5851181320424954	9.01844140349422
0.15026881668914915	0.5693394367908347	9.015145723802364
0.15777590825819313	0.5547712122783238	9.012930563843847
0.1579418474051878	0.5641449408985302	9.014671385375003
0.16554120852475349	0.5404136765124707	9.01125554997804
0.16541861897171617	0.5498033771134655	9.012631527795191
0.17351366151154624	0.5259609915629291	9.009940596115174
0.17334628319969364	0.5355630788348968	9.011073724131323
0.18147519659769146	0.5113800582712609	9.008893675138394
0.1814254821999948	0.5210899687230881	9.009828185697167
0.18939045268668753	0.49677046558717874	9.008071378350978
0.18937326288276302	0.5065078721623961	9.008834074408265
0.19729066527949846	0.48216398968675644	9.007435726730257
0.1972841492882069	0.49191117669586976	9.008056476462796
0.2051907442022698	0.4675437113053255	9.006955817421947
0.2051893446313612	0.4772971842620875	9.007457795184182
0.21307276196650315	0.4529323025653351	9.006610479809071
0.21307226819728267	0.4626739381079606	9.007010293876538
0.22096396666844	0.4383234145753055	9.006384363766601
0.22095614827687082	0.44806766309892937	9.006695444749019
0.22885190637294836	0.43346256178596926	9.006497991542334
0.23675144304512885	0.41885140449552055	9.006407431602307
0.23674183252578904	0.4286053568572506	9.006615142623447
0.2446502004300245	0.4042321807324833	9.006417388485625
0.24464713352916664	0.41398407938276366	9.00655260089456
0.25254423910577445	0.39935983061234764	9.00659024500557
0.26043466040382995	0.3750007175805541	9.006727881666412
0.2604354989248486	0.38474266379872085	9.006725258059786
0.2604367509224705	0.39448543687744775	9.006767787615216
0.2683222177755127	0.36038189679451266	9.007027676735985
0.2683247817928229	0.3701284365620055	9.006956631809514
0.2762057651575159	0.3457409277125853	9.007426275276778
0.27621223149537516	0.3555029047355176	9.007285060229139
0.28402387224068965	0.33108654441255264	9.00792603278604
0.2840758440779682	0.34086608418856595	9.007712349553493
0.2918193422257751	0.3262953659320771	9.008238450731541
0.45631067961165034	0.07882397166976794	9.091428830424038
0.45145631067961167	0.08670636883674475	9.077963894326375
0.4466019417475728	0.09458876600372156	9.067346835608229
0.29950827557549353	0.3216164174232783	9.008550334092314
0.441747572815534	0.10247116317069839	9.058503218708653
0.4368932038834952	0.11035356033767528	9.051681515187072
0.43203883495145634	0.11823595750465218	9.046073126039035
0.3072766818534379	0.3170655842574449	9.008863875985382
0.4271844660194173	0.126118354671629	9.041207216817304
0.4223300970873782	0.1340007518386058	9.037264690983813
0.31546240669675196	0.31303329102748717	9.009174291244358
0.3159343226957119	0.30518488375621056	9.009471151518055
0.3206456387250889	0.2995044519320806	9.009797000903275
0.32525071378231823	0.2917352249741205	9.010235301576268
0.4174757281553387	0.14188314900558252	9.033929538122395
0.41262135922329773	0.14976554617255863	9.030950331422419
0.40776699029124397	0.1576479433395304	9.028483999469017
0.40291262135911216	0.16553034050647938	9.026264227848833
0.39805825242673404	0.17341273767336238	9.024336573529887
0.39320388349373364	0.18129513484009652	9.022627827056978
0.3883495145594446	0.18917753200657103	9.021123088855497
0.38349514562471354	0.1970599291730172	9.019744876409243
0.3786407766984123	0.20494232634129828	9.018502030459237
0.37378640776209987	0.21282472350803214	9.017393295884835
0.3689320385224925	0.2207071202577229	9.01638838666748
0.36407764030939216	0.22858949427220665	9.015449849356763
0.3592230871409168	0.2364717837546746	9.014610535276846
0.35436806753802247	0.2443539348851407	9.013818766873191
0.3495122402271422	0.25223590858627065	9.013103532552408
0.3446559179160007	0.26011808518807256	9.012440396575046
0.33980029677552476	0.268001061629134	9.011822588047892
0.3349485485357959	0.2758872119395984	9.011252360277696
0.33009844609589073	0.2837738108644949	9.010726105768725
0.47087378640776684	0.07094157450279115	9.110286612336276
0.466019417475728	0.07882397166976794	9.091361272522898
0.48543689320388334	0.06305917733581436	9.134299440797387
0.4805825242718446	0.07094157450279115	9.110219267766409
0.49999999999999994	0.05517678016883753	9.164962639351442
0.495145631067961	0.06305917733581433	9.134232507706772
0.5145631067961164	0.04729438300186072	9.213881398372711
0.5097087378640776	0.05517678016883751	9.16489984071958
0.5291262135922328	0.03941198583488394	9.312163073166703
0.524271844660194	0.04729438300186072	9.213824502194804
0.5485436893203881	0.023647191500930406	9.509784797118266
0.5436893203883493	0.0315295886679072	9.509815613331343
0.5388349514563103	0.03941198583488397	9.312125051940212
0.5631067961165047	0.015764794333953613	9.448502010545885
0.5582524271844658	0.02364719150093042	9.5096645393149
0.5728155339805824	0.015764794333953613	9.44834657423745
0.05799310230734705	0.7343444013895829	9.596826833598728
0.06280573754575854	0.7265550929825105	9.616155368972459
0.06772903753693003	0.7187559925149731	9.458063341627538
0.07265942646756461	0.710932519204683	9.298219314195146
0.07754946838317966	0.7030984720735044	9.214938709493163
0.08252097482693826	0.695198930673826	9.167505361871598
0.0876043428018609	0.6872286314469653	9.128865601074155
0.09281155497510911	0.6793782168078538	9.104874352158967
0.09777677910808225	0.6716284482809981	9.08500097867222
0.10250487069051156	0.6638145040993396	9.070996189679887
0.10720649268715986	0.6557909078471105	9.059280927066714
0.1122711961623744	0.648096090015919	9.050901503458418
0.11702059119647495	0.640462920672465	9.04408403268877
0.121405765832107	0.6324877425944146	9.037965574675018
0.12539238673191916	0.6236053559845897	9.032623492659582
0.13088811624538085	0.616604959539456	9.029387806125412
0.13295329640905146	0.6087963149443917	9.025749573121628
0.13917815419583296	0.6067312848377021	9.025594807958448
0.1419474484919127	0.5945023781178991	9.021237292358842
0.14237776903234886	0.6018078741563815	9.023979293607173
0.1483606559931253	0.5915328257303971	9.020891414349796
0.15085251670144997	0.5787279894080043	9.017429303952747
0.15159829408166747	0.5862230263400475	9.019547751895182
0.15837433195423006	0.5734240350688559	9.016720288527067
0.16541315385980793	0.5590823203683131	9.01422754896596
0.16564864416075475	0.5680314103014593	9.016034550010238
0.17311210198797866	0.5449704218402357	9.012360915682912
0.17288523498557892	0.5542346000574235	9.013835658212173
0.18126636156193995	0.5307387602591115	9.01090018096677
0.1809455271780105	0.5402229184224883	9.01211439576157
0.18931621954250105	0.5162093215378795	9.009712822068705
0.18923498734315408	0.525888698359864	9.010726964897048
0.19727068486118318	0.5016409028354465	9.008774628811272
0.19723465540411153	0.5113555244976941	9.009603410410493
0.20518223396429827	0.4870549554082318	9.008042221510975
0.2051734452980508	0.49680747941312964	9.008719480214898
0.21307724296403363	0.4724173537482354	9.007480036644365
0.21308610366332115	0.4821783121527812	9.008028683067975
0.220946805938658	0.45780872275124324	9.00706679177864
0.22094248187108853	0.4675412464241995	9.007504327389134
0.22884017261457024	0.44321028191330325	9.006783413175869
0.22882413839858531	0.45295326095379834	9.007126717214083
0.23672544347902205	0.43836160864404655	9.006875103916945
0.24463841930040645	0.4237436674777828	9.006736269086772
0.24461919348643169	0.43351063609512913	9.006970915414728
0.25254431431434515	0.40911032401978503	9.006702084164575
0.2525406148953269	0.4188703555778364	9.006861640667024
0.26043976354077103	0.404231707742759	9.006856141133044
0.2683256736203827	0.3798699574547755	9.006930853069479
0.26832711603461695	0.3896094107247831	9.006950173385492
0.26833157518100614	0.39935042066638565	9.007014997652393
0.2762141199844273	0.3652559667494932	9.007190419898086
0.27621311654464287	0.3750008310429385	9.007141367130343
0.28410702075088284	0.35062429138207357	9.007547656244078
0.28410562503571285	0.36038366206591504	9.00742926530534
0.2919273300260228	0.3360258872450844	9.008002364374294
0.29200447418005643	0.34575139622065404	9.007815150375293
0.2997224682741136	0.33126682630415333	9.008293894079157
0.46116504854368917	0.08670636883674471	9.077900223243162
0.45631067961165045	0.09458876600372146	9.067287656469572
0.45145631067961167	0.10247116317069827	9.058449178886754
0.30745299467304626	0.3266548789398226	9.00858483823611
0.4466019417475729	0.11035356033767509	9.051633201880591
0.44174757281553406	0.11823595750465193	9.046031232042482
0.4368932038834954	0.12611835467162888	9.041172353455027
0.31522855196324284	0.322220232256356	9.008874416717902
0.4320388349514564	0.13400075183860574	9.037237414968011
0.4271844660194173	0.14188314900558263	9.033910489057723
0.32280012454237816	0.31823638742068855	9.009150302684587
0.3243622780628598	0.30830304661157104	9.009520777787076
0.3299443088445681	0.2997163004537901	9.009966767404935
0.3349467107245758	0.29165507130499957	9.010417400964954
0.4223300970873776	0.14976554617255947	9.030940032805646
0.41747572815533474	0.15764794333953516	9.028482929230671
0.41262135922327264	0.1655303405065051	9.02627271772456
0.4077669902911459	0.1734127376734569	9.024355300034033
0.4029126213588455	0.1812951348403654	9.022657203308098
0.39805825242615206	0.18917753200718987	9.021163392531342
0.39320388349324253	0.1970599291739824	9.019796383255468
0.38834951456294736	0.20494232634135623	9.01856490227331
0.3834951456295291	0.21282472350824144	9.017467628818865
0.37864077658577694	0.22070712052377617	9.016474204949885
0.37378639812679876	0.22858951072380362	9.015547103260111
0.3689319627413878	0.23647187181904394	9.014719062268666
0.3640773402404222	0.2443541822768859	9.013938390391777
0.35922235703080857	0.2522364350824475	9.013233945369647
0.35436705803940577	0.260118727781691	9.0125812977572
0.3495120798091335	0.2680013666316905	9.011973621413
0.3446584204901559	0.27588481804405635	9.01141317568411
0.3398053175734675	0.2837682408329402	9.010896218086303
0.4757281553398058	0.07882397166976796	9.091296939237493
0.4708737864077669	0.08670636883674473	9.077839875582058
0.4902912621359223	0.07094157450279114	9.110154741917782
0.48543689320388345	0.07882397166976794	9.091235304613576
0.5048543689320387	0.0630591773358143	9.134167884169914
0.49999999999999994	0.07094157450279111	9.110092526484367
0.5194174757281552	0.05517678016883751	9.16483558661041
0.5145631067961164	0.06305917733581429	9.134104716912818
0.5339805825242716	0.04729438300186073	9.213765390282099
0.5291262135922328	0.05517678016883751	9.164772208420457
0.5533980582524269	0.03152958866790723	9.50970724675827
0.548543689320388	0.039411985834884006	9.312086197654251
0.5436893203883493	0.04729438300186078	9.213701133486744
0.5679611650485435	0.02364719150093042	9.509540917741601
0.5631067961165047	0.03152958866790723	9.509594650044518
0.58252427184466	0.015764794333953613	9.448184389024037
0.5776699029126212	0.02364719150093042	9.509412742729781
0.5922330097087377	0.015764794333953613	9.44801319082414
0.06780550943978131	0.7343262985940812	9.561138054825024
0.07264820184315886	0.7264955899073392	9.595626561812558
0.07752363015759202	0.718659192092967	9.459767085800303
0.08239871088060523	0.710808281888037	9.298970147658572
0.08723665048080216	0.7028956317909738	9.216030640228391
0.09220800264164902	0.6949970370141321	9.16957483110201
0.09728346177701064	0.6871391903748489	9.131683635230155
0.1022656300921947	0.6792958323249386	9.107472831391762
0.10714256414926972	0.671466471750692	9.087227201494096
0.11195651516819712	0.663599028015984	9.072959492581857
0.11676893317290726	0.655730218174871	9.061323335565744
0.12161058531479994	0.6479453639751536	9.052564049588469
0.12629775037781846	0.6400465833030494	9.045330316269618
0.13081867504443054	0.6318860172284111	9.03899226906662
0.13539189085508357	0.6237395247297807	9.034111460223626
0.13961056617215573	0.6147803884991925	9.029567329405422
0.14618590434040557	0.6082095334826898	9.027014581599884
0.14978995986743915	0.599595443910377	9.023878345699835
0.15605118895476922	0.5924529617148899	9.021872126620591
0.15939815312448913	0.5832832228044508	9.019355403419441
0.16705554686501145	0.5767446144181575	9.018180320102092
0.17278748520970064	0.563243894690897	9.015512267653792
0.17220838766283714	0.5707553180957524	9.017090388939783
0.180528286386221	0.5495483834709348	9.013494876451567
0.18004755830509714	0.558717489798999	9.015057129620208
0.18894537858155636	0.5354658370790768	9.01187944806964
0.18843987653387267	0.5449148725072124	9.013185447507352
0.19713982415267547	0.5209756282076571	9.010548199633279
0.19696549805821625	0.5305474738537205	9.011631345122302
0.2051449543990369	0.5064965419306204	9.009497035687128
0.20500416719440626	0.5161134345408628	9.010379517981548
0.21306652439120208	0.4919685456750238	9.008666397751588
0.21309335590790915	0.5017495281609817	9.009405095271154
0.22095311424479894	0.47726556554691246	9.008015311551155
0.22098783033477243	0.4870020191338325	9.008609935242012
0.22880662958458575	0.46268660454555355	9.007533092506057
0.22879583428391212	0.4723942163915864	9.00800809418912
0.23670163525948382	0.44811460464157465	9.007190911203601
0.23666977885640428	0.45785395302917875	9.00756697776748
0.2445855081102649	0.44328147029865744	9.007259716329607
0.25252660382026987	0.42864495567963407	9.00707116753437
0.2524939602264386	0.4384305756255961	9.007333306073702
0.26044407972555295	0.41398510346300804	9.006991570483818
0.2604431685556854	0.42375558872945523	9.00717596777799
0.26834043669314966	0.4090916246520465	9.007126221781775
0.2762114652854916	0.3847387263815907	9.007137443965187
0.27621251750597386	0.3944700446463904	9.007178695218506
0.2762213744186903	0.4041938504063231	9.007265719841108
0.2841007184810916	0.37013520866163824	9.007356841874051
0.2840926712074552	0.3798781815119298	9.007329650255754
0.2920000321891582	0.35551301446051736	9.007673102826724
0.291992756531604	0.36527023324181934	9.00757735025344
0.2998389912305034	0.3409370542254141	9.008085006881226
0.29989573340462444	0.3506463479106594	9.007921741892266
0.30763461283434307	0.336193014852781	9.008357090071465
0.46601941747572806	0.09458876600372149	9.067231750814711
0.4611650485436892	0.10247116317069818	9.05839825537516
0.45631067961165045	0.11035356033767497	9.051587799188267
0.315336412309775	0.3316000141454824	9.008628166867915
0.45145631067961167	0.11823595750465178	9.045991947939848
0.44660194174757306	0.1261183546716286	9.041139730482895
0.44174757281553445	0.13400075183860546	9.037211939500919
0.32282110307939943	0.3271041793476604	9.008894697985356
0.4368932038834957	0.14188314900558238	9.033892730989244
0.43203883495145673	0.14976554617255936	9.03093046598468
0.32879327597950364	0.32291021052605473	9.0091293310459
0.3313419930188038	0.3159919849192009	9.009390962327318
0.3347468394186651	0.307534627748383	9.00974631433965
0.33971367235390093	0.2995653801515857	9.01015106580517
0.34464712920350593	0.2916479481558525	9.01058617903699
0.4271844660194166	0.1576479433395362	9.028482015637406
0.4223300970873716	0.16553034050651158	9.026280733679075
0.4174757281553094	0.17341273767348195	9.024372753786794
0.4126213592231996	0.18129513484043983	9.022684579811056
0.40776699029097446	0.18917753200737153	9.021200940810088
0.40291262135866357	0.19705992917428716	9.019844362183717
0.39805825242712495	0.20494232634137696	9.018623483186344
0.39320388349466034	0.2128247235083166	9.017536920912148
0.3883495145270324	0.22070712062716705	9.016554256411725
0.3834951427606961	0.2285895158043063	9.015637897118163
0.3786407519060559	0.2364719014864147	9.014820484102609
0.3737862919057495	0.2443542687272856	9.01405030951077
0.36893168187220954	0.25223661666204394	9.013356114925868
0.36407687422055557	0.26011895079735803	9.012713462065038
0.3592222745944088	0.26800140168544906	9.012115474127212
0.3543684322500699	0.2758840732778847	9.011564369474256
0.34951440189857985	0.2837663985631432	9.011056353033654
0.4805825242718446	0.08670636883674476	9.077782349836966
0.4757281553398058	0.09458876600372156	9.067178669806701
0.49514563106796106	0.0788239716697679	9.09117578531187
0.4902912621359224	0.08670636883674475	9.077727158918245
0.5097087378640776	0.07094157450279108	9.110032583499477
0.5048543689320387	0.07882397166976787	9.091117849033191
0.524271844660194	0.06305917733581427	9.134040999856955
0.5194174757281552	0.07094157450279104	9.109974698126061
0.5388349514563103	0.055176780168837536	9.164712094647273
0.5339805825242715	0.0630591773358143	9.13397562573064
0.5582524271844658	0.039411985834884034	9.312046640236572
0.5533980582524269	0.04729438300186081	9.213633318043184
0.548543689320388	0.055176780168837584	9.164653689039843
0.5728155339805824	0.03152958866790723	9.509475855753875
0.5679611650485435	0.039411985834884034	9.312006440652736
0.5873786407766989	0.02364719150093042	9.509279056220498
0.58252427184466	0.03152958866790723	9.509349177585447
0.6019417475728154	0.015764794333953613	9.447830128369189
0.5970873786407765	0.02364719150093042	9.509139054543484
0.611650485436893	0.015764794333953613	9.447632531091328
0.07758510471746667	0.7342930734754335	9.53711020849257
0.08242865492524683	0.7264378443672489	9.57546724084102
0.08728376938603814	0.718576458850878	9.459157827228536
0.09214621965644709	0.7107027578009207	9.297552940690402
0.09703722068091175	0.7028133527959515	9.216003789877126
0.10197095337536365	0.6949252832396139	9.17055082278216
0.10689907302925737	0.68704661969521	9.13303627681458
0.11175807490342479	0.6791592953731589	9.108848275224306
0.11663735802574765	0.6713253300605254	9.088656704844931
0.12147887228358661	0.663466736163366	9.074387659834342
0.12626502501226364	0.6555799786657464	9.06265218582206
0.13108432533615863	0.6476967852811085	9.053711238367383
0.13585264671717462	0.6397260990291	9.046347381571103
0.14057160975248048	0.6317107977295318	9.040089587408964
0.1449677011122249	0.6235801796022358	9.035113190868858
0.1495881310606062	0.6160642979226866	9.031300939090633
0.15497250328734463	0.6080763277419655	9.02779335066974
0.1598354092755881	0.6003911861529986	9.025053250134478
0.16492392792423455	0.5922700812885885	9.02251306910132
0.1697917396429685	0.584693724228107	9.020520691074355
0.1760613500208712	0.5768857806109449	9.018805673350597
0.18047877979447421	0.5681975962796084	9.0170114517513
0.1877325824481495	0.5541983818571924	9.014661703409125
0.18662644357397867	0.5618895571965596	9.016040216804384
0.1958405655980906	0.5496729072300832	9.014284605910104
0.19662479177309128	0.5401880575515345	9.01288410792978
0.20477937825169684	0.5350521976577185	9.012536434413152
0.20506862824712357	0.5257144242664713	9.011406978369408
0.21292510968168374	0.5113743759911403	9.010233468878148
0.21248260782283956	0.5207311536464809	9.011148591469459
0.22103051717154132	0.49687782781265455	9.009307074517624
0.22187820221297172	0.5069911632126447	9.010161417369156
0.22882153959115992	0.48205595784717525	9.008558602300772
0.22895715955252238	0.49166018639572884	9.009193806618745
0.23662739513617848	0.46756528645398365	9.008007781357191
0.2365895135725362	0.4772304794824307	9.008519419754913
0.2445449842294459	0.4530441391637077	9.007606820414578
0.24449858235976288	0.4627726510405534	9.008015980713777
0.25242109735002644	0.44823294781066575	9.007651877656452
0.26042343830827275	0.43356037574934986	9.007412071017733
0.26033135559571186	0.4433624926143567	9.007701359693606
0.26835474722717345	0.4188419674356618	9.007285485906216
0.2683727019626935	0.4286072938541759	9.00749493507785
0.27624222859951036	0.4139159124578274	9.00739974323868
0.284084330285236	0.38961007586877855	9.007347473655033
0.2840829204215901	0.3993243669475393	9.007410509008425
0.28410006088693035	0.40901468817644476	9.007519518773776
0.2919786946259237	0.3750221674739593	9.007526931772375
0.2919564013051544	0.3847648942054895	9.007521375755614
0.29988451642532243	0.360405276235551	9.007802724830656
0.29986766438510876	0.37016283526428134	9.007729246828802
0.30773635116577525	0.3458403986577323	9.008172950076625
0.3077784888537544	0.355546419983448	9.008032946994405
0.31553356404218924	0.3411053483396669	9.008426503868447
0.47087378640776695	0.1024711631706983	9.058350064139326
0.466019417475728	0.11035356033767506	9.051544992846859
0.46116504854368917	0.11823595750465171	9.045955037558649
0.32333848788828895	0.3363734903999965	9.00868454198052
0.45631067961165045	0.12611835467162852	9.041109192566479
0.45145631067961195	0.13400075183860524	9.037188193814755
0.44660194174757334	0.141883149005582	9.033876281228059
0.3314297657932077	0.33128474133738395	9.008958614813794
0.4417475728155349	0.14976554617255886	9.030921732768446
0.4368932038834961	0.15764794333953588	9.028481401314124
0.33638448363813933	0.3232471812530082	9.00926537836493
0.34032382130260386	0.3154320960798856	9.009576542375237
0.34453038419808163	0.3073662662331881	9.009927968916143
0.34944055398876284	0.2994871233620965	9.010321417941386
0.35434634782498503	0.2916377480137682	9.010745611637098
0.43203883495145584	0.1655303405065127	9.026288558872393
0.4271844660194106	0.17341273767348844	9.024389328802942
0.42233009708735203	0.18129513484046042	9.022710407450385
0.41747572815526013	0.18917753200742407	9.021236274788512
0.4126213592231373	0.19705992917438167	9.019889428624587
0.4077669902912322	0.20494232634139198	9.018678454247569
0.4029126213590602	0.212824723508349	9.01760191199135
0.3980582524166644	0.2207071206613801	9.016629329537226
0.39320388269671414	0.22858951728586072	9.015723057422749
0.3883495070355987	0.23647191097147713	9.01491565214401
0.38349510760234023	0.24435429809586526	9.01415538886411
0.3786406501237977	0.2522366781741183	9.013470905776577
0.37378607237060696	0.2601190338967979	9.01283774989909
0.36893125592270043	0.2680012714932493	9.01224899566555
0.3640755684329551	0.27588302865412534	9.011706814658334
0.35921661247510744	0.28376317446814553	9.011207364863994
0.4854368932038835	0.09458876600372158	9.067127987197937
0.4805825242718446	0.10247116317069836	9.058304223458057
0.5000000000000001	0.08670636883674467	9.077673796625644
0.4951456310679612	0.09458876600372147	9.067079295167906
0.5145631067961164	0.0788239716697678	9.091061141158042
0.5097087378640776	0.0867063688367446	9.077621751788458
0.5291262135922328	0.07094157450279104	9.109917738133824
0.524271844660194	0.0788239716697678	9.09100534065628
0.5436893203883492	0.06305917733581434	9.133909385629714
0.5388349514563103	0.07094157450279108	9.109860196388405
0.5631067961165047	0.04729438300186083	9.21356294804775
0.5582524271844658	0.05517678016883763	9.164594457226116
0.5533980582524269	0.0630591773358144	9.13384165940444
0.5776699029126212	0.039411985834884034	9.311965669859886
0.5728155339805824	0.04729438300186084	9.21349047764767
0.5922330097087377	0.03152958866790723	9.509214045289262
0.5873786407766989	0.039411985834884034	9.311923812437557
0.6067961165048542	0.02364719150093042	9.508991735126052
0.6019417475728154	0.03152958866790723	9.509070084009009
0.6213592233009707	0.015764794333953613	9.447418538750513
0.6165048543689319	0.02364719150093042	9.508835740544106
0.6310679611650484	0.015764794333953613	9.447188145603134
0.08733442412854324	0.7342654246678175	9.521142650650416
0.09217983119164723	0.7263959410740922	9.55794253608461
0.09703341250926527	0.7185215959293704	9.45818931114175
0.10189957587824194	0.7106398407612528	9.295677300472418
0.10678166085084313	0.7027470919790463	9.21500902281703
0.11166897849216455	0.694859461516185	9.170452803111502
0.11653399180269758	0.686968995103218	9.133510638496388
0.12138398276826655	0.6791007852630198	9.10967799903488
0.12621533188690784	0.671224556134416	9.089538904486552
0.13106434335346134	0.6633610853268568	9.075326878499387
0.13590738336534813	0.6554842252042283	9.063635332125061
0.14074375575662076	0.647577685393823	9.054648422013607
0.14559002817679062	0.6396455772421773	9.047297001047125
0.1502505747782538	0.6317908336748547	9.04110006539708
0.15489487209188532	0.6239021825119838	9.036229377382254
0.15967364122516803	0.6160332314807629	9.032147482480186
0.16476197395486075	0.6081642735022783	9.028611112435263
0.16972377200269043	0.6003049902787545	9.025740272271571
0.1747102159890263	0.592517329544956	9.023258120920078
0.1799032963067261	0.5846394151171281	9.021131871382353
0.185035634591029	0.5766997521569558	9.019273429348852
0.19042081381338744	0.5684504986073131	9.017598695582718
0.19524326772725653	0.5597134147996639	9.016038491631589
0.20224216963670127	0.5538182932063613	9.015283555792715
0.20476543671396447	0.545148750051748	9.0139650760983
0.2114684899524618	0.5388394588104889	9.013326254273352
0.21366872488771538	0.5304757087970564	9.012308236275613
0.22018839511110636	0.516244771224956	9.010969227162056
0.21951660609961288	0.52364692900952	9.01173679131942
0.22672678993058826	0.5134794923186851	9.01092402974287
0.22927243271050465	0.5009737659128742	9.00990969941612
0.22991081720977694	0.508238378648397	9.0105435790359
0.2366085695459462	0.4867416486775364	9.009102473162026
0.23666620797008536	0.49607786273958665	9.009761244032859
0.24436714056810763	0.4724495876752172	9.008489695761414
0.24423789035385035	0.48208624778169584	9.009036434333717
0.25238116688040463	0.458016048842573	9.008031643130193
0.2523081788190372	0.46772425788970234	9.008474837270997
0.2601896090578928	0.4532629603191037	9.008051789015466
0.2682809097175685	0.4383794065388669	9.00775452583298
0.26813065973209393	0.4483051820539567	9.008074300116318
0.2762760697627227	0.42365528495322957	9.007582858306106
0.2762666362066063	0.43336433182559664	9.007814846513703
0.28414722240826806	0.4186934080821371	9.007676122178085
0.2919319383283335	0.3944897770050157	9.007560718239288
0.291926479704018	0.40417389193090464	9.007645271239355
0.2919621945050529	0.41379067184170976	9.007775705523715
0.2998377107272092	0.3799181300852879	9.007700526855784
0.2997891844563969	0.3896689223960775	9.007716312995354
0.3077657989159283	0.365299496631482	9.007936681284106
0.3077283097316047	0.3750614412154286	9.007884991911746
0.3156253310660279	0.3507643394420589	9.008265773853294
0.315641271687862	0.36048157552709426	9.008148197656334
0.32350261394005575	0.34599240776574	9.008503650642645
0.4757281553398056	0.11035356033767518	9.051504468402628
0.4708737864077667	0.11823595750465192	9.045920256556228
0.4660194174757278	0.12611835467162863	9.041080569627058
0.3313641183113447	0.34141715636481235	9.008741098269475
0.461165048543689	0.13400075183860524	9.037166085049824
0.45631067961165045	0.14188314900558166	9.033861126593477
0.45145631067961206	0.14976554617255844	9.030913898949585
0.3380689248613554	0.33750531070205275	9.008948961748231
0.34106852511565305	0.33073533209638933	9.009153674753646
0.4466019417475739	0.15764794333953516	9.028481237243739
0.4417475728155354	0.16553034050651208	9.026296404962295
0.345349976186212	0.3231286500591553	9.009432829182513
0.34959055014137175	0.3153236634047935	9.009744185822894
0.3543257987852937	0.3074055115310261	9.010093241663638
0.35919355611960585	0.29951862366521315	9.010478909585986
0.3640644581977006	0.2916428059497535	9.010896081812744
0.43689320388349556	0.1734127376734891	9.02440537634992
0.43203883495145173	0.18129513484046503	9.02273507855787
0.4271844660193977	0.1891775320074386	9.021269863688637
0.42233009708733243	0.1970599291744101	9.019932126735656
0.4174757281553276	0.20494232634139686	9.01873042228852
0.41262135922324167	0.21282472350836504	9.01766326649446
0.40776699028837654	0.2207071206715686	9.016700138292025
0.40291262114865917	0.22858951769654065	9.015803338755118
0.39805825026992975	0.23647191385556354	9.015005351224554
0.3932038717185078	0.24435430777239453	9.014254434387334
0.38834947219150856	0.25223669896283735	9.013579134905592
0.3834950132511914	0.26011907481254903	9.012954983693973
0.37864034360730264	0.26800134472658427	9.012375003547318
0.3737848711650264	0.2758832086064019	9.011841317849745
0.36892710594342254	0.28376401738520723	9.011350041214056
0.4902912621359224	0.10247116317069833	9.058260361715197
0.48543689320388367	0.11035356033767514	9.05146591099137
0.5048543689320387	0.09458876600372139	9.067032184118025
0.5000000000000001	0.10247116317069821	9.058218118966407
0.5194174757281552	0.08670636883674457	9.077570568916824
0.5145631067961162	0.09458876600372133	9.066986225992524
0.5339805825242715	0.07882397166976782	9.090950051524205
0.5291262135922327	0.08670636883674455	9.077519865225101
0.548543689320388	0.07094157450279114	9.109801148544177
0.5436893203883492	0.07882397166976789	9.090894464338929
0.5679611650485435	0.05517678016883765	9.164532803461057
0.5631067961165047	0.06305917733581444	9.133772274083597
0.5582524271844658	0.07094157450279122	9.10974010897523
0.58252427184466	0.04729438300186084	9.213416004125252
0.5776699029126212	0.05517678016883765	9.164467050492208
0.5970873786407765	0.039411985834884034	9.311879488080562
0.5922330097087377	0.04729438300186084	9.213338702134388
0.611650485436893	0.03152958866790723	9.508916274956503
0.6067961165048542	0.039411985834884034	9.311831746457871
0.6262135922330095	0.02364719150093042	9.508669380073671
0.6213592233009707	0.03152958866790723	9.508751169423235
0.640776699029126	0.01576479433395361	9.446942351909799
0.6359223300970872	0.02364719150093042	9.508490534027983
0.6504854368932037	0.015764794333953603	9.446679836078397
0.09706622347481204	0.7342485853593169	9.509598184387189
0.10191553653835816	0.7263709096861831	9.543146619161902
0.10677162519036375	0.7184890438951986	9.457399252036977
0.11163489482093819	0.7106033532598316	9.2937269996052
0.11650225992232192	0.7027053031926629	9.213679019563102
0.12136281789564023	0.6948252179881913	9.169917283773428
0.12622126064220507	0.6869541785052277	9.133606065503772
0.13107106112241299	0.6790822000428124	9.11007608374503
0.13591510207332844	0.6712061345891875	9.090130656363927
0.14076035544525067	0.6633266106052819	9.075989074293389
0.1456093548841431	0.6554356776957486	9.064331952081348
0.15046072189020016	0.6475461150083572	9.055384627708618
0.15527566375387847	0.6396908129802642	9.048091841436245
0.16007398500830994	0.6318680555614042	9.041899289259307
0.1648292948420178	0.6239727474062494	9.036986682012538
0.16966458663067127	0.6160527534548551	9.032841247906203
0.17459180773444627	0.6081730996595154	9.02924706207464
0.17951929713798662	0.6003139715241909	9.02633682388916
0.18444387462094802	0.5924448676396947	9.02378434310571
0.1895329468427562	0.5845214120006763	9.021608499201873
0.19462727523237658	0.5765325035913572	9.019710537042444
0.19976975437072306	0.5684341778999965	9.018031697398547
0.2049997151430174	0.5607964119761969	9.016679965954722
0.20995818906554162	0.5532682119186293	9.015508942431351
0.21453941518166664	0.5456944291861692	9.014435378469189
0.2192692509350058	0.5380761020845392	9.013514571563976
0.22372419033556057	0.5302429863360569	9.012640711511226
0.2278102175748187	0.5212958784037423	9.011766144352144
0.23399873360989343	0.514244106732793	9.01123377471093
0.23767792758492653	0.5055033650649884	9.010548222207985
0.24437910623552295	0.491339157818601	9.009651235769915
0.24358758619288912	0.49904096352330396	9.010200615019416
0.25194128316728115	0.47731860340293714	9.0089742009903
0.2513330575178878	0.4868052140336742	9.009538312674849
0.26032072184952826	0.46306090544596507	9.008470461268848
0.2599488447282639	0.4727654391761409	9.008941173981
0.2679936622343356	0.45827138677417956	9.008459023943145
0.27616066650003274	0.44307676313576566	9.00809848693393
0.27598496056737765	0.45266369795695477	9.00843264748539
0.28419613510757186	0.42835381632390795	9.007881219955152
0.28416670179038794	0.43798678555134735	9.008135012911852
0.29205991436529033	0.4233617499501566	9.00795347887403
0.2997317457973801	0.39939789628260475	9.007776920590915
0.2997970730109636	0.41847394025337564	9.008032519778551
0.29973220063230704	0.409028162857423	9.00788292577854
0.30765418693723934	0.3848265778837927	9.007877206784038
0.30756713336303637	0.3946160926194227	9.007914190050661
0.3156317077987571	0.3701931082242325	9.008074851973573
0.3155501492012149	0.37995937125624746	9.00804414212507
0.3235383002198097	0.35570100483674544	9.008364203002296
0.3234816843341421	0.3654301221356018	9.008267876988748
0.3315448770553096	0.3510067392002327	9.008585918008505
0.48058252427184467	0.11823595750465199	9.045887356151594
0.4757281553398056	0.12611835467162882	9.041053680535247
0.47087378640776656	0.13400075183860558	9.037145503442334
0.340300040329851	0.3463402487834681	9.00882349176572
0.46601941747572756	0.14188314900558213	9.033847231450311
0.4611650485436887	0.14976554617255847	9.03090700400105
0.4563106796116503	0.15764794333953477	9.02848163873508
0.3457973571781067	0.3384782448143749	9.009072145443442
0.35017511566730325	0.33087814683575034	9.009313782414367
0.45145631067961217	0.16553034050651136	9.026304416690406
0.4466019417475744	0.173412737673488	9.024421183400387
0.35455736125220105	0.3231554806851047	9.009592526432447
0.3592695761941753	0.31529207718139624	9.00990794489121
0.36407024691779144	0.3074075911464335	9.010250546314287
0.36892167654774827	0.2995270624390875	9.010628772192412
0.3737805746125165	0.2916453756734685	9.011038780723924
0.44174757281553556	0.18129513484046464	9.022758944582735
0.4368932038834938	0.18917753200744092	9.021302114673661
0.4320388349514472	0.19705992917441692	9.019972938171044
0.42718446601941473	0.20494232634139875	9.018779930196375
0.4223300970873595	0.2128247235083721	9.01772158278211
0.41747572815458206	0.22070712067438225	9.016767330630545
0.41262135917009557	0.2285895178054832	9.015879431009415
0.4077669897019838	0.2364719146925626	9.015090304468737
0.4029126178900036	0.24435431084946288	9.014348194483519
0.39805823895257836	0.2522367059532751	9.013681566931526
0.39320383542635545	0.2601190941765284	9.013065937268337
0.38834932159450636	0.2680014272760735	9.012494279393422
0.38349436074884347	0.27588353888882766	9.011968672171433
0.37863829220529716	0.28376498784141174	9.011485203528965
0.49514563106796133	0.11035356033767503	9.051429007553827
0.4902912621359224	0.11823595750465189	9.045856084580256
0.5097087378640774	0.1024711631706981	9.058177141488615
0.5048543689320388	0.11035356033767489	9.051393447486307
0.5242718446601938	0.09458876600372128	9.066940982260446
0.519417475728155	0.10247116317069804	9.058137073767703
0.5388349514563101	0.08670636883674461	9.077469208699222
0.5339805825242713	0.09458876600372135	9.06689600436903
0.5533980582524268	0.07882397166976797	9.090837939984056
0.5485436893203878	0.08670636883674471	9.077418059332816
0.5728155339805824	0.06305917733581445	9.133700339726742
0.5679611650485435	0.07094157450279125	9.109676649777798
0.5631067961165046	0.07882397166976804	9.090779926506029
0.5873786407766989	0.05517678016883765	9.164395544127204
0.58252427184466	0.06305917733581445	9.1336253335636
0.6019417475728154	0.04729438300186084	9.213256950094141
0.5970873786407765	0.05517678016883765	9.164317610080177
0.6165048543689319	0.039411985834884034	9.311780034596396
0.611650485436893	0.04729438300186084	9.213169235383754
0.6310679611650484	0.03152958866790723	9.508572836889053
0.6262135922330095	0.039411985834884034	9.311723996611704
0.645631067961165	0.023647191500930413	9.508297160134804
0.640776699029126	0.03152958866790722	9.508378839063228
0.6601941747572814	0.015764794333953596	9.44639897104127
0.6553398058252426	0.023647191500930396	9.508087262352303
0.6699029126213589	0.015764794333953586	9.446097358198957
0.10678789827101785	0.73424035111097	9.500671849077532
0.11164039988409503	0.7263590631322289	9.530635447919055
0.11649610043778158	0.7184752800738146	9.456868705866638
0.12135460812117287	0.7105900691889956	9.291976507443144
0.1262135922330098	0.7027056169981393	9.212435819830537
0.13106841658946722	0.6948250478133174	9.169224564456576
0.13592221471392918	0.6869472295491165	9.133345430560496
0.14077423386499618	0.6790700366277646	9.110119799373225
0.1456242301864766	0.671191040165057	9.09038568786739
0.15047441305374823	0.663309390699567	9.076371386853639
0.15532874361837962	0.6554234703902407	9.064805389597156
0.16016230762412811	0.6475546702054292	9.055921745330089
0.16498588107427126	0.6396939521592854	9.048641925621231
0.16980038506959375	0.6318239012056127	9.042415485238722
0.17462755299215468	0.6239336032380302	9.0375077302309
0.17949140187573268	0.6160429497409119	9.033366144672856
0.18437875988845978	0.6081633160977927	9.029752076474296
0.1892649277775058	0.600280875562428	9.026808312204947
0.1941885141105595	0.5923825510350903	9.024226069656669
0.19915212746271532	0.5844551187465108	9.022024562863322
0.2041713436257379	0.5764849560885452	9.020108856814282
0.20915611068256248	0.5686272823369031	9.01845835525255
0.21415305856481093	0.5609116696621304	9.017056110899496
0.2190493391530892	0.5532397174291701	9.015841822217837
0.22376592979111545	0.5455123081048296	9.014733912417404
0.228448755461515	0.5376917212726342	9.013774039708052
0.23297978390421767	0.5296078367131304	9.012866814754444
0.23754045774011062	0.5216407729293755	9.012111557725754
0.24288769385933012	0.514040324910086	9.011483608057281
0.2476315949832038	0.5057915718398216	9.010865278337088
0.2524382625048903	0.4970085671001312	9.010292330298597
0.25940226755269113	0.4820716227114106	9.009458681745516
0.2587584605340273	0.4900327499307838	9.009961383135161
0.2691615162602587	0.4682738376151575	9.008945574765164
0.26655910072078726	0.4781434079916731	9.009407657931519
0.275924379310269	0.4620087289374183	9.008820619839211
0.27691245894418104	0.4690353980179075	9.009172540503585
0.2840453904768938	0.4475763712326809	9.008439362649435
0.2837082454518391	0.45669920369486094	9.008776740877996
0.29222851992326476	0.43297395880555967	9.00818367124639
0.2921878525342572	0.4424258448890743	9.008454242591801
0.2999756619477207	0.42780573003476857	9.008228157884117
0.3074247228540766	0.4044121906480399	9.0079960086747
0.30749132134452906	0.4226758186349882	9.008278891164197
0.307544262580096	0.4139205456213086	9.008124912280797
0.3154141728035946	0.38973459976179087	9.008056744464149
0.3152909970027613	0.3995825639008104	9.008115198421104
0.323412979483513	0.37515962722166046	9.008215659787487
0.3233115075640159	0.3848697098556669	9.00820636755582
0.331387248604468	0.36065987394677257	9.008466578690458
0.3312725233363727	0.37039710080906624	9.008391808001269
0.3391893008440134	0.356247993012027	9.008663412878049
0.48543689320388367	0.1261183546716288	9.041028336507113
0.4805825242718445	0.13400075183860571	9.03712632601811
0.34626269769340007	0.35321606288337637	9.008833511437139
0.47572815533980556	0.1418831490055825	9.033834541875487
0.3502824636157865	0.3466325545505321	9.009000436567442
0.4708737864077663	0.14976554617255916	9.030901063925876
0.4660194174757271	0.15764794333953555	9.028482690529984
0.461165048543688	0.1655303405065115	9.026312727322832
0.3548890734786908	0.33877787591805675	9.009226797105503
0.3594986042612506	0.3309619436396314	9.009471936042516
0.45631067961165006	0.1734127376734873	9.024436957988
0.4514563106796125	0.18129513484046356	9.022782328228134
0.3642030920408237	0.32312836778839504	9.009753475757092
0.3689784310090469	0.3152666871043424	9.010064043342721
0.373795918521407	0.3073979482137827	9.01040021010139
0.37863905818932864	0.29952430937083235	9.01077146021359
0.3834934094512818	0.291645623674605	9.011174393446312
0.44660194174757484	0.18917753200743967	9.02133338655142
0.441747572815536	0.1970599291744161	9.020012288944129
0.436893203883498	0.204942326341394	9.01882746583876
0.43203883495145673	0.21282472350837203	9.017777401885782
0.42718446601923094	0.22070712067511378	9.016831496421295
0.42233009707440067	0.22858951783330742	9.015951966635162
0.4174757280007424	0.23647191492541816	9.015171179419637
0.4126213582445528	0.24435431179110945	9.014437364949485
0.40776698619736634	0.25223670826662264	9.013778918036342
0.402912605190579	0.2601191021689353	9.013171340243337
0.39805817827880546	0.2680014734503907	9.012607561276292
0.39320355190777945	0.2758837462795855	9.012089620667565
0.38834859357000084	0.2837654399723579	9.011613588496827
0.5000000000000001	0.11823595750465171	9.045826188073034
0.4951456310679614	0.12611835467162857	9.04100434315894
0.5145631067961164	0.11035356033767478	9.051358922437686
0.5097087378640777	0.11823595750465155	9.045797410984518
0.5291262135922326	0.10247116317069803	9.058097556552836
0.5242718446601939	0.11035356033767474	9.051325125105835
0.5436893203883487	0.09458876600372146	9.066850830830175
0.5388349514563099	0.10247116317069811	9.058058219296738
0.5582524271844657	0.0867063688367448	9.077365859946013
0.5533980582524266	0.09458876600372153	9.066805028590279
0.5776699029126212	0.07094157450279126	9.10961031869418
0.5728155339805824	0.07882397166976807	9.090719881562537
0.5679611650485435	0.08670636883674486	9.077312120797357
0.5922330097087377	0.06305917733581445	9.133546807528576
0.5873786407766989	0.07094157450279126	9.109540579592514
0.6067961165048542	0.05517678016883765	9.16423325069588
0.6019417475728154	0.06305917733581445	9.133464163901868
0.6213592233009707	0.04729438300186084	9.213074549228793
0.6165048543689319	0.05517678016883765	9.164142453406898
0.6359223300970873	0.039411985834884034	9.311663545812957
0.6310679611650484	0.04729438300186084	9.21297214865151
0.6504854368932037	0.031529588667907206	9.508167135522385
0.645631067961165	0.03941198583488402	9.311598412294495
0.6650485436893202	0.02364719150093038	9.507858657265926
0.6601941747572814	0.031529588667907185	9.507936844297204
0.6796116504854366	0.01576479433395358	9.445772189471738
0.6747572815533979	0.023647191500930375	9.50760913104299
0.6893203883495143	0.01576479433395358	9.445420400907354
0.11650254866936853	0.7342368760068769	9.493558131234353
0.12135655257483792	0.7263546316385535	9.519989350651414
0.1262113893455212	0.7184716841111981	9.456471860437782
0.13106693421967044	0.7105885289090138	9.290398692954831
0.1359221747425883	0.7027059927935512	9.211115988379762
0.140776566154136	0.6948245598721136	9.1683668062325
0.14563033349785542	0.6869438771818587	9.13287113453581
0.1504835158782118	0.6790630757455197	9.109932510114698
0.15533600988613364	0.6711819558404161	9.090412746968099
0.1601879641624309	0.6633014183871458	9.076545157020313
0.16503603442126777	0.6554240913757358	9.065088510317977
0.16987847864771602	0.6475508879638475	9.056261056419096
0.17471571340108558	0.6396768474057238	9.049007405954642
0.17955309738973493	0.631795965709607	9.042798211644415
0.18440191099751768	0.6239107732229794	9.037905852658993
0.18926374362532528	0.6160271831935406	9.033770194396546
0.1941327606627269	0.6081432212598029	9.030148835221231
0.19901052867140032	0.6002504006100695	9.027193055721684
0.20388271996244955	0.5923519684529858	9.02459899865054
0.20881454500510646	0.5844398422943735	9.022389223443442
0.21376001992625104	0.5765480720270945	9.020477870257913
0.21866919774852145	0.5687115914168936	9.018813459274787
0.2235613427663582	0.5609278852133169	9.017381038601032
0.22842821307452219	0.5531616701472755	9.016136232043062
0.23320328473036886	0.5453463035073617	9.015008529718877
0.2379174897996401	0.5374447543644073	9.01403086926367
0.24260073477905286	0.5294988657286727	9.013140477510973
0.24732314758523696	0.5215884562092606	9.012387519844852
0.2523822796046005	0.5135956336587401	9.011705997771033
0.25735047197678773	0.5053858898582737	9.01109362459185
0.26268484953179594	0.4971647602778478	9.010573766726933
0.26709670825357124	0.4881894405678994	9.010048024645252
0.2745400837715355	0.4756004355131874	9.009463109888172
0.2734012440607806	0.482468463927784	9.009842664816764
0.28096165486827485	0.47315097677799267	9.009477407904333
0.2839746605105672	0.4661430112457817	9.009195607904003
0.2901371976610826	0.46049922831014967	9.009084022232907
0.2925702301587357	0.45225199140345446	9.008801468683451
0.2989121628141772	0.44606695420694653	9.008722502564957
0.30120412667665697	0.43769900919775323	9.008510929864237
0.30799529258298813	0.43059265861689117	9.008467683649405
0.3128981076124441	0.4264225313843865	9.008471736125193
0.3151494643084056	0.4096083975388006	9.008221776162513
0.3156543519201492	0.4193292515178043	9.008384879158795
0.32311106275329976	0.39455328305480486	9.008238808314955
0.3228290408407344	0.40412212512974544	9.00831229179841
0.33121972127544713	0.380124901952637	9.008361763507779
0.3310581374834201	0.38978828805919646	9.00837308280772
0.3391025549846656	0.36574240049471246	9.008571871237969
0.33903174285061194	0.37541282410139665	9.008519989627738
0.3468187708201999	0.3611733949170743	9.008753403751427
0.49029126213592256	0.1340007518386055	9.03710841967363
0.4854368932038838	0.1418831490055825	9.033822989301227
0.35468764958790455	0.35560669962726676	9.008952026724451
0.48058252427184467	0.14976554617255947	9.030896075491441
0.35956293350570456	0.3468821043900385	9.009157692534247
0.4757281553398052	0.1576479433395363	9.028484455057454
0.4708737864077656	0.1655303405065128	9.026321470018011
0.466019417475726	0.17341273767348883	9.02445285043221
0.36440267024386697	0.33881212717500214	9.009386738933648
0.36913300156336853	0.3309376371732098	9.009630335145994
0.4611650485436868	0.18129513484046395	9.022805514618298
0.4563106796116491	0.1891775320074394	9.021364008959262
0.3738854606763315	0.3230956720034742	9.009907571083337
0.3786797455561197	0.3152485563742823	9.01021241019936
0.3835063401113609	0.30738962282944426	9.010542483153406
0.38835136707859075	0.29952069763785166	9.010907310786259
0.39320396510961614	0.29164509039292325	9.011303550435864
0.4514563106796124	0.19705992917441448	9.020050556700426
0.446601941747577	0.20494232634139017	9.018873469116185
0.4417475728155418	0.21282472350836681	9.017831215664271
0.4368932038834609	0.22070712067529083	9.016893174793394
0.43203883494839407	0.22858951784018064	9.016021527361533
0.4271844659802409	0.23647191498779588	9.015248593947375
0.42233009682145717	0.24435431206836555	9.014522593763926
0.4174757269609836	0.2522367090122915	9.013871859348997
0.41262135412157974	0.26011910509597874	9.013271880256505
0.40776696466858936	0.2680014931460993	9.012715546557343
0.40291249778833854	0.2758838429374412	9.012204863479328
0.3980580681566533	0.28376555101321693	9.011735884013321
0.5048543689320389	0.12611835467162832	9.040981501740731
0.5000000000000003	0.13400075183860516	9.037091643501585
0.5194174757281551	0.11823595750465143	9.045769496319833
0.5145631067961164	0.12611835467162816	9.040959609572182
0.5339805825242713	0.1103535603376748	9.051291751083768
0.5291262135922326	0.11823595750465138	9.045742187981363
0.5485436893203876	0.10247116317069828	9.05801864995067
0.5436893203883487	0.11035356033767495	9.051258463619794
0.5631067961165045	0.09458876600372162	9.066758153093792
0.5582524271844654	0.10247116317069838	9.05797846102408
0.58252427184466	0.07882397166976807	9.090657206583863
0.5776699029126212	0.08670636883674487	9.07725635772516
0.5728155339805823	0.09458876600372167	9.066709763474286
0.5970873786407765	0.07094157450279126	9.109466847263912
0.5922330097087377	0.07882397166976807	9.090591293918719
0.611650485436893	0.06305917733581445	9.13337634996684
0.6067961165048542	0.07094157450279126	9.109388472415306
0.6262135922330095	0.05517678016883765	9.164044615945913
0.6213592233009707	0.06305917733581445	9.13328220345273
0.640776699029126	0.04729438300186084	9.21286164959659
0.6359223300970872	0.05517678016883765	9.163938695967232
0.6553398058252426	0.039411985834884	9.311527424193999
0.6504854368932037	0.04729438300186081	9.212742577412412
0.6699029126213589	0.031529588667907164	9.507687175046804
0.6650485436893203	0.039411985834883964	9.311449252153276
0.6844660194174755	0.02364719150093036	9.507336406559835
0.6796116504854366	0.03152958866790715	9.507416302669375
0.6990291262135919	0.01576479433395357	9.445038675406742
0.6941747572815532	0.02364719150093036	9.507037860670865
0.7087378640776696	0.015764794333953572	9.444623268224817
0.12621316414713624	0.7342355280156821	9.487813237159928
0.13106749730450248	0.7263531335628574	9.510910006707704
0.1359220018043107	0.7184706217309488	9.456098565042803
0.14077656306158476	0.7105881004996872	9.288893568517354
0.14563101088666267	0.7027057120344592	9.209800127565826
0.15048528092888427	0.6948235477792557	9.16744434121438
0.15533942365893877	0.6869415356620753	9.132278941335628
0.16019340798002066	0.6790596344049273	9.109600955793562
0.1650468785028251	0.6711781892369793	9.090287108814087
0.16989942656746823	0.6632980108562333	9.07656570350624
0.174750225413264	0.6554195455870319	9.065212794067108
0.17959887502139152	0.6475414479900558	9.056452640968095
0.18444636109750498	0.6396613302429283	9.049245588805332
0.18929484603623337	0.6317785915460316	9.043070500249051
0.19414737427556425	0.6238952300736141	9.03820149369517
0.19900480151828906	0.6160124385589661	9.034078530617561
0.20386633804833088	0.6081267656372039	9.030462318007126
0.20873028298980856	0.6002338931467605	9.027507178368511
0.21359475447812704	0.5923490631952655	9.024915088298572
0.21849700844908984	0.5844551002554801	9.022704472188115
0.22339085637859424	0.5765835997760907	9.020789046569766
0.22824742615611146	0.5687319030285343	9.019111783510395
0.23310670750595694	0.5609049833810068	9.01766170354839
0.23793204456151842	0.5530684721972166	9.01639677208798
0.24274403256795504	0.54521117564023	9.015258273833687
0.24753118923558867	0.5373170623190977	9.014279065670697
0.2523123404095235	0.5293943118367642	9.013389249772162
0.2571356384482246	0.5214129553681143	9.01262579302769
0.2620851241767901	0.5133026712501361	9.011926350086426
0.26708717198152754	0.5052829525044814	9.011327424348467
0.27185712239178333	0.49706253939949907	9.010789132556404
0.2771416330140976	0.48952686464696843	9.010375761668955
0.28166869454391125	0.48088217091919155	9.009941709881488
0.2877123762881764	0.47409386814781385	9.009680763662034
0.2928840229970536	0.46698691769278716	9.009433038914038
0.297464099715328	0.45980489267689456	9.00921434280221
0.3016688186149608	0.45252380978637347	9.009007756933919
0.3069297860862755	0.445434115758077	9.008870590967105
0.31206197293008703	0.4375802647625768	9.008735480950689
0.31434056498649116	0.4313725976868741	9.008619110601588
0.3189461660708852	0.4268608195944688	9.008602454642139
0.3226916858240604	0.41331791119686223	9.008428447994506
0.3229154007717249	0.4211999806727616	9.008564309584116
0.33061894300552774	0.39923306911289086	9.008419311893492
0.32986839535240975	0.40848214120129767	9.008500704676656
0.33919025939557423	0.3851781521529936	9.008516510830413
0.3388973309066558	0.39477061222618565	9.00854470678046
0.34691575455716617	0.37056321403184994	9.008686102493472
0.34690365206456253	0.38028127391679556	9.008655816879811
0.35471966493237944	0.36569183324311577	9.008854567093357
0.4951456310679618	0.1418831490055821	9.033812493915642
0.490291262135923	0.14976554617255916	9.030892020502748
0.36146988052932294	0.3616912043857258	9.009006545610381
0.3647189009875014	0.354529835370108	9.009136052521598
0.48543689320388395	0.15764794333953627	9.028486976694737
0.3692979876586319	0.3465855551952035	9.009323996012442
0.4805825242718446	0.16553034050651338	9.026330749966567
0.47572815533980467	0.17341273767349027	9.024469009891314
0.4708737864077641	0.18129513484046653	9.022828704231195
0.3740405515038388	0.33870972377458664	9.009544055045154
0.3787860733427806	0.3308818842830881	9.009782509277
0.4660194174757239	0.1891775320074419	9.021394295642365
0.4611650485436841	0.1970599291744154	9.020088082665369
0.38356428391438385	0.32306452418183773	9.010054556566994
0.38837573087951127	0.31523240059561536	9.010353891705648
0.3932114055984864	0.3073815865147091	9.010678215028348
0.3980597809559703	0.29951735204258473	9.011036965244008
0.4029128602399686	0.2916443317375881	9.01142690748084
0.4563106796116488	0.20494232634138748	9.018918337060484
0.4514563106796139	0.2128247235083628	9.017883473989345
0.4466019417475717	0.2207071206753263	9.01695286112436
0.44174757281484167	0.22858951784182105	9.016088650498837
0.43689320387387687	0.23647191500394316	9.015323122052457
0.43203883488157396	0.2443543121470291	9.0146044862286
0.42718446568335783	0.25223670924493313	9.01396102140403
0.42233009555960804	0.2601191060758243	9.013368207234775
0.41747571997483646	0.26800150032404263	9.012818898297452
0.41262131719946127	0.27588388112030465	9.012315070274454
0.4077669982871163	0.28376552624057255	9.011852756965277
0.5097087378640778	0.13400075183860485	9.037075850405593
0.5048543689320392	0.14188314900558172	9.033802967285938
0.5242718446601938	0.12611835467162805	9.040938460645755
0.5194174757281552	0.13400075183860474	9.037060888238544
0.5388349514563099	0.11823595750465155	9.045715239459076
0.5339805825242712	0.12611835467162813	9.040917848213342
0.5533980582524265	0.11035356033767511	9.05122491330289
0.5485436893203874	0.11823595750465181	9.045688384063498
0.5679611650485433	0.10247116317069845	9.057937262194287
0.5631067961165043	0.11035356033767522	9.051190779160356
0.5873786407766989	0.08670636883674487	9.077198058516345
0.5825242718446599	0.09458876600372168	9.066659412938934
0.5776699029126211	0.10247116317069849	9.057894663436207
0.6019417475728154	0.07882397166976807	9.090521508338197
0.5970873786407765	0.08670636883674487	9.077136688007611
0.6165048543689319	0.07094157450279126	9.109304817439932
0.611650485436893	0.07882397166976807	9.090447213763568
0.6310679611650484	0.06305917733581445	9.1331807757035
0.6262135922330095	0.07094157450279126	9.10921518611954
0.645631067961165	0.05517678016883765	9.163823649443446
0.640776699029126	0.06305917733581444	9.1330712901415
0.6601941747572814	0.04729438300186078	9.212613610697874
0.6553398058252426	0.05517678016883759	9.163698884737963
0.6747572815533979	0.03941198583488395	9.31136290944855
0.669902912621359	0.04729438300186073	9.212473561438573
0.6893203883495143	0.03152958866790715	9.507121615342426
0.6844660194174755	0.039411985834883936	9.31126732649558
0.7038834951456309	0.023647191500930368	9.506710446778127
0.6990291262135919	0.031529588667907164	9.506800013425861
0.7184466019417473	0.015764794333953582	9.444169743937236
0.7135922330097085	0.023647191500930375	9.506350783943661
0.728155339805825	0.01576479433395359	9.443672801407233
0.13592233009708748	0.7342352056660464	9.483136690781224
0.14077669902912635	0.7263528084990697	9.503159219937759
0.1456310679611652	0.7184704113320928	9.45573594590512
0.15048543689320407	0.7105880141651161	9.287494643957809
0.15533980104635345	0.7027056210009922	9.208532311623157
0.16019414688042663	0.6948232431811375	9.16651911615565
0.16504847492641134	0.6869408802607909	9.131637854196178
0.16990269027508623	0.6790586472457402	9.109187220564563
0.17475644265710025	0.6711768412026445	9.090058266051697
0.17960967658059704	0.6632956763038057	9.076475309279806
0.1844627589999234	0.6554149627442468	9.065225694994888
0.18931546206646233	0.647533921457568	9.056539975890741
0.19416753694778366	0.6396518297174171	9.049388621455023
0.19901979781127857	0.6317689910973191	9.04325518589244
0.2038732031545084	0.6238860159404501	9.038415171463557
0.2087284006972504	0.6160029403250641	9.034311850135948
0.21358566732986117	0.6081185784531714	9.030708996294747
0.2184444275623975	0.600233798720305	9.027764021480339
0.22330448915235993	0.5923498916233403	9.025175472989654
0.22818303356019978	0.5844673607458047	9.022967676631609
0.23304881862724147	0.5765969171578144	9.021050110683923
0.23789350332199702	0.5687332769022431	9.019366761226435
0.24271955708353596	0.5608679338668261	9.017905191419437
0.2475611684527137	0.5530081279381098	9.0166333018644
0.25239595512862734	0.5451345424293897	9.015490113828164
0.2572256663293348	0.5372395175953653	9.014508404597668
0.26206050796056024	0.5293134527947572	9.013616350602852
0.2669214438915637	0.5213607922786063	9.01285315642046
0.2718615455143766	0.5133566624640212	9.012159931589418
0.2767094844466204	0.5053986267642429	9.011557692977318
0.281559489597132	0.4975819423619199	9.011046810749013
0.28634493057950783	0.4896778912437124	9.010588564012318
0.29130468410895227	0.48197703865747316	9.010217328752804
0.29670082074287346	0.474346067018591	9.009886836662206
0.30174585753278443	0.46694981660428614	9.009616673723146
0.3065396532319034	0.45956513976239616	9.009391283376248
0.31133782786287706	0.4520543163908828	9.00918676786821
0.316175653421816	0.4441737904096395	9.009014706657387
0.3204378417507488	0.43527108981702456	9.008837079544497
0.3272040767967453	0.42733314836684244	9.008772629356963
0.33096970440176315	0.41853285127658113	9.00866924889772
0.3379476054277151	0.4036856220090307	9.008599065011884
0.33720563850855306	0.4115609888246626	9.008680403215397
0.3462084310849247	0.40020153835794997	9.008715431422369
0.3482146021614764	0.39070674109424647	9.008693450329178
0.35491814169057756	0.3750775575180046	9.008810160216699
0.35496125749749935	0.3839688232888081	9.008798621995881
0.3635698281606829	0.3700970186739059	9.008976870356918
0.5000000000000007	0.14976554617255858	9.030888868729877
0.4951456310679622	0.15764794333953563	9.028490283965494
0.3691924751984733	0.3622518642434073	9.009130388307442
0.37410115452335235	0.35415389188489804	9.009293038328698
0.4902912621359236	0.16553034050651286	9.026340655630337
0.37895772241214754	0.346413235310998	9.009479894470301
0.48543689320388445	0.1734127376734902	9.024485589258814
0.4805825242718443	0.18129513484046755	9.022852053051757
0.47572815533980334	0.1891775320074445	9.02142451226437
0.38366922410783366	0.338598027080446	9.009694507527335
0.3884448576125808	0.3308270049925732	9.009928079468907
0.47087378640776145	0.19705992917442025	9.020125192141913
0.4660194174757201	0.20494232634139398	9.018962429863228
0.3932475368839095	0.32303753343538216	9.010195086009709
0.398072377951872	0.31521897607848204	9.010489178564534
0.402914641575613	0.3073752466664386	9.010808046502405
0.407766140246885	0.29951493535828005	9.011161070457467
0.4126207456961786	0.29164377825238547	9.011545103807265
0.46116504854367935	0.2128247235083648	9.017934590180927
0.45631067961164296	0.22070712067533446	9.017011013686739
0.4514563106794555	0.22858951784219803	9.016153834859983
0.4466019417452795	0.23647191500798706	9.015395299304481
0.4417475727977183	0.24435431216857498	9.014683609885779
0.4368932037919698	0.25223670931500125	9.014046998333006
0.4320388345131925	0.26011910638271574	9.01346093677998
0.42718446356187684	0.2680015026785798	9.012918248025143
0.42233008376806147	0.2758838946021814	9.012420882612881
0.41747563066313403	0.2837654896009609	9.011964852370532
0.5145631067961166	0.1418831490055814	9.03379431470116
0.5097087378640781	0.14976554617255816	9.030886580693677
0.5291262135922324	0.1340007518386047	9.037046601200215
0.5242718446601938	0.14188314900558124	9.033786437448255
0.5436893203883485	0.12611835467162838	9.040897573378837
0.5388349514563097	0.1340007518386049	9.037032834732818
0.5582524271844654	0.11823595750465198	9.04566131963754
0.5533980582524262	0.12611835467162866	9.040877439792853
0.5728155339805822	0.11035356033767528	9.051155731880916
0.5679611650485432	0.11823595750465206	9.045633782290592
0.5922330097087377	0.09458876600372168	9.066606641039868
0.5873786407766989	0.10247116317069849	9.057850270306725
0.5825242718446599	0.1103535603376753	9.051119440817857
0.6067961165048542	0.08670636883674487	9.077071690453936
0.6019417475728154	0.09458876600372168	9.066550976982244
0.6213592233009707	0.07882397166976807	9.090367782546524
0.6165048543689319	0.08670636883674487	9.07700249630259
0.6359223300970872	0.07094157450279126	9.109118817919684
0.6310679611650484	0.07882397166976807	9.090282568260976
0.6504854368932037	0.06305917733581443	9.132952802763482
0.645631067961165	0.07094157450279123	9.109014830125629
0.6650485436893203	0.05517678016883753	9.163562944894942
0.6601941747572816	0.06305917733581436	9.132824301825686
0.6796116504854367	0.0472943830018607	9.212321444389358
0.6747572815533979	0.0551767801688375	9.163413327965243
0.6941747572815532	0.03941198583488394	9.311161552457305
0.6893203883495143	0.04729438300186071	9.212155758631512
0.7087378640776696	0.031529588667907164	9.506447932020935
0.7038834951456309	0.03941198583488396	9.311044726497043
0.7233009708737862	0.023647191500930382	9.505955083408919
0.7184466019417473	0.03152958866790718	9.506061264824119
0.7378640776699027	0.015764794333953596	9.443126110557737
0.7330097087378639	0.023647191500930365	9.505519065025075
0.14563106796116518	0.7342352056660464	9.479319428866257
0.15048543689320404	0.7263528084990697	9.496542420299411
0.15533980582524287	0.7184704113320929	9.455383406907474
0.1601941747572817	0.7105880141651161	9.286213403343012
0.16504854368932054	0.7027056169981393	9.207341956498396
0.16990291262135937	0.6948232198311626	9.165617467870165
0.17475728155339812	0.6869408226641855	9.130982837675282
0.17961158914276254	0.6790584783811243	9.108730924069967
0.18446566026487868	0.671176308328525	9.089763842091143
0.18931949095652975	0.6632943470274674	9.076309544014878
0.19417344121998492	0.6554124118884074	9.065161383690649
0.1990276351996273	0.6475302856862025	9.05655208465452
0.2038816811923929	0.6396478560620884	9.049459818228792
0.2087354304196641	0.6317651958278185	9.043371127835314
0.2135893250213825	0.6238824348534857	9.038564071233639
0.21844384821165122	0.6159996229388875	9.034485250542367
0.2232991399893112	0.6081167910846468	9.030900436649768
0.22815533888228845	0.6002338467223929	9.027967880403772
0.2330119298636454	0.5923514221797074	9.025387647774403
0.2378679122967979	0.5844718178295857	9.023184924346664
0.2427220690630513	0.5765972977949219	9.021268530414163
0.2475713356906231	0.5687263550996705	9.019584718692004
0.25241495083965093	0.5608539986747957	9.018122162727009
0.25725844192556174	0.5529784780692826	9.016846837416125
0.26210367327722667	0.5450956762549218	9.015701392251449
0.2669502056935152	0.5371967363009177	9.014717928016672
0.27180723783689115	0.5292804773919132	9.013825822029743
0.2766875555650548	0.5213526406863602	9.013063455486039
0.2815806774021108	0.5134543613923706	9.012376576858001
0.28641191661872495	0.5055910584848523	9.011778340372826
0.29122920731818897	0.4977301069699851	9.01125881606889
0.29603917192487395	0.48991217975618573	9.01080357954262
0.3009597343399739	0.4820494420995839	9.010417624602026
0.30608469269354005	0.4743969220025902	9.010076905934186
0.3110831094490972	0.46684783910086614	9.009796120815095
0.31595364082775557	0.45922560798339385	9.009559918637981
0.3207711159449707	0.4514100446246784	9.009344191320572
0.32551934409610356	0.443294067776811	9.009165005247326
0.33088314319791134	0.4352177985529751	9.009031761354864
0.3359078305926453	0.42687720317376504	9.008924054551992
0.34098284805945056	0.41850446229225513	9.008852147273245
0.3453939098642499	0.4097242289761248	9.008803458249377
0.352289308299081	0.40447143648446254	9.008864377115941
0.35450782985036966	0.39785058935764955	9.008845434282707
0.35651324732404	0.3909986115081728	9.00883968644049
0.3627430469778742	0.37991174090094976	9.00893384953555
0.3614522416657321	0.38733879440079527	9.008911007636978
0.3705794816837501	0.3768848754969785	9.009068153842511
0.3740157102562398	0.3691609899394279	9.009152841674975
0.5048543689320397	0.157647943339535	9.02849439291859
0.5000000000000014	0.16553034050651189	9.02635125962616
0.37879599718594936	0.3613342762234226	9.009292036285963
0.3836405661190203	0.3537830902586494	9.00944624725125
0.49514563106796317	0.173412737673489	9.024502715798214
0.38848095814591604	0.3461733164100218	9.00962833470537
0.49029126213592455	0.18129513484046655	9.02287576014727
0.4854368932038851	0.18917753200744436	9.02145483655616
0.480582524271844	0.19705992917442225	9.020162196628947
0.3932962522038252	0.33850312536725263	9.009838356371043
0.398114912882041	0.3307850897029014	9.010067462014893
0.475728155339801	0.2049423263413993	9.019006087453489
0.4708737864077565	0.21282472350837403	9.017984945420396
0.40293851115052526	0.3230182072749488	9.010329723147374
0.407772446309151	0.3152106764643885	9.010618856753965
0.41261861854000975	0.3073726082894255	9.010932573060122
0.4174724583375307	0.2995145635753175	9.011280241493436
0.4223285657930634	0.2916438948063225	9.011658761514312
0.4660194174757121	0.2207071206753453	9.017068059589354
0.4611650485436358	0.2285895178422899	9.01621754654476
0.4563106796110961	0.2364719150089737	9.015465627983325
0.45145631067517505	0.24435431217428227	9.014760499297962
0.4466019417233626	0.2522367093353616	9.014130352119482
0.4417475726942515	0.26011910647410347	9.01355065382191
0.43689320317985564	0.26800150339463163	9.013014198785582
0.4320388309601944	0.2758838989814636	9.012522916593836
0.4271842010186417	0.28376554200692766	9.012072793411718
0.5194174757281553	0.1497655461725578	9.030885109975687
0.5145631067961168	0.15764794333953447	9.028499310228732
0.5339805825242708	0.14188314900558133	9.033779235526545
0.5291262135922321	0.14976554617255766	9.030884404687777
0.5485436893203873	0.13400075183860527	9.037019440227889
0.5436893203883483	0.14188314900558174	9.03377261799004
0.5631067961165042	0.1261183546716288	9.040857213451531
0.5582524271844652	0.13400075183860552	9.03700628473859
0.577669902912621	0.1182359575046521	9.045605502659482
0.572815533980582	0.12611835467162888	9.040836669035452
0.5970873786407765	0.10247116317069849	9.05780368232958
0.5922330097087377	0.1103535603376753	9.051081573777559
0.5873786407766989	0.1182359575046521	9.045576211851282
0.611650485436893	0.09458876600372168	9.066491941406946
0.6067961165048542	0.10247116317069849	9.057754494856054
0.6262135922330095	0.08670636883674487	9.076928523795162
0.6213592233009707	0.09458876600372168	9.066429045082323
0.6407766990291263	0.07882397166976805	9.090190877230656
0.6359223300970873	0.08670636883674487	9.076849170456283
0.6553398058252428	0.07094157450279119	9.108902229674882
0.6504854368932039	0.078823971669768	9.090091949531063
0.6699029126213593	0.06305917733581427	9.132685043773035
0.6650485436893203	0.07094157450279107	9.108780023455546
0.6844660194174753	0.05517678016883749	9.163248221307512
0.6796116504854367	0.06305917733581426	9.132534361120006
0.6990291262135919	0.04729438300186073	9.211974640768718
0.694174757281553	0.05517678016883749	9.163066716300234
0.7135922330097085	0.03941198583488397	9.310916111436384
0.7087378640776696	0.04729438300186076	9.21177602927301
0.728155339805825	0.03152958866790719	9.50563530996269
0.7233009708737862	0.039411985834883985	9.310774912618635
0.7475728155339804	0.01576479433395361	9.442522047309467
0.7427184466019415	0.023647191500930403	9.505037952528737
0.7378640776699027	0.031529588667907206	9.505164700424286
0.757281553398058	0.015764794333953613	9.441851576338221
0.15533980582524287	0.7342352056660464	9.476188974623112
0.1601941747572817	0.7263528084990697	9.490895728221679
0.16504854368932054	0.7184704113320928	9.455043697748339
0.16990291262135937	0.7105880141651161	9.285049959766324
0.17475728155339815	0.7027056169981393	9.206240144085442
0.179611650485437	0.6948232198311625	9.164755361904506
0.18446601941747587	0.6869408226641855	9.13033509128161
0.18932037605562232	0.679058433574195	9.108257755550019
0.194174685567181	0.6711760754459853	9.089432771327024
0.1990289459910274	0.6632937700510241	9.076094834071489
0.20388323689040433	0.6554114695683357	9.065042684453672
0.20873760360477642	0.6475291332414409	9.056508581207908
0.21359196158829338	0.6396467426221616	9.04947548171213
0.2184462398037128	0.6317642827122367	9.04343264601105
0.22330051604842338	0.6238817705748554	9.038660680963075
0.22815490743935082	0.6159992640225967	9.034609198115346
0.23300945242246043	0.6081167869963182	9.031044996506274
0.23786425304773426	0.6002342740868051	9.028127669070736
0.24271840449468263	0.592352525851323	9.025558888563213
0.24757075201266002	0.584472636501446	9.023363986486572
0.2524218285044411	0.5765948476033421	9.021452394897425
0.25727238618176457	0.5687182729673896	9.019771255190966
0.26212280921750786	0.5608416216925788	9.018310551913446
0.26697336289835694	0.5529618011336611	9.017036067684826
0.2718245874152149	0.5450750160993366	9.015890932803943
0.2766793596298792	0.5371794104025487	9.014908123469729
0.2815421292898241	0.5292781515387476	9.014017545934939
0.2864122994555627	0.5213853990525026	9.013257563360796
0.291272709534911	0.5135097641455563	9.012570735935777
0.2961262437798924	0.5056525958775053	9.011971279569122
0.3009514193363938	0.4977867812092547	9.01144981178136
0.3057965354621422	0.4899213543575332	9.010990063638985
0.3106425589780965	0.4820570824007338	9.010600854135907
0.3156595448221606	0.47436760785453624	9.010254333856125
0.32057922308018655	0.46665193046177217	9.0099629227145
0.32545967484016064	0.4588734914549963	9.00971949819698
0.33030299355159554	0.4509444803661888	9.009500929677499
0.33528339078048486	0.44296234392197453	9.009330674370615
0.3402560761003105	0.4349027039118828	9.009190241658636
0.3452086355489215	0.42674592404875833	9.009085081760908
0.34982060561964573	0.41862874179702464	9.009008194187244
0.3545561592274317	0.4113949140107551	9.008983364782766
0.3596650337792028	0.40446599665450333	9.008988771006676
0.3635998605794405	0.3951183161179715	9.00897866107512
0.36944379594980636	0.38669648018807445	9.009040666141802
0.3767297844539389	0.3813900938189637	9.009160084779731
0.3788328880701015	0.37519905824903116	9.009204291774177
0.38318686317619777	0.36828842383679894	9.009301410848183
0.5097087378640784	0.1655303405065111	9.026362623432995
0.5048543689320404	0.1734127376734879	9.024520503582695
0.3882895610167301	0.3609866537946746	9.009440075413748
0.39321408759293835	0.3535658362910345	9.00959179759362
0.5000000000000026	0.18129513484046475	9.022899989466113
0.3980918296791464	0.34605001488316894	9.009770197731141
0.4951456310679645	0.1891775320074421	9.021485505163115
0.49029126213592594	0.19705992917442028	9.020199305416213
0.48543689320388617	0.20494232634139894	9.019049641673169
0.40295012622736254	0.33844459300273994	9.009976131143054
0.40779647533548813	0.3307592297007411	9.01020114202668
0.48058252427184317	0.21282472350837775	9.018034898894781
0.4757281553397965	0.2207071206753551	9.017124399466185
0.41263415980307716	0.3230083642995877	9.010458965605308
0.41747441870544827	0.31520857274801767	9.010743478943924
0.42232403207218855	0.3073739186011806	9.01105240931963
0.4271799110809133	0.2995162578757764	9.011395107474575
0.43203699884383134	0.29164472746871123	9.011768498594256
0.4708737864077358	0.22858951784233056	9.016280224606136
0.46601941747556913	0.23647191500922815	9.015534582058308
0.46116504854257073	0.24435431217576975	9.014835660615917
0.45631067960537236	0.2522367093410927	9.014211616748312
0.4514563106470248	0.2601191065002585	9.013637916198435
0.44660194155375205	0.2680015036003424	9.013107328043974
0.44174757167295226	0.2758839003142955	9.012621764990982
0.43689288045649266	0.28376571916409404	9.012177184511264
0.5242718446601936	0.15764794333953416	9.02850503540516
0.5194174757281551	0.16553034050651064	9.026374800762085
0.5388349514563092	0.14976554617255813	9.030884406780038
0.5339805825242703	0.15764794333953436	9.028511561860427
0.5533980582524259	0.14188314900558216	9.033766430272253
0.5485436893203869	0.14976554617255866	9.030885047087489
0.5679611650485431	0.1340007518386057	9.036993223128313
0.5631067961165039	0.14188314900558244	9.033760593671817
0.5825242718446598	0.1261183546716289	9.040815600610381
0.577669902912621	0.1340007518386057	9.036980101568135
0.6019417475728154	0.1103535603376753	9.0510417978172
0.5970873786407765	0.1182359575046521	9.045545644859402
0.5922330097087376	0.1261183546716289	9.040793808885015
0.6165048543689319	0.10247116317069849	9.057702300668849
0.611650485436893	0.1103535603376753	9.050999780560984
0.6310679611650484	0.09458876600372168	9.066361784385021
0.6262135922330095	0.10247116317069847	9.057646689835877
0.6456310679611651	0.08670636883674483	9.076763806454155
0.6407766990291263	0.09458876600372167	9.066289636347271
0.6601941747572817	0.07882397166976789	9.08998499714764
0.655339805825243	0.08670636883674473	9.076671795158886
0.6747572815533979	0.07094157450279101	9.1086472987878
0.6699029126213593	0.0788239716697678	9.089869210856977
0.6893203883495143	0.06305917733581425	9.132370919552349
0.6844660194174753	0.070941574502791	9.108503251866908
0.7038834951456306	0.05517678016883753	9.16286805570793
0.6990291262135919	0.06305917733581429	9.132192911267088
0.7184466019417473	0.04729438300186078	9.211558089430987
0.7135922330097084	0.05517678016883757	9.162650858651476
0.733009708737864	0.03941198583488401	9.310620470991926
0.728155339805825	0.047294383001860806	9.2113189089156
0.7524271844660192	0.02364719150093042	9.504506525926239
0.7475728155339804	0.03152958866790723	9.50464330347195
0.7427184466019416	0.03941198583488403	9.310452250125573
0.7669902912621358	0.015764794333953613	9.441102815158091
0.762135922330097	0.02364719150093042	9.503919354831032
0.7766990291262135	0.015764794333953613	9.440258604379402
0.16504854368932054	0.7342352056660464	9.473590447416852
0.16990291262135937	0.7263528084990697	9.486074915727583
0.1747572815533982	0.7184704113320928	9.454718635458491
0.17961165048543704	0.7105880141651161	9.28399914557771
0.18446601941747587	0.7027056169981393	9.205229309569658
0.18932038834951478	0.6948232198311625	9.163943545149776
0.19417475728155364	0.6869408226641855	9.1297063598269
0.19902912621359262	0.6790584254972089	9.107784270864174
0.2038834951456315	0.6711760283302323	9.089085125649282
0.20873786391710472	0.6632936347801216	9.075850856965282
0.21359223300970942	0.6554112339962788	9.064886482872952
0.21844660194174814	0.6475288368293021	9.056423902618958
0.22330097087378684	0.6396464396623254	9.049448483606596
0.22815533980582525	0.6317640424953487	9.04345125145286
0.23300970873786375	0.6238816453283719	9.038715135602724
0.23786407766990214	0.6159992481613948	9.034692400152082
0.24271844660194045	0.6081168509944178	9.031150680121483
0.2475728155339787	0.6002344538274403	9.02825075572119
0.2524263818701793	0.592352596128158	9.025695514030888
0.25727881350765286	0.5844716428774984	9.023510665223982
0.2621309539064494	0.5765915277748411	9.021606456133158
0.26698376522166195	0.5687119380262362	9.019930720463584
0.27183707171754756	0.560832186959901	9.018473967573057
0.27669055953925054	0.5529504609780266	9.017202476124844
0.2815446140242836	0.5450647764203144	9.016059933395612
0.2864010600475983	0.5371759169408815	9.01507953415283
0.2912612186253618	0.5292910371613603	9.014191670512849
0.2961186373689247	0.5214119367621605	9.013433012516062
0.30097505890735016	0.5135342082708104	9.012745631987341
0.3058271063716913	0.5056681428918517	9.012144992151974
0.3106722784716712	0.4977976863634352	9.01162285959697
0.3155183331693041	0.48992658542349626	9.011162132200921
0.32038956689673703	0.48208552783887876	9.010773835952214
0.3252797009732312	0.47427532996950034	9.01041763094804
0.330165437165416	0.46646301852076455	9.01012097473573
0.3350496345484762	0.4586127195064613	9.00987453643303
0.33993323664320996	0.45068726642441037	9.009657277152646
0.3448255027114079	0.44272124211588426	9.009485776011099
0.34972152395610384	0.43475323729534887	9.00934638470227
0.3545629289653733	0.42680919582227356	9.009243056256837
0.35920820279764903	0.41906244959254935	9.009171404559035
0.3640982694659061	0.41149202187532935	9.009140864574057
0.3688612227741511	0.40365560086910635	9.009130600838091
0.3737116742335248	0.39562014573735993	9.009143804756674
0.37871789848751414	0.3884620379174044	9.009191059989922
0.3838649186028822	0.38161299547672484	9.009269866025095
0.3880435822503822	0.37517071925464224	9.0093449957674
0.39297124967177305	0.3680719461111761	9.009449358118273
0.5145631067961168	0.17341273767348722	9.024539056735435
0.5097087378640789	0.18129513484046367	9.022924894695494
0.39793090417919674	0.36082102101894925	9.009582846678638
0.40284923278089985	0.35345998369816867	9.009731244788883
0.5048543689320412	0.18917753200744036	9.02151671860228
0.40774392796929826	0.3459923773648305	9.009906154314578
0.5000000000000044	0.197059929174417	9.020236792686966
0.4951456310679669	0.20494232634139475	9.019093346922089
0.4902912621359287	0.212824723508374	9.018084792785823
0.4126221249134594	0.3384184109524991	9.01010836539046
0.41748342807915706	0.3307504060173872	9.010329606830394
0.485436893203888	0.22070712067535425	9.017180415653046
0.4805825242718391	0.22858951784233497	9.016342286363894
0.4223311090868909	0.32300836588129495	9.010583362953916
0.4271772406753401	0.315211754970464	9.010863664334254
0.4320306904162758	0.30737736514688146	9.011168218655648
0.4368884879238881	0.2995186406362153	9.011506321571034
0.44174600516635193	0.29164576656136193	9.01187493123926
0.4757281553397556	0.23647191500930118	9.015602612302482
0.47087378640746835	0.24435431217617407	9.014909576079917
0.46601941747409265	0.2522367093426973	9.014291302325189
0.4611650485350911	0.2601191065075368	9.013723258291732
0.45631067955985016	0.2680015036569055	9.013198190795435
0.451456310364605	0.27588390069923774	9.012717999784968
0.4466016882116539	0.2837659472877932	9.012278614548775
0.5291262135922317	0.16553034050651064	9.02638784086419
0.5242718446601932	0.173412737673487	9.02455847328203
0.5436893203883476	0.15764794333953502	9.028518872251835
0.5388349514563084	0.16553034050651128	9.026401791713726
0.5582524271844648	0.14976554617255908	9.030886281974064
0.5533980582524256	0.1576479433395356	9.028527048290885
0.572815533980582	0.14188314900558247	9.03375504120769
0.5679611650485429	0.14976554617255924	9.030888076858277
0.5873786407766988	0.1340007518386057	9.036966767994599
0.5825242718446598	0.14188314900558247	9.033749688391497
0.6067961165048542	0.1182359575046521	9.045513541566606
0.6019417475728154	0.12611835467162888	9.040771101313906
0.5970873786407765	0.1340007518386057	9.03695308235949
0.6213592233009707	0.1103535603376753	9.050955191391848
0.6165048543689319	0.11823595750465209	9.045479647903987
0.6359223300970874	0.10247116317069849	9.05758724852904
0.6310679611650484	0.11035356033767531	9.050907702842975
0.6504854368932041	0.09458876600372158	9.066212067673142
0.6456310679611652	0.10247116317069847	9.057523562159217
0.6650485436893206	0.08670636883674461	9.07657250136411
0.6601941747572818	0.09458876600372144	9.06612854683729
0.6796116504854366	0.07882397166976775	9.089743736857697
0.674757281553398	0.08670636883674453	9.076465285538005
0.694174757281553	0.07094157450279102	9.108347054731992
0.6893203883495143	0.07882397166976778	9.089607682255272
0.7087378640776696	0.06305917733581433	9.131998704477118
0.7038834951456306	0.0709415745027911	9.10817765572965
0.7233009708737862	0.05517678016883759	9.16241341579206
0.7184466019417473	0.06305917733581438	9.131786802746772
0.7378640776699027	0.04729438300186082	9.211056468884948
0.7330097087378639	0.05517678016883759	9.16215389127827
0.757281553398058	0.03152958866790723	9.504064122260365
0.7524271844660192	0.039411985834884034	9.3102698384714
0.7475728155339804	0.04729438300186083	9.210768674592744
0.7718446601941746	0.02364719150093042	9.503270890252963
0.7669902912621358	0.03152958866790723	9.50341927714912
0.7864077669902911	0.015764794333953613	9.439297008582068
0.7815533980582523	0.02364719150093042	9.502554967665121
0.7961165048543688	0.015764794333953613	9.438193954221985
0.1747572815533982	0.7342352056660464	9.471407851160398
0.17961165048543704	0.7263528084990697	9.481951860651625
0.18446601941747587	0.7184704113320928	9.454407096305106
0.18932038834951473	0.7105880141651161	9.283051792428958
0.19417475728155362	0.7027056169981393	9.204306627740054
0.1990291262135925	0.6948232198311625	9.16318649814273
0.2038834951456314	0.6869408226641857	9.129106034883078
0.20873786407767034	0.6790584254972091	9.107319773214705
0.21359223300970928	0.6711760283302323	9.0887331216569
0.21844660194174806	0.6632936311632557	9.075591835409854
0.22330097087378675	0.6554112339962789	9.064706120646193
0.22815533980582536	0.6475288368293023	9.056309971266744
0.23300970873786397	0.6396464396623253	9.04938971666777
0.2378640776699025	0.6317640424953483	9.043437020237763
0.24271844660194108	0.6238816453283714	9.03873652675093
0.2475728155339798	0.6159992481613944	9.034742973766312
0.25242718446601864	0.6081168509944171	9.031224728015681
0.25728148428416836	0.6002344979632122	9.028343539578039
0.26213552471671325	0.5923523108735305	9.025803309222683
0.2669892207268147	0.5844704675819171	9.023630185056918
0.27184285764509314	0.5765889301108307	9.021735201044507
0.2766966888235273	0.5687075797882922	9.020066672829659
0.28155073810582665	0.5608260716969403	9.018615569543622
0.28640504627869234	0.5529436908930966	9.017348643774225
0.2912597160519389	0.5450600226753611	9.016210067983208
0.2961151748861937	0.537176104556033	9.015232983528408
0.30097115123571033	0.5292937935799852	9.014347378665173
0.30582672132663885	0.5214140088293746	9.013589980304632
0.3106808211511103	0.5135379835855272	9.012903771865082
0.3155321088359618	0.5056638287346962	9.012303085158948
0.32038164714228734	0.4977889072181578	9.011781134024917
0.3252340914004431	0.48991851464929875	9.011320865145679
0.33009072038362663	0.4820560388027297	9.010930944056538
0.334949957689961	0.4741965256480809	9.010571700384126
0.33981714964743287	0.46633453187757695	9.01027275379023
0.3446927691140591	0.4584551839016216	9.010025119686562
0.34955959786933655	0.45053836665665237	9.009808117494957
0.35444794614656283	0.44264079881044116	9.00963848137445
0.3593170051880346	0.43475319000770213	9.009500167579192
0.36410746827315515	0.4269110568360126	9.009397118493252
0.368830172419059	0.41910598184337955	9.009324152803883
0.3737186434984004	0.41139937875247956	9.009290371365962
0.3785719089374327	0.4037133106708955	9.009281730555871
0.3834553642653627	0.39620919908825064	9.00929636785846
0.38835518516521383	0.3890258140270211	9.009337666281224
0.3930674292369558	0.38201358477120945	9.00940637269686
0.39771189968436704	0.37514439361717106	9.009486698175438
0.4026659772991705	0.3679970671036164	9.009589271832631
0.519417475728155	0.18129513484046333	9.02295062135016
0.5145631067961169	0.1891775320074394	9.021548668572434
0.4075987968664641	0.36075613595049444	9.00971960441389
0.4125154354391838	0.3534209801616443	9.009865124168186
0.5097087378640797	0.19705992917441542	9.02027489276614
0.4174190430787748	0.3459759503626494	9.010036868492262
0.5048543689320427	0.2049423263413919	9.019137507091857
0.5000000000000073	0.21282472350836795	9.01813492731106
0.49514563106797094	0.22070712067534637	9.017236448865502
0.42230678184849085	0.33841597806182994	9.010235712753628
0.42717544198456553	0.33075460890786074	9.010453528467544
0.49029126213593344	0.2285895178423276	9.01640413631357
0.4854368932038839	0.23647191500930828	9.015670152642672
0.4320302094718665	0.3230147250117066	9.010703614067536
0.4368822154225467	0.315217491333952	9.010980105238227
0.44173884982656864	0.3073811376577074	9.011280656742697
0.44659778902667013	0.2995206065789682	9.011614506881811
0.45145522398194887	0.2916465268121661	9.01197865465891
0.4805825242717774	0.24435431217627743	9.014982709064936
0.47572815533938223	0.2522367093431414	9.014369899389889
0.47087378640550925	0.2601191065095447	9.013807194758575
0.4660194174621513	0.26800150367198455	9.01328732271113
0.46116504845940137	0.27588390080579644	9.012812174598345
0.4563105466248409	0.2837661222771923	9.012377655274376
0.5339805825242695	0.17341273767348744	9.02457884883259
0.5291262135922309	0.18129513484046364	9.022977310799716
0.5485436893203861	0.1655303405065121	9.026416697545598
0.5436893203883466	0.17341273767348844	9.024600280770713
0.5631067961165038	0.15764794333953594	9.02853602295253
0.5582524271844646	0.1655303405065126	9.026432605023773
0.5776699029126209	0.14976554617255924	9.030890380315386
0.5728155339805819	0.15764794333953597	9.028545827507394
0.5922330097087376	0.1418831490055825	9.03374446048038
0.5873786407766987	0.14976554617255927	9.03089317484492
0.611650485436893	0.12611835467162888	9.040747293778393
0.6067961165048543	0.1340007518386057	9.03693892134771
0.6019417475728154	0.1418831490055825	9.033739288318344
0.6262135922330097	0.1182359575046521	9.045443718068382
0.6213592233009707	0.1261183546716289	9.040722215438722
0.6407766990291264	0.11035356033767535	9.050856993806994
0.6359223300970874	0.11823595750465216	9.045405518353462
0.6553398058252431	0.10247116317069832	9.05745522223346
0.6504854368932044	0.11035356033767524	9.050802754788824
0.6699029126213593	0.09458876600372133	9.066038543977273
0.6650485436893206	0.10247116317069811	9.05738183271154
0.6844660194174753	0.0867063688367445	9.076349493733565
0.6796116504854366	0.09458876600372125	9.06594153782735
0.6990291262135919	0.07882397166976783	9.089460142083205
0.694174757281553	0.08670636883674455	9.076224444049837
0.7135922330097085	0.07094157450279114	9.107993831007272
0.7087378640776696	0.07882397166976791	9.08930022941472
0.728155339805825	0.06305917733581441	9.131555660646724
0.7233009708737862	0.07094157450279119	9.107794353631308
0.7427184466019415	0.055176780168837626	9.161870307086945
0.7378640776699026	0.06305917733581444	9.131303642084502
0.762135922330097	0.039411985834884034	9.310072955902001
0.757281553398058	0.04729438300186084	9.210453362534237
0.7524271844660192	0.05517678016883765	9.161560564106587
0.7766990291262135	0.03152958866790723	9.50270007706535
0.7718446601941746	0.039411985834884034	9.309861518763897
0.79126213592233	0.02364719150093042	9.50176404965862
0.7864077669902911	0.03152958866790723	9.50189699824877
0.8058252427184465	0.015764794333953613	9.436925660861206
0.8009708737864076	0.02364719150093042	9.500888547499487
0.8155339805825241	0.015764794333953613	9.435470423465274
0.18446601941747587	0.7342352056660464	9.469550535183851
0.18932038834951473	0.7263528084990697	9.478416373744444
0.19417475728155356	0.7184704113320928	9.454107234904015
0.19902912621359248	0.7105880141651161	9.282197270586138
0.20388349514563134	0.7027056169981393	9.20346666035421
0.20873786407767023	0.6948232198311626	9.162484893115215
0.21359223300970911	0.6869408226641859	9.128539103588302
0.21844660194174803	0.6790584254972092	9.106870529460371
0.22330097087378675	0.6711760283302324	9.088384717673504
0.2281553398058255	0.6632936311632557	9.075327178397345
0.23300970873786409	0.6554112339962788	9.064512143382329
0.23786407766990278	0.6475288368293017	9.056176313372733
0.24271844660194142	0.6396464396623248	9.049307782145947
0.24757281553398022	0.6317640424953478	9.043397961983517
0.2524271844660191	0.6238816453283709	9.03873230994671
0.2572815533980581	0.6159992481613941	9.03476771187787
0.2621359223300975	0.608116850994417	9.031273222410116
0.2669902815450127	0.6002344598507093	9.02841142038185
0.2718446035109525	0.5923520917961999	9.02588714201764
0.27669885979674796	0.5844698093176376	9.023726893580097
0.28155310713588083	0.5765875830398689	9.021842389004242
0.28640738395850573	0.5687053998849183	9.020182364440041
0.29126170068827334	0.5608231702945242	9.018738180458472
0.29611609082771084	0.5529407591233442	9.017476971450725
0.3009705693797869	0.5450581595812419	9.01634320392212
0.3058251416436846	0.5371756158566116	9.01536996364974
0.310679889930832	0.5292937814343767	9.014487388143946
0.31553455042964057	0.5214135656923193	9.013732271268063
0.3203884137143639	0.5135350834232938	9.013047724153425
0.3252410357694957	0.5056570004467071	9.012448244796376
0.33009293749531876	0.497778732964859	9.011927264115592
0.33494470654908765	0.4899015029676714	9.011467503762036
0.33979564616103425	0.48202464499054415	9.011077290984195
0.34464769422725827	0.4741464493584078	9.010717600246045
0.34950742565508436	0.46626838223502376	9.0104183696345
0.35436790056595174	0.4583790266956925	9.010170352073041
0.359240500236959	0.45050095350464037	9.009955042811642
0.3641157603657386	0.442632923544729	9.009785764940824
0.36896739290895997	0.43477754594243945	9.009647533326449
0.3737637483838329	0.4269587950533087	9.009544192019325
0.37857928875863217	0.41919104746463876	9.009472303781306
0.3834208930865242	0.4114958273767984	9.009436532808968
0.3882665012108449	0.40391929080318384	9.0094270372238
0.39311138315102906	0.39652986140558605	9.009439591900533
0.39791411724753906	0.3893272055029509	9.009476720464844
0.40266478443087167	0.3822461386200666	9.009543018418036
0.4074296008249049	0.3751750123611801	9.009623271614354
0.4123542432839368	0.3679847458495238	9.009723444624015
0.5242718446601927	0.1891775320074396	9.021581540910566
0.5194174757281548	0.19705992917441537	9.020313834275546
0.4172788614891962	0.36074207124575564	9.009851134263672
0.4221981390421443	0.35341668351775796	9.009994164725756
0.5145631067961172	0.2049423263413909	9.019182389120443
0.427108857063768	0.34598023717941273	9.010163112600514
0.5097087378640807	0.2128247235083658	9.018185632645258
0.5048543689320449	0.22070712067533946	9.01729285558632
0.5000000000000132	0.22858951784231604	9.01646613210921
0.4320030900478801	0.3384239183635685	9.010358985353479
0.4368762362770499	0.3307629266541941	9.01057373295359
0.4951456310679765	0.23647191500929507	9.015737614587847
0.4902912621359284	0.2443543121762771	9.015055511584547
0.44173483557646315	0.32302215930478967	9.010820482891477
0.44659047909763466	0.31522333791711216	9.011093469995737
0.45144878740263544	0.3073847206201956	9.011390324193103
0.4563077827900508	0.2995221620159683	9.011720236382212
0.4611645733322504	0.29164692755601035	9.01208023646881
0.4854368932038036	0.25223670934323944	9.014447884851213
0.48058252427128406	0.2601191065100799	9.013890224961209
0.4757281553363077	0.26800150367592657	9.013375243717947
0.47087378638570954	0.27588390083432923	9.012904827633337
0.4660194121917037	0.2837661823607403	9.012474861818761
0.5388349514563072	0.18129513484046467	9.023005103669668
0.5339805825242683	0.1891775320074406	9.021615519443385
0.5533980582524248	0.17341273767348928	9.024622866048995
0.5485436893203851	0.1812951348404658	9.023034143196059
0.5679611650485429	0.16553034050651266	9.02644958269677
0.5631067961165036	0.1734127376734895	9.024646709234572
0.5825242718446598	0.15764794333953594	9.02855648327373
0.5776699029126209	0.1655303405065126	9.026467703784396
0.5970873786407765	0.1497655461725593	9.030896454861521
0.5922330097087376	0.15764794333953602	9.02856803145449
0.616504854368932	0.1340007518386057	9.036924178965897
0.611650485436893	0.14188314900558247	9.033734114894978
0.6067961165048543	0.14976554617255927	9.030900231647328
0.6310679611650484	0.12611835467162896	9.040695713767924
0.6262135922330095	0.13400075183860574	9.03690876779739
0.6456310679611653	0.1182359575046521	9.045364833093045
0.6407766990291264	0.126118354671629	9.040667660159826
0.660194174757282	0.11035356033767497	9.050744693436515
0.6553398058252432	0.11823595750465189	9.045321472172121
0.674757281553398	0.102471163170698	9.057303014572595
0.6699029126213594	0.1103535603376748	9.050682541704468
0.6893203883495143	0.09458876600372128	9.065837024937013
0.6844660194174753	0.102471163170698	9.057218414862563
0.7038834951456306	0.08670636883674464	9.076089456063025
0.6990291262135919	0.09458876600372135	9.065724517768736
0.7184466019417471	0.07882397166976797	9.089127027118378
0.7135922330097082	0.08670636883674473	9.075943884693913
0.7330097087378639	0.0709415745027912	9.107578014045409
0.7281553398058249	0.07882397166976801	9.08893959854302
0.7475728155339803	0.06305917733581445	9.131029047231216
0.7427184466019415	0.07094157450279126	9.107343611795242
0.7669902912621358	0.04729438300186084	9.210108308118095
0.762135922330097	0.05517678016883765	9.161222456915377
0.757281553398058	0.06305917733581445	9.130730138311604
0.7815533980582523	0.039411985834884034	9.309635813082004
0.7766990291262135	0.04729438300186084	9.209731237408873
0.7961165048543688	0.03152958866790723	9.500999494624578
0.79126213592233	0.039411985834884034	9.30939675649965
0.8106796116504853	0.02364719150093042	9.49991639250031
0.8058252427184465	0.03152958866790723	9.4999956910888
0.8252427184466019	0.015764794333953613	9.433808007364945
0.820388349514563	0.02364719150093042	9.498833206863877
0.8349514563106796	0.015764794333953613	9.431919492890442
0.19417475728155353	0.7342352056660464	9.467948573813258
0.19902912621359245	0.7263528084990697	9.47537663433556
0.2038834951456313	0.7184704113320928	9.453817454577527
0.20873786407767017	0.7105880141651162	9.281425216113517
0.2135922330097091	0.7027056169981394	9.202702898568516
0.2184466019417479	0.6948232198311626	9.161837507670901
0.22330097087378667	0.6869408226641859	9.128007665693898
0.2281553398058255	0.679058425497209	9.106441397624737
0.2330097087378642	0.6711760283302323	9.088044454876554
0.23786407766990292	0.6632936311632555	9.075063141812876
0.24271844660194167	0.6554112339962784	9.06431208920491
0.24757281553398044	0.6475288368293015	9.056030749990137
0.2524271844660193	0.6396464396623245	9.049209725246298
0.25728155339805825	0.6317640424953476	9.04334050772192
0.26213592233009736	0.6238816453283708	9.038708500803525
0.26699029126213647	0.615999248161394	9.034772161624476
0.27184466019417575	0.6081168509944173	9.031301194095716
0.276699029126215	0.6002344538274407	9.028458946081308
0.2815533980582544	0.5923520566604642	9.025951088282445
0.28640776225519515	0.5844696701194552	9.023804401329206
0.29126213592233346	0.5765872623265117	9.021931192138139
0.29611650469041506	0.5687048682288113	9.020280553682225
0.3009708737864122	0.5608224679925602	9.018844168816317
0.3058252427184518	0.5529400708255848	9.017589474614672
0.3106796126610915	0.5450576909334636	9.016461173058373
0.31553398523770954	0.537175356065645	9.01549242501064
0.32038839262274305	0.5292932702030441	9.014613586505392
0.3252428017676547	0.5214118172688559	9.013861415287513
0.3300969594349672	0.5135310746719749	9.013179279102372
0.3349505720722592	0.5056505455333422	9.012581782325144
0.33980370275199184	0.49776984869017865	9.012062419749737
0.3446565262758527	0.4898890912426272	9.011603979139968
0.3495087176220324	0.48200791697582407	9.01121468055449
0.3543609474546409	0.4741258561119777	9.010855828860036
0.3592159017505294	0.4662448016642721	9.010557167523075
0.36407550618180945	0.4583675474758146	9.01031009252763
0.3689402535059183	0.4504975330076413	9.010095254428355
0.37379954050418335	0.4426375292623914	9.00992593087244
0.3786379736512113	0.4347958273788615	9.009787675296183
0.38346112205357746	0.4269886030153653	9.009684515786468
0.3882857594813862	0.41923939769669444	9.009612460746489
0.39311305223741616	0.4115829698549458	9.00957587171299
0.3979377248071745	0.40406251468060056	9.009565233348212
0.402749821793587	0.3967014067572518	9.009575916155585
0.4075414002852327	0.38947903217608654	9.009610928217066
0.4123242593062301	0.3823376032918016	9.009675453340106
0.4171125870415486	0.37520844779383183	9.009754374552772
0.4220401031671841	0.36799573481550824	9.00985275437026
0.5291262135922298	0.1970599291744162	9.02035384230017
0.5242718446601918	0.2049423263413915	9.019228257823848
0.426966459165982	0.3607486622614333	9.00997821774677
0.4318923762166455	0.353426244190602	9.010119111850122
0.5194174757281548	0.21282472350836612	9.018237208047537
0.4368128284678409	0.3459928498131703	9.010285637631368
0.5145631067961185	0.22070712067534037	9.017349983707197
0.5097087378640829	0.22858951784231274	9.01652866695335
0.5048543689320482	0.2364719150092831	9.015805391706934
0.4417146128399651	0.3384364923814474	9.010478904056228
0.44658957843590646	0.3307720767629811	9.010690910938623
0.5000000000000154	0.2443543121762597	9.01512839530657
0.495145631067967	0.252236709343234	9.014525718339458
0.4514472655834207	0.32302862569317936	9.010934623279894
0.4563022321548409	0.31522830783982364	9.011204362516692
0.4611599587624949	0.3073876390151152	9.011497801095594
0.4660182547730598	0.29952317811269163	9.011824075742396
0.470874076752487	0.29164696778824256	9.012180231320885
0.4902912621358231	0.2601191065101861	9.013972840847286
0.48543689320304734	0.2680015036768996	9.013462463275745
0.4805825242662243	0.275883900841737	9.012996485614622
0.47572828511917337	0.2837661093615493	9.012570776004793
0.5436893203883452	0.18917753200744214	9.021650789387692
0.5388349514563056	0.19705992917441797	9.020395142139362
0.5582524271844641	0.1812951348404663	9.023064578277163
0.553398058252424	0.18917753200744314	9.021687540889209
0.5728155339805819	0.1734127376734893	9.024671928574689
0.5679611650485428	0.18129513484046608	9.023096567387812
0.5873786407766987	0.16553034050651266	9.026487055804724
0.5825242718446596	0.17341273767348928	9.024698656222183
0.6019417475728155	0.15764794333953605	9.028580531562765
0.5970873786407765	0.16553034050651275	9.026507746555113
0.6213592233009706	0.14188314900558244	9.033728900892354
0.6165048543689319	0.14976554617255924	9.030904537872544
0.611650485436893	0.157647943339536	9.02859406669147
0.6359223300970874	0.13400075183860585	9.036892620896923
0.6310679611650483	0.1418831490055827	9.033723629128097
0.6504854368932045	0.12611835467162882	9.040637955868375
0.6456310679611654	0.1340007518386058	9.036875695603934
0.6650485436893208	0.11823595750465161	9.045275279766232
0.6601941747572823	0.1261183546716285	9.040606538066532
0.6796116504854366	0.11035356033767471	9.050616064849407
0.6747572815533981	0.11823595750465138	9.04522614630851
0.6941747572815529	0.10247116317069806	9.057127721222612
0.6893203883495139	0.11035356033767474	9.050545074508314
0.7087378640776693	0.09458876600372146	9.065603550169556
0.7038834951456305	0.10247116317069815	9.057030674698773
0.7233009708737859	0.08670636883674482	9.0757871304195
0.718446601941747	0.0945887660037216	9.065473702602814
0.7378640776699026	0.07882397166976807	9.088737030667957
0.7330097087378639	0.08670636883674487	9.075618661182586
0.7524271844660192	0.07094157450279126	9.107089973267138
0.7475728155339803	0.07882397166976807	9.088518467261386
0.7718446601941746	0.05517678016883765	9.160853695665613
0.7669902912621358	0.06305917733581445	9.130405184169616
0.762135922330097	0.07094157450279126	9.106815986015965
0.7864077669902911	0.04729438300186084	9.209319888595104
0.7815533980582523	0.05517678016883765	9.160451938096164
0.8009708737864076	0.039411985834884034	9.309146202361058
0.7961165048543688	0.04729438300186084	9.208872100608867
0.8155339805825242	0.03152958866790723	9.498871918871425
0.8106796116504854	0.039411985834884034	9.308887268492471
0.8300970873786406	0.02364719150093042	9.49762164650947
0.8252427184466019	0.03152958866790723	9.497612002707292
0.8446601941747572	0.015764794333953613	9.42978146051348
0.8398058252427184	0.02364719150093042	9.496258653293866
0.8543689320388349	0.015764794333953613	9.42737391482659
0.20388349514563123	0.7342352056660464	9.466552133236265
0.20873786407767014	0.7263528084990696	9.472753778872528
0.213592233009709	0.7184704113320929	9.453536604475472
0.2184466019417479	0.7105880141651162	9.28072647107402
0.22330097087378667	0.7027056169981393	9.20200882171195
0.22815533980582547	0.6948232198311626	9.161241965745349
0.2330097087378642	0.6869408226641859	9.127512186674705
0.23786407766990303	0.679058425497209	9.106034942468328
0.24271844660194175	0.671176028330232	9.08771651636441
0.24757281553398056	0.6632936311632552	9.07480339920018
0.25242718446601947	0.6554112339962783	9.064110878343735
0.2572815533980583	0.6475288368293014	9.055879153029643
0.26213592233009725	0.6396464396623244	9.04910122625845
0.2669902912621363	0.6317640424953476	9.043269782300259
0.2718446601941754	0.6238816453283709	9.038669867445657
0.2766990291262146	0.6159992481613942	9.034760813832337
0.2815533980582538	0.6081168509944176	9.031312793195779
0.286407766990293	0.6002344538274411	9.028489880878041
0.29126213592233224	0.5923520566604648	9.025998517642245
0.29611650485437147	0.5844696594934885	9.023865692669013
0.3009708737864106	0.5765872623265126	9.022004227662277
0.3058252427184494	0.5687048651595367	9.020363511818916
0.31067961165048813	0.560822467992561	9.018935509621473
0.31553398058252696	0.5529400708255859	9.01768791841672
0.32038835005355076	0.5450576828718662	9.016565652144257
0.32524272024963774	0.5371753073121704	9.015601988526965
0.3300970916968063	0.5292929774636006	9.014727487319705
0.3349514530914521	0.5214107697000369	9.013978913148714
0.33980574161548954	0.5135287549943758	9.013299834495777
0.3446598576448215	0.5056468750414589	9.012704923331617
0.3495138263901379	0.49776501208620433	9.012187769376512
0.35436777503667966	0.48988312173088905	9.011731243349002
0.3592214878517133	0.48200127380337093	9.011343507322792
0.364074737024908	0.47411963808515317	9.010986082305775
0.36892772497027243	0.46623910085184334	9.010688511504123
0.3737826279037446	0.4583627376216832	9.010442185933075
0.3786405514137579	0.4504943301312798	9.010227967113481
0.38349486178359476	0.44263801051223844	9.010058995481069
0.38833478161616597	0.4348011569243395	9.009921086816194
0.39316185565772965	0.4270020344596785	9.009818057616181
0.3979825418406999	0.4192691765368261	9.009745950340296
0.4027982956269485	0.4116387692458587	9.009708824294078
0.40760684707296774	0.40414195323948343	9.00969727411798
0.41240662161714803	0.39678670739880245	9.009706711671923
0.4172015269024471	0.38954968616850705	9.009740425742256
0.42199859133664835	0.3823846413387069	9.0098034596123
0.4268004951801357	0.37524315597252106	9.009881128401458
0.43172853500025976	0.3680099474298519	9.009977964159484
0.5339805825242663	0.20494232634139323	9.01927537661517
0.529126213592228	0.21282472350836776	9.018289953778172
0.4366600585738176	0.3607588741157528	9.010101558313707
0.44159471919668397	0.35343677449598926	9.010240643129093
0.5242718446601909	0.22070712067534173	9.017408165522882
0.44652474347160687	0.3460030769164857	9.010405098263766
0.5194174757281548	0.22858951784231432	9.016592108965542
0.5145631067961188	0.23647191500928588	9.015873899285339
0.5097087378640834	0.24435431217625414	9.015201801195682
0.4514349915340703	0.3384469025846704	9.010596082942035
0.45631238092952975	0.3307809352230025	9.010805619131022
0.5048543689320469	0.2522367093432133	9.014603832927781
0.49999999999999717	0.2601191065101829	9.014055495643051
0.46116642796502405	0.32303400646551633	9.011046596521183
0.466017371081718	0.3152316674005539	9.01131337089752
0.470872083525262	0.3073889908829083	9.01160367806933
0.47572872258856697	0.29952312393619007	9.011926594610147
0.4805834997597571	0.2916465842176635	9.012279186447318
0.49514563106779663	0.26800150367709336	9.013549482604185
0.4902912621345768	0.2758839008435546	9.013087672725048
0.4854371409610588	0.283765949535088	9.012665929853902
0.5485436893203836	0.19705992917441975	9.02043796283418
0.543689320388343	0.20494232634139578	9.019324011309054
0.5631067961165033	0.18917753200744306	9.021725972451963
0.5582524271844634	0.19705992917442025	9.020482540769313
0.5776699029126207	0.18129513484046578	9.023130284054497
0.5728155339805815	0.18917753200744236	9.021766295278267
0.5922330097087374	0.1734127376734894	9.02472704228957
0.5873786407766981	0.18129513484046578	9.023165918959032
0.6067961165048543	0.16553034050651272	9.026529907144772
0.6019417475728154	0.17341273767348941	9.024757260155603
0.6262135922330093	0.1497655461725594	9.03090943616759
0.6213592233009705	0.15764794333953594	9.028608747936206
0.6165048543689319	0.16553034050651266	9.026553697421631
0.6407766990291265	0.1418831490055828	9.033718312294878
0.6359223300970872	0.14976554617255966	9.030915027212904
0.6553398058252435	0.13400075183860546	9.03685798070268
0.6504854368932048	0.14188314900558252	9.033713003949494
0.6699029126213597	0.12611835467162819	9.040573385736069
0.6650485436893211	0.13400075183860502	9.036839506336742
0.6844660194174753	0.11823595750465138	9.04517402366096
0.6796116504854367	0.12611835467162805	9.040538523353419
0.6990291262135915	0.11035356033767486	9.050469448243637
0.6941747572815525	0.1182359575046515	9.045118936479689
0.7135922330097082	0.10247116317069829	9.056927086818147
0.7087378640776691	0.110353560337675	9.050389151918173
0.7281553398058248	0.09458876600372168	9.065334635139257
0.7233009708737859	0.10247116317069842	9.056816873227307
0.7427184466019415	0.08670636883674487	9.07543804285091
0.7378640776699026	0.09458876600372168	9.065186124209776
0.757281553398058	0.07882397166976807	9.088283154173626
0.7524271844660192	0.08670636883674487	9.075244984763081
0.7766990291262135	0.06305917733581445	9.130052527147454
0.7718446601941746	0.07094157450279126	9.106520645185716
0.7669902912621358	0.07882397166976807	9.088030502393073
0.79126213592233	0.05517678016883765	9.160014847688993
0.7864077669902911	0.06305917733581445	9.129670674597547
0.8058252427184466	0.04729438300186084	9.20838590771862
0.8009708737864076	0.05517678016883765	9.159540177514218
0.820388349514563	0.039411985834884034	9.308624641855474
0.815533980582524	0.04729438300186084	9.207859622655725
0.8349514563106796	0.03152958866790723	9.4961959741167
0.8300970873786406	0.039411985834884034	9.308364812494203
0.8495145631067961	0.02364719150093042	9.494716423493754
0.8446601941747572	0.03152958866790723	9.494599054336875
0.8640776699029126	0.015764794333953613	9.42467267689598
0.8592233009708736	0.02364719150093042	9.492964369013118
0.8737864077669902	0.015764794333953613	9.421643055874512
0.21359223300970892	0.7342352056660464	9.46531879546791
0.2184466019417478	0.7263528084990697	9.470484202654362
0.22330097087378664	0.7184704113320929	9.453265021373717
0.22815533980582547	0.7105880141651161	9.280093286475305
0.23300970873786422	0.7027056169981393	9.201378251156205
0.23786407766990303	0.6948232198311626	9.16069528765469
0.24271844660194186	0.6869408226641857	9.127052074953776
0.2475728155339806	0.6790584254972089	9.105652363996247
0.25242718446601947	0.6711760283302319	9.087403347199865
0.25728155339805836	0.6632936311632551	9.074550880040855
0.26213592233009725	0.6554112339962783	9.063911721062448
0.26699029126213625	0.6475288368293013	9.055725443364642
0.27184466019417525	0.6396464396623245	9.048986840125052
0.2766990291262143	0.6317640424953478	9.04318993231419
0.28155339805825336	0.6238816453283711	9.038620209806352
0.2864077669902925	0.6159992481613944	9.034737269357821
0.2912621359223316	0.6081168509944178	9.031311418716387
0.2961165048543707	0.6002344538274414	9.02850736248831
0.3009708737864097	0.5923520566604652	9.026032291184677
0.3058252427184486	0.5844696594934891	9.023913354911434
0.3106796116504872	0.5765872623265131	9.022063803107555
0.31553398058252546	0.568704865159537	9.020433291066928
0.32038834951456324	0.5608224679925611	9.019014032350514
0.32524271844660024	0.5529400708255859	9.017773959300657
0.3300970874941341	0.5450576756328785	9.016658174587162
0.3349514563106677	0.5371752764916328	9.015700065466431
0.3398058252427023	0.529292879324651	9.014830391859201
0.34466019251588004	0.5214104883921216	9.014085943749853
0.3495145468690248	0.5135281224783506	9.013410456025822
0.35436886728054456	0.5056457908565023	9.01281863420069
0.3592231580374523	0.49776347940998233	9.012304148717737
0.36407746291900445	0.4898811744321616	9.011849959722225
0.3689315957870583	0.48199910618088776	9.011464181192423
0.37378510765301537	0.47411768696090545	9.011108521077118
0.37863774401150224	0.4662372560908589	9.01081237833215
0.3834917744352684	0.4583605371447385	9.010567162709988
0.3883473639285771	0.450491612895273	9.010353885374434
0.39319796745471	0.4426351182250497	9.010185529112546
0.39803643200874445	0.4348008829834728	9.010048197305345
0.4028618833076673	0.42700820034831666	9.009945513754316
0.40767815187214523	0.41928656676289316	9.009873590831306
0.412486317556235	0.41166960186512536	9.00983620941848
0.41728573618060444	0.40418228350299285	9.009824091233165
0.4220799118470359	0.3968279827804129	9.009832759295039
0.42687648736298356	0.389584547716801	9.009865612432987
0.4316807822827459	0.38241020527208	9.00992747534061
0.43649768777303805	0.37524871514943536	9.010004252390177
0.4414237206671532	0.3680150303733527	9.010099771023347
0.5388349514563026	0.2128247235083709	9.018344170630813
0.5339805825242632	0.22070712067534484	9.017467735191394
0.4463584930216317	0.3607652172488173	9.010221773909
0.45130008030654073	0.3534423525507912	9.010359336810561
0.5291262135922252	0.2285895178423175	9.016656822722098
0.45623732508081005	0.34600708086090065	9.010522035899328
0.524271844660189	0.23647191500928924	9.015943529613708
0.5194174757281532	0.24435431217625833	9.01527615597915
0.5145631067961162	0.2522367093432251	9.014682695863963
0.46115190344206275	0.33844900432648006	9.010711059036305
0.4660329183582134	0.33078363228611835	9.010918417669403
0.5097087378640771	0.2601191065101823	9.014138668239417
0.5048543689320105	0.2680015036771309	9.013636764218928
0.47088633387903794	0.32303570462726916	9.011156969001817
0.4757332395100473	0.31523141864958937	9.011421088061873
0.4805843268056473	0.30738789828907537	9.011708535933648
0.48543885096224654	0.2995220385159104	9.012028340908438
0.490292599993281	0.2916459665966102	9.01237764201847
0.4999999999997005	0.2758839008439642	9.01317887187862
0.4951459382898396	0.28376580426250014	9.012760853986295
0.5533980582524228	0.20494232634139728	9.0193744337345
0.5485436893203812	0.21282472350837367	9.018400164080619
0.5679611650485427	0.19705992917441936	9.020529123479237
0.563106796116503	0.20494232634139645	9.019426925489975
0.5825242718446593	0.1891775320074418	9.021808737423797
0.5776699029126202	0.19705992917441836	9.020577973716064
0.5970873786407762	0.18129513484046603	9.023203684650019
0.5922330097087368	0.18917753200744247	9.021853547523767
0.611650485436893	0.17341273767348933	9.024789510884611
0.6067961165048542	0.181295134840466	9.023243820497301
0.6310679611650482	0.15764794333953636	9.028624720162805
0.6262135922330091	0.16553034050651297	9.026579311525156
0.6213592233009703	0.1734127376734894	9.02482402893864
0.6456310679611659	0.14976554617255963	9.030921454990562
0.6407766990291266	0.1576479433395367	9.028642169830933
0.6601941747572826	0.141883149005582	9.03370781052197
0.6553398058252441	0.1497655461725591	9.030928912088575
0.6747572815533982	0.13400075183860471	9.036820350870187
0.6699029126213598	0.14188314900558144	9.033702907615705
0.6893203883495138	0.1261183546716281	9.04050201852012
0.6844660194174752	0.13400075183860463	9.036800640442408
0.7038834951456301	0.11823595750465167	9.045060984279806
0.6990291262135911	0.12611835467162827	9.04046399426065
0.7184466019417469	0.11035356033767517	9.050304265450137
0.7135922330097079	0.11823595750465186	9.045000338553537
0.7330097087378635	0.10247116317069847	9.056700098390243
0.7281553398058248	0.11035356033767527	9.050214996934406
0.7475728155339803	0.09458876600372168	9.065028113957068
0.7427184466019413	0.10247116317069849	9.056577022257173
0.762135922330097	0.08670636883674487	9.075039404872596
0.757281553398058	0.09458876600372168	9.064860782273412
0.7815533980582523	0.07094157450279126	9.10620311131345
0.7766990291262135	0.07882397166976807	9.087760184435453
0.7718446601941746	0.08670636883674487	9.07482152595609
0.7961165048543688	0.06305917733581445	9.129258421414649
0.79126213592233	0.07094157450279126	9.10586277849781
0.8106796116504853	0.05517678016883765	9.159025862916018
0.8058252427184465	0.06305917733581445	9.128815021836424
0.8252427184466018	0.04729438300186084	9.207291839632068
0.820388349514563	0.05517678016883765	9.158470107730844
0.8398058250510158	0.03941197370173599	9.308116591112759
0.8349514647434967	0.047294305717456346	9.20668225712506
0.8543689320388349	0.03152958866790723	9.492791849712097
0.8495145622121849	0.03941192921352649	9.307891597190455
0.8689320388349513	0.02364719150093042	9.490969102119022
0.8640776890064878	0.031529586464135555	9.490740245732503
0.883495145631068	0.015764794333953613	9.418231885055809
0.878640776699029	0.02364719150093042	9.488694219795882
0.8932041567940466	0.01576467277802537	9.414341111547165
0.2233009708737866	0.7342352056660465	9.464221075521216
0.22815533980582547	0.7263528084990697	9.468515685828349
0.23300970873786428	0.7184704113320928	9.453003956728208
0.2378640776699031	0.7105880141651161	9.279519214568646
0.24271844660194186	0.7027056169981393	9.200805481269166
0.2475728155339807	0.6948232198311625	9.16019423321737
0.2524271844660195	0.6869408226641855	9.126626042573792
0.25728155339805836	0.6790584254972086	9.105293984776432
0.26213592233009725	0.6711760283302319	9.087106282935837
0.26699029126213614	0.6632936311632551	9.07430785860771
0.27184466019417514	0.6554112339962783	9.063716609142793
0.2766990291262141	0.6475288368293014	9.055572264921407
0.281553398058253	0.6396464396623247	9.048869775617677
0.2864077669902921	0.631764042495348	9.04310434839533
0.29126213592233113	0.6238816453283714	9.038562605140045
0.29611650485437013	0.6159992481613948	9.034704402864955
0.30097087378640913	0.6081168509944183	9.031299829777558
0.3058252427184479	0.6002344538274419	9.028513989526077
0.3106796116504867	0.5923520566604656	9.026054814594064
0.3155339805825251	0.5844696594934894	9.023949600697682
0.32038834951456324	0.5765872623265131	9.022111952653857
0.3252427184466011	0.5687048651595366	9.020491752695166
0.330097087378638	0.56082246799256	9.019081436566807
0.334951456310675	0.552940070825583	9.017849147188228
0.33980582524271236	0.5450576736586049	9.01674015227639
0.34466019417475086	0.5371752764916256	9.015787945893164
0.3495145631067924	0.5292928793246455	9.014923464040676
0.35436893203883785	0.5214104821576666	9.01418353221685
0.3592233009708857	0.5135280849906905	9.013512034469258
0.3640776699029327	0.5056456878237191	9.012923697452665
0.36893203883497344	0.49776329065675234	9.012412266537384
0.3737864077670023	0.48988089348978714	9.01196077716118
0.3786406333251062	0.4819986422035041	9.011577308240403
0.3834943723244728	0.4741168151467862	9.011223710307563
0.38834758174348444	0.4662360719232265	9.010929325021051
0.39320139718732666	0.4583585570201214	9.010685546239323
0.39805522385665776	0.4504883054680991	9.010473515826545
0.4029031274334409	0.44263119572827775	9.010306103555275
0.40773909690637344	0.4347983055537867	9.010169613343038
0.412563130861964	0.4270099492657055	9.010067548804136
0.4173771553107049	0.41929501733187874	9.009996083640997
0.42218054792667403	0.41168478573306366	9.00995874318061
0.4269734146533577	0.40420211745199586	9.009946397079348
0.43176250541152555	0.39684897646526	9.009954657895038
0.43655852388431177	0.38960261958846926	9.009986979087584
0.44137031068870386	0.3824188463947533	9.0100480485917
0.4461976350713199	0.37524016843780605	9.010124182873431
0.4511265790982956	0.3680135783427916	9.010218732912193
0.5436893203883393	0.22070712067534906	9.017529029620235
0.5388349514562977	0.22858951784232284	9.016723175430796
0.4560607628730579	0.36076730116003364	9.01033942101459
0.4610047775632482	0.35344286726983465	9.01047572394876
0.5339805825242576	0.23647191500929476	9.016014677628602
0.46594418440927027	0.3460039888098281	9.010636962117772
0.52912621359222	0.24435431217626427	9.015351879620013
0.5242718446601847	0.252236709343232	9.014762750802314
0.5194174757281486	0.2601191065101941	9.014222833904697
0.4708604142070008	0.3384435812967735	9.010824336412172
0.4757433954933021	0.3307770879533203	9.011029856399325
0.5145631067961062	0.2680015036771513	9.013724817994062
0.5097087378639967	0.27588390084407083	9.013270593750674
0.48059990727157537	0.32302990791357394	9.01126632455808
0.4854460880561677	0.3152258284004545	9.01152808828431
0.4902949473005244	0.307383941921674	9.011812939800024
0.4951480195487033	0.299520141629797	9.012129862052147
0.5000012585351732	0.29164536438998784	9.012476086536028
0.5048546478937092	0.2837657247592545	9.012856028507391
0.5582524271844628	0.21282472350837392	9.018458247929376
0.5533980582524207	0.22070712067535114	9.017592392577036
0.5728155339805815	0.20494232634139473	9.019481781818472
0.5679611650485427	0.2128247235083717	9.018518748126361
0.5873786407766973	0.1970599291744185	9.020629373653394
0.5825242718446584	0.20494232634139348	9.01953931569645
0.6019417475728153	0.18917753200744267	9.021900999517216
0.597087378640776	0.19705992917441914	9.02068362914459
0.6165048543689315	0.18129513484046597	9.023286597816496
0.6116504854368928	0.18917753200744247	9.021951397756967
0.6359223300970872	0.16553034050651358	9.026606984167854
0.6310679611650477	0.1734127376734902	9.024861088497387
0.6262135922330084	0.18129513484046655	9.023332325844017
0.6504854368932054	0.15764794333953633	9.028661334649973
0.6456310679611662	0.16553034050651363	9.026636998182907
0.6650485436893216	0.14976554617255836	9.030937647363809
0.6601941747572834	0.15764794333953544	9.028682514333466
0.6796116504854366	0.1418831490055812	9.03369857117877
0.6747572815533983	0.14976554617255786	9.030947975355943
0.6941747572815524	0.1340007518386048	9.036780587117756
0.6893203883495136	0.1418831490055813	9.033695219611971
0.7087378640776688	0.1261183546716285	9.040424667363991
0.70388349514563	0.13400075183860508	9.036760565154275
0.7233009708737858	0.118235957504652	9.04493723945834
0.7184466019417468	0.1261183546716287	9.04038435553977
0.7378640776699026	0.1103535603376753	9.050121672600426
0.7330097087378636	0.1182359575046521	9.044872040479262
0.7524271844660192	0.10247116317069849	9.05644811172713
0.7475728155339803	0.1103535603376753	9.050024724298723
0.7669902912621358	0.09458876600372168	9.064684605783652
0.762135922330097	0.10247116317069849	9.056313987403515
0.7864077669902911	0.07882397166976807	9.087472273510114
0.7815533980582523	0.08670636883674487	9.074591989949143
0.7766990291262135	0.09458876600372168	9.064500400616303
0.8009708737864076	0.07094157450279126	9.105499373254348
0.7961165048543688	0.07882397166976807	9.087167411048044
0.815533980582524	0.06305917733581445	9.12834042545476
0.8106796116504853	0.07094157450279126	9.105113173583772
0.8300971404381307	0.05517656786038847	9.157872448998747
0.8252428546078551	0.06305884788432413	9.127836722531528
0.8446602300707714	0.04729402382354889	9.206031733932813
0.8398060683510403	0.055175756630881985	9.157233823743008
0.859223400986782	0.03941185861612421	9.307705167080195
0.8543692648840585	0.04729357190292693	9.205340372372937
0.873786535415593	0.03152954719293565	9.488404722126107
0.868932687076781	0.039411600801755875	9.307580928221283
0.8883499079036747	0.02364709988604882	9.486095758854935
0.8834958508287766	0.03152935209267387	9.485738272097075
0.9029145049190807	0.01576373707793325	9.409742845107507
0.8980606495199702	0.023646324413192445	9.483113617760063
0.912627738011864	0.015760056600542024	9.403953252026385
0.23300970873786422	0.7342352056660464	9.463238772477597
0.23786407766990308	0.7263528084990696	9.46680442086589
0.24271844660194195	0.7184704113320928	9.45275480230521
0.24757281553398078	0.7105880141651161	9.278998629715703
0.2524271844660196	0.7027056169981393	9.200285240583396
0.25728155339805847	0.6948232198311624	9.159735454372894
0.26213592233009725	0.6869408226641855	9.126232403733852
0.26699029126213614	0.6790584254972087	9.104959449050392
0.271844660194175	0.6711760283302319	9.086825929928686
0.27669902912621397	0.6632936311632552	9.074075612881623
0.28155339805825297	0.6554112339962784	9.063527481336648
0.28640776699029186	0.6475288368293016	9.055421188013092
0.2912621359223308	0.6396464396623249	9.048752186350919
0.29611650485436974	0.6317640424953482	9.043015657156863
0.30097087378640863	0.6238816453283716	9.038499565953003
0.3058252427184475	0.6159992481613951	9.034664532122259
0.3106796116504863	0.6081168509944186	9.03128024964508
0.31553398058252496	0.6002344538274422	9.028511897270773
0.32038834951456363	0.592352056660466	9.026068095101712
0.3252427184466015	0.5844696594934893	9.02397629820909
0.3300970873786393	0.5765872623265124	9.0221504096651
0.334951456310677	0.5687048651595351	9.020540499234627
0.3398058252427149	0.5608224679925576	9.019139199559953
0.3446601941747534	0.5529400708255795	9.017914840704181
0.3495145631067937	0.545057673658601	9.016812835745489
0.3543689320388359	0.537175276491623	9.015866775596848
0.35922330097087946	0.5292928793246466	9.01500775343399
0.36407766990292284	0.5214104821576725	9.014272631629067
0.3689320388349628	0.513528084990701	9.013605427903686
0.3737864077669968	0.5056456878237302	9.013020891218572
0.378640776699024	0.4977632906567577	9.012512835008733
0.38349514563104853	0.4898808934897804	9.012064362748738
0.3883494576867688	0.4819985417205503	9.011683526124799
0.39320357057785077	0.474116329921406	9.011332301882689
0.3980573268771681	0.46623511542087637	9.011039976688467
0.4029109455006785	0.45835707811319476	9.010797961212164
0.4077638286005351	0.4504861911057653	9.01058750908245
0.4126109513407635	0.44262886833921145	9.010421379495002
0.41744627984232463	0.4347964159265398	9.010286022323392
0.4222694490761402	0.4270102332335419	9.010184841629105
0.42708117120735684	0.4192988294286395	9.010114078827387
0.4318796325800372	0.41169271175184363	9.010077067079854
0.43666544623454445	0.4042130054278408	9.010064795134099
0.44144893286797626	0.3968609057388042	9.010072959769822
0.44624502377894076	0.3896119461949235	9.010105069757826
0.45106680443928804	0.3824197650659336	9.010165726353819
0.45590635831649207	0.3752336517408198	9.010241506619126
0.46083412887036906	0.36801235640140567	9.010335340313608
0.5485436893203771	0.2285895178423273	9.016791539461453
0.5436893203883327	0.23647191500930187	9.016087742006917
0.4657656111137584	0.3607677677970431	9.01045502896819
0.47070892904271733	0.35344023227175714	9.010590362436519
0.5388349514562891	0.24435431217627354	9.015429396044842
0.47564761143659656	0.345996654118559	9.010750437874925
0.5339805825242481	0.2522367093432418	9.014844444271644
0.5291262135922107	0.26011910651020576	9.014308458804072
0.5242718446601754	0.26800150367716613	9.013814129881574
0.48056310046518774	0.33843183968030605	9.010936502726494
0.4854474467765426	0.3307632850263992	9.011140514250632
0.5194174757281166	0.2758839008441136	9.013363353887542
0.5145632489939915	0.2837656943837284	9.012951997134861
0.4903068707268572	0.3230171601422273	9.011375225952607
0.4951548950904685	0.31521639050627476	9.011634900504491
0.5000034753810342	0.30737865691834637	9.011917344980768
0.504855924544534	0.2995180466648643	9.012231624315499
0.509709413228265	0.29164490019545974	9.012575050957794
0.5631067961165026	0.22070712067534892	9.017658178335465
0.5582524271844612	0.22858951784232648	9.016862296265527
0.57766990291262	0.21282472350836926	9.01858200672311
0.572815533980581	0.22070712067534523	9.01772675550304
0.5922330097087364	0.2049423263413949	9.019599862104508
0.5873786407766961	0.2128247235083698	9.01864838601088
0.6067961165048542	0.19705992917441914	9.020741074567953
0.6019417475728152	0.20494232634139556	9.019663782539105
0.6213592233009694	0.18917753200744278	9.022005082565945
0.616504854368931	0.19705992917441897	9.020802078087003
0.6407766990291267	0.17341273767349083	9.0249010106846
0.6359223300970867	0.18129513484046766	9.023381358458023
0.6310679611650466	0.1891775320074441	9.02206243650838
0.6553398058252449	0.1655303405065127	9.026669693771717
0.6504854368932061	0.17341273767349027	9.024944171868244
0.6699029126213603	0.15764794333953455	9.028706082252468
0.6650485436893222	0.16553034050651141	9.026705479524622
0.6844660194174751	0.1497655461725578	9.03096029149578
0.6796116504854366	0.15764794333953416	9.028732497209246
0.6990291262135909	0.14188314900558158	9.033693355170561
0.694174757281552	0.14976554617255802	9.030975102144561
0.7135922330097076	0.13400075183860535	9.036741159117584
0.7087378640776684	0.14188314900558194	9.03369356584354
0.7281553398058246	0.12611835467162882	9.040343584988877
0.7233009708737855	0.13400075183860563	9.036723222620706
0.7427184466019413	0.1182359575046521	9.044805231200927
0.7378640776699026	0.12611835467162888	9.040303281462725
0.757281553398058	0.1103535603376753	9.049924807925846
0.7524271844660192	0.1182359575046521	9.044737649544173
0.7718446601941746	0.10247116317069849	9.056175334988161
0.7669902912621358	0.1103535603376753	9.049822964900608
0.79126213592233	0.08670636883674487	9.074351874342623
0.7864077806485645	0.09458875369320408	9.064309377213695
0.7815534873837024	0.10247108458538995	9.056033074733946
0.8058252427184465	0.07882397166976807	9.08684702338151
0.8009708737864076	0.08670636883674487	9.074102452509377
0.8203885640126801	0.0709412552739248	9.104706019631273
0.8155341906815482	0.07882377214481436	9.086513982714026
0.8349521252796702	0.06305749350051866	9.127308708724108
0.8300981850320258	0.07093983538108385	9.104281631827908
0.8495155931388093	0.05517429125054305	9.156554571752137
0.8446624160341383	0.06305455499869805	9.126762692546526
0.8640793598609292	0.04729262453514355	9.204611963825124
0.859226810680984	0.055171757267850396	9.155838197226847
0.8786427505350907	0.03941066980283241	9.307553326233966
0.8737911223005169	0.04729010184429187	9.20385811650025
0.8932062786826993	0.03152869875068604	9.482684437778722
0.8883525910596671	0.03940865610982609	9.307660258907354
0.9077745861272316	0.023642697466143277	9.479667349106181
0.9029182602529008	0.031525110753496906	9.479195762982018
0.9174913261054548	0.02363332231453004	9.47571133186774
0.9223421463519405	0.015755202141594652	9.396984749989228
0.2427184466019419	0.7342352056660464	9.462356400308147
0.2475728155339808	0.7263528084990696	9.46531326359329
0.2524271844660196	0.7184704113320928	9.45251869549905
0.25728155339805847	0.7105880141651161	9.27852647215542
0.26213592233009725	0.7027056169981392	9.19981264644047
0.26699029126213614	0.6948232198311624	9.159315620588181
0.27184466019417497	0.6869408226641855	9.125869215403482
0.2766990291262139	0.6790584254972087	9.104647954461788
0.2815533980582528	0.671176028330232	9.086562340183162
0.28640776699029175	0.6632936311632553	9.0738548243962
0.2912621359223307	0.6554112339962784	9.063345469968212
0.2961165048543695	0.6475288368293018	9.055273575687634
0.30097087378640835	0.6396464396623252	9.048635480496872
0.3058252427184472	0.6317640424953485	9.042925634738795
0.3106796116504861	0.6238816453283719	9.038433131748965
0.31553398058252474	0.6159992481613953	9.034619539915658
0.3203883495145633	0.6081168509944188	9.03125446464204
0.3252427184466018	0.6002344538274422	9.028502829118871
0.33009708737864	0.5923520566604655	9.026073799264315
0.33495145631067813	0.5844696594934885	9.023995017101031
0.3398058252427163	0.5765872623265111	9.022180645852217
0.34466019417475496	0.5687048651595333	9.020580905545495
0.34951456310679446	0.5608224679925556	9.019188601135248
0.354368932038835	0.5529400708255782	9.017972229264076
0.35922330097087635	0.5450576736586015	9.0168773292988
0.36407766990291757	0.5371752764916261	9.015937580453636
0.36893203883495723	0.529292879324652	9.015084215135529
0.3737864077669936	0.5214104821576784	9.014354131168156
0.3786407766990265	0.5135280849907039	9.013691466321289
0.3834951456310581	0.5056456878237269	9.013110990571441
0.3883495145630927	0.4977632906567475	9.012606581843857
0.3932038834951373	0.48988089348976827	9.012161403103688
0.39805824273781987	0.48199850243968684	9.011783490987241
0.40291256483790683	0.4741161348377021	9.011434933032904
0.40776651249087176	0.4662345943560597	9.011144959379449
0.41261959623379935	0.4583560546995777	9.010904999884486
0.41747183946413496	0.45048493286337404	9.010696427669986
0.4223198834139481	0.4426284086478431	9.010531920498837
0.42715671739820277	0.4347970071723836	9.010398016570912
0.431979924743129	0.4270122050358561	9.010298001506202
0.4367890424138292	0.419303497697896	9.01022820383858
0.44158202128851154	0.4117001643305316	9.010191797371029
0.4463612730119671	0.4042228758389694	9.010179903765028
0.4511392992882792	0.39687068863903	9.010188264259943
0.4559369393563968	0.3896187114376141	9.010220472023294
0.4607688842258402	0.38242090704852244	9.010281045577592
0.4656206266010379	0.3752307244364104	9.010356749003789
0.4705450243470423	0.3680131892992646	9.010450142568516
0.5533980582524172	0.236471915009304	9.016163128813082
0.5485436893203702	0.24435431217628056	9.015509134995154
0.4754734692840035	0.36076816031761205	9.010569164262755
0.48041588749062764	0.3534369273705107	9.010703849672707
0.5436893203883219	0.2522367093432538	9.01492822757479
0.48535363905702456	0.3459886534980437	9.010863067375197
0.5388349514562741	0.2601191065102217	9.014396014326804
0.5339805825242309	0.2680015036771835	9.013905188966314
0.5291262135921871	0.27588390084413744	9.013457655933651
0.49026789204525834	0.33841922087248083	9.011048148163903
0.495151931005428	0.33074846708932454	9.011250939901485
0.5242717756203	0.28376573442409164	9.01304927960899
0.5194173098014343	0.2916448509979507	9.012675075182129
0.5000122730867854	0.323004219184178	9.01148407436425
0.5048616025232678	0.31520818017867785	9.011741892742279
0.5097107746925823	0.30737499538702434	9.012022222324676
0.5145632618909138	0.29951702474356395	9.012334160919211
0.567961165048542	0.22858951784232148	9.01693584004195
0.5631067961165019	0.2364719150092989	9.016241255152416
0.5825242718446559	0.22070712067534273	9.017798510971604
0.5776699029126182	0.22858951784231712	9.017012581565616
0.5970873786407752	0.21282472350837148	9.018718272885012
0.5922330097087343	0.22070712067534612	9.01787385403925
0.6116504854368928	0.2049423263413953	9.019731469958726
0.6067961165048542	0.21282472350837175	9.018792083497013
0.6262135922330071	0.19705992917442003	9.02086704741979
0.6213592233009683	0.20494232634139567	9.01980335416197
0.6456310679611666	0.18129513484046786	9.023434101861431
0.6407766990291263	0.18917753200744533	9.022123891418234
0.6359223300970854	0.19705992917442217	9.020936436250729
0.6601941747572844	0.17341273767348866	9.024991013232738
0.6553398058252463	0.1812951348404663	9.023491023360213
0.6747572815533985	0.1655303405065107	9.026744845260616
0.6699029126213609	0.17341273767348703	9.025042051758087
0.6893203883495133	0.15764794333953436	9.028762314378541
0.6844660194174748	0.16553034050651064	9.026788376460766
0.7038834951456292	0.14976554617255844	9.030993054445439
0.6990291262135901	0.15764794333953477	9.028796203246804
0.7184466019417464	0.14188314900558222	9.033696583114155
0.7135922330097072	0.14976554617255883	9.031014952369484
0.7330097087378635	0.13400075183860566	9.036707687216461
0.7281553398058245	0.14188314900558247	9.033703342779676
0.7475728155339803	0.12611835467162888	9.040264877161617
0.7427184466019413	0.1340007518386057	9.036695677945746
0.762135922330097	0.1182359575046521	9.044670847199358
0.757281553398058	0.1261183546716289	9.04022979105334
0.7766992943414593	0.11035334688539404	9.049721123421806
0.7718451387694957	0.11823563799655239	9.044607169784536
0.7961165878866551	0.09458870502127557	9.064113409574981
0.7912626557003685	0.10247071428782106	9.055889012782671
0.7864093122104666	0.11035223211452382	9.049622834064722
0.810679713532207	0.08670629581462923	9.073844709508984
0.8058256997069687	0.09458874641463827	9.063915282059561
0.8252440036794929	0.07882281357450872	9.086173218313084
0.8203892335662005	0.08670593707060448	9.073580793563737
0.8398091277134996	0.07093619249807974	9.103843803126045
0.8349555034140846	0.07881980235419125	9.085832951251597
0.8543748772527398	0.06304932248269961	9.12620753782342
0.8495231138165943	0.07092867176836214	9.103397986845819
0.8689405112585556	0.05516658134914423	9.155094006143914
0.8640896797541336	0.06303965491327256	9.1256595462169
0.8835025479826214	0.04728519621787846	9.203088575242548
0.8786538147998774	0.055156196346371394	9.154348187303475
0.8980588639676722	0.03940294038829263	9.307984326267034
0.8932039251005834	0.04727366218192224	9.202357208733154
0.9126363180871518	0.03151733060354013	9.475217021089987
0.907767519985129	0.03939642353880406	9.30849790206996
0.9223564808475689	0.03150077340855677	9.47067553880577
0.9272103262217697	0.023618704735051874	9.471014497976908
0.9320650800272338	0.0157376808479613	9.386577527641675
0.9417964249836821	0.015715439668613287	9.372863154458658
0.2524271844660196	0.7342352056660464	9.461561137334968
0.25728155339805847	0.7263528084990696	9.46401045430663
0.26213592233009725	0.7184704113320928	9.45229633961725
0.26699029126213614	0.710588014165116	9.278098101029782
0.2718446601941749	0.7027056169981392	9.199383169307252
0.2766990291262138	0.6948232198311624	9.158931476702433
0.2815533980582527	0.6869408226641855	9.125534398141243
0.28640776699029163	0.6790584254972089	9.104358402435805
0.2912621359223306	0.671176028330232	9.086315159663028
0.2961165048543694	0.6632936311632553	9.073645749753153
0.30097087378640824	0.6554112339962785	9.063171223766405
0.305825242718447	0.6475288368293018	9.055130476026859
0.3106796116504858	0.6396464396623253	9.048520569081061
0.31553398058252463	0.6317640424953486	9.042835534629127
0.3203883495145633	0.623881645328372	9.038364813971699
0.32524271844660185	0.6159992481613953	9.034570955752054
0.33009708737864035	0.6081168509944185	9.03122391509208
0.33495145631067874	0.6002344538274417	9.028488197936754
0.3398058252427172	0.5923520566604646	9.02607330222147
0.34466019417475585	0.5844696594934873	9.024007071145961
0.349514563106795	0.5765872623265098	9.022203907106205
0.35436893203883474	0.5687048651595327	9.020614148049459
0.3592233009708748	0.560822467992556	9.019230748238853
0.36407766990291496	0.5529400708255797	9.018022351825975
0.36893203883495423	0.5450576736586044	9.016934607869688
0.37378640776699196	0.5371752764916291	9.016001274931185
0.37864077669902785	0.5292928793246535	9.01515370864072
0.38349514563106274	0.5214104821576768	9.014428840076278
0.3883495145630993	0.5135280849906986	9.013770914404097
0.3932038834951408	0.5056456878237204	9.013194721202241
0.39805825242719023	0.497763290656746	9.012694198067974
0.40291262135924927	0.4898808934897802	9.012252561191467
0.40776699029131463	0.48199849632283126	9.011877838604933
0.41262135922339344	0.4741160991559087	9.011532215752943
0.4174753334403329	0.46623446160591575	9.011244874258564
0.4223281477876242	0.4583559312500845	9.011007273783887
0.42717982870039056	0.4504851867836053	9.010800874666215
0.4320286569189535	0.44262980234676336	9.010638280145713
0.43686801817536103	0.43480068847482944	9.010506143553146
0.441692182605154	0.4270179245648021	9.010407596827276
0.44649917937835354	0.4193115446851617	9.010339034590016
0.45128806150027945	0.41171098921468285	9.010303537416144
0.45606361534675505	0.4042357586104279	9.010292345558723
0.4608396376397294	0.3968837767819878	9.01030122975814
0.46563489320694074	0.3896262338009424	9.010333765799125
0.4704748543218087	0.38242426509056765	9.01039455199515
0.4753540004483103	0.37522486782784337	9.010470669284786
0.48025836933152793	0.36801656930172216	9.010563714806322
0.5582524271844593	0.24435431217627734	9.015591535795496
0.5533980582524115	0.25223670934325604	9.01501455997486
0.48518539242479014	0.3607692723706062	9.010682417293019
0.49012796902945155	0.353435806364055	9.010816792953735
0.5485436893203585	0.2601191065102329	9.01448597832104
0.49506652765312004	0.3459856108576034	9.010975427551985
0.5436893203883026	0.2680015036772038	9.01399849024085
0.5388349514562464	0.27588390084416514	9.01355401044343
0.5339803569343232	0.2837658766311168	9.013148399292598
0.499980223877638	0.3384141167806125	9.011159698483313
0.5048606892846279	0.3307420337714758	9.011361479540364
0.5291254830260984	0.29164538410813634	9.012776692331315
0.5242709980737038	0.2995177464275186	9.012438007883041
0.5097183245334035	0.32299918162011304	9.011593268299476
0.5145677959051841	0.3152061284227101	9.011849543117343
0.5194179027974152	0.30737502950529555	9.012128095844188
0.5728155339805795	0.23647191500929157	9.016322552804697
0.567961165048541	0.24435431217626682	9.015677050863937
0.5873786407766922	0.22858951784231885	9.017092952140047
0.5825242718446515	0.23647191500928894	9.016407471977784
0.6019417475728146	0.22070712067534784	9.017953220746078
0.5970873786407734	0.22858951784232276	9.017177407721649
0.6165048543689301	0.21282472350837134	9.018870268291353
0.6116504854368926	0.22070712067534734	9.018037078467101
0.6310679611650446	0.2049423263413981	9.019879907689345
0.6262135922330044	0.2128247235083732	9.018953317464378
0.6504854368932074	0.18917753200744444	9.022189936339345
0.6456310679611673	0.19705992917442272	9.021010751357323
0.6407766990291258	0.20494232634140055	9.019961652350496
0.6650485436893235	0.18129513484046408	9.023552661362352
0.6601941747572864	0.1891775320074417	9.022261126490745
0.6796116504854365	0.17341273767348664	9.025097892815888
0.6747572815533988	0.18129513484046297	9.023619636690663
0.6941747572815514	0.165530340506511	9.026836769858653
0.6893203883495126	0.173412737673487	9.025159244669211
0.7087378640776677	0.1576479433395353	9.02883497411541
0.7038834951456284	0.16553034050651158	9.026890851823145
0.7233009708737853	0.14976554617255913	9.03104176964199
0.7184466019417459	0.15764794333953572	9.028879604124318
0.7378640776699023	0.14188314900558244	9.033715034243349
0.7330097087378634	0.1497655461725592	9.031074687560654
0.7524271844660192	0.1340007518386057	9.036688645221458
0.7475728155339801	0.14188314900558244	9.033733109671546
0.7669908825765873	0.12611807073274847	9.040199928451996
0.7621364532859776	0.134000604122806	9.036688514419899
0.7815562122004226	0.11823384924533036	9.044549655540587
0.7767025005511273	0.12611639024533133	9.04017810979341
0.8009725067520089	0.10247027859028594	9.055746055780931
0.7961204974154986	0.110350125275628	9.049531214161277
0.7912696997857984	0.11822959473847995	9.044501842082896
0.8106832132610916	0.1024706811176908	9.055608019647474
0.8155339805825241	0.09458876600372168	9.063719661300977
0.8301016990961906	0.08670386149576807	9.073316330587156
0.8252499340465755	0.09458804465354187	9.063533233190313
0.844669832901764	0.07881352012793605	9.085503290917186
0.8398162948458756	0.08669893383733769	9.073060279878247
0.8592386181452197	0.07091309282313561	9.102962509403882
0.8543871447728542	0.07879711655958241	9.085208629727719
0.8738014939013019	0.06302018149773264	9.125147154073998
0.8689475333976399	0.07088301417025678	9.102571143332183
0.8883671245197723	0.055153455589372846	9.153554230743296
0.8835058591215189	0.06299487361299491	9.1246660689461
0.9028905637358021	0.04725688358932604	9.20166837308713
0.8980379035155014	0.05511485390282088	9.152959344261228
0.9175078485626305	0.03939926894279585	9.30899239728035
0.9125596780964115	0.047231902941341705	9.201062593870278
0.9272188529094184	0.03935419806259155	9.3104408215836
0.9320742131989874	0.03148181579283117	9.465256613546783
0.9369354838985264	0.02359511785736914	9.465678477384436
0.9515248072363633	0.015640766595003665	9.347329665460451
0.9466562895983123	0.023548866959820638	9.459237321176522
0.9612184478069258	0.015605387141872915	9.316425027331148
0.26213592233009725	0.7342352056660464	9.46084169268316
0.26699029126213614	0.7263528084990696	9.462868803113977
0.2718446601941749	0.7184704113320928	9.452087934543341
0.2766990291262138	0.710588014165116	9.277709258075278
0.2815533980582527	0.7027056169981392	9.198992615087837
0.2864077669902915	0.6948232198311625	9.158579887954486
0.2912621359223304	0.6869408226641857	9.125225820682582
0.2961165048543693	0.679058425497209	9.1040895020174
0.30097087378640824	0.6711760283302323	9.086083771626841
0.30582524271844697	0.6632936311632555	9.073448296733366
0.3106796116504858	0.6554112339962787	9.06300505000933
0.3155339805825245	0.6475288368293018	9.054992487590352
0.32038834951456324	0.6396464396623253	9.048408254203808
0.32524271844660196	0.6317640424953485	9.042746167386396
0.33009708737864046	0.6238816453283716	9.038295666771942
0.3349514563106791	0.6159992481613948	9.034520012447748
0.3398058252427177	0.6081168509944179	9.031189763194208
0.3446601941747564	0.6002344538274409	9.02846914214915
0.34951456310679535	0.5923520566604639	9.02606773197389
0.35436893203883474	0.5844696594934867	9.02401355529521
0.3592233009708741	0.5765872623265099	9.022221244783845
0.36407766990291374	0.5687048651595334	9.020641231115656
0.3689320388349528	0.5608224679925574	9.019266596428922
0.373786407766991	0.5529400708255813	9.018066115207732
0.37864077669902835	0.5450576736586052	9.01698553134298
0.3834951456310653	0.5371752764916283	9.016058673966874
0.38834951456310285	0.5292928793246509	9.01521700794597
0.39320388349514285	0.5214104821576734	9.014497494377947
0.3980582524271868	0.5135280849906976	9.013844474872121
0.40291262135923556	0.5056456878237261	9.013272756182902
0.40776699029128755	0.497763290656763	9.01277633131793
0.41262135922334625	0.4898808934898129	9.012338463113322
0.41747572815538764	0.4819984963228752	9.011967175445164
0.42233009708742236	0.47411609915592273	9.011624739065136
0.4271840834794976	0.4662344576498246	9.011340295682592
0.43203696264905517	0.4583562006531931	9.011105340360645
0.4368884111916493	0.45048636489773647	9.010901404233325
0.4417371025235963	0.4426324810591496	9.010741002498952
0.4465783973816701	0.43480626564533353	9.010610916149007
0.4514049995122793	0.42702744593853464	9.010514170381171
0.45621202713460957	0.4193240999483101	9.010447147989767
0.4609993572350368	0.4117258933892692	9.010412870479994
0.46577381504014986	0.4042519234278945	9.01040269716573
0.4705513094654106	0.39690013437169114	9.010412433337903
0.4753491721053818	0.38964090416019426	9.010445651775745
0.48017050724439714	0.382419209504203	9.010506680144248
0.48507065412477157	0.37522750203354693	9.010583400528276
0.4899737886683521	0.3680208245681196	9.010676682028269
0.5631067961165006	0.2522367093432446	9.015103912179242
0.5582524271844563	0.26011910651022435	9.014578838619757
0.49490039323624013	0.36077227710480636	9.010795389806908
0.4998438075874412	0.3534389428417218	9.010929672735445
0.5533980582524023	0.26800150367720504	9.014094537263794
0.5047822096222001	0.34598904799598956	9.011087940690238
0.5485436893203381	0.2758839008441829	9.01365293523362
0.5436890912719777	0.28376606028671114	9.013249890637653
0.5388341808951337	0.29164623311325416	9.012880458491415
0.5096953166432328	0.3384188717469418	9.011271628661957
0.5145726749282254	0.3307476680267282	9.011472659376897
0.5339794098894771	0.299519789994979	9.012543736264028
0.5291253720081383	0.30737866468322766	9.012235535625836
0.5194257300328269	0.3230047600860478	9.011703356230088
0.5242742295562383	0.31521126064565375	9.011958407782073
0.577669902912614	0.24435431217625853	9.01576614930329
0.5728155339805757	0.2522367093432299	9.015196769730037
0.5922330097087299	0.23647191500929512	9.01649648518213
0.5873786407766837	0.24435431217626313	9.015859320580946
0.6067961165048544	0.2285895178423235	9.017266433253765
0.6019417475728137	0.236471915009299	9.01659009126307
0.6213592233009659	0.2207071206753478	9.018125930807232
0.6165048543689292	0.2285895178423226	9.017360547250417
0.6359223300970831	0.21282472350837722	9.019041766907392
0.6310679611650406	0.22070712067535223	9.018220322811617
0.6553398058252488	0.19705992917441997	9.021090560553388
0.6504854368932097	0.2049423263413991	9.020049166460629
0.6456310679611683	0.21282472350837853	9.019136204677851
0.6699029126213623	0.1891775320074389	9.022338093370847
0.6650485436893256	0.19705992917441598	9.021176501556441
0.684466019417474	0.1812951348404629	9.023692665390486
0.679611650485436	0.1891775320074384	9.022421556065547
0.6990291262135893	0.1734127376734876	9.025226934864138
0.6941747572815502	0.18129513484046345	9.02377257332018
0.7135922330097064	0.1655303405065122	9.026951601125122
0.7087378640776668	0.1734127376734884	9.025301928611908
0.7281553398058241	0.15764794333953583	9.028931262823692
0.7233009708737851	0.1655303405065125	9.02702017458415
0.7427184466019412	0.1497655461725592	9.031115140880686
0.7378640967550182	0.15764794024120846	9.028991346749192
0.7572819110423069	0.14188311198260958	9.033759358936523
0.7524273702956816	0.1497655499992841	9.03116485930578
0.7718478136941559	0.13399965659253768	9.036697856216973
0.7669926708634379	0.14188273710725843	9.033796067100809
0.786418098422068	0.12611096271706979	9.040168362168219
0.781563913517565	0.133994527102405	9.036720879541113
0.8058317773974392	0.11034905638463444	9.049448592332341
0.8009832127970381	0.1182245054096111	9.04446651106859
0.7961355787938621	0.12610081894164474	9.040174706801743
0.8155450528452871	0.11034998774647363	9.04937916127159
0.8203976221893958	0.10247114826432789	9.055481234465772
0.8349662813121196	0.09458299674918154	9.063367217740996
0.8301157083361893	0.10246646540176639	9.055377333690496
0.8495331300397807	0.08667933860868976	9.07284109262113
0.8446809735783335	0.09456407582305004	9.063240771304693
0.8641001504100463	0.07876092474070395	9.084977815055474
0.8592506023928559	0.0866475835447165	9.072670319330003
0.8737964571548735	0.07870490369844518	9.084825355915543
0.8786511819991256	0.07084848874583667	9.10222391189089
0.8931677453041545	0.06293092902011606	9.124358268130374
0.8883068056112634	0.0707575163723976	9.102086197833659
0.9076429890605935	0.05502594534108036	9.152699958043884
0.9027721512108094	0.06283273156284681	9.124248562793523
0.922136366885739	0.047130836284407125	9.20127881650726
0.9172107256182197	0.05492602030305233	9.152721522317764
0.9316602135647888	0.04708904205072543	9.201147984866667
0.9368727061578761	0.039327145388375555	9.311449725671075
0.941795228314091	0.03143506421999712	9.458695943712991
0.9563353942028145	0.023430820144981948	9.452054401937032
0.9514814855679974	0.03133678624381259	9.450553836104703
0.9660775518848876	0.023332771752047732	9.445051673116685
0.9709356189593332	0.015602071898880559	9.268007897949067
0.980537483928131	0.014778002532926993	9.095485552827263
0.2718446601941749	0.7342352056660464	9.460188417372054
0.2766990291262138	0.7263528084990696	9.461865137906818
0.28155339805825264	0.7184704113320928	9.451893228878339
0.2864077669902915	0.7105880141651161	9.277356010349733
0.2912621359223304	0.7027056169981393	9.198637101342547
0.29611650485436924	0.6948232198311626	9.158257869456458
0.300970873786408	0.6869408226641857	9.124941356443607
0.3058252427184469	0.679058425497209	9.103839859578995
0.3106796116504857	0.6711760283302323	9.08586737116461
0.3155339805825245	0.6632936311632555	9.0732621353625
0.32038834951456335	0.6554112339962788	9.062846997856893
0.325242718446602	0.6475288368293021	9.054859918450921
0.33009708737864074	0.6396464396623252	9.04829909247342
0.3349514563106793	0.6317640424953483	9.042658049751696
0.339805825242718	0.6238816453283714	9.0382264302813
0.34466019417475674	0.6159992481613944	9.034467636092387
0.3495145631067957	0.6081168509944175	9.031152943439393
0.35436893203883474	0.6002344538274406	9.028446580584413
0.35922330097087385	0.5923520566604638	9.026058010028747
0.3640776699029131	0.5844696594934872	9.024015378437277
0.368932038834952	0.5765872623265106	9.022233543620727
0.37378640776699057	0.5687048651595342	9.020663010468063
0.3786407766990287	0.5608224679925579	9.01929696967035
0.38349514563106646	0.552940070825581	9.018104310396069
0.3883495145631046	0.5450576736586039	9.017030858167844
0.39320388349514396	0.5371752764916267	9.01611050436482
0.3980582524271854	0.5292928793246502	9.015274810692395
0.4029126213592291	0.5214104821576758	9.014560764631101
0.4077669902912744	0.5135280849907057	9.013912794389924
0.41262135922332305	0.5056456878237421	9.013345721274808
0.4174757281553627	0.4977632906567845	9.012853589162644
0.42233009708739994	0.4898808934898195	9.012419701758546
0.42718446601943	0.4819984963228591	9.012052081352223
0.43203883495146117	0.47411609915589525	9.01171307291609
0.4368928618352422	0.4662344761748341	9.01143178429623
0.441745877262318	0.4583564401980352	9.011199741393407
0.4465973418730305	0.45048739726437503	9.010998537981898
0.4514456494589359	0.4426352441757468	9.010840616334404
0.45628753608304895	0.4348120255492893	9.010712850229426
0.4611166180866737	0.4270376227863138	9.01061820340981
0.4659260291185871	0.41933852865155724	9.01055304836981
0.47071451095098377	0.41174251015289864	9.010520318226236
0.4754889340447442	0.4042680327078802	9.010511468451016
0.4802668195631627	0.39691394685038345	9.010522336061571
0.48506986893627974	0.3896548897949211	9.010556605777621
0.48989678448743157	0.38243366254715133	9.010618448299107
0.4947870287939327	0.3752328505985442	9.01069578332009
0.4996886716105539	0.36802568895814897	9.01078956001095
0.5679611650485388	0.2601191065102026	9.014675096288729
0.5631067961165008	0.2680015036771797	9.014193845400529
0.5046159800708022	0.3607784092136552	9.010908509326482
0.5095597480545273	0.353446670094238	9.011043005141952
0.5582524271844543	0.27588390084416153	9.013754958571626
0.5144988877139828	0.34599920727031536	9.011201209616544
0.5533979209015312	0.2837661953616191	9.013354296855082
0.5485431650076443	0.29164699850903725	9.012986937705328
0.5436881933446128	0.29952210027375586	9.01265194032081
0.5194111656948467	0.3384308770762374	9.011384585387292
0.5242868891230352	0.330760717435793	9.011585155280583
0.5388335093991646	0.3073836002998557	9.012345185953679
0.5339824032725942	0.31521950218584754	9.012069190751872
0.5291364850649704	0.32301617954888157	9.011815057432656
0.5825242718446404	0.2522367093432253	9.015293636464925
0.5776699029126021	0.2601191065101919	9.0147752689028
0.5970873786407692	0.24435431217627182	9.015957078306398
0.5922330097087202	0.25223670934323916	9.015395038031373
0.611650485436893	0.23647191500929798	9.01668881962241
0.6067961165048549	0.24435431217627368	9.016059964126152
0.6262135922329999	0.22858951784232573	9.017460306679368
0.6213592233009623	0.23647191500929834	9.016793234668397
0.6407766990291243	0.22070712067535694	9.0183208465193
0.6359223300970785	0.22858951784233325	9.017566312197753
0.6601941747572899	0.20494232634139412	9.020143092922979
0.6553398058252532	0.21282472350837356	9.019237278106743
0.6504854368932134	0.2207071206753546	9.018428146976659
0.6747572815533994	0.19705992917441417	9.021269291895225
0.6699029126213641	0.20494232634138967	9.020244148243409
0.6893203883495113	0.18917753200743892	9.022512334186478
0.6844660194174733	0.1970599291744142	9.021369739889728
0.7038834951456273	0.18129513484046433	9.023860312528436
0.6990291262135875	0.18917753200743995	9.022611362827137
0.7184466019417455	0.173412737673489	9.02538534959429
0.7135922330097055	0.18129513484046544	9.023956978695807
0.7330097532698003	0.16553033327708191	9.027097940008064
0.7281553694937823	0.17341273285386868	9.025478509343055
0.747572998068576	0.15764790451011404	9.029061532389958
0.7427189130984129	0.16553015498294485	9.027186550356488
0.7621376450186745	0.1497652896334861	9.03122600895911
0.757283031638582	0.1576474494395084	9.029143912665546
0.7767079455787734	0.14187841910601032	9.03384707617741
0.771851864993813	0.1497615365360805	9.031302048462448
0.7912849025992403	0.1339809967526421	9.036762742616938
0.7864293310143089	0.1418633659699564	9.033917695579843
0.8106947248736774	0.11822260787038252	9.044446010163016
0.8058509408108483	0.12609083734593501	9.04019905198961
0.8010070753454439	0.1339598316155761	9.03682741796453
0.8204076214566999	0.11822501186027778	9.044445544533744
0.8252623607588238	0.11034745790243833	9.049333100124613
0.8398305762551589	0.10244669393563645	9.055314176450226
0.8349812262636173	0.11033206543482747	9.049324934358252
0.8543904141362354	0.0945250724067288	9.063171529356914
0.8495372828403628	0.1024049466045488	9.055309104060626
0.8689510422159326	0.08658017798914489	9.07260028759093
0.8641015003925279	0.09447717947028497	9.0631611010156
0.878621239216261	0.08648372866569783	9.072645211048497
0.8834637178035548	0.07861996597706444	9.08479558415682
0.8979216711319928	0.07063367438500605	9.10212526777489
0.8930687200269457	0.07845581795256573	9.085014359287554
0.9123306000102872	0.06273124932912995	9.124328845423209
0.9074778807159037	0.07050351537008878	9.102306691036995
0.921854644046399	0.06255414356967043	9.124900943922727
0.9266165176676172	0.0547404467395031	9.153678855805104
0.9357507002668702	0.0547317702452611	9.154745806265865
0.9413645073685921	0.04724841517661155	9.199942370902479
0.946738086020983	0.03932241943737225	9.312207613168566
0.9564551953506601	0.03922082780533123	9.317116657339648
0.9610489802882327	0.031122072312720992	9.441724400229715
0.969151279887026	0.030474081864671026	9.435627817612406
0.9759595373965391	0.024384833938204686	9.449663073190004
0.9848741413977649	0.021949758266546104	9.363873922571116
0.28155339805825264	0.7342352056660464	9.459594414690356
0.2864077669902915	0.7263528084990697	9.460979776463674
0.2912621359223303	0.7184704113320928	9.45171177285988
0.2961165048543692	0.7105880141651161	9.277034732357285
0.300970873786408	0.7027056169981393	9.198313043257876
0.30582524271844685	0.6948232198311626	9.157962605725416
0.3106796116504857	0.6869408226641859	9.124678929678545
0.3155339805825245	0.6790584254972091	9.10360803488035
0.32038834951456324	0.6711760283302324	9.085665035925045
0.325242718446602	0.6632936311632555	9.073086774549033
0.3300970873786408	0.6554112339962787	9.062696905733729
0.3349514563106795	0.6475288368293017	9.054732877273112
0.33980582524271824	0.6396464396623248	9.048193390283936
0.3446601941747571	0.631764042495348	9.042571630092501
0.3495145631067959	0.6238816453283712	9.038157575749297
0.3543689320388348	0.6159992481613943	9.03441446097419
0.3592233009708739	0.6081168509944175	9.031114194820537
0.36407766990291274	0.6002344538274408	9.028421249090167
0.3689320388349518	0.5923520566604643	9.026044883070695
0.3737864077669904	0.5844696594934877	9.024013290903659
0.3786407766990288	0.576587262326511	9.022241545852784
0.3834951456310671	0.5687048651595341	9.020680214009689
0.3883495145631057	0.5608224679925571	9.019322577904527
0.3932038834951446	0.5529400708255802	9.01813762737499
0.39805825242718473	0.5450576736586035	9.017071257862815
0.402912621359226	0.5371752764916278	9.016157415164683
0.40776699029126817	0.5292928793246542	9.015327746924081
0.4126213592233119	0.5214104821576838	9.01461926304681
0.41747572815535106	0.5135280849907163	9.013976469666401
0.4223300970873891	0.5056456878237453	9.013414199647118
0.4271844660194239	0.4977632906567764	9.012926543378866
0.4320388349514595	0.4898808934898054	9.012496840030481
0.43689320388349934	0.48199849632283137	9.01213311189869
0.4417475728155491	0.47411609915585545	9.011797768395555
0.4466016351325423	0.46623447860779965	9.01151988648603
0.4514547347250166	0.45835654185700864	9.011291018234141
0.45630611177598457	0.45048795896206834	9.011092809194155
0.4611540910790208	0.4426372656515585	9.010937648348856
0.46599597635670126	0.43481711159328656	9.010812486848964
0.47082657317407667	0.42704662221437634	9.010720215883504
0.475638639089414	0.41935100308555256	9.01065722107442
0.48042941130828215	0.41175638517901364	9.01062636459377
0.4852047951312682	0.4042805626106039	9.010619172466043
0.48998131242483134	0.3969224864279552	9.010631482047723
0.4947827007208581	0.38965962784841884	9.010667082462353
0.4996098712697155	0.3824366512127487	9.010729984794628
0.5045022536535312	0.37523978358173077	9.010808277481972
0.5094015822134166	0.3680322166971912	9.010902870327875
0.5728155339805759	0.26800150367714737	9.014296944855316
0.567961165048538	0.2758839008441163	9.013860621984215
0.5143291016678461	0.3607872245596923	9.011022372780841
0.5192726469464509	0.3534573964642517	9.011157403009662
0.5631067386109837	0.28376626183034787	9.013462169319185
0.5242120990576457	0.3460120045851462	9.011315843978464
0.5582521559426626	0.2916474737101978	9.013096695626556
0.5533971837117654	0.2995236416256255	9.012763221138153
0.548542712287822	0.3073869062180086	9.012457714391326
0.5291259918470911	0.3384453572172255	9.011499219587693
0.5340024318642268	0.3307744136369026	9.011699686038861
0.543693104423926	0.31522555158959015	9.012182623675137
0.53885052405218	0.32302656991039413	9.01192912461641
0.5873786407766722	0.26011910651020165	9.014879893864153
0.582524271844626	0.2680015036771513	9.014404383765886
0.6019417475728115	0.2522367093432478	9.015501525485282
0.5970873786407618	0.26011910651021747	9.01498953180604
0.6165048543689279	0.24435431217627143	9.01616855174761
0.6116504854368938	0.2522367093432458	9.015613678997026
0.6310679611650332	0.23647191500930645	9.016903940567014
0.6262135922329914	0.2443543121762768	9.016283451109745
0.6456310679611695	0.22858951784233603	9.017679213990952
0.6407766990291213	0.2364719150093156	9.017021586367116
0.6650485436893293	0.2128247235083666	9.019345701496688
0.660194184491326	0.220707114425251	9.018542929299691
0.6553398624355059	0.2285894691457816	9.017799722760424
0.6796116504854354	0.20494232634138873	9.020353132676787
0.6747572815534002	0.2128247235083636	9.019462264438873
0.6941747572815485	0.19705992917441487	9.021478757719393
0.6893203882311295	0.2049423142245397	9.020470941767998
0.7087378640776651	0.18917753200744158	9.022719709020178
0.7038834951456243	0.1970599291744164	9.0215973768848
0.7233011845336866	0.18129511000126977	9.024063842332312
0.7184474986496988	0.18917739810585246	9.022838620909448
0.7378652041988923	0.17341245203792646	9.025582997403832
0.7330122173167329	0.18129473500227725	9.024182437191405
0.7524292462069915	0.16552915148063183	9.02728805080288
0.7475769503318689	0.17341062561152265	9.025700812571843
0.7669962930428484	0.1576440475642054	9.029241466595819
0.7621414346580332	0.16552523063715716	9.027405093163607
0.7815700906441577	0.1497456538401701	9.031398335480288
0.7767097562233065	0.15762722702915508	9.029359440366976
0.7912903825554544	0.14971082920566467	9.031520197869007
0.7961569730870202	0.14183541480404285	9.034012145553133
0.8155520460575433	0.12609224310054604	9.04024159567504
0.8107153964346946	0.1339352153252206	9.036918163843142
0.8058970104391495	0.14180230331694632	9.03413203059526
0.825263777801228	0.1261098367668207	9.040307687795286
0.8301277664036397	0.1182279377750056	9.044475270435585
0.8446933131077327	0.11029008953781572	9.049374378640877
0.839852341492001	0.11819865961184291	9.044562304256589
0.8592341078488653	0.10235587830268211	9.05536359281213
0.8543906913585579	0.11023501525680576	9.049483435903527
0.8737809839650401	0.09435690230769837	9.063295274235337
0.8689222050727607	0.10227896226252564	9.055512314445984
0.8833547180489836	0.0941792010695287	9.063564697130646
0.8882042130692068	0.08632752989393462	9.072884365161057
0.897749174766776	0.08605991530100121	9.073403206242135
0.9025885233903986	0.07819865397667587	9.085557307803134
0.9170075780700658	0.07052953197629495	9.102331159658876
0.9122438219252462	0.07809264968195467	9.086004639792023
0.9263374738098924	0.07007818275846349	9.103831834143138
0.931086455623686	0.06201086798390219	9.127134500568651
0.9385778439044996	0.061283866624014416	9.130404230897728
0.9444957882267988	0.05593432085551464	9.150941226435478
0.9518964359522543	0.04848444706328009	9.190583968194849
0.9607762202952472	0.046120909065307726	9.221466564458758
0.966800767078627	0.038940443477556375	9.324296687855346
0.9759881203301326	0.03462920786545606	9.397462786113381
0.9841633289507435	0.02990818397054575	9.454321999350965
0.29126213592233025	0.7342352056660464	9.45905337263597
0.2961165048543692	0.7263528084990697	9.460195893304991
0.300970873786408	0.7184704113320929	9.451543065701278
0.30582524271844685	0.7105880141651161	9.276742120598497
0.3106796116504856	0.7027056169981393	9.198017152318435
0.31553398058252446	0.6948232198311626	9.157691466035788
0.3203883495145633	0.6869408226641859	9.124436545082206
0.3252427184466021	0.6790584254972091	9.103392584204718
0.3300970873786409	0.6711760283302323	9.08547577974336
0.33495145631067963	0.6632936311632555	9.072921607397598
0.33980582524271846	0.6554112339962784	9.062554471680459
0.34466019417475713	0.6475288368293016	9.054611313755748
0.34951456310679596	0.6396464396623246	9.048091272013316
0.35436893203883496	0.6317640424953478	9.042487203723836
0.3592233009708738	0.6238816453283712	9.038089421716196
0.3640776699029127	0.6159992481613944	9.03436094508752
0.3689320388349515	0.6081168509944176	9.031074087158503
0.3737864077669903	0.600234453827441	9.02839373137171
0.37864077669902896	0.5923520566604642	9.026028951780175
0.38349514563106757	0.5844696594934873	9.024007908665332
0.3883495145631061	0.5765872623265105	9.022245872060118
0.39320388349514507	0.5687048651595336	9.020693459892982
0.3980582524271845	0.5608224679925568	9.019344032617285
0.4029126213592246	0.5529400708255806	9.018166668427746
0.40776699029126506	0.5450576736586054	9.017107322308105
0.4126213592233065	0.5371752764916317	9.016199987239945
0.4174757281553455	0.5292928793246593	9.0153763871548
0.42233009708738417	0.5214104821576854	9.014673550352173
0.4271844660194211	0.5135280849907125	9.014036053122238
0.43203883495145856	0.5056456878237384	9.013478736790313
0.43689320388349867	0.4977632906567628	9.0129957339646
0.44174757281554444	0.489880893489786	9.01257041438524
0.44660194174760265	0.48199849632281316	9.012210801011788
0.45145631067967235	0.47411609915584646	9.011879359120975
0.45631040459425415	0.46623444555647203	9.011605136116414
0.4611635827751517	0.45835653224274103	9.011379708682398
0.46601476033400746	0.45048836118516533	9.011184767779469
0.47086222287325646	0.4426389236623396	9.011032650083417
0.4757039129230542	0.43482141394673063	9.010910377254476
0.4805354389155812	0.42705402489345773	9.010820764887074
0.485349396514063	0.4193601097842889	9.010760217433996
0.49014167978184764	0.4117653164300152	9.010731558978025
0.4949182637597264	0.40428836014871555	9.010726386086974
0.49969508049666006	0.39692862503021503	9.010740470869484
0.5044922238203458	0.38966104074060853	9.010777619824772
0.5093322971567401	0.38245129055022536	9.010841991487881
0.5142125300169688	0.37524571532303064	9.010921473539858
0.5191111180568353	0.36803999809902893	9.011017241907753
0.577669902912588	0.2758839008440851	9.013970483134772
0.5728155144665265	0.2837662869216315	9.013574072666062
0.5240370401362616	0.360796269425195	9.011137580841051
0.5289799742216357	0.3534683460524532	9.011273457035442
0.5679610844031281	0.29164769772291405	9.013210303574857
0.5339212192900671	0.3460260859494672	9.011432448072206
0.5631064740341233	0.2995241954120675	9.012878166245237
0.55825308911084	0.3073879165583733	9.012573727903009
0.5534051424155442	0.31522796929749314	9.012299322760894
0.5388418598756833	0.3384663057444368	9.011616083676282
0.5437197649460854	0.3307915719985202	9.011816798774278
0.548563923401829	0.32303265552182053	9.012046189585506
0.5922330097087022	0.2680015036771756	9.014516731396272
0.5873786407766403	0.2758839008441141	9.014085118903756
0.606796116504856	0.260119106510221	9.0151047700866
0.601941747572807	0.268001503677193	9.014634581307904
0.6213592233009556	0.2522367093432457	9.015732111664084
0.6165048543689258	0.2601191065102158	9.015226226354288
0.6359223300970699	0.24435431217629097	9.016405312759657
0.6310679611650192	0.25223670934326053	9.015857473433504
0.650485576154306	0.23647176796831657	9.017146883683056
0.6456312672983032	0.2443540740805258	9.016534850305534
0.6699029126213683	0.22070712067533618	9.01866596210982
0.6650487198454489	0.22858932920903585	9.017928610775387
0.6601947538572867	0.23647119876487957	9.017280608798245
0.6844660194174707	0.21282472350836365	9.019587839980817
0.6796116504854334	0.2207071206753367	9.018798090924115
0.6990291262135858	0.20494232634138954	9.02059857306265
0.6941749258929121	0.21282474247744398	9.019723388937534
0.7135942596618324	0.19705993535768826	9.021726791342582
0.7087406723814099	0.20494308444650286	9.020737108944552
0.7281599394222273	0.18917631207463373	9.022969623309978
0.7233084306482157	0.19705807202121225	9.021868565022894
0.7427258012689509	0.18129165992232546	9.024314811166343
0.7378744587052353	0.18917086861732105	9.023114736152573
0.7572884728958805	0.17340394998939412	9.025834518037213
0.7524376087890331	0.18128031402670938	9.024463660352852
0.7718490997568223	0.1655066340026127	9.027542630635994
0.7669918607253737	0.17338279097336107	9.025988009363573
0.7864142402353544	0.15758340730133832	9.02950401426469
0.7815500900736341	0.1654714238852043	9.02770378311056
0.796112051126525	0.1575157387032497	9.029677794633725
0.8010247723108078	0.14966471605703688	9.031669494882422
0.820411754174345	0.13395680304354565	9.037022270299103
0.8156462611489405	0.14177326716186656	9.034278727053085
0.8108269316039394	0.14963418306434223	9.031844362733365
0.8301303755897856	0.13400762541010816	9.037152735020756
0.8349973915800584	0.12612522046075933	9.040415319813404
0.8495642164564035	0.11811482778693323	9.044728190308824
0.8447096869429954	0.12602519090854558	9.040624452472874
0.8640503575882069	0.1101605508736137	9.049674908733357
0.8592562670933354	0.11805256345927401	9.044938328873913
0.8784895339825014	0.10201217904641534	9.055914358129714
0.8736239172857078	0.10996341712350251	9.050027252681849
0.8879690675246785	0.10168582476030313	9.056467140330993
0.8929177835247185	0.09411780240322774	9.063828774927572
0.9022407008251487	0.09359764893469236	9.064724808595768
0.9070698717755261	0.08544635116943884	9.074612467161693
0.9148311381936853	0.08494961938719026	9.075834868515537
0.9216710975385495	0.07900509422440306	9.084805805573138
0.9303074327283931	0.0764454788946752	9.090573339865527
0.9361304271996075	0.0697327753175412	9.105478327691204
0.9447308877076087	0.06505302776690713	9.119403718838527
0.9525672442781417	0.05893823889335814	9.140686355891853
0.9602831211673278	0.05401494807311402	9.164636133961073
0.9682678152329877	0.04904170381692591	9.19948343513215
0.9757632555619502	0.043811667964446854	9.262676477813045
0.9840119244705593	0.03923191359049004	9.342922354656308
0.3009708737864079	0.7342352056660464	9.458558282444246
0.30582524271844685	0.7263528084990697	9.459499007751154
0.3106796116504856	0.7184704113320928	9.451386520421549
0.31553398058252446	0.7105880141651162	9.276475171096111
0.32038834951456324	0.7027056169981395	9.197746426669164
0.3252427184466021	0.6948232198311627	9.157442009979883
0.3300970873786409	0.6869408226641859	9.124212306607056
0.3349514563106797	0.679058425497209	9.103192092051215
0.3398058252427185	0.6711760283302322	9.085298586879013
0.34466019417475735	0.6632936311632553	9.0727659555277
0.34951456310679613	0.6554112339962784	9.062419295580547
0.35436893203883496	0.6475288368293015	9.054495047390423
0.35922330097087385	0.6396464396623247	9.047992735243405
0.3640776699029126	0.631764042495348	9.042404917604399
0.36893203883495146	0.6238816453283713	9.038022159003132
0.3737864077669903	0.6159992481613944	9.034307387269243
0.3786407766990289	0.6081168509944176	9.031033035238869
0.3834951456310676	0.6002344538274409	9.028364486202348
0.3883495145631064	0.5923520566604641	9.026010698079943
0.3932038834951453	0.5844696594934872	9.023999735365232
0.39805825242718446	0.5765872623265103	9.022247039543378
0.40291262135922384	0.5687048651595338	9.020703272382233
0.4077669902912635	0.5608224679925576	9.019361860585748
0.4126213592233037	0.5529400708255823	9.018191959992793
0.4174757281553426	0.5450576736586077	9.017139575966205
0.4223300970873816	0.5371752764916325	9.016238742042361
0.4271844660194198	0.5292928793246577	9.015421249888298
0.43203883495145834	0.5214104821576823	9.014724142175636
0.4368932038834982	0.513528084990706	9.014092058409
0.44174757281554117	0.5056456878237293	9.013539845197586
0.446601941747591	0.4977632906567544	9.013061673202776
0.45145631067964714	0.48988089348978275	9.012640938294213
0.4563106796117094	0.4819984963228259	9.012285663951424
0.46116504854376766	0.4741160991558804	9.011958363823858
0.46601919365886973	0.46623444332338365	9.011688059039228
0.4708724264345118	0.45835664641812235	9.0114663480325
0.47572336017323424	0.4504889522900559	9.011274958774903
0.480570291757171	0.442640651463017	9.011126175451778
0.4854116349129618	0.4348248169320444	9.011007074751332
0.4902434782760298	0.4270591358961113	9.010920407416153
0.49505814466251646	0.41936571043935134	9.010862633236236
0.49985067524210036	0.41177000178626183	9.010836488244562
0.5046276708994801	0.40429254733168113	9.010833574619957
0.5094061778996468	0.3969341039794143	9.010849775526742
0.5142043682280336	0.3896681830098774	9.010888910626996
0.5190249738586208	0.3824420537024223	9.010954751295083
0.5239193853535401	0.3752519518907084	9.01103599546243
0.528814944925034	0.3680461952378471	9.011133252912934
0.5825242660527508	0.2837662949307427	9.013690589832708
0.5776699741966828	0.29164777951612303	9.01332834768207
0.5337382943183532	0.360802672936835	9.0112547351797
0.5386804576397675	0.35347594342834693	9.011391792576793
0.5728160039473075	0.29952425643505826	9.012997352951233
0.5436219418596172	0.34603407140885595	9.011551679844496
0.5679638740353221	0.3073879037699318	9.012693779468242
0.5631161745072104	0.31522802134642774	9.012419828062102
0.5582725578512925	0.3230339055973088	9.012166809461464
0.5485407058765878	0.33846862792584503	9.011735995109618
0.5534252692424114	0.3307964049250312	9.011937247542853
0.5970873786407438	0.27588390084415276	9.014205128279636
0.592233008140849	0.28376629721498525	9.013812324513603
0.6116504854368964	0.2680015036771887	9.014758554448425
0.6067961165048582	0.2758839008441623	9.014331135059377
0.6262135922329743	0.26011910651022446	9.015354552072308
0.6213592233009506	0.2680015036771777	9.01488930213988
0.6407769188520491	0.25223645195767924	9.015990472928223
0.6359225950269681	0.260118862075688	9.015490452475637
0.6553408307834511	0.24435298120780005	9.016672853533622
0.6504868951102857	0.25223501777590335	9.016131908834067
0.6747576045823619	0.22858907480727966	9.018066717784144
0.665051479409457	0.24435023663191527	9.016820174250483
0.6699042175231757	0.23647001079398747	9.017423588684503
0.6893204399158327	0.22070706278901508	9.018940245372434
0.6844663096340521	0.22858886344476706	9.018214946199494
0.7038853460514106	0.2128260143590557	9.019869877746435
0.6990292670001684	0.2207067543883079	9.019093449466977
0.7184564258809467	0.20494243045728422	9.020888075797089
0.7136004323713174	0.212828687012673	9.02002853209906
0.7330238342869032	0.19704927034465805	9.02202473110893
0.7281750043572206	0.20493292847355274	9.021053632450679
0.7475874374626604	0.1891571221601004	9.023276204341988
0.7427361263819973	0.19703113810818076	9.022197126424631
0.7621406405839974	0.18125612119246692	9.024631715676596
0.7572953940054332	0.18913091166237175	9.023456470401626
0.7766771047961609	0.17333509559370144	9.026165590334804
0.7718120005610499	0.18119670370575125	9.02482405697583
0.7912057514782594	0.16536970005137064	9.027900798732576
0.7863179770753245	0.17322944799929074	9.026374534169387
0.8008438684858472	0.1652484960176763	9.028128090539882
0.805823555012752	0.15743535156576646	9.029883515411576
0.8253329778607164	0.14184223905966742	9.03442661542953
0.8206129978147227	0.14953800259840908	9.032072229646552
0.8155917961905855	0.1573525661081144	9.0301249301521
0.8350059105912763	0.14193625332180504	9.03460623501555
0.8398517641849805	0.13402543904006908	9.037342243688302
0.8544823802636401	0.12588599995719651	9.040913679400127
0.8495088696555152	0.13379726923132573	9.037674573797794
0.8688677900704724	0.11804160356504555	9.045197001739124
0.864058411473983	0.1256960467383661	9.041285876187933
0.882999656432725	0.10954570687868653	9.050641532229553
0.8783756359145553	0.1176904047721959	9.045726633111665
0.8908507443877777	0.10891755492586203	9.051459025710852
0.8978528341188188	0.1027600242079601	9.055983700875537
0.9064016909185489	0.10030101917407573	9.058675084979528
0.9124587440513855	0.0934049214131927	9.06549126764075
0.9214690161119322	0.08881521981317551	9.07139104507583
0.9294940209011552	0.08416354727259663	9.078253555942261
0.9371688773525194	0.07919348200219312	9.08665261101065
0.9447063873958502	0.07407298940044774	9.097449690289464
0.9527057888969521	0.06886628599837707	9.111070040607643
0.9604802285545381	0.06361206220200588	9.128144922117267
0.9683411864874811	0.058633766761919205	9.148794218878294
0.9762784473222786	0.05356375766698114	9.177970675832624
0.9840860929108279	0.04876636623306518	9.223327372616142
0.3106796116504856	0.7342352056660464	9.458102981286535
0.31553398058252446	0.7263528084990697	9.458876595094234
0.32038834951456324	0.7184704113320929	9.451241438590754
0.32524271844660213	0.7105880141651162	9.276231144401782
0.3300970873786409	0.7027056169981395	9.197498133724705
0.33495145631067974	0.6948232198311626	9.157211986506239
0.3398058252427186	0.6869408226641857	9.124004428933004
0.3446601941747574	0.6790584254972089	9.103005191094299
0.34951456310679624	0.671176028330232	9.08513243891568
0.354368932038835	0.6632936311632553	9.072619100913117
0.35922330097087385	0.6554112339962784	9.06229090648653
0.36407766990291274	0.6475288368293016	9.054383808592632
0.36893203883495157	0.6396464396623248	9.047897685333242
0.3737864077669903	0.6317640424953481	9.042324804002705
0.3786407766990291	0.6238816453283712	9.037955927061157
0.3834951456310678	0.6159992481613943	9.034253962986673
0.3883495145631066	0.6081168509944174	9.030991317608704
0.39320388349514546	0.6002344538274406	9.028333864868522
0.39805825242718446	0.5923520566604639	9.025990504775892
0.40291262135922357	0.5844696594934872	9.02398918047062
0.40776699029126284	0.5765872623265107	9.022245478164573
0.4126213592233024	0.5687048651595347	9.020710095691923
0.4174757281553414	0.5608224679925589	9.019376515979703
0.42233009708738045	0.5529400708255828	9.01821396322775
0.4271844660194191	0.5450576736586071	9.017168485078118
0.43203883495145806	0.5371752764916313	9.016274149596113
0.43689320388349767	0.5292928793246552	9.015462808545806
0.4417475728155391	0.5214104821576786	9.014771515066501
0.44660194174758416	0.5135280849907029	9.014144965621623
0.45145631067963254	0.5056456878237287	9.013598008920026
0.45631067961168453	0.49776329065676217	9.013124849603996
0.46116504854373425	0.48988089348980157	9.01270890571048
0.46601941747577696	0.4819984963228548	9.012358200325721
0.47087378640781846	0.4741160991559186	9.012035289012756
0.47572797796917277	0.46623456013800424	9.011769172409457
0.4805812517603641	0.4583572001042875	9.011551466907022
0.48543211220959326	0.450490203368275	9.01136392771816
0.49027904983016984	0.44264279181293903	9.01121878142065
0.4951203764089395	0.43482790370414354	9.011103165413653
0.4999517014748586	0.4270628752469581	9.011019759569676
0.5047654374341469	0.41936989636688066	9.010965027442099
0.5095569993253094	0.4117741602396879	9.010941667962884
0.5143336142861276	0.4042965371994007	9.01094136351741
0.5191120013377433	0.39693800851934896	9.010960013070287
0.5239133909339401	0.3896758837565253	9.011001500976446
0.5287504511812404	0.38246626711809273	9.011069451933693
0.5336226678046521	0.37525728030309224	9.011152439869198
0.5385118040620311	0.3680480832997612	9.011251508246685
0.5873788111153446	0.29164775683274	9.013451434648031
0.5825253007270742	0.29952418010013065	9.01312137445836
0.5434333760651789	0.36080454016692604	9.011374467233814
0.5483743601208567	0.3534763957789751	9.011513065052796
0.5776736574068605	0.30738766615589197	9.012818441542523
0.5533149790011745	0.3460310580144966	9.011674227562308
0.5728249439973566	0.3152271793310366	9.012544695277347
0.5679771905675752	0.32303151361230903	9.012291568736176
0.5631194617299052	0.3307856598692644	9.012061702943553
0.5582345643693759	0.3384625926841353	9.011859522672934
0.6019417471758947	0.2837662978163317	9.013939903341273
0.5970875420177795	0.2916476979756643	9.013580190202584
0.6165048543689188	0.2758839008441374	9.014463790701207
0.611650485341391	0.2837662979654381	9.014073978723827
0.6310683127656699	0.2680012975687979	9.015027523650582
0.6262139925189217	0.2758838239693317	9.014603786526699
0.6456330868690858	0.2601173003233632	9.015634730692765
0.6407792927374075	0.26799990217396946	9.01517400901511
0.660199218005638	0.25223070330647235	9.016282679968358
0.6553469841803871	0.2601120361036861	9.015788312472358
0.6796130901375057	0.23646878047504563	9.017576649399045
0.6699140413737732	0.25222295089567354	9.0164436595697
0.6747620910124271	0.24434633428700722	9.01697761233771
0.694174822344471	0.2285890611655042	9.018374282875568
0.689320727261217	0.23646910166261748	9.017740626069129
0.708739677859695	0.22071146299655106	9.019258414483632
0.703883469575462	0.22858690060288192	9.018546051827284
0.7233241003461662	0.21282755839250322	9.020201257595927
0.718457773700517	0.2207204914464389	9.019436618047372
0.7378890606896092	0.20490676692128917	9.021236038804998
0.7330487040986975	0.21280560625079042	9.020390955387269
0.7524426879337246	0.1970033182252253	9.022387539702008
0.7475884466541873	0.20486842292350263	9.021436212296308
0.766953657725996	0.18905205167387265	9.02366169463285
0.7620932533832566	0.19691199171983373	9.0226027961165
0.7814445663020279	0.18109486925198182	9.02504398331189
0.7765675990451125	0.1889389121196455	9.023891390402609
0.7959053238753384	0.17306255125779815	9.026617590329167
0.791061337329898	0.1809654872599408	9.025292459900855
0.8054632181569709	0.17289799841749143	9.026886819701987
0.8105173281653082	0.1651695820607474	9.02837976696521
0.8200167701297035	0.1649480267876848	9.028688944120459
0.8302909977471046	0.14979021564427747	9.032249661596042
0.8253851205554428	0.157270960609492	9.030409372587387
0.8396948085054908	0.14995231092771363	9.03250296392133
0.8447345396595799	0.14199968984899455	9.034856207974405
0.8543404902604553	0.14141423388709684	9.035358548221806
0.858882120550143	0.13339432989169436	9.038135863776267
0.8668801146797785	0.1328052093910741	9.038682420149957
0.8738126310893513	0.12666329527384898	9.041230478215857
0.8824846933878314	0.12436520110800006	9.04270373914104
0.8884651272212442	0.11756320468409169	9.04625315729485
0.8976387178864959	0.11291325839002156	9.049379389435929
0.9056699500470026	0.10819498036181076	9.052867803084029
0.9134248198245825	0.10323398145615655	9.05692507306999
0.9211295657655535	0.09813393484863632	9.061894772220775
0.9292295302212639	0.093234201733034	9.067534183173679
0.9370906032640266	0.08840310502341671	9.07401395614206
0.9448470841380705	0.08336759274409572	9.081957132097452
0.9526552590803428	0.07822477257357213	9.091841555895984
0.9605400371025634	0.07306612780880965	9.104200582141432
0.9684072749526124	0.06826836069012794	9.118759853423564
0.9763290565975172	0.06330813540934138	9.137708818299975
0.9841799641581231	0.05846380790938741	9.162136016083304
0.32038834951456324	0.7342352056660464	9.457682232462872
0.3252427184466021	0.7263528084990697	9.458317887197948
0.3300970873786409	0.7184704113320929	9.451107047964674
0.3349514563106797	0.7105880141651161	9.27600754865419
0.3398058252427186	0.7027056169981393	9.197269793263272
0.3446601941747574	0.6948232198311626	9.156999329584663
0.34951456310679624	0.6869408226641855	9.123811242411746
0.354368932038835	0.6790584254972089	9.102830575053986
0.35922330097087385	0.6711760283302322	9.084976333984487
0.3640776699029126	0.6632936311632553	9.072480306873002
0.3689320388349515	0.6554112339962784	9.062168788030634
0.37378640776699035	0.6475288368293016	9.054277267657804
0.3786407766990291	0.6396464396623247	9.047805949109145
0.38349514563106785	0.6317640424953479	9.042246806519223
0.3883495145631068	0.6238816453283712	9.037890779344663
0.3932038834951456	0.6159992481613942	9.034200775639734
0.39805825242718446	0.6081168509944174	9.030949117494925
0.40291262135922357	0.6002344538274407	9.02830212621297
0.40776699029126257	0.5923520566604641	9.025968670749789
0.4126213592233017	0.5844696594934876	9.02397657425695
0.41747572815534073	0.5765872623265111	9.022241543867233
0.42233009708737973	0.5687048651595347	9.020714305969555
0.4271844660194187	0.5608224679925585	9.019388390978825
0.43203883495145773	0.5529400708255824	9.018233083392575
0.43689320388349734	0.5450576736586062	9.017194465944565
0.44174757281553784	0.5371752764916302	9.016306635778141
0.4466019417475801	0.5292928793246546	9.015501497879198
0.4514563106796241	0.5214104821576795	9.014816112116565
0.4563106796116703	0.5135280849907081	9.014195226250935
0.46116504854371526	0.5056456878237395	9.013653687931615
0.4660194174757564	0.497763290656778	9.013185731756268
0.47087378640779604	0.489880893489822	9.012774794508035
0.47572815533982943	0.48199849632287334	9.012428897111546
0.48058252427187637	0.4741160991559426	9.012110631646031
0.48543667989329103	0.46623473173137503	9.011848981233866
0.49028992206204863	0.4583579259084789	9.01163557250308
0.4951411293932471	0.4504916431105803	9.011452195103844
0.4999889435663017	0.4426448130681906	9.011311014120627
0.5048305515568955	0.4348305513757194	9.011199190784081
0.5096604924384903	0.42706643257886556	9.011119317886541
0.5144719791425287	0.4193745135216147	9.011067989646905
0.5192622590006023	0.41177976727885546	9.011047771793166
0.5240385956746042	0.4043021096627326	9.011050403887088
0.5288152080642675	0.3969410606341044	9.01107180363792
0.5336127406771648	0.3896753559950341	9.011115897644148
0.5384463523725062	0.38246387808316035	9.011186106526855
0.5433175525277723	0.37525542725757394	9.011271387011172
0.5482037660565501	0.3680451097570903	9.01137264727677
0.5922339368252405	0.29952418088900185	9.013250847608987
0.5873818590064867	0.30738783731455477	9.012948319196058
0.5531244000349923	0.36080031865170675	9.011497433452305
0.5580656224735189	0.35346953559634464	9.01163794346443
0.582532188919647	0.31522726557096076	9.012674516637746
0.563008173004698	0.34602189080628437	9.0118007351367
0.5776817562721506	0.32302942206282403	9.012421057486662
0.5728191979286897	0.33077862407816266	9.012190619893254
0.567929863221121	0.3384521401176388	9.01198730749406
0.6067961605617672	0.29164774660154863	9.013715261879964
0.6019420167110451	0.2995247148904916	9.013386410358665
0.6213595697002389	0.2837663820304234	9.01421523414862
0.6165049663943045	0.2916481050948478	9.01385732645828
0.6359251232975843	0.2758830748639492	9.01475188841725
0.6310703198542497	0.28376648355165407	9.014364407675593
0.6504941062696963	0.2679947751572477	9.01532967098384
0.6456401409109842	0.275879521592713	9.014908974048275
0.6650660862863832	0.2601009406020345	9.015952165529933
0.6602143895944333	0.26798167210570356	9.015495542209928
0.6844689743246021	0.244344867923847	9.017145788110673
0.6747879480953992	0.26008547868819953	9.016127047876031
0.6796261142294912	0.2522152508469414	9.016615461412462
0.6990291262136417	0.23647191500928677	9.017916525300969
0.6941724319177552	0.24434976227483451	9.017325424746959
0.7135817784592948	0.22859993016994884	9.018730008164015
0.7087377106568397	0.2364562115727119	9.01810674870614
0.7282051378217811	0.22073451731310872	9.019629894737191
0.7232718164555964	0.22863701353129304	9.018926843628195
0.7427599721463506	0.2127462526836139	9.020600138100248
0.7379245905454909	0.22064919132166233	9.019846720513469
0.7572422283423569	0.2047798229956309	9.021659028608951
0.7523989002628261	0.2126531611580428	9.020828427488711
0.771686342717201	0.19675670266999687	9.022844405654277
0.7668483015036792	0.2046245682538972	9.02190767011026
0.7861773964608014	0.18883671983534794	9.024143378329684
0.7812658508142358	0.19662185962022607	9.02310524637098
0.8005160017566245	0.18063747680681808	9.025593198826366
0.7957217361858248	0.18859035816673375	9.02443745058592
0.8098835937502947	0.1804407190878848	9.025902323621962
0.8151061782530975	0.17282127748457904	9.02717710865776
0.8243312991283949	0.17203170738106752	9.027606334601437
0.8291688984853921	0.16504206708210872	9.028968809385171
0.8354779419345659	0.15849939579558933	9.03047065187689
0.8351159966593871	0.16545508791643607	9.029107352675783
0.8433239606650054	0.15706187112328776	9.031064596055863
0.8498302188595006	0.15082302957329508	9.03265194005103
0.8586104874524734	0.1483423317843534	9.0336637927794
0.8646445009814046	0.1413917929105068	9.035782041398138
0.8737049853291888	0.13679479642469347	9.037639500041102
0.8817739549608629	0.13218287637139406	9.03963433800722
0.8894736007072369	0.12718412091392473	9.041943307802347
0.8972663113100046	0.12230230143571041	9.044561550661385
0.9053826580054868	0.11745006005098745	9.047538253412627
0.913322194445041	0.11257204453236398	9.050900184146956
0.921152435746788	0.10751959633672035	9.054827398684722
0.9290428272885266	0.10259574727430647	9.059328090171334
0.9369732725695712	0.0976939272074115	9.06458304416104
0.9448265552400603	0.09278373204326804	9.070757274489305
0.9526760056214801	0.08784353728475315	9.07815126809295
0.960540241360406	0.08279220779220758	9.08726587334594
0.9684281722338858	0.07793874473860748	9.098224854956271
0.976324963446456	0.07305135590155683	9.111901304486231
0.9842160965441625	0.06818181818181807	9.129106574436689
0.33009708737864085	0.7342352056660464	9.457291581047132
0.3349514563106797	0.7263528084990696	9.457813699514467
0.3398058252427186	0.7184704113320928	9.450982546174087
0.3446601941747574	0.7105880141651161	9.275802126830781
0.34951456310679624	0.7027056169981393	9.197059159484054
0.35436893203883507	0.6948232198311626	9.156802150108597
0.35922330097087385	0.6869408226641858	9.12363119317101
0.3640776699029126	0.679058425497209	9.102667005895531
0.36893203883495146	0.671176028330232	9.084829298742106
0.37378640776699035	0.6632936311632552	9.072348833599724
0.3786407766990292	0.6554112339962784	9.062052397850634
0.383495145631068	0.6475288368293015	9.054175050818886
0.3883495145631068	0.6396464396623246	9.047717292598902
0.3932038834951457	0.6317640424953478	9.042170806353786
0.3980582524271845	0.6238816453283711	9.037826698560094
0.4029126213592235	0.6159992481613942	9.034147865049396
0.4077669902912624	0.6081168509944176	9.03090654601298
0.41262135922330145	0.600234453827441	9.028269452709113
0.4174757281553403	0.5923520566604644	9.025945424634488
0.42233009708737934	0.5844696594934877	9.023962180708063
0.42718446601941823	0.576587262326511	9.022235530321959
0.4320388349514574	0.5687048651595344	9.020716221719754
0.4368932038834968	0.5608224679925581	9.01939782511002
0.44174757281553684	0.552940070825582	9.018249678200206
0.4466019417475775	0.5450576736586067	9.017217892377074
0.4514563106796193	0.5371752764916317	9.016336588958984
0.456310679611662	0.5292928793246584	9.015537719900182
0.46116504854370394	0.521410482157686	9.014858348225841
0.46601941747574493	0.5135280849907178	9.014243267871356
0.47087378640778316	0.5056456878237499	9.013707322311857
0.4757281553398183	0.49776329065678687	9.013244772045736
0.480582524271858	0.48988089348983266	9.012839069866812
0.4854368932039115	0.481998496322895	9.012498231571668
0.4902912621359945	0.4741160991559929	9.012184881895772
0.4951453261084618	0.466234813080108	9.01192798597807
0.4999984864180693	0.4583582548241905	9.011719165547573
0.5048503236188503	0.4504921927533923	9.01154027330105
0.5096995004977078	0.44264555544437684	9.011403341611581
0.5145412893482476	0.4348318676564828	9.011295652383028
0.5193690842545108	0.4270690334910372	9.01121967981233
0.5241780883844857	0.41937870482977974	9.011172120277804
0.5289678297985265	0.4117849021978179	9.011155380197417
0.5337444672477232	0.4043065428717452	9.011161286977012
0.5385198692747332	0.3969432905758163	9.011185796066528
0.5433091992626241	0.38967066422015306	9.011232792598618
0.5481368615131467	0.3824560951756137	9.011305562255346
0.5530057370720166	0.3752464121516314	9.0113934721091
0.5578942284873226	0.36803755267490706	9.011497331745757
0.5970888919661542	0.30738955167254	9.013084037788504
0.5922378418533522	0.3152301661853947	9.012809894786995
0.5628151245226982	0.36079039792464157	9.011624306407903
0.5677590372976805	0.3534582270522065	9.01176709045869
0.5873855939362717	0.32303155010209533	9.012555829727864
0.5727050322488524	0.3460113117670789	9.011931818192418
0.5825210058265571	0.3307769150392717	9.012324576124087
0.5776294980305577	0.3384451040169618	9.012119898066237
0.6116500619377535	0.2995261131733854	9.013528735338484
0.6067951315093248	0.30739330984961527	9.013226264169113
0.6262149114626641	0.2916489220939041	9.014007103885296
0.6213588626313914	0.2995281963905202	9.013678542875349
0.6407842147402206	0.2837647592434946	9.014522348705638
0.635926392301714	0.2916500322174831	9.014165353799969
0.6553573309305375	0.2758718099293379	9.015075867660173
0.6504982191816128	0.28375424644033126	9.014690052922319
0.6699402340385586	0.2679588999486782	9.015672517940757
0.6650784612261027	0.27583846292141656	9.015254257755048
0.6893213091573775	0.2522183112766547	9.016798197352507
0.6796756986159385	0.2679338554112149	9.015861197198204
0.6845043955766715	0.2600705968647082	9.016313486507977
0.7038834951457775	0.24435431217608475	9.017518147037807
0.6990148808698073	0.25223806684943867	9.016992854256076
0.7184020362897381	0.23649184319105546	9.018306931641378
0.7135905642048215	0.24428973691270292	9.017728667516993
0.7280590088532163	0.23654205959767852	9.018521308981084
0.7329874161207157	0.228639846134537	9.019142645133577
0.7475742915585402	0.22052489699474848	9.02008226793636
0.7426557598235782	0.2284800958837714	9.019386072557081
0.7620387406538306	0.2125799548728806	9.021074392980024
0.7571769174425409	0.2204188529843998	9.020333664611393
0.7763424376177431	0.2043417579257321	9.022187709990844
0.7715476803463494	0.21223906442680412	9.021360193160932
0.7908589952378716	0.19662320128519348	9.023377164222753
0.7859514101379459	0.20422260569364312	9.02247792407496
0.8050608012414195	0.18786774665105938	9.0248127351219
0.8002836289157992	0.19605983513299394	9.02373305261778
0.8128143503357801	0.187223650630893	9.025154872730978
0.8196017851444994	0.18121862416230852	9.026121276822101
0.8282516839166862	0.17871704060683025	9.026793264637815
0.8346969337815799	0.1717873357289295	9.028028357310546
0.841645480878517	0.1658286632900633	9.02928706319002
0.850099912441854	0.16082717629915674	9.03056839501748
0.8580279308856208	0.1563021685990352	9.031834606322034
0.8658165291997864	0.15129657072124025	9.03330278956855
0.8735199090230357	0.14624970129607762	9.034943837478707
0.881598801240699	0.14147590330525928	9.036712446706012
0.8895534199448135	0.1366262839509997	9.038676787581984
0.897370693428268	0.1318107671253876	9.04084594810839
0.905267497278702	0.12689519076827413	9.043337233835501
0.9131977821723076	0.12198643793097827	9.046166938501957
0.9211151009843248	0.1170745957665703	9.04939260252514
0.9289803762271616	0.1121253033741302	9.053097740591392
0.9368824107355973	0.1071912699348244	9.057383139375823
0.9447603299611492	0.10232032050724088	9.06234788654839
0.9526546194460336	0.09741020594073224	9.068238866881225
0.9605402413604057	0.09253246753246731	9.075228274351574
0.9684321930883248	0.08766233766233733	9.083653590791677
0.9763243234529506	0.08279207857660553	9.09395060176066
0.9842162557222593	0.07792196278172397	9.10664222047488
0.3398058252427186	0.7342352056660464	9.456927229847658
0.34466019417475746	0.7263528084990696	9.457356225699565
0.34951456310679624	0.7184704113320928	9.450867125151085
0.35436893203883507	0.7105880141651161	9.275612837026594
0.3592233009708739	0.7027056169981393	9.196864200325164
0.36407766990291274	0.6948232198311626	9.156618724253883
0.36893203883495157	0.6869408226641857	9.123462839598373
0.37378640776699035	0.6790584254972089	9.102513316280886
0.3786407766990292	0.6711760283302319	9.084690395403975
0.38349514563106807	0.6632936311632552	9.07222394929586
0.3883495145631069	0.6554112339962783	9.061941180250328
0.3932038834951457	0.6475288368293014	9.054076753310229
0.3980582524271845	0.6396464396623246	9.04763143924584
0.40291262135922346	0.6317640424953479	9.042096636828903
0.4077669902912624	0.6238816453283711	9.037763610558656
0.41262135922330123	0.6159992481613944	9.034095217322841
0.4174757281553402	0.6081168509944177	9.030863659279484
0.4223300970873791	0.6002344538274409	9.028235964810527
0.427184466019418	0.5923520566604642	9.025920936367994
0.4320388349514572	0.5844696594934875	9.023946208215834
0.43689320388349645	0.576587262326511	9.022227678916027
0.441747572815536	0.5687048651595344	9.020716112937356
0.44660194174757595	0.5608224679925585	9.01940511353071
0.4514563106796167	0.5529400708255835	9.018264065293984
0.45631067961165733	0.5450576736586094	9.017239102426837
0.46116504854369783	0.5371752764916358	9.016364366069846
0.4660194174757366	0.5292928793246637	9.01557184935894
0.47087378640777516	0.5214104821576913	9.014898615042656
0.47572815533981133	0.5135280849907197	9.014289498585685
0.4805825242718494	0.5056456878237526	9.013759336222307
0.4854368932038941	0.49776329065679503	9.01330241018279
0.4902912621359452	0.4898808934898506	9.012902187471385
0.4951456310680209	0.4819984963229425	9.012566673774968
0.5000000000001332	0.4741160991560755	9.012258524899787
0.504854041800507	0.46623477834018917	9.012006697779485
0.5097073293787683	0.4583581666834306	9.011802760857286
0.5145598488166053	0.45049215117474084	9.011628670762832
0.5194099389600637	0.4426457297158353	9.011496342217583
0.5242514339248793	0.43483262599189626	9.011393148564117
0.529077257928143	0.4270704801540565	9.011321417255317
0.5338845441449379	0.4193803862317667	9.011277983613875
0.5386742527672389	0.4117859574977218	9.011265066240945
0.5434506599683765	0.40430575822265014	9.01127459270819
0.5482238711542496	0.3969406695282289	9.011302569028958
0.5530091874511296	0.3896668073371938	9.011352883185486
0.5578087929823559	0.38243179542679345	9.011428310818557
0.5626972682734002	0.37523708392759353	9.011519428427304
0.5675847768721018	0.368026650726081	9.011626211139399
0.6019404622692454	0.31523698440624376	9.012951452643806
0.5970838336305331	0.3230402687923655	9.012696431464931
0.5725072015923086	0.3607786452541948	9.01175571875041
0.5774544927122335	0.35344862370389235	9.011901086697177
0.5922171290940114	0.3307841874035882	9.012464057903571
0.5824025835091622	0.34600696081466964	9.01206798331929
0.5873263998908483	0.33844732180453013	9.012257761162893
0.6165012848642127	0.3073983564102274	9.013375731842656
0.6116403737079315	0.31524715104170115	9.013099899188186
0.6310690687397115	0.29953056744278445	9.013836595350815
0.626210100359221	0.3074054081350664	9.013533194083209
0.6456317863810511	0.2916351019457324	9.014333276068792
0.640776396819974	0.2995283212940708	9.014003714566776
0.6602001679084099	0.28371425021612323	9.014868827475892
0.6553128147343971	0.29158490718811514	9.01451187078665
0.6748076532832705	0.27579290249355376	9.01544452465606
0.6698978153439078	0.28364889580631303	9.015059459735594
0.694173861814341	0.26009143488778697	9.016509994268198
0.6845802277682461	0.2757571028581292	9.015647481904054
0.6894238372127675	0.2679255585223321	9.016061754205914
0.7087378640774445	0.2522367093430069	9.017203237437798
0.7038003231061478	0.2601778711382643	9.016716224632562
0.7185407276839604	0.2521819863931075	9.017433119606238
0.7232247136233096	0.24436470826237547	9.017944923780364
0.7328095084578914	0.24457890878927357	9.018169740771699
0.737721024193002	0.23650159937148163	9.018758539166924
0.7522760184382702	0.22824743711463236	9.019651963887503
0.7473421746991934	0.23626260408197253	9.019024460663529
0.7667656413505352	0.2204039994851117	9.020598659340846
0.7620079123912432	0.22810366828098302	9.019934458040565
0.7807550401870481	0.21158574688982493	9.02168664602968
0.7761833766609878	0.21994601202717914	9.020914753101856
0.7886310275024768	0.2110839216339695	9.021982299865355
0.7955677257696849	0.20511713312378163	9.022699610001295
0.8042038342024034	0.202647357517457	9.023231538062657
0.8102886808575913	0.19551321405373834	9.024131485289134
0.8192890583836739	0.1910472926535102	9.02494767906555
0.8275363322435674	0.18624868129139477	9.025817064617641
0.8350240521299622	0.1813939382616487	9.026719744850496
0.8422701028796432	0.1758029628077151	9.027776759278657
0.8500108984339958	0.1706527716564422	9.028889383106742
0.8579660825601588	0.16575144283839627	9.03008228264112
0.8658457768915266	0.1607841427985176	9.031378753901675
0.8737144521236978	0.15587453818595545	9.032787671113221
0.8815736171386193	0.1510876184439715	9.034314574915479
0.8895033323167066	0.14625409832304262	9.036020123743471
0.8973973480768824	0.14137570346085418	9.037922223588822
0.9052659832519682	0.13648100222256268	9.04004386912181
0.9131552787243086	0.13156488128459407	9.042441957315928
0.9210641852782677	0.12665400587050762	9.045164237941364
0.928972434448731	0.12175324675324534	9.048267986484925
0.9368643861766501	0.11688311688311642	9.051812283639064
0.9447563379045688	0.11201298701298729	9.055913299732318
0.9526482896324872	0.1071428571428576	9.060698553858996
0.9605402413604057	0.10227272727272729	9.066335789264889
0.9684321930883246	0.09740259740259727	9.073031537636048
0.976324189635469	0.09253243520851456	9.08104691969456
0.9842161496035281	0.08766229928221958	9.090727089941156
0.34951456310679624	0.7342352056660464	9.45658591066321
0.3543689320388351	0.7263528084990696	9.456938829288779
0.3592233009708739	0.7184704113320928	9.450759983480298
0.3640776699029127	0.710588014165116	9.275437829697067
0.3689320388349515	0.7027056169981392	9.196683075932528
0.37378640776699035	0.6948232198311624	9.156447479454725
0.3786407766990292	0.6869408226641855	9.123304846187962
0.38349514563106807	0.6790584254972086	9.102368408743144
0.3883495145631069	0.6711760283302319	9.084558725300523
0.3932038834951458	0.6632936311632551	9.07210493716232
0.39805825242718457	0.6554112339962783	9.061834574948696
0.40291262135922346	0.6475288368293015	9.053981950596034
0.4077669902912623	0.6396464396623247	9.047548082112762
0.4126213592233012	0.631764042495348	9.042024094155686
0.4174757281553401	0.6238816453283712	9.03770139445254
0.42233009708737895	0.6159992481613944	9.034042775309063
0.42718446601941795	0.6081168509944175	9.030820473070266
0.43203883495145695	0.6002344538274408	9.028201733558811
0.43689320388349606	0.5923520566604641	9.02589532624998
0.4417475728155354	0.5844696594934874	9.023928818248145
0.44660194174757506	0.5765872623265111	9.022218187161956
0.45145631067961495	0.5687048651595353	9.020714209028602
0.4563106796116549	0.5608224679925602	9.01941051437433
0.4611650485436946	0.5529400708255862	9.018276528962586
0.4660194174757335	0.5450576736586127	9.017258404516637
0.47087378640777167	0.5371752764916388	9.016390298147977
0.47572815533980684	0.5292928793246654	9.015604238794936
0.4805825242718445	0.5214104821576903	9.014937285565964
0.4854368932038848	0.5135280849907186	9.014334311191895
0.4902912621359281	0.5056456878237555	9.013810141580327
0.4951456310679843	0.4977632906568146	9.01335907627488
0.5000000000000181	0.4898808934898613	9.012964595739758
0.5048543689320937	0.48199849632295644	9.012634686331971
0.5145628519355533	0.46623468249843397	9.012085599278334
0.5097087378645626	0.47411609915634806	9.01233204789319
0.5194164708655953	0.4583579313858588	9.01188688756176
0.5242693072916661	0.45049219308157956	9.011717972478541
0.5291191065692519	0.44264652558253065	9.011590595633576
0.5339596873690932	0.43483383203185516	9.011492251618092
0.5387846777445485	0.42707088880106886	9.011425113767347
0.5435918180679166	0.4193785897877849	9.011386174934893
0.5483814106528336	0.4117812209695444	9.011377428299587
0.5531560834236314	0.40429858191309426	9.011390925055933
0.557925510090851	0.3969319963852848	9.011422725128101
0.5627056687821727	0.3896574904754146	9.011476719949698
0.5675261104587026	0.38243990063178246	9.011555669556868
0.5723884793179117	0.3752280218362354	9.01164985624496
0.5772723020172564	0.368018908645733	9.01175985586918
0.6067751209531	0.32305656747524136	9.012843500815798
0.6019027488424469	0.3308046285959353	9.012609587477572
0.5821961592252657	0.360775269101186	9.011892179401322
0.5871477936433301	0.35345359758531975	9.012040394656756
0.5970131330931058	0.3384670603286275	9.01240132243067
0.5920946182453445	0.3460208577048009	9.012209641732445
0.6213410742668308	0.31525947271179594	9.013256028207751
0.6164623670020192	0.32307666696249365	9.012997858508323
0.6359228286771249	0.30741425910864323	9.01369941437724
0.6310264076625222	0.31525249588215004	9.013420804349748
0.6504467229534509	0.29947839212679916	9.014181250516105
0.6455739474786477	0.30735856710288345	9.013875703546232
0.6649709070040025	0.29149677472031316	9.014701942700697
0.6600610319812784	0.2993578239894985	9.014370101252917
0.6796368454145556	0.28358263071000384	9.015262957580973
0.6746289779179961	0.2914010328013469	9.014903743153939
0.6895679730823515	0.2835097562925977	9.015483983192928
0.6991253617027527	0.26798799817852964	9.016271894653995
0.6943593632321439	0.275787706916709	9.015861451935011
0.7086430790622443	0.2681487575074567	9.016488176263787
0.7134085761721841	0.2602243095731881	9.016938676113256
0.7229076906922131	0.2601347946236833	9.017179909583275
0.7281503517309786	0.25285765178226094	9.017639965028605
0.7374035433894888	0.25276152186364276	9.017893358279046
0.742472277203417	0.24450608174165694	9.018430408872872
0.7568165482791842	0.23571790374455176	9.019324137464226
0.7521143014793685	0.24412882939698274	9.018726026452791
0.7647886838608907	0.23514995445657094	9.019599654335897
0.7716173193978826	0.22909564982138297	9.020161642976921
0.7801906326435681	0.22667566369105047	9.020598433730028
0.7862239460405438	0.21967594784890074	9.021256800643796
0.7953208657236103	0.2149961287814007	9.021909075873564
0.8035422897286368	0.21019464584233155	9.022572319658765
0.8110891173821972	0.20529562546408067	9.023255922210502
0.8188294686654299	0.20036632407036858	9.023997686318722
0.8269321803718612	0.19554739197010532	9.024797287418261
0.83479762433977	0.19061310719340616	9.025650174826119
0.8424103304520193	0.1853868627882298	9.026581938822346
0.850127643551684	0.18036093469958916	9.02756643928936
0.857965927327703	0.1754387393424132	9.028624592815158
0.8658479891868397	0.17051756501428825	9.029779950123185
0.8737278131084752	0.16559791634724483	9.031037409710628
0.8816072891515447	0.16075403757394804	9.032399721475139
0.8894979189760317	0.15591743197954605	9.03389685597684
0.8973961691502582	0.151055281373913	9.035560800092734
0.9052846832451559	0.14617514116029334	9.037414732334724
0.9131719974211912	0.14128220349578333	9.039488231184414
0.9210689523968205	0.1363890872838161	9.04182207752906
0.92897243444873	0.13149350649350589	9.044469157425214
0.9368643861766496	0.12662337662337608	9.047478453915547
0.9447563379045684	0.12175324675324656	9.05093173387119
0.9526482896324873	0.11688311688311687	9.054924135311035
0.9605402413604062	0.11201298701298706	9.059571869051437
0.9684321930883247	0.10714285714285732	9.065021595742502
0.9763241585490992	0.10227271747547369	9.071454174683547
0.9842161205163572	0.09740258051707677	9.079076919361706
0.3592233009708739	0.7342352056660464	9.456264776005412
0.3640776699029128	0.7263528084990696	9.456555850699738
0.36893203883495157	0.7184704113320928	9.450660334968871
0.37378640776699046	0.710588014165116	9.27527542556929
0.3786407766990292	0.7027056169981392	9.196514117795045
0.3834951456310681	0.6948232198311624	9.156286979064584
0.3883495145631069	0.6869408226641855	9.123155975591464
0.3932038834951458	0.6790584254972087	9.102231252811478
0.39805825242718457	0.6711760283302319	9.084433429774853
0.40291262135922346	0.6632936311632551	9.071991099321515
0.4077669902912623	0.6554112339962783	9.061732023376313
0.4126213592233011	0.6475288368293015	9.053890206307486
0.41747572815534	0.6396464396623247	9.04746689266554
0.4223300970873789	0.6317640424953479	9.041952946106393
0.4271844660194178	0.6238816453283712	9.037639889443083
0.4320388349514568	0.6159992481613944	9.033990448345607
0.43689320388349584	0.6081168509944175	9.030776974934552
0.44174757281553495	0.6002344538274409	9.028166790952268
0.4466019417475742	0.5923520566604642	9.025868674187194
0.45145631067961384	0.584469659493488	9.023910133401534
0.4563106796116532	0.576587262326512	9.022207216101789
0.46116504854369267	0.5687048651595369	9.02071070577181
0.46601941747573167	0.560822467992562	9.019414255252364
0.4708737864077695	0.552940070825588	9.018287326175043
0.47572815533980695	0.545057673658613	9.017276083084438
0.4805825242718446	0.5371752764916378	9.016414695452292
0.4854368932038816	0.5292928793246616	9.01563522321446
0.4902912621359201	0.5214104821576866	9.01497471831023
0.4951456310679634	0.5135280849907158	9.014378086828742
0.4999999999999983	0.505645687823754	9.013860140836847
0.5048543689320419	0.4977632906568017	9.013415190575396
0.5097087378641242	0.48988089348986724	9.013026741069604
0.5145631067964126	0.4819984963231036	9.012702743146685
0.5242716706457405	0.4662345842245068	9.012165225052165
0.5194174757303964	0.47411609915778063	9.012405943478596
0.529125497242067	0.4583577240580425	9.011972089218931
0.533977842966957	0.45049217285283233	9.011808714932103
0.5388258117039441	0.4426469674661429	9.011686633610891
0.5436648749683018	0.4348338289577312	9.011593503958423
0.5484902925305638	0.4270684961699385	9.011531334341383
0.5532988529668769	0.41937251186697866	9.011497287649847
0.5580884776340161	0.41177167698734335	9.011493090129747
0.5628604352658103	0.40428686523799456	9.01151092615798
0.5676271441779338	0.3969202028473408	9.011546946929144
0.5724057655560503	0.3896461222481638	9.01160504202506
0.5771992507987831	0.3824113110681467	9.011687344853437
0.5820847408029447	0.3752239061332119	9.011785481104262
0.5869641836777592	0.3680239076901663	9.01189896961604
0.6115796217148474	0.3308373491306423	9.01276189416114
0.6066882330963349	0.3385110021432051	9.012551133640661
0.5918898079862964	0.36079738799017536	9.012034318896761
0.5968433047439657	0.35349555290343787	9.012185506609443
0.6017800833702563	0.34607021802181276	9.01235722009742
0.6261411482465599	0.3230855553418488	9.01316046217839
0.6212513949318632	0.33087339514328046	9.012921910752132
0.6406888062764889	0.3152173137620456	9.013594976484336
0.635806683595655	0.32307038432773133	9.013332219871955
0.6552082034403277	0.3072823372632818	9.014062378696167
0.6503250581737325	0.31515726920235265	9.013779106034852
0.6647215815088116	0.30704975421914127	9.014261437933024
0.6696564098302463	0.299201703979072	9.014570528600792
0.6843169981360672	0.29136383522593884	9.015116746499658
0.6792714183414779	0.29908750637599013	9.014781874224868
0.6937326669619233	0.29116305762254163	9.015341340814091
0.699290171391947	0.28354179305003746	9.015711257964234
0.7041200815775794	0.2760050931338503	9.01608279278494
0.7134796055701842	0.2761375296030144	9.016313850481248
0.7179219938576707	0.26837104907088216	9.016712124479236
0.7259536154608577	0.2677162651253455	9.01695311259083
0.7329676381088689	0.26187738465898724	9.017372912420171
0.7413748542649803	0.2597757879295476	9.017703496556754
0.7476542999512346	0.2532915295285647	9.0181603789636
0.7562368515739691	0.25085470439987956	9.018536145396961
0.7622489140699973	0.2439089954484508	9.019046664831135
0.7713830797665682	0.2392059428466562	9.019586638127775
0.7794290947067907	0.23453993709126073	9.020109868584898
0.7871564276375432	0.2295432985325888	9.02066522881301
0.7949063830257527	0.2244471090810715	9.021256785291756
0.8030538222745663	0.21945801515834917	9.021890043441916
0.8109702284051545	0.21467215163786524	9.022533825613595
0.818779734893995	0.20985967303444714	9.023213156671936
0.8266368707053092	0.20497312688083424	9.023943961603992
0.8345120754907556	0.20004624044834898	9.02472918646757
0.8423707753504549	0.19505552840070925	9.025574071115246
0.8501463781030832	0.18996934533624138	9.026485559754095
0.857989359513687	0.18512148679312132	9.027443243579304
0.8658549178545409	0.18023540434016894	9.028482131643232
0.8737334299954115	0.1753395086967875	9.029613656856348
0.8816179088410953	0.1704718364738419	9.03084329803633
0.8895059199306342	0.16561430279254388	9.032187308003062
0.8973985872599037	0.16075200804347284	9.033666418146334
0.9052911436614641	0.15587945893953564	9.035305338773666
0.9131821898336027	0.1509989079391332	9.037130757727732
0.9210751891891436	0.14611751099575454	9.039172222950638
0.9289724344487306	0.14123376623376618	9.041469391741812
0.9368643861766494	0.13636363636363605	9.044065067558394
0.9447563379045683	0.13149350649350625	9.047021663685989
0.9526482896324869	0.12662337662337647	9.050409481767462
0.9605402413604058	0.12175324675324657	9.054315186750712
0.968432193088325	0.11688311688311653	9.05884109309288
0.9763241494627803	0.11201298372555929	9.06411012138529
0.9842161058971732	0.10714285058417161	9.07026859917255
0.36893203883495157	0.7342352056660464	9.455961318248184
0.37378640776699046	0.7263528084990696	9.456202438019721
0.37864077669902924	0.7184704113320928	9.450567416614946
0.3834951456310681	0.710588014165116	9.275124096702775
0.3883495145631069	0.7027056169981392	9.196355809128397
0.3932038834951458	0.6948232198311624	9.156135906740092
0.39805825242718457	0.6869408226641855	9.123015079576478
0.40291262135922346	0.6790584254972087	9.102100880803318
0.4077669902912623	0.6711760283302319	9.084313689289209
0.4126213592233011	0.6632936311632551	9.071881758672292
0.41747572815533995	0.6554112339962783	9.061632972670454
0.42233009708737884	0.6475288368293014	9.053801077757754
0.4271844660194178	0.6396464396623246	9.04738752769624
0.4320388349514566	0.6317640424953478	9.041882937344868
0.43689320388349556	0.6238816453283711	9.037578899099953
0.44174757281553473	0.6159992481613943	9.033938127654658
0.4466019417475739	0.6081168509944177	9.03073311525709
0.45145631067961295	0.6002344538274412	9.028131136667467
0.4563106796116522	0.5923520566604649	9.025841027752113
0.4611650485436915	0.584469659493489	9.02389024484478
0.4660194174757304	0.5765872623265131	9.02219489712661
0.4708737864077688	0.568704865159538	9.0207057716649
0.4757281553398067	0.5608224679925623	9.019416539050894
0.4805825242718444	0.5529400708255866	9.018296692057042
0.48543689320388167	0.5450576736586106	9.017292403694041
0.49029126213591967	0.5371752764916349	9.016437852195002
0.49514563106795667	0.5292928793246585	9.015665124383283
0.4999999999999927	0.5214104821576827	9.015011260799485
0.5048543689320286	0.5135280849907106	9.014421197158129
0.5097087378640744	0.5056456878237398	9.01390972262456
0.5145631067961834	0.497763290656817	9.013471175221907
0.5194174757284583	0.489880893490026	9.013089081330302
0.524271844661506	0.4819984963240027	9.012771323902234
0.5339804240592253	0.46623455573059314	9.012246097315499
0.5291262136012197	0.4741160991638726	9.01248071786364
0.5388341149245469	0.45835772367797123	9.01205890763754
0.5436854476842087	0.45049229768711013	9.011901465020935
0.5485311236590492	0.4426468847614939	9.011785042663535
0.5533684658358586	0.43483230232590836	9.011697512554631
0.558194563835385	0.4270639698003653	9.011640707226443
0.5630048170944274	0.41936444160292724	9.011611961592822
0.5677950438985754	0.41176113631456207	9.011612712264272
0.5725654902352607	0.40427429189023045	9.011635284880926
0.5773309181658417	0.39690601552741006	9.011675921602233
0.5821145968822797	0.3896348414798858	9.011738605741185
0.5869343833450096	0.3824242127919588	9.01182520244326
0.5917953028090704	0.37523312119510016	9.011927073757626
0.5966727829801215	0.36805638302974036	9.012044324922117
0.6163550719384071	0.33857893318372656	9.012707965680711
0.6114545052307178	0.3461690370651805	9.012511181862486
0.6016142177668652	0.36088633548919624	9.012182858175109
0.6065520480798223	0.3536163825304961	9.012336819013038
0.6309221419023199	0.33090252761406175	9.01309064934559
0.6260227830970183	0.33866455986772953	9.012872814901437
0.6454430944939926	0.32301261923503977	9.013513902348393
0.6405983016018331	0.3309176074957585	9.013269120303962
0.6598774547688336	0.315027196337104	9.013973715764138
0.6549947403387651	0.3228927085552377	9.013705439128826
0.669252120177284	0.31462313141256953	9.01418158390414
0.6742634206190995	0.30679476795969735	9.014472989569368
0.6886335012038056	0.2988678382513186	9.015002982106404
0.6839194227006979	0.3066801236542367	9.014695792924128
0.7028649795808647	0.2913310853943571	9.015560994171912
0.6977223783312281	0.29836403751194546	9.015238510355722
0.7092190338082893	0.2848347228602823	9.015917589428584
0.7088597218605658	0.29182679192761984	9.015703040387779
0.7171766763572458	0.2834513954633385	9.016174332050888
0.7235688539328295	0.27703166835125637	9.01655184891318
0.7325982155931994	0.2721773487671598	9.016975067322184
0.7406078962676297	0.26792386026758686	9.01736429572965
0.7483005707895757	0.26297542329049933	9.01778410076657
0.7557676683763619	0.25862220825171295	9.018190880127387
0.7632629411043432	0.25361050644300714	9.018641949454867
0.7710529988477891	0.24869183036053186	9.019117702151691
0.7791614677160591	0.24384928990174	9.019627140988845
0.7870684233106168	0.23896624700548666	9.020154647149939
0.7948966065029155	0.23393646633695392	9.020713273015568
0.8027868223220015	0.2290737840306012	9.02129415707814
0.8107750434401302	0.22422875623052593	9.0219092705289
0.8186650187446096	0.2193834848160547	9.022553043170385
0.8265103524247985	0.2145007690029354	9.023234804816468
0.8343630814708902	0.2096029305798034	9.023960171672833
0.8422518212882109	0.20465955549026904	9.024739518074659
0.850114770026231	0.19966847986499095	9.025576621260429
0.8579864016388813	0.19480370493548463	9.026464992389103
0.8658600615677945	0.1899499668544682	9.027418867508826
0.8737380044984061	0.18507420971835967	9.028450841193914
0.8816227117825314	0.1802018585763492	9.029571167797728
0.8895113085998343	0.17533156374220604	9.030792167519088
0.8974019558501455	0.17046907942783207	9.032127942500965
0.9052942455663743	0.16559852451706925	9.033598605538891
0.9131864258761982	0.16072419868414542	9.035226040917708
0.9210788065091121	0.15584895859830142	9.037036593682627
0.928972434448731	0.15097402597402573	9.039060866793521
0.9368643861766496	0.14610389610389588	9.041334407677319
0.9447563379045683	0.141233766233766	9.043903074629599
0.9526482896324869	0.13636363636363616	9.046821148389585
0.9605402413604057	0.13149350649350627	9.05015293733179
0.9684321930883247	0.12662337662337625	9.053974949803768
0.9763241464305881	0.1217532456158586	9.058373968950134
0.9842160999637329	0.11688311448524474	9.063447271982803
0.37864077669902924	0.7342352056660464	9.455673311165294
0.3834951456310681	0.7263528084990696	9.455874404651775
0.3883495145631069	0.7184704113320928	9.450480495899356
0.3932038834951458	0.710588014165116	9.274982450146398
0.39805825242718457	0.7027056169981392	9.196206766365732
0.40291262135922346	0.6948232198311624	9.15599305135791
0.4077669902912623	0.6869408226641855	9.122881089550779
0.4126213592233011	0.6790584254972087	9.10197638263727
0.41747572815533995	0.6711760283302319	9.084198721547713
0.4223300970873788	0.6632936311632551	9.071776259204094
0.42718446601941773	0.6554112339962783	9.06153687782191
0.43203883495145656	0.6475288368293014	9.05371412012383
0.43689320388349556	0.6396464396623247	9.047309634520659
0.4417475728155345	0.631764042495348	9.041813789853519
0.4466019417475735	0.6238816453283712	9.03751820736641
0.4514563106796126	0.6159992481613946	9.033885698758938
0.45631067961165167	0.6081168509944181	9.030688810203323
0.4611650485436906	0.6002344538274418	9.028094740867717
0.4660194174757295	0.5923520566604655	9.025812407088155
0.47087378640776817	0.5844696594934897	9.0238692181144
0.47572815533980656	0.5765872623265135	9.022181337855075
0.48058252427184467	0.5687048651595372	9.020699553523732
0.48543689320388245	0.560822467992561	9.019417549245562
0.49029126213592056	0.5529400708255848	9.018304844888037
0.4951456310679581	0.5450576736586082	9.017307617648386
0.4999999999999951	0.5371752764916315	9.01646005069914
0.5048543689320323	0.5292928793246537	9.015694254264988
0.5097087378640692	0.521410482157674	9.015047250642233
0.5145631067961172	0.5135280849906961	9.01446399446924
0.5194174757282132	0.5056456878237477	9.013959301188594
0.5242718446605449	0.49776329065705144	9.01352747985844
0.5291262135935133	0.4898808934910012	9.013152079094622
0.5339805825291623	0.4819984963275718	9.012840911669018
0.5436890903775958	0.4662346114489691	9.012328749033573
0.5388349514902401	0.47411609918700875	9.012556879388457
0.5485422514237335	0.45835791198475323	9.012147895851875
0.5533924290923161	0.4504927558630487	9.011996806059775
0.5582368547127935	0.44264745109916875	9.011886458525902
0.5630734088519603	0.43483198979848353	9.011804966139522
0.5678995458532471	0.4270618904834391	9.011753942430081
0.5727103066197955	0.41936024158848983	9.01173089841182
0.5775018314208037	0.4117544636857509	9.011736989395848
0.5822751043484165	0.4042633648782213	9.011764731815653
0.5870432282502565	0.3968876477950876	9.011810417652761
0.5918325623876183	0.3896127524586051	9.01187813211002
0.5966588768532015	0.3824150209600081	9.011969175603276
0.6014955159004948	0.3752558109857269	9.012074971869945
0.6063903391581846	0.3681271758935933	9.012196464035474
0.6211124211841113	0.3463151333503976	9.012672232533774
0.6162228223058844	0.35382968136201165	9.012494135919454
0.6114125325080719	0.3611898642159138	9.012337758127876
0.6357030345999989	0.33875727569117126	9.01304683766408
0.6307802604944553	0.3464932738703752	9.012841663062629
0.6454272791265934	0.3388188746509853	9.013231938657484
0.6501777219668612	0.3307565765891678	9.013459000818045
0.664371604187925	0.3227331561249757	9.013904976397315
0.6596169873130885	0.33053920474148707	9.013657582099514
0.6735226090910897	0.32201128635206455	9.014122008896168
0.6787560508879444	0.314122627482434	9.014405749925613
0.6864760475460202	0.31370586158149094	9.014598446702916
0.6933913285377897	0.30757943640497865	9.014903100487608
0.7017735439588244	0.3052183398987123	9.015175033442276
0.708365905131234	0.29825610939371594	9.015515676122163
0.7156206633437958	0.2922607140995451	9.015872071820581
0.7240483228084561	0.2870388636583932	9.016256304400885
0.731989784795431	0.2821022827512652	9.01663366045925
0.7401428593861722	0.27740013396397734	9.017027647669236
0.7480386422555831	0.2726931847348445	9.017429777481505
0.755757875963428	0.26794234221813057	9.017844640280309
0.7634329224638501	0.2631050945873707	9.018276969396195
0.7711796395658159	0.2582918653646269	9.018729930791748
0.779040083245576	0.2533815601712467	9.019209823179624
0.7869331563083435	0.24844158957158802	9.019714979448187
0.7948406447323131	0.24352214433333996	9.020243981284544
0.8027455313939934	0.23870651947475408	9.020795374502404
0.8106365212922053	0.2338295155218727	9.021377093585214
0.8185378476022442	0.22895558621841267	9.021990203951136
0.8264183357641978	0.22408578803937	9.022635664494901
0.8342909561278598	0.21921548780821193	9.023318192227302
0.8421631783924394	0.21432756247800527	9.024043570111713
0.8500558184129949	0.20937832594724037	9.024821935103743
0.8579669505159396	0.20452381773261452	9.02564924375944
0.8658551817283857	0.19967000557289039	9.02653586387074
0.8737393291495662	0.1948065342808708	9.027490766439897
0.8816246798354856	0.18993761027460676	9.02852273674066
0.8895133085755725	0.18506816736144716	9.029642814467325
0.8974038817582352	0.18019965395075058	9.030863534333228
0.9052958061315485	0.1753291669200889	9.032200242170715
0.9131880242904122	0.17045723653643796	9.033670655357504
0.9210804827208121	0.16558441558441533	9.035296101129164
0.928972434448731	0.16071428571428545	9.037101496787871
0.9368643861766497	0.1558441558441556	9.039117181660968
0.9447563379045684	0.15097402597402568	9.041378171829267
0.9526482896324869	0.14610389610389588	9.043925577370963
0.9605402413604058	0.1412337662337661	9.046807785510316
0.9684321930883246	0.13636363636363624	9.050081098822227
0.9763241453705973	0.13149350610348054	9.053810277541546
0.9842160977318666	0.1266233757895537	9.058065292602725
0.3883495145631069	0.7342352056660464	9.455398767384217
0.3932038834951458	0.7263528084990696	9.455568116430223
0.39805825242718457	0.7184704113320928	9.450398873464822
0.40291262135922346	0.710588014165116	9.274849212230231
0.4077669902912623	0.7027056169981392	9.196065722090085
0.4126213592233011	0.6948232198311624	9.155857292764836
0.41747572815533995	0.6869408226641855	9.12275300743787
0.4223300970873788	0.6790584254972087	9.10185689978408
0.4271844660194177	0.6711760283302319	9.084087779136523
0.4320388349514565	0.6632936311632552	9.07167396518416
0.43689320388349545	0.6554112339962783	9.061443202576173
0.44174757281553445	0.6475288368293015	9.05362888998963
0.44660194174757345	0.6396464396623248	9.047232851599112
0.4514563106796125	0.6317640424953481	9.04174520109877
0.4563106796116514	0.6238816453283715	9.037457605923095
0.4611650485436904	0.615999248161395	9.033833035624662
0.4660194174757292	0.6081168509944186	9.030643955893396
0.4708737864077678	0.6002344538274422	9.028057551344153
0.4757281553398063	0.5923520566604658	9.025782810922442
0.4805825242718447	0.5844696594934894	9.023847098514812
0.4854368932038829	0.5765872623265128	9.022166627338509
0.49029126213592117	0.5687048651595363	9.020692181413056
0.4951456310679594	0.5608224679925597	9.019417454845724
0.4999999999999969	0.5529400708255828	9.018311990721728
0.5048543689320348	0.5450576736586055	9.017321966264852
0.5097087378640724	0.5371752764916268	9.01648156448053
0.5145631067961127	0.5292928793246472	9.015722914572349
0.5194174757281605	0.5214104821576667	9.0150830062058
0.5242718446602405	0.5135280849907085	9.014506885853494
0.5291262135924919	0.5056456878239429	9.014009294251608
0.5339805825256082	0.4977632906580898	9.013584535861483
0.5388349514610288	0.4898808934946468	9.013216199888966
0.5436893204059277	0.4819984963403991	9.01291199961365
0.5533976911677119	0.4662347003303353	9.012413725758135
0.5485436894441661	0.47411609927133175	9.012634950323955
0.5582501025555573	0.45835813863023994	9.012239620871798
0.5630991248877717	0.45049322852561713	9.012095326149577
0.567943211340192	0.4426485835297971	9.011991493330042
0.5727798280734092	0.4348338134054373	9.011916510037212
0.5776047841999493	0.42706372955467486	9.011871693943847
0.5824146787183381	0.4193608461481651	9.011854751346895
0.587208782340029	0.4117499577884855	9.011866582943869
0.5919903971707136	0.40424739234045354	9.011899951303823
0.5967727930540908	0.3968528828209316	9.01195126102572
0.601586389732936	0.3895704133203168	9.01202480508232
0.6064361240426432	0.3824169477865329	9.012120836061397
0.611037001930212	0.3752878479434673	9.012227528398467
0.6161659829389158	0.3680889590118071	9.012358012157778
0.6258293359990795	0.35409892059705156	9.01265795832123
0.6209730756959455	0.3615691727283395	9.012495980484617
0.640462230843151	0.3467208081983895	9.013020189576674
0.6355484024669599	0.3543833599769097	9.012832574101195
0.6499500015293336	0.346487194244501	9.013211290685033
0.6547107321117662	0.3382387877238858	9.013428651886391
0.6622839504815652	0.33761336301152545	9.013599913645361
0.6691037985432062	0.33142775701821786	9.013848614384615
0.6778801094445674	0.32879356895849965	9.014098186544878
0.6841318006616848	0.32198466451016156	9.014369690662791
0.6930212607230103	0.3174442907704507	9.014681177315298
0.7011064886841424	0.31258511078675805	9.014990987849414
0.7086548209275053	0.30793839702156606	9.015296234747773
0.7160745746508662	0.30237629982287123	9.015629632143783
0.7238744599545933	0.29707866064676985	9.01598210671978
0.7318709788124954	0.2920355028126677	9.016351641230143
0.7398441041477453	0.28715330310796966	9.016731210873232
0.7477867555298963	0.28235545758795766	9.0171236517227
0.7556401909967142	0.2775644054638076	9.01752944129307
0.7633959449634512	0.27271412424678426	9.017950853624562
0.7712235400144403	0.26790714952360273	9.018390711066743
0.7790652510605433	0.26305745333066205	9.018851800605182
0.7869358398356394	0.25815670109700073	9.019335167873402
0.7948209169787448	0.253264907266989	9.019840921459142
0.8027204902825211	0.24839941658322592	9.020370235899314
0.8106061182457183	0.24352343314458474	9.02092582076459
0.8184955226331021	0.23864961133013407	9.021510040017775
0.8263848103134085	0.23377672034620722	9.022125550848598
0.8342709927217744	0.2289055048438291	9.022774950383502
0.8421585115359912	0.22403036722750538	9.023462386949502
0.8500524804753365	0.21914470593150906	9.024192842410285
0.857951850050859	0.2142702022783369	9.024970578988842
0.8658474805667747	0.20940611948418617	9.025801100098919
0.8737370469696583	0.20454215062795758	9.02669206436549
0.881624838604529	0.1996752077296581	9.02765175946424
0.8895141386995769	0.1948063149330667	9.028689230508403
0.8974047233684033	0.18993647530763247	9.029815185412254
0.9052964339827522	0.1850660127880888	9.031042161921404
0.9131885309928937	0.18019480519480513	9.032384918888404
0.9210804827208122	0.1753246753246752	9.033860521583803
0.928972434448731	0.17045454545454528	9.035489455872819
0.9368643861766497	0.1655844155844153	9.037295694860887
0.9447563379045684	0.16071428571428542	9.039307317416347
0.9526482896324872	0.15584415584415545	9.041556810127801
0.960540241360406	0.15097402597402576	9.044081148187955
0.9684321930883248	0.14610389610389618	9.046922197281274
0.9763241450012318	0.14123376610360053	9.050127016269627
0.9842160969373098	0.13636363608719185	9.05374753655011
0.39805825242718457	0.7342352056660464	9.455135922132882
0.40291262135922346	0.7263528084990696	9.455280387991193
0.4077669902912623	0.7184704113320928	9.450321878595323
0.4126213592233011	0.710588014165116	9.274723213362675
0.41747572815533995	0.7027056169981392	9.195931509714379
0.4223300970873788	0.6948232198311624	9.155727588100502
0.4271844660194177	0.6869408226641855	9.122629897805373
0.43203883495145645	0.6790584254972087	9.101741618283382
0.4368932038834954	0.6711760283302319	9.083980146965976
0.44174757281553434	0.6632936311632552	9.071574259492849
0.44660194174757334	0.6554112339962784	9.061351419943785
0.4514563106796123	0.6475288368293016	9.05354494708182
0.4563106796116512	0.639646439662325	9.047156802041114
0.4611650485436901	0.6317640424953486	9.041676859170678
0.4660194174757289	0.623881645328372	9.037396894004447
0.4708737864077676	0.6159992481613953	9.033779961983969
0.4757281553398063	0.6081168509944186	9.030598431278976
0.4805825242718447	0.6002344538274421	9.028019499916704
0.4854368932038832	0.5923520566604654	9.02575222187392
0.49029126213592167	0.5844696594934886	9.023823916020996
0.49514563106796	0.576587262326512	9.022150840622544
0.49999999999999806	0.5687048651595351	9.020683773155822
0.5048543689320364	0.560822467992558	9.019416414883366
0.5097087378640747	0.5529400708255802	9.018318327686698
0.5145631067961144	0.545057673658602	9.017335684449513
0.5194174757281567	0.5371752764916232	9.016502655593255
0.5242718446602019	0.5292928793246455	9.01575139119123
0.5291262135922604	0.5214104821576688	9.015118915435643
0.5339805825244217	0.513528084990829	9.014550250543394
0.5388349514572482	0.5056456878247282	9.014060111532219
0.543689320393314	0.4977632906620029	9.013642790941427
0.5485436893374661	0.489880893507545	9.013281923835272
0.5533980583137867	0.48199849638436737	9.01298509547931
0.5631062629765475	0.4662348023966172	9.012501591583556
0.5582524276152405	0.47411609956496176	9.012715469018097
0.5679580790832522	0.45835845044507245	9.0123346763762
0.5728062453725188	0.45049374986949436	9.01219764525054
0.5776497221752681	0.4426494743100969	9.012100758821454
0.5824851255407794	0.43483529552910355	9.012032726281825
0.5873068479719645	0.4270648053060075	9.011994523897895
0.5921148144365357	0.41935817132763575	9.01198408424851
0.5969127933851	0.41173435679114156	9.012002073126498
0.6017069734189184	0.40420366091854154	9.012041526366346
0.6065187430090246	0.3967617914947204	9.012099146982477
0.6114008397696836	0.3894604648318461	9.012179889380379
0.6165399716218756	0.38253830803663125	9.012284991034507
0.6191975443932514	0.37530021212532877	9.012364553522833
0.6258697220052682	0.3702107888014763	9.012510654695625
0.6303380584184529	0.3619968223817769	9.012659226419162
0.6383325782984082	0.3615009661474694	9.0128138403356
0.6453644068415647	0.35538487075639463	9.013010692478327
0.6539871022144657	0.3530416523773028	9.013214203484587
0.6599173002777584	0.3462327164131624	9.01342272582716
0.6689492597951733	0.34152650861417205	9.013688131702681
0.6771020690945638	0.3367772117871881	9.013947485488602
0.6847719160713517	0.33195166148183924	9.014210063809474
0.6924810804608826	0.32683612493549574	9.014490555625912
0.7005463312604866	0.3219741892140778	9.01478991083154
0.708445537936933	0.3171194290090574	9.015098167978989
0.7161648007545945	0.31207923981105284	9.01541941426605
0.7239108333306835	0.30692521254248406	9.015756628088141
0.7317742217498513	0.30188937861225273	9.016109165459854
0.7397100480261627	0.29696400715266275	9.016477196970584
0.7476342321323927	0.29210220003082593	9.016858644502962
0.7555176578089347	0.28726739150825786	9.017254078501692
0.7633609859827734	0.28242316247353316	9.01766493303579
0.7712228854101828	0.27759624340716366	9.018093607727616
0.7790807654350469	0.27275146443250037	9.018540698144044
0.7869478715872074	0.2678845059810855	9.019008302341746
0.7948251464179217	0.26300383314473563	9.019496839787182
0.8027125095285679	0.25812915971936584	9.020007601397483
0.8106009511329914	0.2532554761591094	9.020542203517726
0.8184881190050537	0.24838029457106	9.021103112653762
0.8263787127460099	0.24350895791061966	9.021692767035773
0.8342695296788903	0.2386378851125451	9.02231406962296
0.8421605423052334	0.2337666050054997	9.02297010836289
0.8500528842023991	0.22889325205288524	9.02366469180167
0.8579471299171172	0.22401895090506715	9.024402046357336
0.8658414837786724	0.2191489878501451	9.025186914491604
0.8737336398030089	0.21428178247370658	9.026025275393982
0.881623931982507	0.20941430753539916	9.026924490352412
0.8895141311830358	0.20454565368424216	9.027892844264827
0.8974049623642828	0.19967571282286958	9.02893952691794
0.9052966068628873	0.19480543644637935	9.030075091762354
0.9131885309928935	0.18993506493506473	9.031311732222106
0.9210804827208124	0.18506493506493485	9.032663651520151
0.9289724344487311	0.18019480519480502	9.034147445186738
0.9368643861766497	0.17532467532467513	9.035782289844382
0.9447563379045684	0.17045454545454516	9.037590283820164
0.9526482896324874	0.1655844155844152	9.039596899033034
0.9605402413604063	0.16071428571428523	9.041831253059536
0.9684321930883248	0.15584415584415545	9.044325740737955
0.9763241448758558	0.15097402593204426	9.047115466067694
0.9842160966684981	0.14610389601631776	9.050237752132096
0.4077669902912623	0.7342352056660464	9.454883177753858
0.4126213592233011	0.7263528084990696	9.455008401539642
0.41747572815533995	0.7184704113320928	9.450248865552965
0.4223300970873788	0.710588014165116	9.274603373299803
0.4271844660194177	0.7027056169981392	9.195803050124335
0.43203883495145645	0.6948232198311624	9.155602958052574
0.43689320388349534	0.6869408226641855	9.122510882193886
0.4417475728155342	0.6790584254972089	9.101629760499998
0.4466019417475731	0.671176028330232	9.083875139734772
0.45145631067961217	0.6632936311632553	9.071476541393167
0.4563106796116511	0.6554112339962784	9.061261012845227
0.46116504854368984	0.6475288368293018	9.053461850423178
0.4660194174757288	0.6396464396623253	9.047081096616717
0.47087378640776745	0.6317640424953485	9.041608498770417
0.4757281553398061	0.6238816453283719	9.037335843383657
0.4805825242718447	0.6159992481613952	9.033726287132444
0.48543689320388334	0.6081168509944184	9.03055210267019
0.49029126213592195	0.6002344538274417	9.027980506162924
0.49514563106796045	0.5923520566604649	9.025720610367125
0.49999999999999883	0.5844696594934882	9.023799689351874
0.5048543689320372	0.576587262326511	9.022134042829835
0.5097087378640759	0.5687048651595337	9.020674438584136
0.5145631067961153	0.5608224679925561	9.019414582665034
0.5194174757281559	0.5529400708255784	9.018324049900004
0.5242718446601982	0.5450576736586011	9.017348998485149
0.5291262135922419	0.5371752764916259	9.016523565270601
0.5339805825242854	0.5292928793246535	9.015780044637596
0.5388349514563692	0.5214104821577306	9.01515532422262
0.5436893203888546	0.5135280849912812	9.014594476618669
0.5485436893238995	0.505645687827639	9.014112180673566
0.5533980582708067	0.4977632906762057	9.013702706467242
0.5582524272452672	0.48988089355289083	9.013349746787481
0.5631067963210429	0.4819984965286195	9.013060724380734
0.5728148477690225	0.4662348901425999	9.012592931132723
0.5679611664449782	0.47411610051593334	9.012798993392801
0.5776664217271631	0.45835879064333745	9.01243367388733
0.5825141509792934	0.45049423090849827	9.012304399564384
0.5873557078242474	0.4426492292105341	9.012214886352837
0.5921863643936338	0.43483261958108915	9.012154197826957
0.5970017942700641	0.42705702643575116	9.012122975306953
0.6018066285284943	0.41933895991014314	9.012119437692355
0.6066075760990103	0.4116869004185893	9.012143994709156
0.6114102999847211	0.4040950826099143	9.012189901281099
0.6162307876255086	0.3965430925564902	9.012254096361348
0.6211401516126159	0.38899494158419773	9.012342718704893
0.6263750434699848	0.3803751568332621	9.01246198971709
0.6312058189237899	0.375168887580488	9.012579045962767
0.6360239283748228	0.3699874441282215	9.012698649094673
0.6450925932445045	0.36550705673434863	9.012909278688575
0.6533505368826875	0.3607924488740589	9.0131196590162
0.6608699840946682	0.35565293849127244	9.01333160388212
0.6685955096568544	0.35093916478085574	9.013556593064564
0.6766929307170919	0.34616883867408244	9.013804692664065
0.6846012094696979	0.34130698529138587	9.01406301163854
0.6923716995103311	0.33628005406913575	9.014334317786831
0.7001461464748152	0.33138910471105476	9.014616717645294
0.7081504613462745	0.32654113690336833	9.014918405267487
0.7160503246485947	0.3215985003175211	9.015232629659756
0.7238572192579356	0.3165270475215822	9.015561139780097
0.7317410508647901	0.3116582301790834	9.015902157676274
0.7396253811431055	0.3067506133206304	9.016258047508806
0.7475427027421179	0.30187304638949636	9.016629646811674
0.7554439748878589	0.29701470449251205	9.017015725817272
0.7633281241763168	0.2921652896661433	9.017417110980583
0.7712022652079779	0.28731709461982485	9.01783491754279
0.7790775638662039	0.2824660161527359	9.018270711590324
0.7869522412178762	0.2776058882492187	9.018725268748957
0.7948299544511289	0.27273672954870626	9.01920004518813
0.8027126444155511	0.2678646840615968	9.019695836718476
0.8105985071847287	0.26299116286340984	9.020214075615437
0.8184870253335058	0.258118356484033	9.020756444996353
0.8263775079171436	0.2532473135784422	9.021325218630848
0.8342690391955554	0.24837668322554846	9.021922950300558
0.8421608912966055	0.2435065721355564	9.022552612341501
0.8500530222745905	0.2386352685540929	9.023217562234512
0.8579456847975665	0.23376348032791575	9.023921545805623
0.8658386528150883	0.22889260645911966	9.024668741940447
0.8737310651185733	0.224023356106099	9.025464071376623
0.8816225810403163	0.21915471435025977	9.026313478954973
0.8895136892838607	0.21428562361853554	9.027224056520495
0.8974049272713723	0.20941570120871675	9.0282039403451
0.9052966271749948	0.20454550595813628	9.029262271115945
0.9131885309928935	0.19967532467532445	9.030409441992097
0.9210804827208123	0.19480519480519454	9.031657317611996
0.928972434448731	0.18993506493506465	9.033019482197501
0.9368643861766497	0.18506493506493482	9.034511508107427
0.9447563379045684	0.18019480519480494	9.036151142332814
0.9526482896324876	0.1753246753246748	9.03795837859161
0.9605402413604074	0.1704545454545443	9.039955660866916
0.9684321930883256	0.1655844155844146	9.042168121162108
0.9763241448347713	0.1607142857012218	9.04462313153541
0.9842160965818478	0.1558441558175649	9.047348962177152
0.41747572815533995	0.7342352056660464	9.454639074767426
0.4223300970873788	0.7263528084990696	9.454749650963597
0.4271844660194176	0.7184704113320928	9.45017920988653
0.43203883495145645	0.710588014165116	9.274488687326647
0.43689320388349534	0.7027056169981392	9.195679340289466
0.4417475728155342	0.6948232198311625	9.155482472474235
0.44660194174757306	0.6869408226641857	9.122395136620327
0.451456310679612	0.679058425497209	9.101520574976448
0.4563106796116509	0.6711760283302323	9.08377210003176
0.46116504854368984	0.6632936311632555	9.071380223586132
0.4660194174757286	0.6554112339962787	9.06117147157889
0.47087378640776745	0.647528836829302	9.053379145668968
0.4757281553398061	0.6396464396623253	9.047005390320239
0.4805825242718447	0.6317640424953485	9.041539823275174
0.48543689320388356	0.6238816453283716	9.037274197811726
0.4902912621359223	0.615999248161395	9.033671813590464
0.4951456310679608	0.6081168509944183	9.03050482784103
0.4999999999999994	0.6002344538274412	9.027940480540245
0.5048543689320381	0.5923520566604643	9.025687938040008
0.5097087378640766	0.5844696594934873	9.023774429497585
0.5145631067961155	0.5765872623265099	9.022116292968965
0.5194174757281554	0.5687048651595327	9.02066428361252
0.5242718446601962	0.5608224679925559	9.01941211028583
0.5291262135922375	0.5529400708255799	9.018329347285581
0.5339805825242787	0.5450576736586054	9.017362107114458
0.5388349514563182	0.537175276491633	9.016544632299683
0.5436893203883539	0.5292928793246622	9.015809186918423
0.5485436893205625	0.521410482157895	9.015192595245452
0.5533980582543643	0.5135280849929769	9.014639968821838
0.5582524271976367	0.5056456878383341	9.014165944315588
0.5631067961827935	0.4977632907266672	9.013764761551153
0.5679611652585738	0.48988089370805366	9.013420184472645
0.5728155346191799	0.48199849696961633	9.013139432670961
0.582523516786971	0.46623488970155064	9.012688351897998
0.577669906942598	0.4741161032173691	9.012886104567928
0.5873750714933491	0.4583587738883061	9.012537238967914
0.5922224669919934	0.4504938000773371	9.012416225754224
0.5970610016899084	0.44264637108393684	9.0123345296445
0.6018837535024979	0.43482295167395196	9.012281590779681
0.6066894089380123	0.42703503268337545	9.012257702986242
0.6114870990791564	0.4192926805105712	9.012261426125265
0.6162857731969572	0.411588512001622	9.012292915384805
0.6210832446271256	0.4038874411506803	9.012345524497993
0.625808436166406	0.39615028597985374	9.012415308072354
0.6303848271821244	0.3878854127640067	9.012507655203576
0.6362666231747174	0.37988512292136056	9.012644218368349
0.6447150510120406	0.3750220232366877	9.012833594656426
0.6529342031809021	0.3702143369158539	9.013032262404304
0.6608535136176085	0.3653363664771638	9.013238966047124
0.6686540087318654	0.36051487025476137	9.013456345016733
0.6764974822559181	0.35570510742799144	9.013688010257475
0.6844108098961	0.35083035079486785	9.013936128225486
0.6922578315287494	0.3458337949412018	9.014198140039205
0.7001285155466329	0.3409730844860494	9.01447361529982
0.7079691375994894	0.3361116023800574	9.014762045108446
0.715907134754401	0.33117715939131487	9.0150684508169
0.7238065580458737	0.32622094307555466	9.015388309607673
0.7317011035649128	0.3213837840297248	9.015720954153492
0.7395948154881261	0.316516074253879	9.016068576042718
0.7474807433569096	0.31164365814895223	9.016430565574693
0.755387985057255	0.30677444357596345	9.01680844286873
0.7632890502229595	0.3019131648653978	9.017201581549246
0.771176866436468	0.29705539274579135	9.017610452633171
0.7790642358999644	0.2921944279268338	9.018036424749871
0.7869489201099881	0.2873351321364322	9.018480305370561
0.7948313933226725	0.28246967479607665	9.018943191527429
0.8027139120213821	0.27760068967364127	9.019426357595918
0.810598620659556	0.2727292405814032	9.019930972513478
0.8184866002770907	0.26785776908614684	9.020458485040512
0.8263773565206889	0.26298723812286906	9.021010559232861
0.8342690109553551	0.25811688180173836	9.021589313454472
0.8421609478433827	0.2532467358540575	9.022197267476445
0.8500529924306455	0.24837618527195096	9.022837459226047
0.8579451780634858	0.24350542710961057	9.023513298376741
0.865837492561811	0.23863487555240878	9.024228624139285
0.8737296825170103	0.23376494188321204	9.024987735713607
0.8816215253646993	0.22889547219741432	9.025795607448138
0.889513185453775	0.22402587958256157	9.026658073020775
0.8974048094666185	0.2191558846858047	9.027581928957803
0.9052966010177242	0.21428572447661642	9.028575005829323
0.9131885309928937	0.20941558441558428	9.029646206099736
0.9210804827208123	0.20454545454545436	9.030805627780547
0.928972434448731	0.19967532467532445	9.032064652110149
0.9368643861766497	0.19480519480519456	9.033436055528865
0.9447563379045684	0.18993506493506465	9.034934196619595
0.9526482896324876	0.18506493506493465	9.036575158603066
0.9605402413604069	0.18019480519480452	9.038376669594358
0.9684321930883635	0.17532467532464782	9.040357994370856
0.9763241448218039	0.17045454545061958	9.042539987114418
0.9842160965551475	0.16558441557665105	9.044944639830904
0.4271844660194176	0.7342352056660464	9.454402264932776
0.43203883495145645	0.7263528084990696	9.454501896888678
0.4368932038834953	0.7184704113320928	9.450112304780228
0.4417475728155341	0.710588014165116	9.274378212508294
0.44660194174757306	0.7027056169981392	9.195559443422157
0.4514563106796119	0.6948232198311625	9.155365234847158
0.4563106796116508	0.6869408226641857	9.122281892448477
0.4611650485436897	0.679058425497209	9.10141332374202
0.46601941747572856	0.6711760283302323	9.083670398944944
0.4708737864077674	0.6632936311632555	9.07128472723628
0.47572815533980606	0.6554112339962787	9.061082279884063
0.4805825242718449	0.6475288368293018	9.053296407254095
0.48543689320388356	0.6396464396623253	9.046929329074162
0.49029126213592233	0.6317640424953485	9.041470508210223
0.49514563106796106	0.6238816453283715	9.037211699426235
0.4999999999999997	0.6159992481613946	9.033616338179598
0.5048543689320383	0.6081168509944177	9.030456457830633
0.5097087378640771	0.6002344538274408	9.02789932688067
0.514563106796116	0.5923520566604638	9.02565416069512
0.5194174757281553	0.5844696594934867	9.023748142966461
0.5242718446601952	0.5765872623265097	9.022097647504394
0.5291262135922353	0.5687048651595334	9.020653414640734
0.5339805825242753	0.5608224679925581	9.019409152096948
0.5388349514563144	0.5529400708255836	9.018334378785378
0.5436893203883515	0.5450576736586098	9.017375294532343
0.5485436893203858	0.5371752764916365	9.016566136981213
0.5533980582524184	0.5292928793246624	9.015839154761442
0.5582524271851875	0.5214104821585382	9.015231108417618
0.5631067961238895	0.513528084999309	9.0146871490676
0.5679611650961388	0.5056456878762666	9.014221864962098
0.5728155342107629	0.4977632908995648	9.013829457207414
0.5776699036131334	0.48988089422183867	9.013493776361484
0.5825242736723283	0.4819984981915984	9.013221791722978
0.5922323367097709	0.46623481091861757	9.012788491047196
0.5873786498405332	0.47411610867473325	9.012977410405929
0.5970839750777343	0.45835824918401297	9.012646031418178
0.6019309159742198	0.4504918200592864	9.01253379449665
0.6067675184887742	0.44263903811625505	9.012460393990231
0.6115826465408071	0.4348060426605879	9.012415712138155
0.6163742637834547	0.42700099679374165	9.012399540605939
0.6211576137001392	0.4192225840370238	9.012410852701906
0.6259477062295715	0.41143942935619643	9.012449603411815
0.6307941193786633	0.4035631616043664	9.012510205498943
0.6352105050958974	0.39604433736086364	9.012582725102853
0.6383273118442564	0.3885370991810495	9.012652865997733
0.645055818257821	0.3844637166734675	9.012793931126607
0.6528592055141288	0.37968197267455067	9.012972398076515
0.6607343188144427	0.3749461534983139	9.013165994330746
0.6686282506869967	0.37013276921332483	9.013374506419268
0.6764740039437537	0.3653339488342728	9.013596033164758
0.6843266596293	0.36045960209037065	9.013832339691563
0.6922111912830167	0.35554183809409734	9.01408426478814
0.700116272917886	0.3506749115008498	9.014350761697479
0.7079981486257894	0.34580195313846324	9.014631496062814
0.7158908814310543	0.3409123000987308	9.014927315087292
0.7237996266448876	0.3359965354623844	9.015238683481618
0.731693373509905	0.33112950119121093	9.015563553653102
0.7395850579723416	0.32626656320954234	9.01590328091858
0.7474749795104024	0.32139938055921635	9.016258060979306
0.7553674675778157	0.3165312512477334	9.01662802127548
0.7632635414652108	0.31166458187778356	9.01701357059993
0.7711553211714999	0.3068007980238785	9.017414805652544
0.779047577205704	0.3019373276498127	9.017832579619162
0.7869403578784149	0.29707366186426254	9.018267656073029
0.79482905486446	0.2922061387390722	9.01872088200849
0.802713772654949	0.287337997323387	9.01919319315129
0.8105990195256944	0.28246815171602724	9.019686069674075
0.8184867505843672	0.2775975848505714	9.0202008556873
0.8263772839954183	0.2727273360129325	9.020739038469648
0.8342690121287427	0.26785713993381816	9.0213022523291
0.8421609608775736	0.2629870018892617	9.021892539271603
0.8500529523155694	0.25811670693425987	9.02251238698107
0.8579449824737054	0.2532463525459599	9.023164764952618
0.8658370509912413	0.24837605256978393	9.023853096919716
0.8737290865573756	0.24350596657866655	9.024581272576343
0.8816209939240832	0.23863609373046624	9.025353669821307
0.8895127606372539	0.23376621544406184	9.026175263918192
0.8974046609496452	0.22889610974907776	9.027051760550671
0.9052965792649751	0.2240259740259738	9.027989659780042
0.9131885309928937	0.21915584415584408	9.028996430220316
0.9210804827208123	0.2142857142857142	9.03008055802326
0.928972434448731	0.20941558441558428	9.031251620266204
0.9368643861766497	0.20454545454545436	9.032520312612613
0.9447563379045684	0.19967532467532442	9.033898453482884
0.9526482896324874	0.1948051948051945	9.035399035920674
0.9605402413604068	0.1899350649350643	9.037036302979699
0.9684321930883311	0.18506493506493066	9.038825607962501
0.9763241448178591	0.18019480519366285	9.040783049730463
0.9842160965472532	0.1753246753224871	9.042925158645405
0.4368932038834953	0.7342352056660464	9.454171477225392
0.4417475728155341	0.7263528084990696	9.454263130506234
0.446601941747573	0.7184704113320928	9.45004755640067
0.45145631067961184	0.710588014165116	9.27427105476494
0.4563106796116507	0.7027056169981393	9.195442481254906
0.4611650485436896	0.6948232198311626	9.155250365930813
0.46601941747572845	0.6869408226641857	9.122170437529432
0.4708737864077673	0.679058425497209	9.101307268170432
0.4757281553398061	0.6711760283302323	9.083569438693132
0.48058252427184495	0.6632936311632555	9.071189472766434
0.48543689320388367	0.6554112339962787	9.060992969167094
0.49029126213592233	0.6475288368293018	9.05321320556351
0.4951456310679611	0.6396464396623253	9.046852526190094
0.49999999999999994	0.6317640424953482	9.041400235008071
0.5048543689320386	0.6238816453283714	9.037148085099737
0.5097087378640774	0.6159992481613944	9.033559652343124
0.5145631067961162	0.6081168509944174	9.03040683846035
0.5194174757281553	0.6002344538274405	9.02785694462937
0.5242718446601945	0.5923520566604636	9.0256192310078
0.5291262135922341	0.5844696594934872	9.023720834830426
0.5339805825242736	0.576587262326511	9.022078163982512
0.5388349514563125	0.5687048651595356	9.020641944505575
0.5436893203883503	0.5608224679925603	9.01940584679546
0.5485436893203866	0.5529400708255853	9.018339331598087
0.5533980582524217	0.5450576736586096	9.017388828850718
0.5582524271844571	0.5371752764916334	9.01658838388836
0.5631067961164973	0.5292928793246574	9.015870302044002
0.5679611650514337	0.5214104821610424	9.015271262460113
0.5728155340072401	0.5135280850217235	9.01473646109684
0.5776699030763897	0.5056456880040745	9.014280429121753
0.5825242726089735	0.49776329146666654	9.013897320574374
0.5873786430243737	0.4898808958632564	9.013571089664323
0.5922330143924859	0.4819985011658174	9.013308401937957
0.6019413431130621	0.46623481090334135	9.012894019762
0.5970873837332024	0.4741161041491789	9.0130735484703
0.6067933301440712	0.4583575724362603	9.012760756422251
0.6116405649852694	0.45048840009401414	9.012657840310295
0.6164834937598692	0.44262041304599914	9.012593230849532
0.6212866921358688	0.43478596151468213	9.012557449683753
0.6260603450298846	0.42696350743213146	9.012549409263299
0.6308100262380867	0.41914776848140095	9.012568494060888
0.6355557730567102	0.4112834591423024	9.012614429389798
0.6403653113407797	0.40318065104340095	9.01268202477656
0.6450502824328391	0.3944745095716081	9.012767960440351
0.653005839810113	0.388945685046409	9.012938872662232
0.6607146844748508	0.3844995114228909	9.013116085066152
0.6685613199438886	0.3798092205473342	9.01331161771313
0.676455314346449	0.3749979334838977	9.013523584307132
0.6843340387565946	0.3701579634440682	9.013750212066467
0.6922143705045474	0.3652805962780437	9.01399189618513
0.7001071962588497	0.3603991368109335	9.014248811804306
0.7079997656985492	0.3555229259668588	9.014520576588515
0.7158902980768327	0.3506499867919951	9.014807383455244
0.7237891809593577	0.3457677918697341	9.015109690922573
0.7316889078131472	0.3408914725097494	9.01542717600418
0.7395789870182673	0.33601770886030985	9.015759451376091
0.7474686284731474	0.33115029214543035	9.016106982349056
0.7553579894335213	0.32628305214451175	9.016470002652296
0.7632471955298915	0.3214164115412045	9.016848608388583
0.7711426558874708	0.3165473094713151	9.017243384330113
0.7790359382334806	0.3116808352000242	9.017654302000507
0.7869286376160686	0.30681451130541687	9.01808202196897
0.7948211630056429	0.30194656076165827	9.01852729543276
0.8027107260234275	0.29707728266857464	9.018990913931178
0.8105983741317938	0.2922077088074254	9.01947394518568
0.8184868618052455	0.2873376229801825	9.019977801745796
0.8263772952310043	0.28246752862281166	9.020503917324715
0.8342690130402328	0.27759739972485004	9.02105382434165
0.8421609642397385	0.2727272647172135	9.021629218309046
0.8500529308924739	0.2678570751756465	9.022232148020443
0.85794490788331	0.2629868679396087	9.022865041282648
0.8658368940233907	0.2581166803860753	9.02353077958486
0.873728868454087	0.2532465643516574	9.024232721565896
0.8816207982800114	0.24837652737656649	9.024974725228063
0.8895126758091375	0.24350649350649264	9.025761155192287
0.8974046275370564	0.23863636363636287	9.026596932459421
0.9052965792649753	0.23376623376623332	9.02748757480249
0.9131885309928939	0.22889610389610351	9.02843932700105
0.9210804827208124	0.22402597402597388	9.02945924577471
0.9289724344487311	0.21915584415584402	9.030555269128527
0.9368643861766497	0.2142857142857142	9.031736271080774
0.9447563379045684	0.2094155844155842	9.033012072767209
0.9526482896324874	0.20454545454545423	9.034393382185288
0.9605402413604067	0.19967532467532403	9.035891718839535
0.9684321930883262	0.19480519480519354	9.03751938635557
0.9763241448166996	0.18993506493474188	9.039289301350053
0.9842160965450045	0.18506493506433774	9.041214436863854
0.446601941747573	0.7342352056660464	9.453945485179482
0.45145631067961184	0.7263528084990696	9.45403153841063
0.4563106796116507	0.7184704113320928	9.449984380064459
0.46116504854368967	0.7105880141651161	9.274166355503413
0.4660194174757284	0.7027056169981393	9.195327629733947
0.47087378640776717	0.6948232198311626	9.155136989751485
0.475728155339806	0.6869408226641858	9.122060104236652
0.48058252427184484	0.679058425497209	9.101201669066002
0.4854368932038837	0.6711760283302323	9.083468633245706
0.4902912621359225	0.6632936311632555	9.07109391532432
0.4951456310679612	0.6554112339962787	9.060903047669774
0.4999999999999999	0.6475288368293018	9.05312909782525
0.5048543689320387	0.639646439662325	9.046774603418173
0.5097087378640776	0.6317640424953482	9.041328680291082
0.5145631067961164	0.6238816453283712	9.037083086859786
0.5194174757281553	0.6159992481613943	9.033501543218682
0.5242718446601944	0.6081168509944174	9.03035581197586
0.5291262135922336	0.6002344538274408	9.02781323101233
0.5339805825242726	0.5923520566604644	9.025583101120562
0.5388349514563114	0.5844696594934883	9.023692511530967
0.5436893203883497	0.5765872623265123	9.022057906236055
0.5485436893203872	0.5687048651595362	9.02062998778377
0.5533980582524239	0.56082246799256	9.019402316891103
0.5582524271844606	0.5529400708255832	9.01834449148764
0.5631067961164985	0.5450576736586059	9.017402975302465
0.5679611650485418	0.5371752764916295	9.016611696430788
0.572815533980599	0.5292928793246603	9.015903003130136
0.5776699029233668	0.5214104821701531	9.015313479845988
0.5825242719351124	0.5135280850959978	9.014788374997918
0.5873786413075603	0.5056456884079432	9.014342151818802
0.5922330121119063	0.4977632932298403	9.013968909372634
0.5970873855511228	0.4898809009085383	9.01365272347172
0.6019417583959861	0.4819985076108763	9.013399896897281
0.6116505269406107	0.46623506926038155	9.01300564182578
0.6067962051242121	0.47411629444264936	9.013175198282283
0.6165035387512158	0.45835720440819055	9.012882156631184
0.621354243065495	0.4504835882075857	9.012789161438151
0.6262061023312349	0.44260425309460105	9.012734005732016
0.6357458077217221	0.4269275892406342	9.012708103397124
0.6309986730516525	0.4347633978779452	9.012707685603742
0.6404057689648402	0.4191013223531315	9.012734587077661
0.6450182555208918	0.4112904114130917	9.01278680668788
0.6496920155189571	0.4034573904371852	9.012860392561597
0.6536862461777921	0.39667405046104676	9.012939327061328
0.6606968967956283	0.3938778939528007	9.013088111926818
0.6684942084262502	0.38945676022927045	9.013269575978983
0.6764135704054111	0.3846887974411044	9.01347031741591
0.6843207023420486	0.37986490142328144	9.013686633468225
0.6922140245840782	0.3750090089800698	9.013918430151172
0.7001058417165589	0.3701348258134728	9.014165802373997
0.707998529347797	0.3652628886012484	9.014428619033765
0.7158907863505501	0.3603895857642707	9.014706821455752
0.7237850844854018	0.35551540702343587	9.015000614882217
0.7316804940191193	0.35064070649840534	9.01531004499274
0.7395740003091699	0.34576806753414396	9.015635062283964
0.7474647463502161	0.3408982992307485	9.015975616412609
0.7553543736604197	0.33603020478446183	9.01633190111984
0.7632449721876818	0.33116164702440115	9.016704184065453
0.7711375397080141	0.32629234890463754	9.017092660130261
0.7790298971253127	0.321424106069867	9.017497465519126
0.7869218213517782	0.31655622002403994	9.01791893463146
0.7948132465970854	0.31168769406352764	9.018357572176308
0.8027061020401849	0.3068177141270229	9.018814131766108
0.810596553145963	0.3019478303389897	9.01928926936148
0.8184865360425951	0.2970778192461014	9.019784115536796
0.8263772942245331	0.2922077665333815	9.020300001832199
0.8342690134413502	0.28733766077873363	9.020838381834041
0.8421609650789774	0.2824675292536922	9.021400842771799
0.8500529219561667	0.2775973774178044	9.02198918507546
0.8579448813477389	0.27272722238075336	9.022605477837637
0.8658368424363122	0.2678570751736304	9.023252109579161
0.8737287992902852	0.2629869512389285	9.023931869880549
0.8816207430475634	0.258116852563766	9.02464800598415
0.8895126758091373	0.253246753246753	9.025404263128324
0.8974046275370561	0.24837662337662306	9.026204895568197
0.905296579264975	0.24350649350649314	9.027054671261082
0.9131885309928937	0.23863636363636323	9.02795891472381
0.9210804827208124	0.2337662337662334	9.028923561066177
0.9289724344487311	0.22889610389610368	9.029955213158141
0.9368643861766497	0.2240259740259739	9.031061186711227
0.9447563379045684	0.219155844155844	9.032249543029275
0.9526482896324874	0.21428571428571405	9.033529089612715
0.9605402413604063	0.20941558441558397	9.034909298457153
0.9684321930883262	0.20454545454545342	9.036400145984155
0.9763241448163685	0.19967532467523572	9.038011961439606
0.9842160965443852	0.19480519480503625	9.039755171081437
0.45631067961165067	0.7342352056660464	9.453723091027955
0.4611650485436895	0.7263528084990697	9.453805466173288
0.4660194174757284	0.7184704113320929	9.449922199204922
0.47087378640776717	0.7105880141651162	9.274063273106584
0.475728155339806	0.7027056169981393	9.19521412190059
0.48058252427184484	0.6948232198311626	9.155024238166185
0.48543689320388367	0.6869408226641857	9.121950211855987
0.4902912621359225	0.679058425497209	9.10109583970708
0.49514563106796133	0.6711760283302323	9.083367387373988
0.5000000000000001	0.6632936311632555	9.070997507872955
0.5048543689320389	0.6554112339962787	9.060812014230232
0.5097087378640776	0.6475288368293016	9.053043647989142
0.5145631067961164	0.6396464396623248	9.046695177940903
0.5194174757281553	0.6317640424953481	9.041255516449768
0.5242718446601944	0.6238816453283712	9.037016432612676
0.5291262135922333	0.6159992481613944	9.033441794752306
0.5339805825242722	0.6081168509944178	9.03030321870722
0.5388349514563112	0.6002344538274414	9.027768083217188
0.5436893203883496	0.5923520566604651	9.025545725069955
0.5485436893203876	0.5844696594934885	9.023663184249978
0.5533980582524253	0.5765872623265119	9.0220369489352
0.558252427184463	0.5687048651595351	9.020617643759337
0.5631067961165012	0.5608224679925579	9.019398722304793
0.5679611650485406	0.5529400708255804	9.01835008675952
0.5728155339805839	0.5450576736586041	9.017418029606077
0.5776699029126418	0.5371752764916352	9.016636421697624
0.5825242718447378	0.5292928793246897	9.015937658880532
0.5873786408137968	0.5214104822007806	9.015358211728172
0.5922330099936327	0.5135280853224521	9.014843392079706
0.5970873802289693	0.505645689575225	9.014407581334678
0.6019417546087709	0.49776329833156224	9.014044816594422
0.6067961368041529	0.4898809158218509	9.013739313151133
0.6116505123725228	0.48199852423728357	9.013496947584725
0.6213597140459036	0.46623583504767424	9.013124095618506
0.6165049805155313	0.474116654473332	9.013283066550498
0.6262148186447929	0.45835775905229575	9.013011018776957
0.6310731687646386	0.4504806314039984	9.012928621321711
0.63593808255678	0.442595469512511	9.012883643023345
0.6453588740352448	0.42694699580168116	9.012875605692756
0.6407137079731142	0.4347435355411233	9.012867279131106
0.6497974585661385	0.41919461057049173	9.012907555889903
0.654218411058098	0.41157331211382203	9.01296501347971
0.6598135865833417	0.4035514080201415	9.013063823225641
0.6684202086008165	0.39896412719589347	9.013249426410544
0.676386805726988	0.394351580194546	9.013437980924566
0.684302259211792	0.3895877378218966	9.013642323619282
0.6922076927370928	0.3847390125343433	9.013863267535392
0.7001039118395268	0.3798738262641894	9.014100548553493
0.7079975383929704	0.3750023380858359	9.014354074065904
0.7158900340000177	0.3701300112660999	9.01462368031619
0.7237832370003675	0.36525820557363203	9.014909278876713
0.7316767140532532	0.3603859493428954	9.015210871948229
0.7395698189529262	0.35551430218650126	9.015528467826805
0.7474617876538198	0.3506439277856653	9.015862111123463
0.7553525065311563	0.34577468200300654	9.016211837548797
0.7632432699679876	0.34090549671508436	9.016577807837805
0.7711351298005845	0.33603581232512786	9.01696022761408
0.7790271242487457	0.3311665391463979	9.017359221558705
0.7869188215643987	0.3262975640708408	9.017775004995139
0.7948098847886108	0.3214284251970072	9.018207883247518
0.8027028545451129	0.3165582453726273	9.018658435248055
0.8105941582323815	0.31168821990570267	9.019127069495545
0.818485928654123	0.30681810778988666	9.019614687148001
0.8263772245830129	0.3019480297750274	9.020122233148072
0.8342690136063542	0.2970779213948227	9.020650989971884
0.8421609653301969	0.29220779113883594	9.021202384234861
0.8500529186975309	0.2873376534720304	9.021778062061642
0.8579448726165831	0.28246751566432726	9.022379882145612
0.865836826717537	0.2775973811791966	9.023009935839532
0.8737287794223082	0.27272725392472896	9.02367059050435
0.881620728669455	0.26785713391799626	9.024364555815287
0.8895126758091373	0.2629870129870129	9.025094947924037
0.8974046275370563	0.25811688311688313	9.0258653429182
0.9052965792649749	0.25324675324675316	9.02667980033605
0.9131885309928935	0.24837662337662314	9.027542871181765
0.9210804827208122	0.24350649350649323	9.028459605116323
0.928972434448731	0.2386363636363633	9.02943557013745
0.9368643861766497	0.23376623376623354	9.030476871561433
0.9447563379045686	0.2288961038961037	9.03159016105917
0.9526482896324873	0.2240259740259739	9.032782634975037
0.9605402413604063	0.21915584415584388	9.034062015186088
0.9684321930883254	0.21428571428571386	9.035436463556048
0.9763241448162772	0.2094155844155604	9.036914377013415
0.9842160965442196	0.20454545454541342	9.03850408667657
0.46601941747572834	0.7342352056660464	9.45350311076072
0.47087378640776717	0.7263528084990697	9.453583393938485
0.475728155339806	0.7184704113320929	9.449860437140194
0.48058252427184484	0.7105880141651161	9.273960952934628
0.48543689320388367	0.7027056169981393	9.195101254655283
0.4902912621359225	0.6948232198311626	9.154911321524281
0.4951456310679613	0.6869408226641857	9.121840067949748
0.5000000000000001	0.679058425497209	9.100989165567356
0.5048543689320389	0.6711760283302322	9.083265069675944
0.5097087378640777	0.6632936311632553	9.070899707547548
0.5145631067961166	0.6554112339962784	9.06071937307238
0.5194174757281553	0.6475288368293016	9.05295641466663
0.5242718446601943	0.6396464396623248	9.046613862555454
0.5291262135922331	0.6317640424953482	9.04118041163031
0.5339805825242719	0.6238816453283714	9.036947846798759
0.5388349514563109	0.6159992481613947	9.033380188867362
0.5436893203883494	0.6081168509944183	9.030248898796215
0.5485436893203879	0.6002344538274414	9.027721400605735
0.553398058252426	0.5923520566604646	9.025507061135917
0.5582524271844643	0.5844696594934878	9.02363287376046
0.5631067961165029	0.5765872623265107	9.022015373217242
0.5679611650485422	0.5687048651595336	9.020605011801642
0.5728155339805825	0.5608224679925563	9.019395310134174
0.5776699029126242	0.5529400708255797	9.018356370678617
0.5825242718446759	0.5450576736586085	9.017434309406967
0.5873786407767748	0.5371752764916679	9.016662934324252
0.5922330097089892	0.529292879324801	9.01597470122084
0.5970873787575056	0.5214104822933715	9.01540594293114
0.6019417483856885	0.5135280859373846	9.014902049945489
0.6067961207159757	0.505645692499222	9.014477304189564
0.611650503982351	0.49776331148584235	9.014125675442154
0.6165049115562609	0.48988095868711706	9.013831534820826
0.6213592702883423	0.4819988084386191	9.013600275447395
0.6310680688896083	0.4662375085815953	9.013250154924608
0.6262135307367448	0.47411734339149986	9.013397904613136
0.6359252313630332	0.45836069066775426	9.013148152003948
0.6407981326913695	0.45048608083085034	9.013077157680465
0.6545975400342552	0.4269272876654471	9.013046082101303
0.6457053836119941	0.44262574712634867	9.013043855711425
0.6503216478601127	0.4347320094117267	9.013035258979729
0.6589531282828983	0.4193892914316177	9.013086457540036
0.6620360200834876	0.4125567616352936	9.013126910164653
0.6686540652755489	0.40858807314918194	9.0132587477235
0.6764756887971416	0.40395904762942014	9.013430385929636
0.684321349518164	0.39927830928308106	9.01361989712383
0.6922047586239193	0.3944756330993541	9.01382774430062
0.7001016562476586	0.3896108241006873	9.014053559854984
0.7079959259820078	0.3847432505547275	9.014296675616693
0.7158891396327101	0.3798720930536652	9.014556896482164
0.7237820324050125	0.37500023268002064	9.014833991184473
0.7316749022814841	0.37012858287413136	9.015127745687069
0.7395674475218468	0.36525762853586685	9.015438025457998
0.7474595909569363	0.36038728618414556	9.015764781152548
0.7553512044698936	0.3555173878988885	9.016108039220768
0.7632423623059318	0.3506477242618637	9.01646785103762
0.7711340690776941	0.34577783881176943	9.016844352509027
0.7790260016904056	0.34090806105611965	9.017237673767342
0.7869178150935549	0.3360384283399944	9.017647979591503
0.7948094719611646	0.3311687084517561	9.018075506472554
0.8027012068006646	0.3262987012942981	9.01852057493926
0.8105931585266589	0.3214285714175488	9.018983606828549
0.8184854048829142	0.3165584131313622	9.019465153951073
0.8263771262088558	0.31168830244029466	9.019965904492667
0.8342690136728771	0.3068181815505154	9.020486827167774
0.8421609654085941	0.3019480516270619	9.021029083567422
0.8500529176240242	0.2970779191208216	9.021594073108192
0.8579448699434403	0.29220778682726306	9.022183435826113
0.8658368222384153	0.2873376558758911	9.022799037505612
0.8737287741151265	0.28246752706066697	9.023442974572895
0.8816207251443432	0.2775974001483536	9.024117593713799
0.8895126758091374	0.2727272727272724	9.02482553316615
0.8974046275370561	0.2678571428571428	9.025569774947812
0.905296579264975	0.26298701298701294	9.026353698925535
0.9131885309928937	0.258116883116883	9.02718112015583
0.9210804827208122	0.2532467532467531	9.02805629951339
0.928972434448731	0.24837662337662325	9.028983938747821
0.9368643861766497	0.2435064935064933	9.029969174843663
0.9447563379045683	0.23863636363636342	9.031017568233024
0.9526482896324873	0.2337662337662335	9.032135077772459
0.9605402413604063	0.22889610389610365	9.03332802083645
0.9684321930883261	0.22402597402597318	9.034603021116562
0.9763241448162526	0.21915584415583775	9.035966909448687
0.9842160965441766	0.21428571428570384	9.037426470813905
0.47572815533980595	0.7342352056660464	9.453284426785258
0.48058252427184484	0.7263528084990697	9.45336391881517
0.48543689320388367	0.7184704113320928	9.44979850577946
0.4902912621359225	0.7105880141651161	9.273858488599428
0.4951456310679613	0.7027056169981393	9.194988250807308
0.5000000000000001	0.6948232198311626	9.15479754451219
0.5048543689320389	0.6869408226641857	9.121728937386678
0.5097087378640778	0.6790584254972089	9.100881029618842
0.5145631067961166	0.671176028330232	9.08316106552716
0.5194174757281554	0.6632936311632553	9.070799966555638
0.5242718446601943	0.6554112339962784	9.06062462339976
0.5291262135922331	0.6475288368293016	9.052866951116442
0.5339805825242719	0.639646439662325	9.046530265075008
0.5388349514563109	0.6317640424953483	9.04110302982186
0.5436893203883494	0.6238816453283716	9.036877051091558
0.548543689320388	0.6159992481613946	9.033316506718675
0.5533980582524266	0.6081168509944178	9.030192694055323
0.5582524271844651	0.6002344538274409	9.027673086952824
0.5631067961165038	0.5923520566604638	9.025467074681549
0.567961165048543	0.5844696594934868	9.02360161523769
0.5728155339805828	0.5765872623265099	9.021993256350994
0.5776699029126237	0.5687048651595331	9.020592215293158
0.5825242718446653	0.560822467992557	9.019392328550412
0.5873786407767078	0.5529400708255817	9.01836362808791
0.5922330097087865	0.5450576736586308	9.017452162119547
0.5970873786410269	0.5371752764917882	9.016691642113328
0.6019417475735982	0.5292928793251549	9.01601459879467
0.6067961168265869	0.5214104825317024	9.015457197483835
0.6116504874449541	0.5135280873293454	9.014964927949057
0.6165048633892961	0.5056456979847042	9.014551950397122
0.6213592631475887	0.4977633371976875	9.014212164207313
0.6262137516592465	0.48988108558988513	9.013930110712147
0.6310680301822743	0.4819991373196251	9.013710631036117
0.6407727662568464	0.4662399268968132	9.01338459061232
0.635921312811143	0.4741179643504869	9.01352048604454
0.6456224556192425	0.45836733839161975	9.01329423911436
0.6505236146571757	0.45048829891339226	9.0132353287183
0.6635067276867522	0.42672813588489805	9.013219099576903
0.6596474037743842	0.43457268289226736	9.013207428805595
0.6554551703227909	0.44263346777680374	9.01321390129185
0.6683815210560164	0.4186928631628602	9.013277094528688
0.6766395966655494	0.41367196880636414	9.013444681257655
0.68443781635786	0.40888529834503995	9.013620136875671
0.6922397775783755	0.4041727914457771	9.013813247029345
0.7001040949970282	0.3993471751187731	9.01402581922914
0.7079936846048377	0.39448426195530145	9.014257236615656
0.7158874522039497	0.389615911723316	9.014506879371323
0.7237810553604072	0.3847437967206095	9.014774442906317
0.7316738754040019	0.37987097359798955	9.015059652863814
0.7395663177079504	0.3749994184986858	9.015362247295561
0.7474583734706036	0.3701290047565937	9.015682009142237
0.7553502429047874	0.36525892403306387	9.016018804203926
0.7632418827054698	0.36038893460095145	9.016372576419634
0.77113364221956	0.3555189327508384	9.016743344479965
0.7790255786028424	0.3506489384446368	9.01713117272847
0.7869174742726276	0.3457790002038869	9.017536174192024
0.7948093309478349	0.3409090268029889	9.01795852561124
0.8027012128764062	0.3360389550774872	9.018398466077139
0.8105931585277681	0.331168831159584	9.018856301495576
0.8184851102534488	0.3262987012778602	9.01933242521149
0.8263770619768778	0.3214285713786207	9.019827352924287
0.834269013698755	0.3165584414548122	9.020341759879342
0.8421609654323107	0.31168831159833116	9.020876511174892
0.8500529172970727	0.30681818087873197	9.02143269545701
0.8579448691763106	0.3019480502948833	9.022011643463374
0.8658368210333371	0.29707792021012974	9.022614936417726
0.873728772774527	0.2922077907253002	9.023244400098891
0.8816207243191578	0.2873376617010485	9.023902099564472
0.8895126758091371	0.28246753246753187	9.0245903402715
0.8974046275370563	0.2775974025974021	9.025311684037819
0.905296579264975	0.27272727272727243	9.026068979173653
0.9131885309928938	0.2678571428571427	9.026865401870403
0.9210804827208124	0.2629870129870129	9.027704493407219
0.928972434448731	0.258116883116883	9.028590176370015
0.9368643861766496	0.2532467532467531	9.029526746959364
0.9447563379045683	0.24837662337662325	9.030518855384017
0.952648289632487	0.24350649350649328	9.031571473974095
0.9605402413604059	0.23863636363636342	9.03268984735705
0.9684321930883251	0.2337662337662335	9.03387941940784
0.976324144816246	0.22889610389610224	9.035145736972089
0.9842160965441659	0.22402597402597135	9.036494296173542
0.48543689320388367	0.7342352056660464	9.45306594249031
0.4902912621359225	0.7263528084990697	9.453145744279219
0.4951456310679613	0.7184704113320928	9.44973580005283
0.5000000000000001	0.7105880141651161	9.273755115913845
0.5048543689320389	0.7027056169981393	9.194874324949863
0.5097087378640778	0.6948232198311626	9.154682200720694
0.5145631067961167	0.6869408226641855	9.121616090125086
0.5194174757281557	0.6790584254972087	9.100770803495365
0.5242718446601944	0.671176028330232	9.083054763982604
0.5291262135922331	0.6632936311632553	9.070697729739964
0.5339805825242719	0.6554112339962785	9.060527258551275
0.5388349514563107	0.6475288368293018	9.052774804141384
0.5436893203883494	0.6396464396623252	9.04644398785436
0.5485436893203883	0.6317640424953482	9.04102303099904
0.5533980582524269	0.6238816453283714	9.036803765185788
0.5582524271844655	0.6159992481613944	9.033250530101768
0.5631067961165043	0.6081168509944174	9.030134450031111
0.5679611650485433	0.6002344538274403	9.027623052796619
0.5728155339805828	0.5923520566604633	9.02542574225942
0.5776699029126232	0.584469659493487	9.023569460254118
0.5825242718446637	0.5765872623265098	9.021970677431753
0.5873786407767053	0.5687048651595342	9.020579434127322
0.5922330097087474	0.5608224679925592	9.01939001816855
0.5970873786407878	0.5529400708255864	9.018372178491193
0.6019417475729741	0.5450576736587148	9.017471972035203
0.6067961165056887	0.5371752764922008	9.016722992292905
0.6116504854392355	0.5292928793261861	9.016057863018874
0.6165048550867512	0.5214104829917925	9.01551254456568
0.6213592271766467	0.5135280895039528	9.015032653020457
0.6262136038379621	0.505645701344776	9.01463219884309
0.6310679948222706	0.49776332987668065	9.014305008504609
0.6359228295587336	0.4898815524303005	9.014035821067564
0.6407773677797344	0.4819991463289968	9.013828819733861
0.650471754024857	0.4662395347019313	9.013528134462026
0.6456277247643631	0.47411840068855976	9.01365163800884
0.6553015744023878	0.4583630298132866	9.013449786770126
0.6602471144867037	0.450427484554621	9.013403069723717
0.6708907332612312	0.4267869890706633	9.013373092885944
0.6685591203943901	0.4339963076579787	9.013378774551237
0.6652646463139311	0.44238162522821034	9.013393300941749
0.6770421472593514	0.4228337093762879	9.013484115281175
0.6846178396459406	0.4184242922678155	9.013641313433228
0.6923459395632272	0.41377176156384543	9.013819663444599
0.7001309979311399	0.4090546191690581	9.014017551995549
0.7079888749495521	0.40422458120190097	9.01423588882088
0.715883744539595	0.3993622960643832	9.014474088662034
0.7237801216303023	0.3944910289202814	9.014731156711187
0.7316737486813856	0.3896158056026772	9.015006788863273
0.7395658579794769	0.38474154940275357	9.01530077118395
0.7474577777046588	0.3798700274395935	9.015612867921236
0.7553497416110582	0.374999730127281	9.015942828422707
0.7632416242611924	0.37012961640017167	9.016290427739024
0.7711334828865879	0.3652595408876969	9.016655517164658
0.779025427336315	0.3603894606801445	9.017038027153063
0.7869173588939828	0.3555193990552072	9.017437954221501
0.794809280716528	0.3506493242756105	9.01785537709411
0.8027012105210445	0.3457792170362366	9.018290447292104
0.8105931585287726	0.34090909090352733	9.018743387421194
0.8184851102556356	0.3360389610270698	9.01921449246482
0.8263770619818955	0.33116883114442214	9.019704146057974
0.8342690137083831	0.32629870125562777	9.020212838820465
0.8421609654388272	0.32142857137436315	9.020741201242261
0.8500529172035526	0.3165584412675277	9.021290034308068
0.8579448689683633	0.31168831119990786	9.021860344659666
0.865836820724576	0.30681818129861405	9.022453371283843
0.8737287724506171	0.3019480515576632	9.023070602976361
0.8816207241329764	0.29707792191938187	9.023713781385801
0.8895126758091368	0.29220779220779186	9.024384895675482
0.8974046275370561	0.28733766233766184	9.025086174286118
0.905296579264975	0.28246753246753203	9.025820081901804
0.9131885309928939	0.2775974025974023	9.026589326110384
0.9210804827208124	0.2727272727272726	9.027396876897809
0.9289724344487311	0.26785714285714274	9.028245992163924
0.9368643861766497	0.2629870129870129	9.02914023303329
0.9447563379045683	0.258116883116883	9.030083456481393
0.9526482896324869	0.2532467532467531	9.031079789813395
0.9605402413604058	0.24837662337662325	9.032133588074629
0.9684321930883248	0.24350649350649334	9.033249369026073
0.976324144816244	0.23863636363636317	9.03443171268617
0.9842160965441626	0.2337662337662334	9.035685100732449
0.4951456310679612	0.7342352056660464	9.452846568972413
0.5000000000000001	0.7263528084990697	9.45292764899081
0.5048543689320389	0.7184704113320928	9.449671678454978
0.5097087378640778	0.7105880141651161	9.27365009770162
0.5145631067961166	0.7027056169981393	9.194758689252362
0.5194174757281554	0.6948232198311626	9.154564576531294
0.5242718446601945	0.6869408226641855	9.121500807293865
0.5291262135922333	0.6790584254972089	9.100657844363935
0.533980582524272	0.671176028330232	9.082945549439172
0.5388349514563107	0.6632936311632555	9.070592432878852
0.5436893203883494	0.6554112339962787	9.060426763690822
0.5485436893203881	0.6475288368293017	9.052679512928343
0.5533980582524269	0.6396464396623247	9.046354627302271
0.5582524271844658	0.6317640424953478	9.040940071358355
0.5631067961165046	0.623881645328371	9.036727707745781
0.5679611650485435	0.6159992481613942	9.033182043108551
0.5728155339805828	0.6081168509944171	9.030074018329842
0.5776699029126224	0.6002344538274403	9.027571218115419
0.5825242718446629	0.592352056660464	9.025383057000923
0.5873786407767043	0.5844696594934885	9.02353647347046
0.5922330097087466	0.5765872623265139	9.021947735655298
0.5970873786407869	0.568704865159537	9.020566920405885
0.601941747572825	0.5608224679925647	9.019388654144608
0.6067961165048635	0.5529400708255927	9.018382375268216
0.6116504854374621	0.5450576736590274	9.01749416501478
0.6165048543715866	0.5371752764934966	9.016757477466696
0.621359223307466	0.5292928793289173	9.016105054500713
0.626213593282258	0.5214104833745347	9.015572604868327
0.6310679650800369	0.5135280895466885	9.015105905562661
0.6359225380244887	0.5056463101281102	9.014718816447056
0.6407774192180858	0.49776460789859084	9.014405056093894
0.6456325227246403	0.48988269526018197	9.014149505754906
0.6504870115004255	0.4820000293508988	9.013955746372845
0.6601715495289127	0.46623116639288065	9.013681666996858
0.6553344962411235	0.4741178584797969	9.013792250116401
0.6650258703514528	0.45831635633255136	9.013616233029724
0.6700011124425357	0.4502735024546276	9.013581710119766
0.6769437877616756	0.4316776216897629	9.013535913828202
0.6756702911120684	0.4416189768281791	9.013591470804956
0.6847530872447105	0.4277403976222429	9.01368479336091
0.6924883988124818	0.42330274510824156	9.013848234892377
0.7002222642202972	0.41869402473284606	9.01403071907135
0.7080210383790831	0.41394965124101185	9.01423411302551
0.7158729872702594	0.4091123334188675	9.014458587984906
0.7237788851685961	0.4042453906365211	9.014704403880144
0.731675887297823	0.39936529043711655	9.014969600285767
0.7395672675652497	0.3944865047295827	9.015253976164074
0.7474580213825552	0.3896116523234838	9.01555742345662
0.7553496622119407	0.3847402590884654	9.015879714846792
0.7632415068382904	0.3798700442065564	9.016220544940223
0.7711334269700149	0.3749999324488549	9.016579632250567
0.7790253757751818	0.37012981996505284	9.01695674073183
0.786917320693246	0.3652597129023121	9.017351704361767
0.7948092632354324	0.36038960107830786	9.017764441196539
0.8027012083027197	0.355519478970121	9.018194959998697
0.8105931585293987	0.35064935064659325	9.018643359602079
0.818485110256895	0.345779220773686	9.0191098268917
0.8263770619842584	0.3409090908987884	9.019594635414506
0.8342690137118597	0.3360389610224974	9.020098150446332
0.8421609654407116	0.3311688311490861	9.02062083978386
0.8500529171781533	0.3262987012068102	9.021163296018557
0.8579448689147459	0.32142857128940866	9.021726263210057
0.8658368206486936	0.3165584414187918	9.022310668556452
0.8737287723751458	0.3116883115890177	9.022917651817208
0.8816207240922121	0.3068181817800788	9.023548588746229
0.889512675809137	0.301948051948052	9.024205102781805
0.8974046275370559	0.2970779220779219	9.024889065129488
0.9052965792649749	0.2922077922077918	9.025602585467654
0.9131885309928937	0.287337662337662	9.026347998773678
0.9210804827208124	0.28246753246753215	9.02712785356398
0.9289724344487311	0.2775974025974024	9.027944908389772
0.9368643861766497	0.2727272727272726	9.028802137854202
0.9447563379045683	0.26785714285714274	9.029702738520397
0.9526482896324869	0.2629870129870129	9.030650119291211
0.9605402413604057	0.2581168831168831	9.031647873089817
0.9684321930883246	0.25324675324675316	9.03269972865809
0.9763241448162435	0.24837662337662325	9.033809473393916
0.9842160965441624	0.2435064935064933	9.034980814327858
0.5048543689320389	0.7342352056660464	9.452625219219199
0.5097087378640778	0.7263528084990696	9.452708459466097
0.5145631067961166	0.7184704113320928	9.449605468202455
0.5194174757281556	0.710588014165116	9.273542692955685
0.5242718446601943	0.7027056169981393	9.194640556360278
0.5291262135922331	0.6948232198311626	9.154443955888324
0.533980582524272	0.6869408226641857	9.121382367196363
0.538834951456311	0.679058425497209	9.100541493437818
0.5436893203883497	0.671176028330232	9.082832796461682
0.5485436893203883	0.6632936311632553	9.070483500121272
0.5533980582524269	0.6554112339962784	9.060322613839055
0.5582524271844658	0.6475288368293014	9.052580607939296
0.5631067961165047	0.6396464396623246	9.04626177352246
0.5679611650485437	0.6317640424953476	9.040853803744463
0.5728155339805827	0.6238816453283708	9.036648597609927
0.5776699029126219	0.6159992481613941	9.033110834140956
0.5825242718446614	0.6081168509944174	9.03001125926234
0.5873786407767018	0.6002344538274412	9.02751751581627
0.5922330097087447	0.5923520566604669	9.025339034473879
0.5970873786407881	0.5844696594934934	9.023502727070126
0.6019417475728313	0.5765872623265215	9.021924555345107
0.6067961165048734	0.5687048651595508	9.020554958271601
0.6116504854369028	0.5608224679925733	9.019388558524271
0.6165048543689378	0.5529400708255972	9.018394615982201
0.6213592233029828	0.5450576736601717	9.017519215859998
0.6262135922405357	0.5371752764970513	9.016795642824663
0.6310679611813272	0.5292928793354023	9.01615679024363
0.6359223301192836	0.5214104821702641	9.015638057486653
0.6407767978462221	0.5135288363506292	9.01518547058087
0.6456316560837373	0.5056475494184588	9.014812597061095
0.6504871946776275	0.49776637209999147	9.014513112288062
0.655343178459439	0.4898846297928848	9.014272053715379
0.66019911581686	0.48200258983501826	9.014092396601733
0.6698483795865966	0.4662315901400357	9.013846105292998
0.6650471838272369	0.47412022950261734	9.013943443385807
0.674585459072714	0.458371561639284	9.013793445346481
0.6792132933183431	0.4505250101449201	9.01376844944568
0.6845715478510095	0.4370279668105402	9.01374407119229
0.6840101674805101	0.4448277369830979	9.013803184216222
0.6925970065872517	0.43287609214006645	9.013899492488916
0.7003884298293992	0.42830286437442294	9.014067410442594
0.7080946103694884	0.4236493384515137	9.014253548886204
0.7159327899427492	0.41888149935153035	9.014463656474263
0.7237888728644506	0.41401803467009807	9.014695127035127
0.7316817070558607	0.4091196563307844	9.014948488270678
0.7395742423534338	0.4042353909363993	9.015222315448087
0.7474603555703635	0.39935558134588645	9.015516045999425
0.755350018154258	0.3944813758331634	9.015829687731324
0.7632415096020209	0.38961038673343173	9.016162879706066
0.7711334083511301	0.3847402381965392	9.016515254258637
0.7790253590001078	0.3798701141471181	9.016886474476818
0.7869173085279048	0.3749999914952462	9.017276235484742
0.794809257511651	0.3701298671785165	9.017684287452743
0.8027012072976362	0.36525973973534187	9.018110456725543
0.8105931585297173	0.360389610388411	9.018554663219035
0.8184851102574829	0.35551948051720506	9.019016928921472
0.8263770619852276	0.3506493506454185	9.019497380445209
0.8342690137130844	0.34577922077343654	9.019996247185672
0.8421609654413298	0.34090909090297616	9.02051386122414
0.8500529171716033	0.3360389610108514	9.021050660572948
0.857944868901518	0.3311688311304628	9.021607201166802
0.8658368206306996	0.32629870126230115	9.02218417531356
0.873728772358085	0.32142857140406583	9.022782436570603
0.8816207240835073	0.3165584415495537	9.023403026533927
0.8895126758091374	0.31168831168831185	9.02404719962383
0.897404627537056	0.30681818181818193	9.024716440296265
0.905296579264975	0.30194805194805185	9.025412469631988
0.9131885309928935	0.29707792207792194	9.02613724007673
0.9210804827208124	0.29220779220779197	9.026892920197731
0.9289724344487311	0.2873376623376621	9.027681872749296
0.9368643861766497	0.28246753246753226	9.028506633030924
0.9447563379045683	0.2775974025974024	9.02936989392329
0.9526482896324872	0.2727272727272726	9.030274496152535
0.9605402413604059	0.2678571428571428	9.031223411189641
0.9684321930883248	0.26298701298701294	9.032219708324659
0.9763241448162435	0.258116883116883	9.033266498663991
0.9842160965441623	0.25324675324675316	9.034366830550669
0.5145631067961166	0.7342352056660464	9.452400797221586
0.5194174757281556	0.7263528084990696	9.45248703936838
0.5242718446601944	0.7184704113320928	9.44953646774652
0.5291262135922333	0.7105880141651161	9.273432161169657
0.533980582524272	0.7027056169981394	9.194519126817804
0.538834951456311	0.6948232198311626	9.154319613962967
0.5436893203883497	0.6869408226641857	9.121260038082404
0.5485436893203886	0.6790584254972089	9.100421074371654
0.5533980582524273	0.6711760283302319	9.082715865692926
0.558252427184466	0.6632936311632552	9.07037034149438
0.5631067961165048	0.6554112339962783	9.060214271984675
0.5679611650485437	0.6475288368293014	9.0524776099151
0.5728155339805827	0.6396464396623245	9.046165010151036
0.5776699029126218	0.6317640424953477	9.0407638783476
0.5825242718446609	0.6238816453283711	9.036566155352245
0.5873786407767002	0.6159992481613944	9.033036698380682
0.5922330097087403	0.6081168509944183	9.029946044859825
0.597087378640783	0.6002344538274436	9.027461896612735
0.6019417475728344	0.5923520566604751	9.025293717380451
0.6067961165048754	0.5844696594935019	9.023468302651912
0.6116504854369254	0.5765872623265372	9.021901323925169
0.6165048543689692	0.5687048651595706	9.020543826700093
0.621359223300983	0.5608224679925798	9.019390106641842
0.6262135922330156	0.5529400708255983	9.018409351856574
0.6310679611714702	0.5450576736640356	9.017547656572544
0.6359223301143571	0.5371752765043046	9.016838094066046
0.6407766990670168	0.5292928793506207	9.016213751702125
0.64563109933554	0.5214112827196392	9.015709698813515
0.6504856103108786	0.5135301748422737	9.015272143462175
0.6553411624941742	0.5056499783972691	9.014914431131972
0.6601978526719119	0.49776911982023514	9.014630112815114
0.6650553688188354	0.48988720542812797	9.01440441001757
0.6699122655517323	0.48200451969365266	9.014239678522983
0.6794337514453243	0.4663254562904235	9.014022780178388
0.6747334195806458	0.47413799039548676	9.01410599756057
0.6839332098769524	0.45859073445869597	9.01398213583053
0.6880585108126972	0.45121915523211514	9.013964158548356
0.692510982090047	0.4431246739564139	9.013974481311529
0.7008012443137163	0.4377552281558683	9.014131567521284
0.708551175892542	0.4331185116577779	9.0143036424421
0.7161933912899688	0.42851913098919825	9.014494102408838
0.723917429486064	0.42378412956756367	9.014707811771887
0.7317319356916019	0.41888449620946444	9.0149456455646
0.739595422979868	0.4139862028983337	9.015206650516665
0.7474687811299362	0.4091018886872218	9.015489275078265
0.755352009955748	0.4042241041619483	9.015793126163265
0.7632417712609055	0.39935107441674605	9.016117724338116
0.7711334108317539	0.39448051605465095	9.016462530873044
0.7790253537840268	0.3896103849497535	9.016827115158248
0.7869173048275367	0.3847402572572844	9.017211089658764
0.7948092557610883	0.37987012900688893	9.017614090184923
0.802701206946918	0.37499999984308535	9.018035789678736
0.8105931585298601	0.3701298701293982	9.018475923818919
0.8184851102577265	0.3652597402588837	9.018934315403689
0.8263770619855931	0.3603896103882165	9.019410892134163
0.8342690137135028	0.35551948051758275	9.019905696732708
0.8421609654415317	0.35064935064761066	9.020418889628923
0.8500529171700065	0.34577922077097617	9.020950748272446
0.8579448688983801	0.34090909089882215	9.021501665903338
0.8658368206265622	0.33603896102972963	9.022072154925196
0.8737287723543257	0.33116883116293966	9.022662856029834
0.8816207240816868	0.3262987012966796	9.023274553882759
0.8895126758091377	0.3214285714285711	9.023908197150115
0.8974046275370564	0.31655844155844143	9.024564919907604
0.9052965792649751	0.3116883116883116	9.025246059861473
0.9131885309928935	0.3068181818181818	9.025953169295486
0.9210804827208124	0.3019480519480518	9.026688015232027
0.928972434448731	0.297077922077922	9.027452567385732
0.9368643861766497	0.29220779220779197	9.028248974001754
0.9447563379045683	0.2873376623376621	9.029079530043198
0.9526482896324869	0.28246753246753226	9.029946645306673
0.9605402413604059	0.2775974025974024	9.030852817198257
0.968432193088325	0.27272727272727265	9.03180060086797
0.9763241448162437	0.2678571428571428	9.032792564795484
0.9842160965441624	0.26298701298701294	9.033831209882528
0.5242718446601944	0.7342352056660464	9.452172180616536
0.5291262135922331	0.7263528084990697	9.452262281558077
0.533980582524272	0.7184704113320929	9.449463937801559
0.5388349514563109	0.7105880141651162	9.273317755461676
0.5436893203883497	0.7027056169981393	9.194393578940156
0.5485436893203886	0.6948232198311626	9.15419081085503
0.5533980582524273	0.6869408226641855	9.121133071838495
0.5582524271844661	0.6790584254972086	9.100295890146782
0.563106796116505	0.6711760283302319	9.08259410017859
0.5679611650485439	0.6632936311632551	9.070252350372277
0.5728155339805827	0.6554112339962783	9.060101187334736
0.5776699029126217	0.6475288368293014	9.052370029071058
0.5825242718446606	0.6396464396623246	9.046063914476202
0.5873786407766998	0.631764042495348	9.040669943766218
0.5922330097087388	0.6238816453283714	9.036480105315865
0.5970873786407784	0.6159992481613952	9.032959440786103
0.6019417475728205	0.60811685099442	9.029878262387802
0.6067961165048726	0.6002344538274506	9.027404335691338
0.6116504854369587	0.5923520566605048	9.025247174649833
0.6165048543689811	0.5844696594935224	9.023433311733013
0.6213592233010404	0.5765872623265681	9.021878314135082
0.6262135922331014	0.5687048651596212	9.020533848371128
0.6310679611650821	0.5608224679925954	9.019393724165532
0.6359223300971106	0.5529400708256088	9.018427093936781
0.6407766990458318	0.5450576736752845	9.017580084245653
0.6456310642688196	0.5371753549773032	9.016885512838437
0.6504854118540571	0.5292933653344326	9.016276727557626
0.6553398456148273	0.5214127096216093	9.015788332793704
0.660194691791324	0.5135331794395843	9.015366866609442
0.6650511005219351	0.5056535420182137	9.015025251298342
0.6699099784821488	0.4977729241533138	9.014757050851108
0.6747700611805388	0.4898894293347959	9.014547579024752
0.679605684483425	0.48203113268801057	9.014399047147064
0.6891116085398674	0.4664181384902226	9.014213888787152
0.6843893809210839	0.4742039565628572	9.014281407024917
0.6931907151431909	0.4587915924048981	9.014180574976413
0.695488805079526	0.45145711772316105	9.01413415280874
0.7016409443062287	0.44691251989215597	9.014228287713358
0.7091150352892159	0.4421986411928686	9.014376303781352
0.716476896794688	0.4381469018773941	9.014546637512014
0.7241874452542817	0.43353440502941	9.01474472877189
0.7318357821359699	0.428628473985688	9.014962653599232
0.7396335743994538	0.42372965199057605	9.015208031256838
0.7474842241852352	0.418846198026231	9.015477796419544
0.7553572479574483	0.4139678364024766	9.015770520446408
0.763242873791596	0.409092755081216	9.016085414095857
0.7711335095450084	0.40422091918548947	9.016421733323599
0.7790253522301896	0.39935064803257864	9.016778871628405
0.786917303752754	0.39448051879209894	9.01715633637194
0.7948092552582414	0.38961038937313486	9.017553681080209
0.8027012068410159	0.3847402596971072	9.0179704774969
0.8105931585299202	0.3798701298699603	9.01840632551584
0.8184851102578207	0.3749999999996994	9.018860875118165
0.8263770619857232	0.37012987012939796	9.019333851979722
0.8342690137136416	0.36525974025912483	9.019825081129087
0.8421609654415959	0.36038961038914313	9.020334504865259
0.8500529171696399	0.35551948051715726	9.020862192599665
0.8579448688976621	0.35064935064667546	9.021408343890213
0.8658368206256362	0.3457792207769363	9.021973286815834
0.8737287723535148	0.3409090909077062	9.022557476188359
0.8816207240813122	0.33603896103851033	9.02316149456854
0.8895126758091373	0.3311688311688302	9.023786058267655
0.8974046275370563	0.32629870129870076	9.024432028188388
0.9052965792649753	0.3214285714285711	9.025100424094736
0.9131885309928937	0.31655844155844143	9.025792439293513
0.9210804827208122	0.3116883116883116	9.026509452090783
0.9289724344487308	0.3068181818181818	9.02725302973988
0.9368643861766496	0.30194805194805185	9.028024921362222
0.9447563379045683	0.29707792207792194	9.028827037001506
0.9526482896324869	0.29220779220779197	9.029661413577536
0.9605402413604059	0.28733766233766217	9.030530173152686
0.9684321930883248	0.2824675324675322	9.03143548020668
0.9763241448162437	0.27759740259740245	9.03237949368017
0.9842160965441624	0.27272727272727265	9.033364293863047
0.533980582524272	0.7342352056660464	9.451938212794298
0.5388349514563108	0.7263528084990697	9.452033097369567
0.5436893203883496	0.7184704113320929	9.449387090578595
0.5485436893203884	0.7105880141651161	9.273198715733022
0.5533980582524273	0.7027056169981393	9.194263063071055
0.5582524271844661	0.6948232198311625	9.154056784208606
0.563106796116505	0.6869408226641855	9.121000698290082
0.5679611650485439	0.6790584254972087	9.100165219295327
0.5728155339805828	0.6711760283302319	9.082466821834304
0.5776699029126218	0.6632936311632552	9.070128901007195
0.5825242718446606	0.6554112339962784	9.059982793757792
0.5873786407766995	0.6475288368293016	9.052257364566943
0.5922330097087385	0.6396464396623249	9.045958057931175
0.5970873786407774	0.6317640424953482	9.040571648537068
0.6019417475728164	0.6238816453283719	9.03639017824446
0.6067961165048573	0.6159992481613962	9.032878879666812
0.6116504854369083	0.6081168509944249	9.029807818797051
0.6165048543690003	0.6002344538274761	9.027344840224275
0.621359223301217	0.59235205666062	9.025199496908217
0.6262135922331781	0.5844696594936062	9.023397894251035
0.6310679611652097	0.5765872623266436	9.021855893313372
0.6359223300973529	0.5687048651597931	9.020525408480852
0.6407766990292163	0.5608224679926547	9.019399898188242
0.6456310679612354	0.5529400708256648	9.018448422130648
0.650485436918575	0.5450576737010734	9.017617171186407
0.6553397933228763	0.5371754800992131	9.016938647818703
0.6601940918992457	0.5292940760086249	9.016346531186036
0.6650484074915092	0.521414476415716	9.01587483605381
0.6699028307230227	0.5135367004074284	9.015470526282924
0.6747614431630499	0.5056581203170742	9.015146070410355
0.6796248135142822	0.49777962989019714	9.014895081796636
0.6844710901541694	0.48993078370898263	9.014703657612012
0.689296653956089	0.4821053447028612	9.014572353129266
0.6985335916711968	0.4662493111114324	9.014408581213523
0.6940277089123329	0.47429663813604345	9.014470304938298
0.7028907241417217	0.45692891092090787	9.014372822597943
0.7087565762536842	0.45016792559578905	9.0144410058099
0.7166434028365282	0.4479669316764685	9.014623702389741
0.7241645517456785	0.44331067781754224	9.01479727126202
0.7319093452122254	0.43834920857446624	9.014999811775384
0.7396636701858051	0.43344813629731477	9.015227829333304
0.7474910547377015	0.4285842753357858	9.015482649750608
0.7553640760300082	0.4237084571287428	9.015762859238949
0.763245101582385	0.4188348525601888	9.016066599136193
0.7711339282230828	0.4139617282929228	9.016393246569608
0.7790253674093569	0.40909093134387464	9.01674199225212
0.7869173034537372	0.4042207790379297	9.017112163767054
0.7948092551214039	0.39935064928858366	9.017503181626283
0.8027012068119119	0.3944805194693577	9.017914511441044
0.8105931585299456	0.3896103896103311	9.018345644570338
0.8184851102578564	0.3847402597401603	9.018796102810002
0.826377061985769	0.3798701298699743	9.019265452428074
0.8342690137136869	0.3749999999997837	9.019753325344276
0.8421609654416158	0.3701298701295845	9.02025944332847
0.8500529171695611	0.3652597402591095	9.020783640595836
0.8579448688975035	0.3603896103889311	9.0213258805169
0.8658368206254341	0.35551948051892795	9.021886264758216
0.873728772353343	0.3506493506490318	9.022465035013619
0.8816207240812363	0.3457792207791219	9.023062570192002
0.8895126758091365	0.34090909090909	9.023679382343113
0.8974046275370559	0.33603896103896	9.024316114447908
0.905296579264975	0.3311688311688305	9.02497354166711
0.9131885309928939	0.3262987012987009	9.02565257636781
0.9210804827208124	0.32142857142857123	9.026354275738314
0.9289724344487311	0.31655844155844143	9.027079849679337
0.9368643861766497	0.3116883116883116	9.027830665177417
0.9447563379045683	0.3068181818181817	9.028608242960502
0.9526482896324869	0.3019480519480518	9.029414241805318
0.9605402413604058	0.29707792207792194	9.030250427769134
0.9684321930883248	0.292207792207792	9.031118629375934
0.9763241448162437	0.28733766233766217	9.032020681638153
0.9842160965441624	0.28246753246753237	9.03295834799138
0.5436893203883497	0.7342352056660464	9.451697692135385
0.5485436893203884	0.7263528084990697	9.451798407489777
0.5533980582524273	0.7184704113320928	9.449305078520323
0.5582524271844662	0.710588014165116	9.273074262265085
0.5631067961165049	0.7027056169981393	9.1941266956448
0.5679611650485438	0.6948232198311625	9.153916741580064
0.5728155339805827	0.6869408226641855	9.120862119790116
0.5776699029126217	0.6790584254972087	9.100028311762523
0.5825242718446606	0.671176028330232	9.082333328030247
0.5873786407766995	0.6632936311632553	9.069999346192716
0.5922330097087385	0.6554112339962785	9.059858508487606
0.5970873786407772	0.6475288368293018	9.05213910434191
0.601941747572816	0.6396464396623253	9.045847007060786
0.6067961165048548	0.6317640424953485	9.04046864324858
0.6116504854368942	0.6238816453283721	9.036296114639272
0.6165048543689415	0.6159992481613991	9.032794850906187
0.6213592233010304	0.608116850994444	9.029734646643107
0.6262135922332778	0.6002344538275793	9.027283457674018
0.631067961165966	0.5923520566610674	9.025150790727984
0.6359223300977479	0.5844696594939717	9.02336225226959
0.6407766990295944	0.5765872623269237	9.021834430951516
0.6456310679619391	0.5687048651603436	9.020518972397982
0.650485436893377	0.5608224679927682	9.019409192742424
0.6553398058253853	0.5529400708257829	9.018473997093452
0.6601941747107458	0.545057673750563	9.01765967490415
0.665048509688056	0.5371755886542133	9.016998334774472
0.6699026775325927	0.5292946641718926	9.016424061207042
0.6747566061199041	0.5214158155743586	9.015970150130594
0.6796110070371447	0.5135378221897943	9.015584031530013
0.6844698224193407	0.5056663175514541	9.0152780891018
0.6893293387627963	0.49780884557871424	9.015045800675075
0.6941940947928877	0.48997979323957225	9.014873237661279
0.6990853284542025	0.48219775781924745	9.014761690512813
0.7081685603130103	0.466359727492111	9.014628147506953
0.703549304929447	0.47464277163712676	9.014676420022269
0.714351204798638	0.45801363739570256	9.014665048799033
0.7237801133349483	0.4528362278549365	9.01486247235558
0.7318121564782385	0.4479743697084169	9.015054645058212
0.7396180195423039	0.4431023446712299	9.015266321405543
0.7474942450871768	0.43829486322614253	9.015506556851586
0.7553644256416145	0.43344345446336585	9.015772009173611
0.7632475122466924	0.4285744717657732	9.01606285340785
0.7711346863505756	0.4237026929078724	9.016378139384296
0.7790254505250701	0.4188312866897774	9.016717113381018
0.7869173033737038	0.41396103891419184	9.017078920977275
0.794809255085819	0.40909090907530027	9.017462785964765
0.8027012068044251	0.4042207792180117	9.017868004898672
0.8105931585299548	0.39935064935062203	9.018293920084425
0.81848511025787	0.3944805194804846	9.018739915305268
0.826377061985785	0.38961038961033956	9.019205417036254
0.8342690137137021	0.38474025974018894	9.019689900942451
0.8421609654416228	0.37987012987002894	9.020192905492825
0.8500529171695463	0.37499999999983546	9.020714051566232
0.8579448688974699	0.3701298701297027	9.021253064776637
0.8658368206253911	0.3652597402596101	9.021809795926432
0.8737287723533077	0.3603896103895388	9.022384235864548
0.881620724081221	0.3555194805194593	9.022976522541219
0.8895126758091364	0.3506493506493502	9.023586940725908
0.8974046275370554	0.34577922077922013	9.024215916572723
0.9052965792649746	0.34090909090909033	9.024864010145789
0.9131885309928935	0.33603896103896047	9.025531908562085
0.9210804827208124	0.3311688311688307	9.026220421596186
0.928972434448731	0.3262987012987009	9.026930480371634
0.9368643861766497	0.3214285714285712	9.027663138529137
0.9447563379045683	0.31655844155844143	9.028419573349128
0.9526482896324869	0.31168831168831157	9.029201083077588
0.9605402413604058	0.3068181818181819	9.030009075329266
0.9684321930883247	0.3019480519480518	9.030845041230059
0.9763241448162436	0.29707792207792194	9.03171051005688
0.9842160965441624	0.2922077922077921	9.032606973573339
0.5533980582524273	0.7342352056660464	9.451449361871873
0.5582524271844662	0.7263528084990696	9.451557137921474
0.563106796116505	0.7184704113320928	9.449216980626453
0.5679611650485438	0.7105880141651161	9.272943587997595
0.5728155339805827	0.7027056169981393	9.193983553583111
0.5776699029126215	0.6948232198311624	9.153769852877057
0.5825242718446605	0.6869408226641855	9.120716505930728
0.5873786407766993	0.6790584254972089	9.099884384640616
0.5922330097087384	0.6711760283302323	9.082192888337849
0.5970873786407772	0.6632936311632555	9.069863015146877
0.6019417475728162	0.6554112339962788	9.05972773116777
0.6067961165048548	0.6475288368293022	9.05201472541422
0.6116504854368934	0.6396464396623254	9.045730325073334
0.6165048543689321	0.6317640424953485	9.040360583373504
0.621359223300974	0.6238816453283729	9.036197668964585
0.6262135922330503	0.615999248161412	9.032707212887857
0.6310679611652918	0.6081168509945218	9.029658712715177
0.6359223300981203	0.600234453827989	9.027220279293237
0.6407766990324509	0.5923520566627658	9.025101193152468
0.6456310679636461	0.5844696594954137	9.023326709435258
0.6504854368949162	0.5765872623281344	9.021814339877887
0.6553398058272091	0.5687048651618168	9.020515083355027
0.6601941747575859	0.5608224679929765	9.019422259346724
0.6650485436895417	0.5529400708259589	9.018504571141976
0.6699029113613982	0.5450576757442299	9.017708450352137
0.6747571887007048	0.5371756399578796	9.017065511922882
0.679610959838013	0.5292950259343013	9.016510334358477
0.6844638522335161	0.5214171517461106	9.016075394028745
0.6893165948977026	0.5135432539427537	9.015708866217997
0.694171813919315	0.5056791599044661	9.01542241558853
0.6990350978058896	0.49783376433381604	9.01520956670896
0.7039399682173243	0.4900145606017625	9.015057154951473
0.717275721434438	0.46758743802395486	9.01486810106387
0.7088838731178886	0.4822662561018809	9.01496543461427
0.7123908552723587	0.4747545299788007	9.014877577989369
0.7195091962320861	0.47420536581606854	9.015038648309384
0.724203100138503	0.4619893861461857	9.014972558467202
0.7317973375033239	0.4574479276707187	9.015134647747074
0.7396035715309511	0.45279983166160753	9.015328612600754
0.7474677038568412	0.4480190091545229	9.015550652374477
0.7553612400782536	0.4431718302439979	9.015800280517903
0.7632476517679333	0.4383112348899157	9.016076282388395
0.7711352519339297	0.4334428146145673	9.016378313879072
0.7790256176934176	0.4285716710408611	9.016705717824529
0.7869173033530129	0.42370129868966844	9.017057616952288
0.7948092550769074	0.4188311688273707	9.017433097483568
0.8027012068025855	0.4139610389603685	9.017831273951776
0.810593158529954	0.4090909090908872	9.018251297043468
0.8184851102578715	0.40422077922075994	9.018692360930535
0.8263770619857902	0.39935064935062936	9.019153713204448
0.8342690137137078	0.3944805194804961	9.019634659726604
0.8421609654416259	0.38961038961035915	9.020134568588231
0.8500529171695447	0.3847402597402187	9.020652877299218
0.8579448688974637	0.37987012987009056	9.021189105370745
0.8658368206253829	0.37499999999997097	9.021742871915299
0.8737287723533008	0.37012987012985504	9.022313915287372
0.8816207240812184	0.36525974025973634	9.022902110730213
0.8895126758091364	0.36038961038961054	9.023507482206888
0.8974046275370551	0.3555194805194805	9.024130206436334
0.9052965792649742	0.3506493506493504	9.024770609274583
0.9131885309928932	0.34577922077922035	9.025429156434333
0.921080482720812	0.3409090909090904	9.026106441297708
0.9289724344487308	0.3360389610389605	9.026803172626835
0.9368643861766496	0.3311688311688307	9.027520164310973
0.9447563379045683	0.326298701298701	9.028258328229397
0.9526482896324873	0.3214285714285713	9.029018669256663
0.9605402413604059	0.3165584415584415	9.02980227965484
0.9684321930883248	0.3116883116883116	9.030610327971992
0.9763241448162436	0.30681818181818177	9.031444034670386
0.9842160965441624	0.3019480519480518	9.03230461756879
0.563106796116505	0.7342352056660464	9.451191903787517
0.5679611650485439	0.7263528084990696	9.45130821434393
0.5728155339805827	0.7184704113320928	9.44912178475701
0.5776699029126215	0.710588014165116	9.272805849862857
0.5825242718446605	0.7027056169981392	9.193832668912435
0.5873786407766993	0.6948232198311625	9.153615242869135
0.5922330097087383	0.6869408226641857	9.12056298830842
0.5970873786407771	0.679058425497209	9.099732617897901
0.601941747572816	0.6711760283302323	9.082044741508918
0.6067961165048547	0.6632936311632555	9.069719211711245
0.6116504854368934	0.6554112339962787	9.059589843325272
0.6165048543689321	0.6475288368293018	9.051883694752291
0.6213592233009709	0.6396464396623249	9.045607574104574
0.6262135922330097	0.6317640424953479	9.040247132988227
0.6310679611650628	0.6238816453283772	9.036094614779516
0.635922330097262	0.6159992481614689	9.032615852651302
0.6407766990300923	0.6081168509948303	9.029580029219405
0.6456310679650246	0.6002344538295671	9.027155435148247
0.6504854369049065	0.5923520566690711	9.025050890843227
0.6553398058342332	0.5844696595009228	9.02329172784676
0.6601941747632036	0.5765872623325425	9.021796114721283
0.6650485436951565	0.5687048651669601	9.020514369333009
0.6699029126219684	0.5608224679934842	9.019439848301218
0.6747572815537961	0.5529400708265071	9.018541001065564
0.6796116424600211	0.5450576804492904	9.017764462674789
0.6844657423466688	0.5371756831363476	9.01714123683903
0.6893184117534487	0.5292955016893355	9.016606510511425
0.6941682838452379	0.5214196303515668	9.016191814142973
0.6990148358884575	0.513550921948389	9.015846075947008
0.7038599378532285	0.505693486957242	9.01558003166822
0.7087057628031084	0.49784544667747227	9.015386861914402
0.7135528835327584	0.4899541448145856	9.015251329337085
0.7250314118520322	0.47020198131486135	9.015109830731541
0.7184630835403913	0.48158927393392725	9.01516297090828
0.7243649494309486	0.47691183994405745	9.01521207906399
0.7318998122698067	0.46660485759789055	9.01524327255859
0.7396103421121567	0.46240718863620844	9.015416903674984
0.7474373507283922	0.4577845977463486	9.015618279793458
0.7553499656363201	0.452912740816007	9.015849390513118
0.7632441521418523	0.4480483757941605	9.016108657392182
0.7711346959110359	0.4431816991271163	9.0163956354544
0.7790257362261649	0.4383119433600289	9.016709667066223
0.786917303347843	0.4334415584387589	9.017049902437305
0.7948092550747564	0.4285714285705382	9.017415414889042
0.8027012068021486	0.42370129870114376	9.017805217124916
0.8105931585299468	0.41883116883115723	9.018218311543292
0.818485110257867	0.4139610389610251	9.0186537041763
0.8263770619857898	0.4090909090908961	9.01911043306214
0.8342690137137079	0.40422077922076755	9.019587590651895
0.8421609654416268	0.3993506493506384	9.020084338312367
0.8500529171695451	0.3944805194805085	9.020599914594518
0.8579448688974631	0.38961038961038064	9.021133640926662
0.8658368206253816	0.3847402597402539	9.0216849287324
0.8737287723532999	0.37987012987012747	9.022253290558771
0.881620724081218	0.37499999999999994	9.022838355086996
0.8895126758091366	0.3701298701298707	9.023439883515772
0.8974046275370551	0.36525974025974056	9.024057783438794
0.9052965792649738	0.3603896103896105	9.024692116688056
0.9131885309928929	0.35551948051948046	9.025343099121246
0.921080482720812	0.3506493506493504	9.026011092426081
0.9289724344487307	0.34577922077922046	9.026696589748639
0.9368643861766496	0.34090909090909055	9.027400198084505
0.9447563379045683	0.3360389610389607	9.028122620552525
0.9526482896324872	0.3311688311688308	9.02886464102824
0.9605402413604062	0.3262987012987011	9.029627111520911
0.968432193088325	0.32142857142857134	9.030410940290787
0.9763241448162437	0.31655844155844154	9.031217075411648
0.9842160965441624	0.3116883116883116	9.032046469634752
0.5728155339805827	0.7342352056660464	9.450923914981734
0.5776699029126215	0.7263528084990696	9.451050557059856
0.5825242718446604	0.7184704113320928	9.449018367727165
0.5873786407766993	0.710588014165116	9.272660159577216
0.5922330097087382	0.7027056169981392	9.193673023745191
0.597087378640777	0.6948232198311626	9.153451983790612
0.6019417475728158	0.6869408226641857	9.120400655320596
0.6067961165048547	0.679058425497209	9.0995721501831
0.6116504854368934	0.6711760283302323	9.081888092767981
0.6165048543689321	0.6632936311632553	9.069567212971299
0.6213592233009709	0.6554112339962785	9.05944420836557
0.6262135922330098	0.6475288368293016	9.051745470830008
0.6310679611650486	0.6396464396623246	9.045478318343834
0.6359223300970875	0.6317640424953477	9.040127969558993
0.6407766990291913	0.6238816453283987	9.035986750912613
0.6456310679618943	0.6159992481617058	9.032520694028277
0.6504854368969152	0.6081168509960043	9.029498666166226
0.6553398058391936	0.6002344538354745	9.027089084149862
0.6601941747973485	0.5923520566920794	9.025000136865081
0.6650485437210033	0.5844696595216451	9.02325784859192
0.6699029126451499	0.5765872623523411	9.021780363929404
0.6747572815756355	0.5687048651893498	9.020517564922597
0.679611650501754	0.5608224680193692	9.019462825099746
0.6844660194282146	0.5529400708543089	9.018584263268188
0.6893203467671896	0.5450576872473818	9.017828801470005
0.6941738208585044	0.5371758292936463	9.017226697094635
0.6990239102382104	0.5292965074727356	9.016713865104846
0.7038670791316323	0.5214235711504897	9.01632069269096
0.7087016604670945	0.5135598844125989	9.015996856911839
0.7135267706035857	0.5057069277887564	9.015752067902584
0.7183178490746234	0.4978772085075615	9.01557977567638
0.7230067644432142	0.49013212306490933	9.015466291466707
0.7313313074777398	0.47545016167329057	9.015365350489008
0.7274651421285592	0.4831391744707112	9.015414619147608
0.7395205753749794	0.4722260505068903	9.015539997789288
0.7474100786506752	0.46753619898453286	9.015716188206214
0.755317888948812	0.4626395695504446	9.015923096340432
0.763239850578574	0.4577902942950123	9.0161629746705
0.7711324835465132	0.4529192919451126	9.016432220393307
0.7790253587051909	0.4480517182801571	9.016730795800065
0.7869173676898829	0.4431818654767743	9.01705753045909
0.7948092550742641	0.43831168831149087	9.01741137691255
0.8027012068020575	0.4334415584415307	9.017791265885286
0.8105931585299474	0.42857142857142766	9.018196091790683
0.8184851102578653	0.4237012987012938	9.018624727290273
0.8263770619857852	0.4188311688311619	9.019076036908693
0.8342690137137053	0.4139610389610313	9.019548903985475
0.8421609654416256	0.4090909090909023	9.020042259145349
0.8500529171695445	0.4042207792207739	9.020555104275859
0.8579448688974632	0.39935064935064596	9.021086529117994
0.8658368206253816	0.3944805194805178	9.021635721051299
0.8737287723533002	0.3896103896103893	9.022201971220229
0.8816207240812184	0.3847402597402601	9.02278468090063
0.889512675809137	0.3798701298701304	9.023383370596266
0.8974046275370555	0.37500000000000044	9.02399769191206
0.9052965792649741	0.3701298701298705	9.024627439871379
0.9131885309928928	0.36525974025974045	9.025272562139223
0.9210804827208117	0.3603896103896105	9.025933161794123
0.9289724344487307	0.3555194805194804	9.026609491715293
0.9368643861766496	0.35064935064935043	9.027301940645005
0.9447563379045683	0.3457792207792205	9.028011013037315
0.952648289632487	0.3409090909090906	9.02873730607562
0.9605402413604062	0.33603896103896075	9.029481487283675
0.9684321930883251	0.331168831168831	9.030244273795558
0.9763241448162437	0.32629870129870114	9.03102641053036
0.9842160965441624	0.32142857142857134	9.031828637206075
0.5825242718446604	0.7342352056660464	9.450643886358352
0.5873786407766992	0.7263528084990696	9.450783082094633
0.5922330097087382	0.7184704113320928	9.44890547287534
0.5970873786407771	0.710588014165116	9.272505574469035
0.6019417475728158	0.7027056169981393	9.193503545579317
0.6067961165048547	0.6948232198311626	9.15327908810385
0.6116504854368934	0.6869408226641857	9.120228547106414
0.6165048543689321	0.6790584254972089	9.099402074765413
0.6213592233009709	0.6711760283302319	9.081722111477573
0.6262135922330098	0.6632936311632552	9.06940626839772
0.6310679611650486	0.6554112339962784	9.059290172182303
0.6359223300970877	0.6475288368293014	9.051599505985633
0.6407766990291265	0.6396464396623245	9.045342128201513
0.6456310679611658	0.6317640424953478	9.04000278999291
0.6504854368934928	0.6238816453284944	9.035873908800774
0.6553398058281977	0.6159992481626582	9.032421709034297
0.6601941747710254	0.6081168510002967	9.029414761063762
0.6650485437378925	0.6002344538568728	9.027021417623958
0.6699029127551218	0.5923520567749713	9.024949338279804
0.6747572816648392	0.5844696596012314	9.023225627358785
0.6796116505447707	0.5765872623983627	9.021767816929424
0.6844660194725037	0.5687048652409046	9.020525529606074
0.6893203883870436	0.560822468069841	9.019492188398418
0.6941747572987169	0.5529400709149825	9.018635469948775
0.699028693299551	0.5450577324644021	9.017902698920464
0.703880273587259	0.5371762712437641	9.017323219237648
0.7087250838301286	0.5292985437878591	9.016833787756257
0.7135571938860389	0.5214292346195863	9.016463418872947
0.7183776465153414	0.5135685162514821	9.016162582755248
0.7231966075354289	0.5057071428550453	9.015939921165709
0.7279180253203766	0.4979212034165838	9.015790338652288
0.7324473265421692	0.49018356493015647	9.015693245587114
0.7382034914703092	0.48201151087815675	9.015667783146485
0.7470534933060777	0.47720912468415044	9.015838727696758
0.7552468158321312	0.47231522334494674	9.01602640097168
0.7632158201176188	0.4674889593764083	9.016243316000761
0.7711265318505399	0.4626487004790458	9.016491729448616
0.7790247211783726	0.4577919812620202	9.016771850745615
0.7869174910061342	0.4529222881146954	9.017082548961241
0.7948094273272571	0.44805203689035666	9.01742268202099
0.8027012068020457	0.44318181818181523	9.01779093557485
0.8105931585299538	0.4383116883116925	9.018186016040348
0.8184851102578684	0.4334415584415603	9.018606622803476
0.826377061985785	0.4285714285714275	9.019051463921299
0.8342690137137038	0.42370129870129564	9.01951924903645
0.842160965441623	0.41883116883116484	9.020008704930918
0.8500529171695427	0.41396103896103487	9.020518600399848
0.8579448688974625	0.40909090909090595	9.021047773322772
0.8658368206253817	0.4042207792207774	9.021595154040428
0.8737287723533002	0.39935064935064857	9.022159781821925
0.8816207240812188	0.39448051948051926	9.022740814514231
0.8895126758091374	0.3896103896103898	9.02333753408189
0.897404627537056	0.38474025974026005	9.023949351444543
0.9052965792649745	0.3798701298701303	9.024575812861999
0.9131885309928932	0.3750000000000003	9.025216607887513
0.921080482720812	0.3701298701298703	9.025871576813161
0.9289724344487307	0.36525974025974034	9.026540714339587
0.9368643861766496	0.3603896103896103	9.027224166318844
0.9447563379045683	0.3555194805194804	9.0279222177251
0.9526482896324869	0.3506493506493505	9.028635272254542
0.9605402413604058	0.3457792207792206	9.029363826218527
0.968432193088325	0.34090909090909066	9.030108440380848
0.9763241448162437	0.3360389610389609	9.030869709891379
0.9842160965441624	0.33116883116883106	9.031648224109718
0.5922330097087382	0.7342352056660464	9.450350183305217
0.597087378640777	0.7263528084990696	9.450504706670976
0.6019417475728158	0.7184704113320928	9.448781684280393
0.6067961165048547	0.7105880141651161	9.27234108719456
0.6116504854368934	0.7027056169981393	9.193323102084145
0.6165048543689323	0.6948232198311625	9.153095501867481
0.621359223300971	0.6869408226641855	9.120045650932072
0.6262135922330098	0.6790584254972086	9.099221435696746
0.6310679611650487	0.6711760283302319	9.08154592920718
0.6359223300970877	0.6632936311632552	9.069235599610424
0.6407766990291265	0.6554112339962783	9.059127064484647
0.6456310679611658	0.6475288368293014	9.051445249721626
0.6504854368932046	0.6396464396623246	9.045198585750699
0.6553398058252439	0.6317640424953482	9.039871318131398
0.6601941747585321	0.6238816453289061	9.035755961506496
0.665048543700888	0.615999248166343	9.03231893377101
0.6699029126701085	0.6081168510152722	9.029328515508972
0.6747572817152564	0.6002344539313015	9.026952691543274
0.6796116509211423	0.592352057069526	9.024899132868155
0.6844660197988183	0.5844696598974458	9.023195737106532
0.6893203885343897	0.5765872625774031	9.021759325982666
0.6941747574293309	0.5687048654084847	9.020539262321043
0.6990291262551925	0.5608224683037104	9.019529088814275
0.7038834951546447	0.5529400710038888	9.018695887011027
0.7087356631183419	0.545057768163209	9.01798753087044
0.7135819237504833	0.5371772836183424	9.017432263074433
0.7184174899610061	0.5293024507680585	9.016967783521686
0.7232337189020641	0.5214383057352788	9.01662152743454
0.7280419649233112	0.5135793203021941	9.016344853635617
0.7328313552768707	0.5057384448931798	9.016145919392871
0.7373849382964236	0.4982409347079143	9.016023758864955
0.7404274246849615	0.4906932954135872	9.015913200237147
0.7472151675094405	0.4865917893928684	9.016012560800126
0.7552796219011256	0.48187836863712946	9.016168614731553
0.763203992068477	0.4771391188370149	9.016357068807388
0.7711207817928218	0.47236867890101725	9.01658056761576
0.7790254810332979	0.4675328636913032	9.016838130542299
0.7869182198179036	0.46266333155615197	9.017128944287416
0.7948099443690545	0.457792705841298	9.01745220501973
0.8027014589400299	0.45292219203270884	9.017806329361006
0.8105931585299606	0.44805194805195014	9.018189705268151
0.8184851102578728	0.4431818181818206	9.01860074493763
0.8263770619857883	0.4383116883116902	9.019037886020875
0.8342690137137051	0.43344155844155896	9.019499613956318
0.842160965441623	0.42857142857142766	9.019984444738869
0.8500529171695419	0.4237012987012969	9.02049092939143
0.8579448688974612	0.4188311688311666	9.021017668839603
0.8658368206253805	0.41396103896103703	9.021563335811074
0.8737287723532994	0.4090909090909076	9.022126698680973
0.8816207240812187	0.40422077922077815	9.022706642300323
0.8895126758091377	0.3993506493506489	9.023302182644912
0.8974046275370564	0.3944805194805193	9.023912475003074
0.905296579264975	0.38961038961038985	9.024536817790795
0.9131885309928935	0.3847402597402599	9.025174654862541
0.9210804827208122	0.37987012987012997	9.025825578250517
0.9289724344487308	0.37500000000000017	9.026489331379103
0.9368643861766496	0.37012987012987014	9.02716581088468
0.9447563379045683	0.36525974025974023	9.027855064003125
0.9526482896324869	0.3603896103896103	9.028557278464518
0.9605402413604058	0.3555194805194804	9.029272763180716
0.9684321930883247	0.35064935064935054	9.030001920367944
0.9763241448162437	0.3457792207792207	9.030745211188988
0.9842160965441624	0.3409090909090908	9.031503109338585
0.6019417475728158	0.7342352056660464	9.450041021210552
0.6067961165048547	0.7263528084990697	9.450214358702626
0.6116504854368934	0.7184704113320929	9.448645398840698
0.6165048543689323	0.7105880141651161	9.272165611965262
0.621359223300971	0.7027056169981392	9.193130494890616
0.6262135922330099	0.6948232198311624	9.152900098179096
0.6310679611650487	0.6869408226641855	9.119850897096041
0.6359223300970877	0.6790584254972087	9.099029224132963
0.6407766990291265	0.6711760283302319	9.081358638120015
0.6456310679611655	0.6632936311632552	9.069054400825392
0.6504854368932045	0.6554112339962784	9.05895420096536
0.6553398058252434	0.6475288368293016	9.05128215313472
0.6601941747572826	0.6396464396623252	9.045047291739474
0.6650485436893215	0.6317640424953488	9.039733313880218
0.669902912626624	0.623881645330624	9.035632835849562
0.674757281596812	0.6159992481799667	9.032212487094727
0.6796116506496203	0.6081168510646526	9.029240177710237
0.6844660199289225	0.6002344541762679	9.026883252414747
0.6893203897476198	0.5923520581148265	9.024850306315946
0.6941747585823026	0.5844696610175499	9.023169012240247
0.6990291267655941	0.5765872633176734	9.02175589759679
0.7038834950562562	0.568704866730631	9.020559923156712
0.7087378640687083	0.5608224686377576	9.019574852094403
0.7135922330096712	0.5529400708256246	9.018766955325097
0.7184371611064849	0.5450572260245717	9.018084766543362
0.7232730072479153	0.537179044854135	9.01755539994276
0.7280899029706941	0.5293110198579377	9.017117491917004
0.7328975810162617	0.5214508982073124	9.01679671020234
0.7376628529161376	0.5135980515755901	9.01654493981989
0.7424758373062407	0.5056288134823564	9.016365943340807
0.7473268392640746	0.49672871777222627	9.016238145750675
0.7555041876163556	0.49117933458045937	9.016348434406174
0.763293021021446	0.4867761274723964	9.016509385432975
0.7711441064506542	0.4821056659977045	9.016704165428846
0.779028215744833	0.4772753753131032	9.016934802041414
0.7869207745679744	0.47240579711101804	9.017201937682296
0.7948113986518809	0.4675344148102259	9.017504502483218
0.8027021776200868	0.4626629401909869	9.017841050229285
0.8105934620428051	0.45779237155428215	9.018209850517936
0.8184851140688393	0.45292207805223966	9.018609047248274
0.826377061985792	0.44805194805194926	9.019036770991574
0.8342690137137073	0.44318181818181923	9.019491167733856
0.8421609654416246	0.43831168831168904	9.019970450090142
0.8500529171695427	0.43344155844155835	9.020472891815752
0.857944868897461	0.428571428571428	9.020996832777655
0.8658368206253799	0.42370129870129764	9.02154068693707
0.8737287723532989	0.4188311688311676	9.0221029554595
0.8816207240812179	0.4139610389610378	9.022682244612225
0.8895126758091373	0.4090909090909081	9.023277285395762
0.8974046275370563	0.4042207792207786	9.023886950665853
0.9052965792649751	0.39935064935064896	9.024510266653104
0.9131885309928937	0.3944805194805194	9.025146418297027
0.9210804827208124	0.3896103896103896	9.02579475001808
0.928972434448731	0.3847402597402599	9.026454764342503
0.9368643861766497	0.3798701298701299	9.027126120084231
0.9447563379045683	0.375	9.027808630131753
0.952648289632487	0.3701298701298701	9.028502257077575
0.9605402413604058	0.3652597402597402	9.02920710359155
0.9684321930883247	0.3603896103896103	9.02992339396557
0.9763241448162435	0.3555194805194804	9.030651443955955
0.9842160965441624	0.3506493506493505	9.03139161477766
0.6116504854368934	0.7342352056660464	9.449714435705458
0.6165048543689322	0.7263528084990696	9.44991099196149
0.621359223300971	0.7184704113320928	9.448494789928938
0.62621359223301	0.710588014165116	9.27197798230891
0.6310679611650488	0.7027056169981392	9.192924451640382
0.6359223300970877	0.6948232198311624	9.152691671003955
0.6407766990291265	0.6869408226641855	9.119643155870888
0.6456310679611654	0.6790584254972089	9.098824374870958
0.6504854368932044	0.671176028330232	9.081159289399936
0.6553398058252432	0.6632936311632553	9.068861839940206
0.6601941747572823	0.6554112339962787	9.058770886481037
0.6650485436893212	0.6475288368293021	9.051109674783264
0.6699029126213601	0.6396464396623257	9.044887874532037
0.6747572815533989	0.631764042495349	9.039588584291517
0.6796116505068596	0.6238816453375363	9.035504529757842
0.6844660195720721	0.6159992482275282	9.032102585664227
0.689320388868604	0.6081168512164726	9.029150037799857
0.694174758790647	0.6002344549167813	9.026813671106526
0.6990291307363576	0.5923520619044746	9.024803635785759
0.7038834994396296	0.5844696650617904	9.02314646843297
0.708737864344222	0.5765872671837907	9.021758721401723
0.7135922314577782	0.5687048677401378	9.020588856090145
0.7184466019416312	0.5608224679925646	9.019631003946918
0.7232921135782758	0.5529374171941844	9.01884997890582
0.728127180628524	0.5450549941777316	9.018195984434998
0.7329399758807579	0.5371827122325439	9.017694301494032
0.7377417009726731	0.5293252977228183	9.017284718502312
0.7425034362925226	0.5214952149716592	9.016991143003457
0.7472269426816186	0.5136956175968386	9.016766589801554
0.7520355362417588	0.5058761634211237	9.016619150149785
0.7562556797639621	0.4989959863682808	9.016551204536174
0.7636562803072369	0.4961194882498833	9.016705247023006
0.7712242706295833	0.49185547871513774	9.016867527553343
0.7790557942681219	0.4869969062686425	9.017066598510057
0.7869260938944436	0.4821498218974157	9.017306323326652
0.7948150890458804	0.4772785006327583	9.017584712245792
0.8027043325879406	0.4724052755607315	9.017900037415727
0.8105942376137629	0.4675331377120507	9.018250723894228
0.8184854686795552	0.462662528341011	9.0186349588489
0.8263770619857915	0.4577922077922079	9.019050671677332
0.8342690137137083	0.4529220779220778	9.019495753912222
0.842160965441626	0.44805194805194853	9.019968059744407
0.8500529171695437	0.4431818181818185	9.020465503072243
0.8579448688974619	0.4383116883116886	9.020986073738014
0.8658368206253803	0.43344155844155846	9.02152785843404
0.8737287723532989	0.4285714285714281	9.022089052352543
0.8816207240812175	0.42370129870129797	9.022667967552174
0.8895126758091368	0.41883116883116805	9.023263043020924
0.897404627537056	0.41396103896103814	9.023872858117882
0.9052965792649749	0.4090909090909085	9.024496147261909
0.9131885309928939	0.40422077922077876	9.025131812108674
0.9210804827208124	0.3993506493506491	9.02577892840477
0.9289724344487311	0.3944805194805194	9.026436746932582
0.9368643861766497	0.3896103896103896	9.027104689897216
0.9447563379045683	0.38474025974025977	9.027782344843727
0.952648289632487	0.37987012987012986	9.028469457572783
0.9605402413604059	0.37499999999999994	9.029165923913743
0.9684321930883248	0.37012987012987003	9.029871778021521
0.9763241448162436	0.3652597402597402	9.030587171958727
0.9842160965441624	0.36038961038961026	9.03131233799359
0.621359223300971	0.7342352056660464	9.449368246247737
0.62621359223301	0.7263528084990696	9.449593607058262
0.6310679611650488	0.7184704113320928	9.44832776197258
0.6359223300970877	0.710588014165116	9.27177694985366
0.6407766990291265	0.7027056169981392	9.192703614762278
0.6456310679611654	0.6948232198311625	9.152468929258328
0.6504854368932041	0.6869408226641857	9.11942123640817
0.6553398058252431	0.679058425497209	9.098605763295433
0.660194174757282	0.6711760283302323	9.080946891236001
0.6650485436893209	0.6632936311632555	9.068657060096704
0.6699029126213598	0.6554112339962789	9.058576419540332
0.6747572815533985	0.6475288368293024	9.050927288509422
0.6796116504854374	0.6396464396623256	9.044720001387093
0.6844660194174761	0.6317640424953489	9.03943699737846
0.689320388433074	0.6238816453641169	9.035371136852438
0.6941747577959623	0.6159992483814472	9.03198953816201
0.6990291277313555	0.6081168516436809	9.029058480199083
0.7038834991849058	0.6002344568369253	9.026744873733952
0.7087378794508837	0.5923520764123338	9.02476007953779
0.7135922472929134	0.5844696800715362	9.02312930504481
0.7184465846733171	0.5765872611799091	9.02176918683744
0.7233009594237362	0.5687048697247982	9.020627612186424
0.7281474557022097	0.5608183353653821	9.019698789352292
0.7329819667390179	0.552931108591852	9.018946677574808
0.7377920095810739	0.5450492786524102	9.018322776562641
0.7425788597318889	0.5371852702111487	9.017850653048912
0.747316304115852	0.5293665204808158	9.017471447612209
0.7519915894110201	0.5216417313711841	9.017208028850503
0.7565737056911009	0.5140256718760116	9.01701403015867
0.7623542127435562	0.5061821734310286	9.016914494327175
0.77118234597615	0.5014041684716674	9.01706549072824
0.7790816738124532	0.49669979984749574	9.017235459983787
0.7869304050767637	0.49189529584099795	9.017444616977203
0.7948197469617284	0.48702514396709473	9.017695838187558
0.8027093640873758	0.48215165502461316	9.017987099543442
0.8105974254101485	0.4772758324015683	9.01831659217788
0.8184860847580588	0.4724031057919722	9.018682640166439
0.8263773942356357	0.46753260745709824	9.019083358601987
0.8342690137137088	0.46266233766233755	9.01951645357095
0.8421609654416263	0.4577922077922077	9.019979619519061
0.8500529171695446	0.452922077922078	9.020470460474328
0.8579448688974627	0.4480519480519484	9.020986603073142
0.8658368206253808	0.4431818181818189	9.021525740635854
0.8737287723532993	0.43831168831168843	9.02208567826279
0.8816207240812178	0.4334415584415583	9.02266436054323
0.8895126758091365	0.4285714285714281	9.023259885494072
0.8974046275370555	0.4237012987012982	9.023870511852301
0.9052965792649748	0.4188311688311682	9.024494665893398
0.9131885309928935	0.4139610389610384	9.025130949914896
0.9210804827208124	0.40909090909090867	9.025778150820594
0.9289724344487311	0.404220779220779	9.026435245829646
0.9368643861766497	0.3993506493506492	9.027101403118989
0.9447563379045684	0.39448051948051943	9.027775977014088
0.9526482896324869	0.3896103896103896	9.028458498922125
0.9605402413604059	0.38474025974025966	9.029148665713452
0.9684321930883248	0.3798701298701298	9.02984632631257
0.9763241448162437	0.37499999999999983	9.030551464349633
0.9842160965441624	0.37012987012987	9.031264168022252
0.6310679611650488	0.7342352056660464	9.449000012432451
0.6359223300970877	0.7263528084990696	9.449261276629157
0.6407766990291265	0.7184704113320928	9.44814189810038
0.6456310679611654	0.710588014165116	9.271561203255759
0.6504854368932041	0.7027056169981392	9.192466525049936
0.6553398058252431	0.6948232198311625	9.152230488903008
0.6601941747572818	0.6869408226641859	9.119183887462968
0.6650485436893208	0.6790584254972091	9.098372202947276
0.6699029126213595	0.6711760283302324	9.080720405956368
0.6747572815533984	0.6632936311632557	9.068439181669776
0.6796116504854373	0.655411233996279	9.058370098632226
0.6844660194174761	0.6475288368293023	9.050734493971163
0.6893203883495148	0.6396464396623255	9.044543392515324
0.6941747572815536	0.6317640424953487	9.039278500945498
0.6990291265226517	0.6238816454605801	9.035232874738186
0.7038834967061547	0.6159992488289496	9.031873718790635
0.7087378681028302	0.6081168527162851	9.028966041417634
0.7135922422303104	0.6002344603131431	9.026677978551193
0.7184466602022349	0.5923521375058257	9.02472083531035
0.7233010224090388	0.5844697379246883	9.023118955052048
0.7281539671466892	0.5765863853461771	9.021788776513432
0.7330033113554163	0.5687007770426636	9.02067741881914
0.7378409204316269	0.5608096200823928	9.019780182364947
0.7426528876642621	0.5529160718689523	9.01905852543427
0.7474348990852686	0.5450309723473816	9.018466570548362
0.7521385940436829	0.53718626397531	9.018025537642187
0.7567383186331117	0.529448231289979	9.017678109437973
0.7614479315954534	0.5219095618866562	9.017450472473435
0.7643859285918624	0.5148488458661509	9.01725919071749
0.7712997650281995	0.5110207358575164	9.017332116323233
0.7791616797595613	0.50638328126848	9.017457168073767
0.7869464139724647	0.5016392663121987	9.017626347253865
0.794822251220378	0.49677383699144895	9.017843316457077
0.8027184905885019	0.4919051633098388	9.018106175864093
0.8106043346150362	0.4870238943738565	9.018410905807627
0.8184902823045611	0.48214588563206756	9.018755742139568
0.8263788332616309	0.4772734181258387	9.019138534734521
0.8342692229846272	0.4724026548020363	9.019556908991623
0.8421609654416266	0.4675324675324671	9.020008435427497
0.8500529171695446	0.4626623376623375	9.020490525656081
0.8579448688974629	0.45779220779220786	9.02100055623776
0.8658368206253813	0.4529220779220782	9.021535892447146
0.8737287723532995	0.4480519480519483	9.022093945340984
0.881620724081218	0.4431818181818183	9.022672235141277
0.8895126758091366	0.4383116883116882	9.023268438981757
0.8974046275370552	0.43344155844155824	9.023880419848908
0.9052965792649744	0.4285714285714283	9.024506240211048
0.9131885309928934	0.4237012987012983	9.025144167245935
0.9210804827208122	0.4188311688311684	9.025792675389972
0.928972434448731	0.41396103896103864	9.02645044846607
0.9368643861766497	0.4090909090909088	9.027116380640072
0.9447563379045684	0.40422077922077904	9.027789574240138
0.9526482896324873	0.3993506493506493	9.028469332951893
0.960540241360406	0.39448051948051943	9.029155150173382
0.968432193088325	0.38961038961038946	9.029846693204703
0.9763241448162436	0.3847402597402596	9.030543783066861
0.9842160965441624	0.3798701298701297	9.031246364173704
0.6407766990291265	0.7342352056660464	9.448606982827597
0.6456310679611654	0.7263528084990696	9.448913169630464
0.6504854368932043	0.7184704113320928	9.447934391358217
0.6553398058252431	0.710588014165116	9.271329427897188
0.6601941747572818	0.7027056169981393	9.192211601699968
0.6650485436893206	0.6948232198311626	9.151974857183369
0.6699029126213595	0.6869408226641859	9.118929796403869
0.6747572815533983	0.6790584254972091	9.098122443778891
0.679611650485437	0.6711760283302324	9.080478747147117
0.684466019417476	0.6632936311632557	9.068207305402366
0.6893203883495147	0.6554112339962788	9.05815123125606
0.6941747572815534	0.647528836829302	9.050530830698664
0.6990291262135924	0.6396464396623253	9.04435783853077
0.7038834951456313	0.6317640424953486	9.039113149676465
0.7087378651449266	0.6238816457849184	9.035090103964704
0.7135922371324771	0.6159992499250159	9.031755571341542
0.7184466114128716	0.6081168550459365	9.028873606160802
0.7233009865810086	0.6002344605466109	9.026614124717659
0.7281555919602957	0.5923524226286093	9.02468738396945
0.7330099688226848	0.5844700809288713	9.023117163533941
0.7378615813680066	0.5765853899657196	9.021819517643609
0.7427026080815043	0.5686940769137699	9.020740564469785
0.747525455711175	0.5607933845384695	9.019877192026927
0.7523123369435689	0.5528825410433996	9.019187048951954
0.756993734484884	0.5449894281046821	9.018627851594887
0.7615780289598102	0.5371463017999576	9.018217583276195
0.7659543089759264	0.5294410148690801	9.017898780097333
0.7713194507003441	0.5211592034573955	9.017683999001592
0.7794021506590044	0.516146917148996	9.017750710390395
0.7871222454694443	0.5113359938534794	9.017868862915345
0.7948775720967591	0.506527106406307	9.018040335185098
0.8027436688537752	0.5016648382418953	9.018265670294873
0.8106177944224982	0.4967791973303826	9.018539147974037
0.8184974844584807	0.49189278270480913	9.018858033195704
0.8263818605243601	0.48701533748362946	9.019219385515337
0.8342701524985731	0.48214318382345694	9.019620229125863
0.8421610410661199	0.47727273747147453	9.020057670296149
0.8500529171695446	0.47240259740259655	9.020528829092003
0.8579448688974627	0.4675324675324672	9.021030823682317
0.8658368206253813	0.4626623376623376	9.021560776473278
0.8737287723532995	0.4577922077922079	9.022115799713388
0.8816207240812183	0.4529220779220781	9.022693044673446
0.8895126758091371	0.4480519480519481	9.023289765059944
0.8974046275370556	0.4431818181818181	9.023903376671415
0.9052965792649743	0.43831168831168826	9.024531502734584
0.9131885309928932	0.4334415584415584	9.0251720007503
0.9210804827208121	0.4285714285714284	9.025822973515986
0.928972434448731	0.42370129870129847	9.026482770202847
0.9368643861766496	0.4188311688311685	9.027149982655617
0.9447563379045684	0.4139610389610387	9.027823439475405
0.9526482896324873	0.4090909090909087	9.028502198006422
0.9605402413604062	0.40422077922077904	9.029185533113909
0.968432193088325	0.3993506493506493	9.02987292149327
0.9763241448162439	0.3944805194805194	9.030564019923888
0.9842160965441625	0.38961038961038946	9.03125863190961
0.6504854368932041	0.7342352056660464	9.448186038775093
0.6553398058252431	0.7263528084990696	9.448548559874054
0.6601941747572819	0.7184704113320928	9.44770194613529
0.6650485436893206	0.7105880141651161	9.271080451284528
0.6699029126213595	0.7027056169981393	9.191937132108992
0.6747572815533983	0.6948232198311626	9.15170039720031
0.679611650485437	0.6869408226641859	9.118657575171957
0.684466019417476	0.6790584254972091	9.097855171164738
0.6893203883495147	0.6711760283302324	9.080220780006492
0.6941747572815536	0.6632936311632555	9.06796051874803
0.6990291262135924	0.6554112339962787	9.057919146818577
0.7038834951456311	0.6475288368293018	9.050315896331616
0.7087378640776699	0.6396464396623253	9.04416322264393
0.7135922330097088	0.6317640424953486	9.038941142901182
0.7184466053013803	0.6238816467655414	9.03494331323516
0.7233009793597285	0.6159992517914759	9.031635655725678
0.7281553594295658	0.6081168593889795	9.02878267095627
0.733010023856305	0.6002350156549415	9.026554876362324
0.7378649307934125	0.5923531654228061	9.024661494400362
0.7427197678051832	0.5844708382793736	9.023125969989414
0.7475730569464379	0.5765861580401389	9.021863920566775
0.752404919466183	0.5686865061290284	9.020819694902658
0.7572146740762742	0.5607730262144245	9.019993109773976
0.7619245396049991	0.5528354529952355	9.019334694698527
0.7664385595664037	0.5449232543581586	9.018807741313152
0.7708828986045936	0.5369906735787795	9.018423227077202
0.7737555565852382	0.5299935480204186	9.01813544041516
0.7803226938654726	0.5258127776007455	9.018138560916471
0.7875614201628731	0.5209106675244952	9.018184650657831
0.7951121559573668	0.5161626545648503	9.018302058229255
0.802814411201251	0.5113986661740272	9.018478786351155
0.8106455812289678	0.5065271657664132	9.018711753799879
0.818510034199491	0.5016422714498266	9.01899719064017
0.8263868205907539	0.4967596291731458	9.019331197926379
0.8342720184221908	0.49188446720753376	9.019710166305488
0.8421614618637449	0.48701318654099657	9.020130326667003
0.8500529290943879	0.48214285725050887	9.020588127039034
0.8579448688974628	0.4772727272727262	9.021080152896817
0.8658368206253813	0.4724025974025969	9.021603114710446
0.8737287723532995	0.4675324675324674	9.022153793974537
0.8816207240812183	0.4626623376623376	9.022729017422428
0.8895126758091373	0.4577922077922078	9.023325681090638
0.8974046275370561	0.452922077922078	9.02394079455165
0.9052965792649746	0.4480519480519481	9.024571536090908
0.9131885309928933	0.4431818181818181	9.02521530557499
0.9210804827208121	0.4383116883116882	9.025869763704987
0.9289724344487309	0.4334415584415583	9.026532853243985
0.9368643861766497	0.4285714285714284	9.027202804222325
0.9447563379045684	0.42370129870129847	9.027878128143376
0.9526482896324872	0.4188311688311685	9.028557605957543
0.9605402413604062	0.4139610389610387	9.029240272549854
0.9684321930883251	0.40909090909090884	9.029925398110555
0.9763241448162439	0.40422077922077904	9.030612464333869
0.9842160965441625	0.3993506493506491	9.031301128465321
0.6601941747572818	0.7342352056660464	9.447733642022913
0.6650485436893206	0.7263528084990697	9.4481667816472
0.6699029126213595	0.7184704113320928	9.447440622925042
0.6747572815533981	0.7105880141651162	9.270813540566051
0.679611650485437	0.7027056169981393	9.191641307086412
0.684466019417476	0.6948232198311626	9.151405260604294
0.6893203883495147	0.6869408226641859	9.118365722654936
0.6941747572815534	0.6790584254972091	9.097569005365768
0.6990291262135924	0.6711760283302323	9.079945328066339
0.7038834951456313	0.6632936311632555	9.06769790746016
0.70873786407767	0.6554112339962787	9.057673214291247
0.7135922330097086	0.647528836829302	9.050089369449232
0.7184466019417476	0.6396464396623252	9.043959551137403
0.7233009708737864	0.6317640424953485	9.038762869198187
0.7281553490652258	0.6238816492893192	9.034793064981793
0.73300976735849	0.6159993422360787	9.031514872839425
0.7378642865472219	0.6081173583276475	9.028694882105865
0.7427193399409342	0.6002360100721349	9.02650197429405
0.7475751269113572	0.5923549834044229	9.024645365915495
0.7524321242626332	0.5844727955079225	9.023147906180142
0.7572890223973734	0.5765865883188422	9.02192421889332
0.7621223446850041	0.5686847938898681	9.020918550273642
0.7669035022682218	0.5607555610121662	9.020131855262184
0.7714107505116612	0.5528390283470394	9.019507965375496
0.775757548009521	0.5447500625329297	9.019003088369827
0.7803472734483304	0.5358824301701481	9.0186024118314
0.7880140755277351	0.5302938280621731	9.018568335396283
0.7953783706962345	0.5257058329620126	9.018631076707523
0.8029405600486547	0.5210476457653025	9.01875573349188
0.8107159745849319	0.5162130447589569	9.018940684582843
0.8185242789609525	0.5113859594318308	9.01918403945463
0.826395834071843	0.5065034766363693	9.019483202615964
0.8342747102041708	0.5016271813696923	9.019833587306683
0.8421625607361934	0.4967543456736679	9.020231292358966
0.8500530939954597	0.49188331229605026	9.020671892837461
0.8579448688974622	0.4870129870129853	9.021151245000516
0.8658368206253809	0.48214285714285604	9.021665330894757
0.8737287723532997	0.4772727272727267	9.022210324492136
0.8816207240812184	0.4724025974025971	9.022782555711125
0.8895126758091373	0.4675324675324674	9.023378495736189
0.8974046275370562	0.46266233766233766	9.023994758522141
0.905296579264975	0.4577922077922078	9.024628117523278
0.9131885309928937	0.4529220779220779	9.02527554117306
0.9210804827208122	0.448051948051948	9.025934238522154
0.9289724344487309	0.4431818181818181	9.02660170168018
0.9368643861766496	0.4383116883116882	9.027275734846796
0.9447563379045684	0.43344155844155824	9.027954466097754
0.9526482896324872	0.4285714285714284	9.028636343541526
0.9605402413604062	0.42370129870129847	9.02932012007755
0.9684321930883251	0.41883116883116855	9.030004830649686
0.9763241448162437	0.41396103896103864	9.030689762999826
0.9842160965441625	0.4090909090909088	9.031374416148212
0.6699029126213595	0.7342352056660464	9.44724580975412
0.6747572815533983	0.7263528084990697	9.44776705646588
0.679611650485437	0.7184704113320929	9.44714563892437
0.6844660194174758	0.7105880141651161	9.270528818817697
0.6893203883495147	0.7027056169981393	9.19132232117542
0.6941747572815534	0.6948232198311626	9.151087347245989
0.6990291262135924	0.6869408226641859	9.118052589834035
0.7038834951456311	0.679058425497209	9.09726250383747
0.70873786407767	0.6711760283302323	9.079651185945856
0.7135922330097088	0.6632936311632555	9.067418572142486
0.7184466019417476	0.6554112339962787	9.057412864598616
0.7233009708737863	0.6475288368293017	9.049851037555422
0.7281553398058253	0.6396464396623249	9.043746997598545
0.7330097087378644	0.6317640424953482	9.038578919411897
0.73786409831019	0.6238816541577871	9.034640034458077
0.7427185829578066	0.6159994772206955	9.03139478504118
0.7475733187620855	0.6081180377679383	9.028611861705274
0.7524289333255328	0.6002375132095265	9.026457559977196
0.757285788326787	0.5923591272568702	9.024641720642334
0.7621499831886607	0.5844790777478872	9.023186382237713
0.7670246687978661	0.5765928076672692	9.022004301760093
0.7718490428188461	0.5687028712476265	9.02104188090449
0.7764667466228934	0.5607987546632281	9.020300400980359
0.7806344298400789	0.5529194840498016	9.019708542413747
0.7848271893367043	0.5449459096487587	9.019245945246878
0.7886952682246229	0.5381158831336287	9.018968322480099
0.7956737281034889	0.5351179993942492	9.019037265896445
0.8030789318651443	0.5305975452728601	9.019104446930264
0.8107919077828902	0.525853818346376	9.019236141581773
0.8185791082868755	0.5210650130697915	9.01943134071252
0.8264065767192359	0.5162383688929366	9.019686984088013
0.8342799330303885	0.5113693314779219	9.020001038768084
0.8421643195164816	0.5064968750280131	9.020369077234443
0.8500538919923374	0.5016245237857595	9.020786536367753
0.8579449469623355	0.496753389561218	9.02124862524535
0.8658368206253805	0.4918831168831155	9.021750614591495
0.8737287723532995	0.487012987012986	9.022287832064551
0.8816207240812185	0.4821428571428563	9.02285582113843
0.8895126758091374	0.47727272727272685	9.02345035845732
0.8974046275370564	0.47240259740259716	9.024067470650772
0.905296579264975	0.46753246753246747	9.024703433213334
0.9131885309928937	0.4626623376623376	9.025354766661932
0.9210804827208123	0.45779220779220764	9.02601824623229
0.928972434448731	0.4529220779220778	9.026690926952313
0.9368643861766496	0.448051948051948	9.027370175558998
0.9447563379045683	0.44318181818181807	9.028053698012712
0.9526482896324872	0.4383116883116882	9.028739554320945
0.9605402413604062	0.43344155844155824	9.029426157430661
0.9684321930883251	0.4285714285714284	9.03011225699471
0.9763241448162437	0.42370129870129847	9.030796909626536
0.9842160965441624	0.41883116883116855	9.031479431903895
0.679611650485437	0.7342352056660464	9.44671817080969
0.6844660194174759	0.7263528084990696	9.447348088980322
0.6893203883495147	0.7184704113320928	9.446811492851488
0.6941747572815535	0.7105880141651161	9.270227028723498
0.6990291262135924	0.7027056169981393	9.190978478568082
0.7038834951456311	0.6948232198311626	9.150744401581923
0.70873786407767	0.6869408226641857	9.11771639097664
0.7135922330097088	0.679058425497209	9.096934173307142
0.7184466019417476	0.6711760283302323	9.07933713669245
0.7233009708737863	0.6632936311632555	9.067121649410455
0.7281553398058253	0.6554112339962784	9.057137617939476
0.7330097087378643	0.6475288368293016	9.049600833873981
0.7378640776699034	0.6396464396623248	9.043525959210138
0.7427184466019424	0.6317640424953482	9.0383900378631
0.74757284558836	0.6238816581849084	9.034485157750966
0.7524273741682191	0.6159995569139692	9.03127753154966
0.757282276479092	0.6081183763170572	9.028535643345249
0.7621383316633823	0.6002382351581937	9.026423860001744
0.7669976191954652	0.5923598170656134	9.024652267912932
0.7718725985744199	0.5844827174646441	9.023243536778153
0.7767577007795455	0.5766010854787519	9.02210666569067
0.7817187596910685	0.5687969682202731	9.021201209877558
0.7897185414908497	0.5528418205560411	9.019923098980259
0.7859589346444769	0.560770590672316	9.020490775629115
0.7947689003811127	0.5449255551376883	9.019521733017056
0.8030798294226402	0.5400596096993503	9.01952992456478
0.8108678219867825	0.5353946815333451	9.019605004293213
0.8186248872684799	0.5307226019227647	9.019747137172855
0.8264246426567202	0.5259554544807918	9.01995340394082
0.8342886197891574	0.521106558856929	9.020223586117067
0.842167176745182	0.5162410074693345	9.020554350087759
0.8500557066492571	0.5113678029100838	9.02094152389249
0.8579457347976215	0.5064943608385298	9.021380035031335
0.865836852273302	0.5016234345184996	9.021864789495892
0.873728772353299	0.49675324675324567	9.022390472266864
0.8816207240812179	0.4918831168831159	9.022951755440934
0.8895126758091371	0.4870129870129863	9.023543526187227
0.8974046275370563	0.4821428571428566	9.024160947968353
0.9052965792649751	0.477272727272727	9.024799526738649
0.9131885309928938	0.4724025974025972	9.025455133100126
0.9210804827208124	0.4675324675324674	9.026123997273233
0.928972434448731	0.46266233766233755	9.02680269970516
0.9368643861766497	0.45779220779220764	9.027488170445539
0.9447563379045683	0.4529220779220778	9.028177698688529
0.952648289632487	0.4480519480519479	9.028868946126297
0.9605402413604062	0.44318181818181807	9.029559955486341
0.968432193088325	0.4383116883116882	9.030249147293473
0.9763241448162437	0.43344155844155824	9.030935300238701
0.9842160965441624	0.4285714285714284	9.031617508100796
0.6893203883495148	0.7342352056660464	9.44614621683759
0.6941747572815536	0.7263528084990696	9.446907444386552
0.6990291262135924	0.7184704113320928	9.446432665681016
0.7038834951456313	0.7105880141651162	9.269908454950576
0.70873786407767	0.7027056169981395	9.190608229112742
0.7135922330097088	0.6948232198311626	9.15037412151341
0.7184466019417476	0.6869408226641857	9.117355219360606
0.7233009708737863	0.6790584254972089	9.096582476814637
0.7281553398058253	0.671176028330232	9.079001969404972
0.7330097087378643	0.6632936311632553	9.066806337716825
0.7378640776699031	0.6554112339962784	9.056847117162592
0.7427184466019423	0.6475288368293017	9.049338889803321
0.7475728155339812	0.6396464396623252	9.043297101937297
0.7524271844660202	0.6317640424953486	9.038197084453396
0.7572815533980591	0.623881645328372	9.034330023675105
0.7621359799750139	0.6159994764674938	9.031165190047425
0.7669904746210686	0.6081179438902949	9.028468828685236
0.7718453312696867	0.6002364550210243	9.026403567536754
0.7766992796004448	0.5923521418638653	9.024679619054778
0.7815780121426115	0.5844680003747401	9.02332067239149
0.7865031226524601	0.5765631478979574	9.022227699755918
0.797271939218676	0.5533081815142975	9.020166388439353
0.7915278714009164	0.5685724717250389	9.021353863611479
0.7948498555240484	0.5601812023133849	9.020651614078643
0.8032229182684066	0.5491439048909903	9.020054289115224
0.8109323049748967	0.5448313045916476	9.020065886446725
0.8187019184764841	0.5402894692967358	9.020145728408869
0.8264745366610489	0.5356257878393478	9.020294382768013
0.8342992699097899	0.5308385569111455	9.020511848599464
0.8421676082885465	0.5259892086252301	9.02079732188985
0.8500590075622129	0.5211143812757507	9.021146989548571
0.8579481085359856	0.5162379207854807	9.021555050946226
0.865837641856705	0.5113640291222932	9.022016309713882
0.8737287777786569	0.506493516418384	9.022525165941117
0.8816207240812178	0.5016233766233759	9.023075662024295
0.8895126758091366	0.4967532467532461	9.02366184999424
0.8974046275370559	0.4918831168831163	9.024277983846495
0.9052965792649749	0.4870129870129865	9.02491860900538
0.9131885309928937	0.48214285714285676	9.02557867647309
0.9210804827208123	0.477272727272727	9.026253604679049
0.928972434448731	0.47240259740259716	9.026939294789189
0.9368643861766496	0.4675324675324674	9.0276321184668
0.9447563379045683	0.46266233766233755	9.028328897285562
0.952648289632487	0.45779220779220764	9.029026885482748
0.9605402413604059	0.4529220779220778	9.029723758560204
0.968432193088325	0.4480519480519479	9.030417603389099
0.9763241448162436	0.443181818181818	9.03110690165059
0.9842160965441624	0.43831168831168804	9.031790493595631
0.6990291262135925	0.7342352056660464	9.44552558464652
0.7038834951456313	0.7263528084990697	9.446440962108191
0.7087378640776701	0.7184704113320929	9.446003518724849
0.7135922330097088	0.7105880141651162	9.269573488495105
0.7184466019417475	0.7027056169981393	9.19021014726208
0.7233009708737863	0.6948232198311626	9.149974187508063
0.7281553398058253	0.6869408226641857	9.116967042509257
0.7330097087378643	0.6790584254972089	9.096205834996463
0.7378640776699031	0.6711760283302323	9.078644499266586
0.7427184466019422	0.6632936311632555	9.066471930138675
0.7475728155339811	0.6554112339962787	9.05654117078936
0.7524271844660201	0.6475288368293018	9.049065608615328
0.7572815533980588	0.6396464396623253	9.043061335441756
0.7621359223300975	0.6317640424953486	9.038001169986105
0.7669902912621361	0.623881645328372	9.034177411859842
0.771844122655939	0.6159993066562586	9.031060484927252
0.7766971393256962	0.608117090580436	9.028414840174852
0.7815493543369981	0.6002337205253628	9.026400816989117
0.7863993389328033	0.592348381642443	9.024730723198216
0.7912791693728306	0.5844401123284547	9.023423511802575
0.7962392425886514	0.5764407347336972	9.022369898783666
0.8031553132162403	0.5579726793527425	9.020691370807635
0.8019228281551647	0.5677816468526122	9.021500540299163
0.8109684846052271	0.5540994342480019	9.020647168217948
0.818804118746966	0.5497534066154129	9.020653533603626
0.8265884312109306	0.5452288874067089	9.020732563970666
0.8343464038101501	0.5405485342808174	9.020884078550067
0.8421847703818708	0.5357374838095437	9.021112199136759
0.8500621016582192	0.5308644657530905	9.021413759113301
0.8579553886781871	0.5259859615705936	9.0217837431121
0.8658406906889141	0.5211069957722374	9.022214477291547
0.8737293923234595	0.5162338639002187	9.02270043983327
0.8816207240812175	0.5113636363636358	9.023235059937676
0.8895126758091365	0.506493506493506	9.023811596753148
0.8974046275370554	0.5016233766233761	9.024423483533944
0.9052965792649745	0.4967532467532462	9.025064367274624
0.9131885309928934	0.4918831168831164	9.025728208945479
0.9210804827208122	0.4870129870129865	9.0264094211149
0.928972434448731	0.4821428571428569	9.027102965720466
0.9368643861766497	0.47727272727272707	9.02780440038613
0.9447563379045684	0.4724025974025973	9.028509879555017
0.952648289632487	0.46753246753246747	9.029216126860506
0.9605402413604058	0.46266233766233755	9.02992039561798
0.9684321930883247	0.45779220779220775	9.030620428170097
0.9763241448162437	0.4529220779220778	9.03131441572333
0.9842160965441624	0.44805194805194787	9.032000948568568
0.70873786407767	0.7342352056660464	9.444851673157926
0.7135922330097088	0.7263528084990696	9.445942490296337
0.7184466019417477	0.7184704113320929	9.445517901405259
0.7233009708737865	0.710588014165116	9.269222530169968
0.7281553398058253	0.7027056169981393	9.189782561315551
0.7330097087378643	0.6948232198311625	9.149542231309873
0.7378640776699031	0.6869408226641857	9.116549703635572
0.7427184466019421	0.679058425497209	9.095802633891374
0.747572815533981	0.6711760283302323	9.078263593792615
0.7524271844660199	0.6632936311632555	9.066117855535218
0.7572815533980587	0.6554112339962787	9.05621981364594
0.7621359223300974	0.6475288368293021	9.048781743994292
0.766990291262136	0.6396464396623253	9.042819731546855
0.7718446601941746	0.6317640424953486	9.037804036960551
0.7766990291262132	0.623881645328372	9.034030255998443
0.7815512599567348	0.6159993083971027	9.030966884575365
0.7864022838846939	0.6081168924541099	9.028377993309705
0.7912521034059057	0.6002337880313212	9.026420820900993
0.796089251499523	0.5923491650326768	9.024809998782443
0.800871516092545	0.5844689794925744	9.023564832541114
0.805330947857992	0.5768180501055449	9.022599636406008
0.8106958535259183	0.5633217062971686	9.02135302757634
0.810220177597673	0.5711988331329642	9.022072167915589
0.8188724991895322	0.5592525080719803	9.021296923311487
0.8267648154775831	0.5548031511651239	9.021295235521057
0.8345390604023871	0.5501853219069986	9.021368573691332
0.8422946058932421	0.5454520305154633	9.021523174212797
0.8501073511472473	0.540620698602233	9.021761261221803
0.8579725585797741	0.5357384644754501	9.022079481305795
0.8658509003909104	0.5308548605877871	9.022470311045412
0.8737325993539572	0.5259756307351606	9.022925683863356
0.8816210596842305	0.5211039111166753	9.02343837090713
0.8895127065285235	0.5162337675188382	9.024000473263174
0.8974046275370552	0.511363636363636	9.024604314173656
0.9052965792649742	0.5064935064935061	9.02524263269382
0.9131885309928932	0.5016233766233762	9.025908453779317
0.9210804827208121	0.49675324675324634	9.026595190184056
0.928972434448731	0.49188311688311653	9.027296767458155
0.9368643861766497	0.4870129870129867	9.028007734692052
0.9447563379045683	0.482142857142857	9.028723334274227
0.952648289632487	0.4772727272727271	9.029439521967987
0.9605402413604059	0.4724025974025973	9.030152943601136
0.9684321930883247	0.4675324675324674	9.030860882389502
0.9763241448162436	0.46266233766233755	9.031561189606363
0.9842160965441624	0.45779220779220764	9.032252199934119
0.7184466019417477	0.7342352056660464	9.444119237220477
0.7233009708737864	0.7263528084990697	9.445404836474411
0.7281553398058254	0.7184704113320928	9.444972212532067
0.7330097087378643	0.7105880141651161	9.268854740736115
0.7378640776699031	0.7027056169981393	9.189323248423078
0.7427184466019421	0.6948232198311626	9.149075853297488
0.7475728155339808	0.6869408226641857	9.1161009544682
0.7524271844660196	0.679058425497209	9.095371251023707
0.7572815533980587	0.6711760283302323	9.077858210788895
0.7621359223300974	0.6632936311632555	9.06574373184023
0.7669902912621361	0.6554112339962789	9.055883396432348
0.7718446601941747	0.6475288368293022	9.04848841177774
0.7766990291262136	0.6396464396623254	9.042573575974425
0.781553398058252	0.6317640424953487	9.037608970012064
0.7864060104168656	0.6238816492923094	9.033892025003864
0.7912568656402733	0.6159996646100429	9.03088859491909
0.7961063592014579	0.6081181339474632	9.028363328211894
0.8009343091882126	0.600240837132029	9.026469740610208
0.8057791287299875	0.5923664216323961	9.024925375041626
0.8101768372408943	0.5847726489105234	9.023782100519183
0.8142903452740362	0.5774716993729078	9.0228932007838
0.8188650539616675	0.5693322034322456	9.022132868093264
0.8271366688198314	0.5642051466739292	9.02198874418567
0.8348829178255347	0.5597228577848833	9.021980568976034
0.8425367071300419	0.5551583051517156	9.02205578784757
0.8502477477030262	0.5503670218142743	9.022214352477262
0.8580374028038343	0.5454960969694063	9.022463807235527
0.8658767029867782	0.5406060355804058	9.022799665617216
0.8737419768698205	0.5357205365502298	9.023213344762125
0.8816235108240371	0.5308446032859994	9.023695675520004
0.889512797762401	0.5259740311606897	9.02423707693586
0.8974046310079538	0.5211038962353025	9.024828278322866
0.9052965792649739	0.5162337662337662	9.02546059505864
0.913188530992893	0.5113636363636361	9.026125920799176
0.921080482720812	0.5064935064935062	9.026816607043349
0.9289724344487308	0.5016233766233763	9.02752553266564
0.9368643861766496	0.49675324675324645	9.02824619756457
0.9447563379045683	0.4918831168831166	9.028972816972304
0.952648289632487	0.4870129870129869	9.029700392148888
0.9605402413604059	0.48214285714285704	9.030424739595256
0.9684321930883248	0.4772727272727271	9.031142473151943
0.9763241448162436	0.47240259740259727	9.031850942753737
0.9842160965441624	0.4675324675324674	9.032548131880203
0.7281553398058254	0.7342352056660464	9.443321763798552
0.7330097087378642	0.7263528084990696	9.444822121596836
0.7378640776699031	0.7184704113320928	9.44436161099248
0.7427184466019421	0.7105880141651161	9.268468153663443
0.7475728155339808	0.7027056169981393	9.18882967989031
0.7524271844660196	0.6948232198311626	9.14857259988131
0.7572815533980584	0.6869408226641857	9.115618477605969
0.7621359223300973	0.679058425497209	9.094910083742775
0.766990291262136	0.6711760283302323	9.07742744336552
0.7718446601941747	0.6632936311632555	9.065349437270314
0.7766990291262136	0.6554112339962788	9.055532702773533
0.7815533980582522	0.6475288368293021	9.048186969416763
0.7864077669902908	0.6396464396623252	9.042324813552503
0.7912605610955872	0.6317637375853841	9.037419868730725
0.7961114856741274	0.6238815510135944	9.033767086178491
0.8009607068948483	0.616000501468365	9.03083072550172
0.8057858147478877	0.6081240543057941	9.028377717841279
0.8105931975445144	0.6002534598425238	9.026553377410947
0.8152703479452195	0.592424044649357	9.025083179669911
0.8195005881539345	0.5848917379106531	9.024004259471996
0.8216485496047459	0.5777635065082891	9.023141270870894
0.8278706230329308	0.5733645237294372	9.022844037036402
0.8355650765478525	0.5687534420211403	9.022717652775803
0.8428511805362839	0.5650351546082495	9.022742645793459
0.8504047304197772	0.5601874442804247	9.022796725614384
0.858106348983453	0.5552871008086767	9.02295811483306
0.8659176683793565	0.5503545331890408	9.0232224059485
0.8737602323430708	0.5454651853378044	9.023580512196046
0.8816304846227628	0.5405860421694167	9.024020990818157
0.8895141772327971	0.5357142832230831	9.02453267722175
0.8974046275370552	0.5308441558441558	9.025104661889882
0.905296579264974	0.5259740259740259	9.025726398936724
0.9131885309928928	0.521103896103896	9.02638809996972
0.9210804827208117	0.5162337662337662	9.027080694202182
0.9289724344487307	0.5113636363636362	9.027795785465377
0.9368643861766495	0.5064935064935063	9.028525712999645
0.9447563379045683	0.5016233766233763	9.029263607293588
0.9526482896324869	0.49675324675324656	9.030003446112751
0.9605402413604059	0.4918831168831167	9.030740099096944
0.968432193088325	0.4870129870129869	9.031469343999545
0.9763241448162436	0.482142857142857	9.032187840373531
0.9842160965441624	0.4772727272727271	9.032893046856655
0.737864077669903	0.7342352056660464	9.442451812767878
0.7427184466019421	0.7263528084990696	9.444187935044333
0.7475728155339808	0.7184704113320928	9.443680751913519
0.7524271844660194	0.7105880141651162	9.268060915301044
0.7572815533980584	0.7027056169981393	9.188299075258913
0.7621359223300973	0.6948232198311626	9.14802992943301
0.766990291262136	0.6869408226641858	9.115099908652281
0.7718446601941747	0.679058425497209	9.094417580750834
0.7766990291262136	0.6711760283302323	9.076970569855876
0.7815533980582523	0.6632936311632555	9.064935212936717
0.786407766990291	0.6554112339962787	9.05516901635962
0.79126213592233	0.6475288368293017	9.047879037994319
0.7961153659611847	0.6396459284198804	9.042076751314966
0.8009659237760606	0.6317627224878237	9.037240923322555
0.8058157647992146	0.6238810280418607	9.033660844866874
0.8106469965665896	0.6160027638834072	9.030799926421594
0.8154516532907689	0.6081331759660051	9.028428286078517
0.8201728684057543	0.6002761303097526	9.02667896175772
0.8246781691699926	0.5923034161075316	9.025250665769773
0.829022664615546	0.5832493192602863	9.024025983666135
0.8349857246479404	0.5768835244807332	9.02348852640481
0.842650649634818	0.5748281952419185	9.023587332013902
0.8505674769732099	0.5700758336234778	9.023541428066862
0.8581286255799168	0.5651845279541127	9.023591464989986
0.8659551187512566	0.5600708512371011	9.023758540413622
0.8737798436084688	0.5551979617140556	9.024046721258026
0.881640784769477	0.5503259522971692	9.024432239780731
0.8895182684626196	0.5454545779476575	9.024902693318083
0.8974053475257762	0.540584454710334	9.025446146263938
0.9052966059691072	0.5357142829651452	9.026050471007226
0.9131885309928929	0.5308441558441557	9.026703907824098
0.9210804827208118	0.5259740259740259	9.027395493563175
0.9289724344487306	0.5211038961038961	9.028115112504272
0.9368643861766494	0.5162337662337663	9.028853573663623
0.9447563379045681	0.5113636363636362	9.029602675511605
0.9526482896324869	0.5064935064935063	9.030355234142888
0.9605402413604058	0.5016233766233764	9.031105093036423
0.9684321930883248	0.4967532467532466	9.03184711976055
0.9763241448162437	0.49188311688311676	9.03257718116719
0.9842160965441624	0.4870129870129869	9.033292075543821
0.7475728155339808	0.7342352056660464	9.441500839342707
0.7524271844660196	0.7263528084990697	9.443495135472036
0.7572815533980584	0.7184704113320929	9.442923868831015
0.7621359223300971	0.7105880141651161	9.2676312234469
0.766990291262136	0.7027056169981393	9.18772827995287
0.7718446601941747	0.6948232198311626	9.147445172271487
0.7766990291262137	0.6869408226641858	9.114542877255841
0.7815533980582524	0.679058425497209	9.09389228376435
0.7864077669902911	0.671176028330232	9.076487123785325
0.79126213592233	0.6632936311632553	9.064501802997805
0.7961165048543689	0.6554112339962784	9.054794034573227
0.8009708737864076	0.6475288368293014	9.047566905766788
0.8058204370555863	0.6396440463743479	9.041834426093162
0.8106671819551076	0.6317595935896217	9.03707724527507
0.8155134158263093	0.6238780597314643	9.033579335627138
0.8203130392884401	0.6160045547815671	9.030803163398337
0.825083981147913	0.6081542550016532	9.02852524926188
0.8297166126485935	0.6003459442994954	9.026860367014349
0.834385933250907	0.5926333202156451	9.025565615447077
0.8402410913963584	0.5846923554670789	9.02459492434655
0.8495420299101681	0.579960370638765	9.024435070281887
0.8579350687503512	0.5748258397282918	9.024366960909411
0.8658531953905176	0.5697195531441297	9.02442380509063
0.8737702881837218	0.5649067419006019	9.02463299368027
0.8816458514693047	0.5600619374366943	9.024950022525447
0.8895235954152052	0.5551954926921532	9.025365895001093
0.8974077088932647	0.5503252896710635	9.02586920902644
0.9052970283504882	0.5454546989635815	9.02644679033817
0.9131885309928929	0.5405844155844155	9.027085115882073
0.9210804827208118	0.5357142857142856	9.027771098180288
0.9289724344487306	0.5308441558441558	9.028492514945967
0.9368643861766494	0.5259740259740259	9.029238208998017
0.9447563379045681	0.5211038961038961	9.029998207688452
0.952648289632487	0.5162337662337662	9.030763806690244
0.9605402413604058	0.5113636363636362	9.031527582140619
0.9684321930883247	0.5064935064935063	9.032283355577094
0.9763241448162435	0.5016233766233765	9.033026128057772
0.9842160965441624	0.49675324675324667	9.033751978796216
0.7572815533980584	0.7342352056660464	9.440459298474424
0.7621359223300973	0.7263528084990697	9.442735783089388
0.766990291262136	0.7184704113320928	9.442084422666165
0.7718446601941747	0.7105880141651162	9.26717728100084
0.7766990291262137	0.7027056169981395	9.187113753219682
0.7815533980582524	0.6948232198311626	9.146815477210593
0.7864077669902914	0.6869408226641857	9.113945024475761
0.79126213592233	0.6790584254972089	9.093332878677598
0.7961165048543689	0.6711760283302319	9.075977009572734
0.8009708737864077	0.6632936311632552	9.064050575552384
0.8058236625860395	0.6554103080559718	9.05440885537047
0.8106743977089456	0.6475257631617196	9.047252528273326
0.8155207759597985	0.6396392131571657	9.041602442618197
0.8203614959694895	0.6317517840138163	9.036934880053765
0.8251985564006856	0.6238674149132999	9.033529062156411
0.8299427907480942	0.6159965750836781	9.030845985163298
0.8345935530827058	0.608182123372966	9.02867496659785
0.8393851392565078	0.6005264338047906	9.027120960534377
0.8424031552935434	0.5934272041824704	9.025964323005349
0.8495959716200059	0.5892575073709612	9.025599902393493
0.8577644815302109	0.584493830219253	9.025372108571455
0.8657580406875378	0.5794690074245996	9.025287356992429
0.8737243975118214	0.5746589052456219	9.025379412157065
0.8816386262594618	0.569806413615439	9.025603024191419
0.8895270789929164	0.5649404879801811	9.02594569144624
0.8974116928582813	0.5600684793858366	9.026393916431253
0.9052988171518588	0.5551959635597242	9.026932800286948
0.9131888273291567	0.550324812689247	9.027546839862223
0.9210804827208117	0.5454545454545453	9.028220645755981
0.9289724344487305	0.5405844155844155	9.028939528610435
0.9368643861766494	0.5357142857142856	9.02968999412608
0.9447563379045683	0.5308441558441558	9.03045989365305
0.9526482896324869	0.5259740259740259	9.031238558957634
0.9605402413604058	0.5211038961038961	9.032016886710572
0.9684321930883246	0.5162337662337662	9.032787331702428
0.9763241448162435	0.5113636363636362	9.033543823922294
0.9842160965441623	0.5064935064935064	9.034281618141769
0.766990291262136	0.7342352056660464	9.43931646823416
0.7718446601941747	0.7263528084990697	9.441901374397444
0.7766990291262137	0.7184704113320929	9.44115485818808
0.7815533980582524	0.7105880141651162	9.266697512665969
0.7864077669902914	0.7027056169981395	9.186451559958734
0.7912621359223301	0.6948232198311626	9.146137734995664
0.796116504854369	0.6869408226641855	9.113304000220403
0.8009708737864077	0.6790584254972086	9.092738273381904
0.8058252427184467	0.6711760283302319	9.075440685287655
0.8106785593547334	0.6632930503532763	9.063582793860393
0.8155283320295023	0.6554080183320609	9.054015555574106
0.8203730368634305	0.6475198471715338	9.046944053092394
0.8252142092679847	0.6396292278484854	9.041386854450236
0.830049171176733	0.6317361264955678	9.036821554669528
0.8348656155477467	0.6238388965654466	9.033516708785031
0.839506666656593	0.6159426319895261	9.030927673875452
0.8439259385718518	0.6081269781508564	9.028870054484388
0.8491501051704905	0.5997393922579352	9.027256449653448
0.8579040378028502	0.5943054386375315	9.026717195166148
0.8658729062901798	0.5893320233236522	9.026432704701955
0.873759908162756	0.5844411575402493	9.026348757783579
0.8816372006022114	0.5795746054391342	9.026436851134577
0.8895290515188761	0.5746950643406109	9.026676219950597
0.8974173676764282	0.5698170268998476	9.027047308836787
0.9053028598136618	0.5649396159249208	9.027530656595907
0.9131904499982526	0.5600659344498572	9.028107868656635
0.921080695474442	0.5551948599634023	9.028760468922558
0.9289724344487306	0.5503246753246752	9.029470700885474
0.9368643861766492	0.5454545454545454	9.030222087626624
0.9447563379045681	0.5405844155844155	9.03099983671599
0.952648289632487	0.5357142857142856	9.031790896221361
0.9605402413604058	0.5308441558441557	9.032584055422939
0.9684321930883247	0.5259740259740259	9.033369989838404
0.9763241448162435	0.5211038961038961	9.034141207306144
0.9842160965441624	0.5162337662337662	9.034891886396421
0.7766990291262137	0.7342352056660464	9.438060354361939
0.7815533980582525	0.7263528084990696	9.440982913244007
0.7864077669902914	0.7184704113320929	9.440126242101165
0.7912621359223301	0.7105880141651161	9.266190676410902
0.796116504854369	0.7027056169981393	9.185737354408536
0.8009708737864079	0.6948232198311624	9.145408468215964
0.8058252427184467	0.6869408226641855	9.112617451053852
0.8106796116504856	0.6790584254972089	9.092107725244816
0.8155339805825248	0.671176028330232	9.07487946010202
0.8203838755266782	0.6632913144876009	9.063100121025725
0.8252269101418662	0.6554027041007319	9.053617269821574
0.8300618790896537	0.6475087408331922	9.046647810714303
0.8349036982093925	0.6396141134015608	9.04119710651969
0.8397456229814335	0.6317137704256905	9.036749057963318
0.8445631666203207	0.6238043206348023	9.033558037533785
0.8490257928945648	0.6158339333973526	9.031053622674664
0.8518934592882078	0.6085378725148134	9.029216074210957
0.8586142496471839	0.6040922615575635	9.028472463930994
0.8661686859974105	0.5990458909323875	9.027906785148614
0.8738865132826146	0.5942318225864591	9.027608978809745
0.8817057689359786	0.5893506256134309	9.02751560905295
0.8895583312740922	0.5844594209868408	9.027609319620169
0.8974303096348623	0.5795723096539376	9.027869419254058
0.9053097639633249	0.5746882586981978	9.0282718320305
0.9131944252719388	0.5698089381229493	9.028793471907578
0.9210819936204514	0.564935654202265	9.029411518519025
0.9289725503294393	0.5600649434333301	9.030104092084128
0.9368643861766494	0.5551948051948051	9.030850743606038
0.9447563379045681	0.5503246753246752	9.03163307507701
0.9526482896324869	0.5454545454545454	9.032434989328294
0.9605402413604058	0.5405844155844155	9.033242654775123
0.9684321930883247	0.5357142857142856	9.034044528123745
0.9763241448162436	0.5308441558441557	9.034831303440285
0.9842160965441623	0.5259740259740259	9.035595746472856
0.7864077669902915	0.7342352056660464	9.43667756546346
0.7912621359223301	0.7263528084990697	9.439970901162333
0.796116504854369	0.7184704113320928	9.438987712451622
0.8009708737864077	0.7105880141651161	9.26565595722281
0.8058252427184467	0.7027056169981392	9.1849663423269
0.8106796116504857	0.6948232198311625	9.144623745422193
0.8155339805825247	0.6869408226641857	9.111883021748914
0.8203877539749945	0.6790581515761053	9.091440434608058
0.8252392662892519	0.6711744328105246	9.074292926054179
0.8300836191218356	0.6632872311761498	9.062604011948615
0.8349132550058859	0.6553924568635978	9.053223164266425
0.8397245842063087	0.6474865350597709	9.046370479860188
0.8445207856785806	0.6395603006065583	9.04102686918222
0.849306690352435	0.6315680364284422	9.03667823360466
0.854016821746498	0.6232641002341941	9.033490795549376
0.8587546216741506	0.6144045712580594	9.030866381295924
0.8665472988708652	0.6086368623250489	9.02979422039063
0.8740994759106235	0.6039258233763596	9.029233702466682
0.8818048644274246	0.5991361331040884	9.028913889528026
0.8896277486142016	0.5942216660876424	9.02881103080144
0.8974632938120132	0.5893301065526698	9.028916300559105
0.9053227773045903	0.5844420859055435	9.029201814150708
0.9132012146256915	0.5795562478253092	9.02964016521621
0.921085404544454	0.574678180011805	9.030203241709529
0.9289733760385817	0.5698055782288237	9.030863902319181
0.9368644336706385	0.5649350642509601	9.031596681894897
0.9447563379045683	0.560064935064935	9.032378260584862
0.952648289632487	0.555194805194805	9.033188277258647
0.9605402413604058	0.5503246753246752	9.034009386017232
0.9684321930883246	0.5454545454545454	9.034827158020086
0.9763241448162435	0.5405844155844155	9.03562997762476
0.9842160965441624	0.5357142857142856	9.036408816515213
0.796116504854369	0.7342352056660464	9.435153113608129
0.8009708737864077	0.7263528084990697	9.438855136026886
0.8058252427184466	0.7184704113320928	9.43772567511225
0.8106796116504855	0.710588014165116	9.26509288544341
0.8155339805825245	0.7027056169981392	9.184133165171218
0.8203883495145635	0.6948232198311625	9.143779165848743
0.8252427184466025	0.6869408226641859	9.111098461896118
0.8300947952369522	0.6790575172632969	9.090737076532635
0.8349405852711164	0.6711714508696643	9.073684234147782
0.8397728791867269	0.6632796234491943	9.0620984913257
0.8445794988795083	0.6553772090014751	9.052844822571565
0.8493482603148457	0.6474582488414917	9.046129995520245
0.8540892416457573	0.6395177529242405	9.040922159100191
0.8587111173067526	0.6315028757258201	9.036729853087976
0.863115345212012	0.6234575477941875	9.033763484326725
0.8671821152697013	0.6167256742329119	9.031842409322985
0.8742474505962349	0.6136240512709543	9.031330656304943
0.8819430961959698	0.6088583144397633	9.030719847991193
0.8897128486521544	0.6039715405443835	9.030361548077321
0.8975228276136042	0.5990801236345918	9.030259257511291
0.9053521914366587	0.5941962603168991	9.030382232590165
0.9132130510198682	0.5893093800249553	9.030699217006172
0.9210918974035015	0.5844245957986739	9.03117772563568
0.9289759882559657	0.57954794321621	9.031784665249136
0.9368649056445589	0.574675706400613	9.03248853772609
0.9447563482810946	0.5698051946452722	9.033259991642659
0.952648289632487	0.5649350649350648	9.03407288911171
0.9605402413604058	0.5600649350649349	9.034904973153324
0.9684321930883246	0.5551948051948051	9.03573783441705
0.9763241448162435	0.5503246753246752	9.0365567178074
0.9842160965441623	0.5454545454545453	9.037350220539038
0.8058252427184466	0.7342352056660464	9.433470239432268
0.8106796116504855	0.7263528084990696	9.437623949166131
0.8155339805825242	0.7184704113320928	9.436322571004837
0.8203883495145634	0.7105880141651161	9.264501164696766
0.8252427184466021	0.7027056169981393	9.183231768016467
0.8300970873786411	0.6948232198311626	9.14286992334985
0.83495145631068	0.686940822664186	9.11026198071258
0.8397981470044936	0.6790560358805889	9.089998622805311
0.8446347735514904	0.6711669293032787	9.073057139984464
0.8494489645557591	0.6632697411352503	9.06159769617205
0.8542198881354598	0.6553605046990792	9.052500373757256
0.858934461912927	0.6474400109948435	9.045955130902358
0.8636242840192361	0.639555105454529	9.040943883074364
0.867938235381128	0.631714729607331	9.037015099657753
0.8732491860343156	0.6235179782924529	9.034102149239319
0.8819991614295879	0.6185624777603332	9.033057378047681
0.889816461373601	0.613681559994502	9.032364056798505
0.8975880682291676	0.6088146163884331	9.031985759265872
0.9054080892981445	0.6039401823737655	9.031890502872562
0.9132380266354084	0.599064167807623	9.032037721692655
0.9211035234814614	0.5941770477721048	9.032391825487961
0.9289821063331157	0.5892942887364431	9.032914334282586
0.9368667821516815	0.5844180254896107	9.033566632473965
0.9447566140415539	0.57954580037791	9.034312514904068
0.952648289632487	0.5746753246753247	9.035118703281192
0.9605402413604058	0.5698051948051948	9.035956416385782
0.9684321930883246	0.5649350649350648	9.036801801661724
0.9763241448162435	0.5600649350649349	9.037635756950799
0.9842160965441623	0.5551948051948051	9.038443561143367
0.8155339805825244	0.7342352056660464	9.431609360129658
0.8203883495145633	0.7263528084990696	9.436262205111289
0.825242718446602	0.7184704113320928	9.434755979507708
0.830097087378641	0.7105880141651162	9.263880548105107
0.8349514563106798	0.7027056169981395	9.182255287688603
0.839804344340036	0.6948228761581317	9.141889415737294
0.8446541778769344	0.6869395550429743	9.109369317585303
0.8494949704386799	0.6790534800049851	9.089227591155042
0.8543197731619189	0.6711614228046047	9.072419958372082
0.8591108168589422	0.6632605457840436	9.061122600391512
0.8638210139713277	0.6553413535525198	9.052208192736877
0.8684819825126919	0.6474014687934588	9.045842185849644
0.8730406464380184	0.6395002626130126	9.040994109167995
0.8758633479703304	0.6324179864968763	9.037594953424277
0.8823986463812132	0.6281233808845771	9.03613395257244
0.8900813525419106	0.623284595606196	9.034970188889817
0.8977441904143904	0.6184895485863632	9.034222023465619
0.9054777065906779	0.613671730347154	9.033828401160806
0.9132888348827638	0.6088098891644457	9.03374201284459
0.9211252370615846	0.6039336306833062	9.03391886073865
0.9289936391024076	0.5990463293823606	9.034315341394203
0.9368719017170495	0.5941640067922049	9.034884790867109
0.9447579108567665	0.589287817694993	9.035582486222845
0.9526484243493815	0.5844157874743754	9.036366700862859
0.9605402413604058	0.5795454545454546	9.037200413715325
0.9684321930883247	0.5746753246753247	9.038052619337506
0.9763241448162435	0.5698051948051948	9.038898459247767
0.9842160965441623	0.5649350649350648	9.039718705148927
0.8252427184466021	0.7342352056660464	9.429541552402378
0.830097087378641	0.7263528084990697	9.434752009733915
0.8349514563106797	0.7184704113320929	9.4329985068222
0.8398058252427186	0.7105880141651162	9.263230784274954
0.8446595717954694	0.7027055341457741	9.181195216829147
0.849509654387465	0.6948223249129786	9.140833216159985
0.8543520561726202	0.6869378135901548	9.10842383807637
0.8591833848886895	0.679050393971758	9.08842927166129
0.864001905563327	0.6711582351816846	9.071795353980873
0.8687225794618326	0.6632577283233986	9.060703978903133
0.8733894288619549	0.6553182431802725	9.051998040415581
0.8779383565538748	0.6472361105510706	9.045755946427882
0.8826552516306696	0.638326107302369	9.040519429090127
0.890543597765953	0.6326311525581108	9.038366466524026
0.8980057036927681	0.628074306114758	9.037156852250348
0.9056443885350912	0.6233345158712581	9.036353001539434
0.9133750012328049	0.6185333400781834	9.03593678287501
0.9211661881833143	0.6136854690375199	9.035860091264825
0.9290129320309602	0.6088019938994985	9.03607032288152
0.9368820285462273	0.6039149024636162	9.036512718241681
0.9447616352277337	0.5990326563271324	9.037130331940984
0.9526492342631783	0.5941571380760268	9.0378705991336
0.9605402898929786	0.589285782866866	9.0386857623632
0.9684321930883248	0.5844155844155844	9.039535316990118
0.9763241448162435	0.5795454545454546	9.040386764508547
0.9842160965441623	0.5746753246753247	9.041215029122329
0.8349514563106798	0.7342352056660464	9.427235349460956
0.8398058252427186	0.7263528084990697	9.433073658611695
0.8446601941747574	0.7184704113320929	9.431016501019817
0.8495145631067963	0.7105880141651161	9.262550691267178
0.8543667148984996	0.7027054259694046	9.180042609955125
0.8592110949339601	0.6948219102020435	9.139698540671652
0.8640449058219292	0.6869369169153177	9.107432236159953
0.8688698597425866	0.6790498670184824	9.087617515105157
0.8736023391929884	0.671168628256349	9.071235148521168
0.8783044140938427	0.6632912041891681	9.060405167796667
0.8828101172447962	0.6553802122116726	9.051989561472352
0.8872501694961783	0.6474900768049845	9.0460853994691
0.8912671893633057	0.6407876699287105	9.042242420673352
0.8982097809386744	0.637721083482429	9.041078490052827
0.90581091196059	0.6329849405841904	9.039693892520079
0.9134994407759264	0.6282213606738626	9.038808638162275
0.9212321165629609	0.6234229846794038	9.038366679531014
0.9290455759518236	0.6185563860915737	9.038300402506179
0.9368984884704136	0.61366772911157	9.038547226585054
0.9447694082995298	0.6087808420783067	9.039036802610076
0.9526517636932331	0.6039003562437922	9.039700211747977
0.9605407267930318	0.5990265518353152	9.040475216713189
0.9684322007197994	0.5941558542871661	9.041308101469513
0.9763241448162437	0.5892857142857143	9.042155571601613
0.9842160965441624	0.5844155844155845	9.042984527586755
0.8446601941747574	0.7342352056660464	9.424653368386702
0.8495145631067961	0.7263528084990696	9.431204747035578
0.854368932038835	0.7184704113320928	9.428767214830716
0.8592233009708741	0.7105880141651161	9.26183598638593
0.8640713816652541	0.7027054734795323	9.178787975544088
0.8689070665417389	0.6948223036280939	9.138485341077393
0.8737354228894296	0.6869383760314962	9.106403484989277
0.8784678788527215	0.6790630348979358	9.086846103905302
0.8831936140154176	0.6711963683255139	9.070771751387376
0.8876566692517228	0.6633600567634647	9.060271605769868
0.8920251934782538	0.655640007181991	9.052348826180124
0.8974253589504908	0.6475578001249622	9.046465765529296
0.90587962517841	0.6426600460051775	9.044167682325208
0.9136359456663041	0.6378913661251131	9.042615348405851
0.9213466971112716	0.6331142861922168	9.041648241087223
0.9290958572044877	0.6283017580583437	9.041181649665113
0.9369259136701942	0.6234191473380569	9.041130801554473
0.9447827186867171	0.6185301159079023	9.041417166508959
0.952657460441479	0.613645651368024	9.041952124413628
0.9605423190740553	0.6087684642791467	9.042652694182857
0.9684324028940227	0.6038963194130722	9.043446831466772
0.9763241448162436	0.599025974025974	9.044275724406083
0.9842160965441624	0.5941558441558441	9.04509446342601
0.854368932038835	0.7342352056660464	9.421748341848534
0.859223300970874	0.7263528084990696	9.429118933998966
0.8640776699029127	0.7184704113320928	9.426194228103169
0.8689320388349516	0.7105880141651162	9.261075952203006
0.8737704881180633	0.7027060953392743	9.177423512779766
0.8785968221457678	0.6948241301988535	9.137194531630756
0.8833335160025445	0.6869513266302265	9.10539107917927
0.8880269427586578	0.6790802637812651	9.086126788529269
0.892637603328238	0.6712153370817809	9.070405424916226
0.8969690733497891	0.6634372115906608	9.060267390591
0.8998736106403282	0.6564002511625076	9.053325883858594
0.9063721141704819	0.6522578757975585	9.050280543887013
0.9139073534662883	0.6474499836069051	9.047708464983272
0.9214993123155237	0.6427685430323664	9.046007405893617
0.9291901385404929	0.6380041552093338	9.04496195688209
0.936967384506156	0.633163608479675	9.044469866653047
0.9448054827010278	0.628277157017939	9.044439004845948
0.9526675677079727	0.6233920730073176	9.044764245459346
0.960546331368057	0.618512008687621	9.045335517707295
0.9684331648300838	0.6136373235590993	9.046054688382384
0.9763242154346831	0.6087663019706118	9.046841422436374
0.9842160965441623	0.6038961038961038	9.047633072065418
0.8640776699029128	0.7342352056660464	9.418443683452837
0.8689320388349516	0.7263528084990697	9.426783955240213
0.8737864077669903	0.7184704113320929	9.423222821459339
0.883467951804389	0.7027077488022705	9.175940251113367
0.8786327194934711	0.7105884849245379	9.26026043008502
0.8882113402039273	0.6948378547876873	9.135890135679416
0.8929105926100585	0.6869721955038331	9.10441607914916
0.8975151168859994	0.6791028790722691	9.085539441609475
0.9020050989871787	0.6711248645809599	9.070057444438518
0.9067036516171282	0.6623494488053778	9.059086393485076
0.9143137164059226	0.6568199367695406	9.054551766336223
0.9217508247132703	0.6522910765574502	9.051847632663376
0.9293345688321307	0.6476456929020296	9.049991554466926
0.9370100531999523	0.6429050919222998	9.04886616266748
0.944839116908085	0.6380173407829328	9.048346343902535
0.9526842734252264	0.6331363844160122	9.048337086061364
0.9605532120616814	0.6282570249044058	9.048691928183286
0.9684354691019069	0.6233795860310635	9.049276927483318
0.9763243997151821	0.6185067396918201	9.04998157544595
0.9842161086501807	0.6136363753285428	9.05071848311808
0.8737864077669905	0.7342352056660464	9.414550898306906
0.8786407766990293	0.7263528084990697	9.424160972444454
0.8834898590969842	0.718470411954704	9.419766096785608
0.8930996449644226	0.7027192882548251	9.174410467625536
0.8883336516905206	0.7105887062949048	9.259355339077429
0.8978082753941173	0.6948641027403725	9.134576342200399
0.902415608879666	0.6870413345912336	9.103703128107275
0.9069136873732508	0.6792532950703656	9.085413388008059
0.9112914613686658	0.6713910158653041	9.070529327656097
0.9151760262290634	0.664782147673693	9.062373857572904
0.9219723282393039	0.6617890881762593	9.059753890124368
0.9295093854637911	0.6572246888848247	9.056770830655703
0.9371405408333923	0.6525509199300874	9.054715972981557
0.9448833549642615	0.6477406103601692	9.053480731169811
0.9527078218331413	0.6428748446122042	9.052956028139464
0.9605639256893599	0.6380010316263559	9.052963704602304
0.9684399415966715	0.6331235623770618	9.053323347404957
0.9763254810956665	0.6282478377657702	9.053881308443119
0.9842160965441623	0.6233766233766234	9.054516853538608
0.8834951456310679	0.7342352056660464	9.409504861759828
0.8883454354645703	0.7263526276551454	9.421188203411118
0.8931921062617653	0.718469903781894	9.415729664618807
0.9027186770096532	0.7027342218382687	9.172781466392694
0.8980050893585663	0.7105908690886802	9.258387058598744
0.9073204741633377	0.6949094358948926	9.133326921702519
0.9117235804704299	0.6871534658638502	9.10341040686009
0.9160384675281561	0.679525644929325	9.08589191959391
0.9212108721359367	0.6716597340153596	9.071401241252525
0.9295816410135472	0.666872933978301	9.066222105311814
0.9372966162730455	0.6621695462580306	9.062662195272232
0.94497405457001	0.6574275674946809	9.060345401414262
0.9527329749243103	0.652604106181789	9.059023517394563
0.9605797279383514	0.6477432170419579	9.05848749155699
0.9684466830532316	0.6428680511846093	9.058483772963413
0.9763288602262431	0.6379904643787624	9.058799954474196
0.9842167692278628	0.6331171380749981	9.059263199158544
0.8931998811682674	0.7342350274422508	9.402156437782098
0.8980495573962246	0.7263524092095182	9.417756727290836
0.9028677281164978	0.7184718130338661	9.411084848432251
0.9122301657115519	0.7027631325545596	9.171234924884773
0.9076516839440396	0.7105916990291985	9.2573366258501
0.9166725406003753	0.6949596547834043	9.132122764509257
0.9209780426007562	0.6872313577978613	9.10339371901363
0.9237411501500385	0.6803185716312903	9.087719315768682
0.930147093513307	0.6763269327437803	9.080077525033259
0.937504581824894	0.6718005229285696	9.07408318227307
0.9451237447742267	0.6670618393650176	9.069855884698734
0.9528396776658749	0.6622814531435383	9.067220062081946
0.9605918766572374	0.6574906454138648	9.065795291262527
0.9684633862227439	0.6526143466780162	9.065191974756141
0.9763355024486194	0.6477348775895548	9.065105408450806
0.9842195654727536	0.6428585401905317	9.06528573206914
0.9029012319225139	0.734234816699599	9.390866271293604
0.9077382459367455	0.7263535151012094	9.413657897931701
0.9125510772881872	0.7184761923626081	9.40576811160606
0.9216585421033405	0.7028079487265382	9.16996637084407
0.9171668126678347	0.710628508414571	9.256892258514794
0.9260038145754838	0.6949230630535416	9.130909923624587
0.9305106795857705	0.6862681233870057	9.10082800336446
0.9383296112471632	0.681045965198922	9.090251052357731
0.945501224973908	0.6764876141865149	9.083251102108369
0.9530182887742146	0.6718789732804186	9.078620696347103
0.960706966303801	0.667167397226699	9.07574807742649
0.9684986275138127	0.6623626206956094	9.074146677510058
0.976352694266715	0.6574813428866069	9.073370532642171
0.9842261649316489	0.6526020236966675	9.07307292388024
0.9126004867145545	0.7342337978780814	9.374914682268722
0.917407219896528	0.7263561849977024	9.408572028661068
0.922075912921561	0.7185137031662342	9.400071782067792
0.930930135403476	0.7029913779552039	9.17025493872944
0.9265870102172865	0.7107180840181266	9.257277865857704
0.9352688251683562	0.695280512288354	9.132177333488825
0.9390861377966135	0.6887558913511928	9.109527769628656
0.9457795843144915	0.6857728269965224	9.102360902947725
0.9532515389084572	0.681365557349639	9.094835071357428
0.9608743305982319	0.6767813427510393	9.089679720973733
0.9685857096432074	0.6720663942766802	9.086444560824985
0.9763893365125648	0.6672241730954825	9.084508208113162
0.9842395561188177	0.6623478118820639	9.083392725190492
0.9222556571404614	0.73422952303345	9.353379438719394
0.9270118900037424	0.7263577902858613	9.402453742350945
0.9399719537436138	0.703230344772991	9.172623538871605
0.9316111882011523	0.718548743428317	9.393405367941996
0.9358190922124667	0.7107827985861819	9.257359730270283
0.9451102299051808	0.6955142732101893	9.134087730821834
0.95332419281028	0.6908656251991068	9.11946163052164
0.9610350849538866	0.686375418201597	9.110114361897557
0.9687142903170912	0.6817248757770377	9.103938207686243
0.9764546690506825	0.6769488926702044	9.099993763748236
0.9842662769854442	0.6720915289627248	9.097459291319721
0.9318915706023531	0.7342090093373712	9.327493866457486
0.9365556768876114	0.7263192580730893	9.395590434818637
0.9474828307683725	0.7039998651911819	9.182293758043828
0.9447532527756093	0.7106720022653226	9.254680485981696
0.9409759990279486	0.7184708201294653	9.384503005629012
0.9535541671134256	0.7001049734536453	9.15943909005967
0.9612145516662386	0.6960607019830475	9.142884023536075
0.9688553818052258	0.6914157944840943	9.130649931428538
0.9765480821729141	0.6866606712097475	9.122673787525578
0.9843095703078678	0.6818308298263375	9.117482281941323
0.9415034090205155	0.7341539940633505	9.299166849713854
0.9461171327429048	0.7261842106474248	9.388936684278406
0.9536969826567813	0.7093069129256062	9.234751267832808
0.9504497837796799	0.718140526721931	9.371435678095223
0.9615349772736391	0.7063347806760358	9.207167967173426
0.969011508731878	0.7012237903635707	9.176569857381024
0.9766384061193107	0.6964029282268733	9.158704200099052
0.9843671589620299	0.6915712778388987	9.147590775562149
0.951144552322591	0.7340662898170948	9.267698837539909
0.9558502569912031	0.7259353614311176	9.382137168214369
0.9607970878756785	0.716758052923794	9.347834319927786
0.9688593730932233	0.7107715369782729	9.270386277874506
0.9766885718733632	0.7061531314207478	9.229384912979341
0.9844235273098586	0.7013316176959415	9.201481360872334
0.9607497138833913	0.7340615782925276	9.214301287443748
0.9653090392219559	0.7261082213635977	9.372864604676488
0.9694751260251551	0.7189727438287775	9.359200250421665
0.9770055177908537	0.7158527479115422	9.344607798364008
0.9844627237901091	0.7111858029662562	9.304199253949657
0.9701026657227508	0.7341662302312296	9.109180645042327
0.9756774933351797	0.7259151706834216	9.366798722834451
0.9845232395098056	0.7208554799100299	9.398627476188976
0.9780388732061231	0.7348806593598667	8.89746774160423
0.9852879918696131	0.7305701121789068	9.222178407365982
